time_UTC,rsdsdir_Wm2,rsdsdif_Wm2,temp_K,rel_humidity_percent,wind_ms,rsds_total_Wm2,temp_C
2007-01-01 00:00:00+00:00,555.33984375,307.09765625,297.0625,56.83380126953125,1.978515625,862.4375,23.912500000000023
2007-01-01 01:00:00+00:00,356.52734375,429.41015625,298.9375,44.23333740234375,2.1796875,785.9375,25.787500000000023
2007-01-01 02:00:00+00:00,198.71875,505.28125,299.140625,43.5341796875,1.85546875,704.0,25.990625000000023
2007-01-01 03:00:00+00:00,121.2578125,265.1953125,298.3125,48.6314697265625,3.181640625,386.453125,25.162500000000023
2007-01-01 04:00:00+00:00,315.78125,409.125,298.515625,47.693115234375,3.71875,724.90625,25.365625000000023
2007-01-01 05:00:00+00:00,132.1484375,332.0078125,299.375,45.20654296875,3.697265625,464.15625,26.225000000000023
2007-01-01 06:00:00+00:00,24.0625,201.53125,299.890625,42.60302734375,3.32421875,225.59375,26.740625000000023
2007-01-01 07:00:00+00:00,50.984375,187.609375,300.09375,42.25189208984375,2.875,238.59375,26.943750000000023
2007-01-01 08:00:00+00:00,17.828125,76.515625,300.40625,41.6962890625,2.8125,94.34375,27.256250000000023
2007-01-01 09:00:00+00:00,2.0390625,13.6953125,299.5,49.06005859375,4.25390625,15.734375,26.350000000000023
2007-01-01 10:00:00+00:00,0.0,0.0,298.875,53.20794677734375,3.884765625,0.0,25.725000000000023
2007-01-01 11:00:00+00:00,0.0,0.0,298.109375,56.16827392578125,3.650390625,0.0,24.959375000000023
2007-01-01 12:00:00+00:00,0.0,0.0,297.28125,58.38519287109375,3.361328125,0.0,24.131250000000023
2007-01-01 13:00:00+00:00,0.0,0.0,296.65625,59.78826904296875,2.822265625,0.0,23.506250000000023
2007-01-01 14:00:00+00:00,0.0,0.0,296.34375,60.6390380859375,2.236328125,0.0,23.193750000000023
2007-01-01 15:00:00+00:00,0.0,0.0,294.421875,66.29986572265625,0.791015625,0.0,21.271875000000023
2007-01-01 16:00:00+00:00,0.0,0.0,294.359375,66.971923828125,0.51171875,0.0,21.209375000000023
2007-01-01 17:00:00+00:00,0.0,0.0,294.40625,66.75958251953125,0.888671875,0.0,21.256250000000023
2007-01-01 18:00:00+00:00,0.0,0.0,294.8125,59.3250732421875,1.564453125,0.0,21.662500000000023
2007-01-01 19:00:00+00:00,0.03125,24.03125,294.625,52.77313232421875,2.1015625,24.0625,21.475000000000023
2007-01-01 20:00:00+00:00,18.3125,66.703125,294.171875,53.98394775390625,2.125,85.015625,21.021875000000023
2007-01-01 21:00:00+00:00,95.09375,227.359375,293.234375,69.8262939453125,1.109375,322.453125,20.084375000000023
2007-01-01 22:00:00+00:00,344.1171875,223.7578125,293.921875,64.6177978515625,1.27734375,567.875,20.771875000000023
2007-01-01 23:00:00+00:00,380.390625,308.0625,294.84375,60.63116455078125,1.193359375,688.453125,21.693750000000023
2007-01-02 00:00:00+00:00,485.7421875,341.2890625,296.015625,58.27001953125,1.3125,827.03125,22.865625000000023
2007-01-02 01:00:00+00:00,304.76171875,427.14453125,297.75,51.43072509765625,1.630859375,731.90625,24.600000000000023
2007-01-02 02:00:00+00:00,551.24609375,392.34765625,299.53125,41.38177490234375,1.91796875,943.59375,26.381250000000023
2007-01-02 03:00:00+00:00,424.74609375,395.23828125,301.703125,34.84906005859375,2.09765625,819.984375,28.553125000000023
2007-01-02 04:00:00+00:00,85.70703125,374.54296875,303.09375,30.72247314453125,2.66015625,460.25,29.943750000000023
2007-01-02 05:00:00+00:00,4.55078125,214.07421875,303.59375,29.4952392578125,3.140625,218.625,30.443750000000023
2007-01-02 06:00:00+00:00,1.453125,229.078125,303.28125,31.3885498046875,3.5625,230.53125,30.131250000000023
2007-01-02 07:00:00+00:00,110.46484375,184.09765625,302.921875,32.0614013671875,3.84375,294.5625,29.771875000000023
2007-01-02 08:00:00+00:00,10.9609375,38.6640625,302.484375,35.13232421875,3.498046875,49.625,29.334375000000023
2007-01-02 09:00:00+00:00,0.00390625,0.88671875,302.140625,36.118408203125,3.34375,0.890625,28.990625000000023
2007-01-02 10:00:00+00:00,0.0,0.0,301.828125,40.0462646484375,3.103515625,0.0,28.678125000000023
2007-01-02 11:00:00+00:00,0.0,0.0,301.09375,43.38494873046875,3.041015625,0.0,27.943750000000023
2007-01-02 12:00:00+00:00,0.0,0.0,300.65625,45.23309326171875,2.12109375,0.0,27.506250000000023
2007-01-02 13:00:00+00:00,0.0,0.0,300.859375,43.9840087890625,1.970703125,0.0,27.709375000000023
2007-01-02 14:00:00+00:00,0.0,0.0,300.421875,40.7183837890625,2.40625,0.0,27.271875000000023
2007-01-02 15:00:00+00:00,0.0,0.0,297.703125,52.09930419921875,2.0546875,0.0,24.553125000000023
2007-01-02 16:00:00+00:00,0.0,0.0,297.09375,52.80621337890625,2.501953125,0.0,23.943750000000023
2007-01-02 17:00:00+00:00,0.0,0.0,297.3125,50.1160888671875,2.857421875,0.0,24.162500000000023
2007-01-02 18:00:00+00:00,0.0,0.0,296.40625,52.00726318359375,3.55078125,0.0,23.256250000000023
2007-01-02 19:00:00+00:00,10.69140625,24.82421875,295.71875,53.19622802734375,3.4375,35.515625,22.568750000000023
2007-01-02 20:00:00+00:00,112.00390625,87.99609375,295.3125,53.48626708984375,3.2734375,200.0,22.162500000000023
2007-01-02 21:00:00+00:00,326.34375,93.0,295.3125,52.90460205078125,1.759765625,419.34375,22.162500000000023
2007-01-02 22:00:00+00:00,521.5546875,101.8515625,295.984375,49.60589599609375,2.29296875,623.40625,22.834375000000023
2007-01-02 23:00:00+00:00,699.25390625,104.41796875,297.5,43.962646484375,2.68359375,803.671875,24.350000000000023
2007-01-03 00:00:00+00:00,839.3828125,102.3671875,299.25,39.32269287109375,2.837890625,941.75,26.100000000000023
2007-01-03 01:00:00+00:00,931.04296875,97.42578125,300.609375,36.8748779296875,2.521484375,1028.46875,27.459375000000023
2007-01-03 02:00:00+00:00,705.2109375,158.7578125,301.859375,34.71221923828125,2.1875,863.96875,28.709375000000023
2007-01-03 03:00:00+00:00,777.44921875,172.98828125,303.828125,29.6416015625,2.380859375,950.4375,30.678125000000023
2007-01-03 04:00:00+00:00,820.4609375,98.9609375,305.28125,25.12274169921875,2.65625,919.421875,32.13125000000002
2007-01-03 05:00:00+00:00,443.7890625,125.1015625,306.375,22.717529296875,3.271484375,568.890625,33.22500000000002
2007-01-03 06:00:00+00:00,254.95703125,169.55859375,306.609375,21.88641357421875,3.5390625,424.515625,33.45937500000002
2007-01-03 07:00:00+00:00,268.6875,73.484375,306.25,23.83941650390625,4.291015625,342.171875,33.10000000000002
2007-01-03 08:00:00+00:00,141.328125,33.953125,305.296875,28.09759521484375,4.708984375,175.28125,32.14687500000002
2007-01-03 09:00:00+00:00,17.30859375,5.55078125,303.625,34.00054931640625,4.6640625,22.859375,30.475000000000023
2007-01-03 10:00:00+00:00,0.0,0.0,302.109375,39.4990234375,4.45703125,0.0,28.959375000000023
2007-01-03 11:00:00+00:00,0.0,0.0,301.25,43.51885986328125,4.21484375,0.0,28.100000000000023
2007-01-03 12:00:00+00:00,0.0,0.0,300.40625,44.05645751953125,3.537109375,0.0,27.256250000000023
2007-01-03 13:00:00+00:00,0.0,0.0,299.765625,45.51641845703125,2.51953125,0.0,26.615625000000023
2007-01-03 14:00:00+00:00,0.0,0.0,299.546875,46.0665283203125,1.42578125,0.0,26.396875000000023
2007-01-03 15:00:00+00:00,0.0,0.0,299.28125,47.12359619140625,0.806640625,0.0,26.131250000000023
2007-01-03 16:00:00+00:00,0.0,0.0,297.984375,51.74896240234375,1.85546875,0.0,24.834375000000023
2007-01-03 17:00:00+00:00,0.0,0.0,297.328125,53.84515380859375,1.458984375,0.0,24.178125000000023
2007-01-03 18:00:00+00:00,0.0,0.0,297.453125,53.3001708984375,1.830078125,0.0,24.303125000000023
2007-01-03 19:00:00+00:00,12.21484375,24.72265625,297.421875,39.7728271484375,4.037109375,36.9375,24.271875000000023
2007-01-03 20:00:00+00:00,127.62109375,79.19140625,296.203125,41.130859375,4.34375,206.8125,23.053125000000023
2007-01-03 21:00:00+00:00,315.5703125,102.1015625,296.5,39.0489501953125,4.16796875,417.671875,23.350000000000023
2007-01-03 22:00:00+00:00,512.7421875,112.4765625,297.546875,39.2666015625,4.77734375,625.21875,24.396875000000023
2007-01-03 23:00:00+00:00,691.359375,115.53125,299.390625,36.9066162109375,5.2578125,806.890625,26.240625000000023
2007-01-04 00:00:00+00:00,828.62109375,114.83203125,301.03125,34.42877197265625,5.376953125,943.453125,27.881250000000023
2007-01-04 01:00:00+00:00,916.6953125,113.1171875,302.75,29.998291015625,4.69921875,1029.8125,29.600000000000023
2007-01-04 02:00:00+00:00,572.9140625,259.1484375,304.25,25.814453125,4.158203125,832.0625,31.100000000000023
2007-01-04 03:00:00+00:00,828.41015625,179.08984375,305.75,22.4471435546875,4.1328125,1007.5,32.60000000000002
2007-01-04 04:00:00+00:00,394.7734375,218.0546875,306.8125,19.80352783203125,4.125,612.828125,33.66250000000002
2007-01-04 05:00:00+00:00,374.18359375,277.59765625,307.1875,18.6585693359375,4.236328125,651.78125,34.03750000000002
2007-01-04 06:00:00+00:00,212.28125,237.8125,307.453125,18.1927490234375,4.240234375,450.09375,34.30312500000002
2007-01-04 07:00:00+00:00,98.203125,134.609375,307.375,18.89996337890625,4.388671875,232.8125,34.22500000000002
2007-01-04 08:00:00+00:00,8.1015625,48.8203125,307.0625,19.4876708984375,4.546875,56.921875,33.91250000000002
2007-01-04 09:00:00+00:00,3.6640625,14.3515625,306.78125,20.41009521484375,4.51171875,18.015625,33.63125000000002
2007-01-04 10:00:00+00:00,0.0,0.0,305.9375,22.47418212890625,4.47265625,0.0,32.78750000000002
2007-01-04 11:00:00+00:00,0.0,0.0,305.171875,24.0736083984375,4.15625,0.0,32.02187500000002
2007-01-04 12:00:00+00:00,0.0,0.0,304.40625,25.652587890625,3.541015625,0.0,31.256250000000023
2007-01-04 13:00:00+00:00,0.0,0.0,303.484375,27.13970947265625,3.427734375,0.0,30.334375000000023
2007-01-04 14:00:00+00:00,0.0,0.0,302.5,29.018798828125,3.220703125,0.0,29.350000000000023
2007-01-04 15:00:00+00:00,0.0,0.0,302.03125,30.2698974609375,2.720703125,0.0,28.881250000000023
2007-01-04 16:00:00+00:00,0.0,0.0,301.296875,30.9237060546875,2.75390625,0.0,28.146875000000023
2007-01-04 17:00:00+00:00,0.0,0.0,300.515625,31.65985107421875,2.82421875,0.0,27.365625000000023
2007-01-04 18:00:00+00:00,0.0,0.0,299.828125,32.384521484375,2.9765625,0.0,26.678125000000023
2007-01-04 19:00:00+00:00,6.078125,19.921875,299.125,32.90313720703125,3.67578125,26.0,25.975000000000023
2007-01-04 20:00:00+00:00,113.7578125,88.6328125,298.484375,33.70074462890625,4.03515625,202.390625,25.334375000000023
2007-01-04 21:00:00+00:00,158.39453125,143.46484375,299.15625,33.95440673828125,3.80078125,301.859375,26.006250000000023
2007-01-04 22:00:00+00:00,286.96484375,247.51953125,299.78125,34.89959716796875,4.05078125,534.484375,26.631250000000023
2007-01-04 23:00:00+00:00,644.140625,158.25,301.328125,33.2093505859375,4.41015625,802.390625,28.178125000000023
2007-01-05 00:00:00+00:00,799.140625,128.546875,303.875,28.37548828125,5.5625,927.6875,30.725000000000023
2007-01-05 01:00:00+00:00,710.078125,243.96875,305.65625,22.85919189453125,6.158203125,954.046875,32.50625000000002
2007-01-05 02:00:00+00:00,860.39453125,174.99609375,306.875,20.07342529296875,5.5703125,1035.390625,33.72500000000002
2007-01-05 03:00:00+00:00,561.01953125,205.49609375,307.9375,19.16326904296875,5.251953125,766.515625,34.78750000000002
2007-01-05 04:00:00+00:00,615.78515625,180.54296875,308.765625,18.443603515625,4.451171875,796.328125,35.61562500000002
2007-01-05 05:00:00+00:00,495.328125,204.4375,309.578125,17.3001708984375,4.33203125,699.765625,36.42812500000002
2007-01-05 06:00:00+00:00,291.1953125,166.5078125,310.046875,16.6966552734375,3.96484375,457.703125,36.89687500000002
2007-01-05 07:00:00+00:00,41.578125,41.65625,310.234375,16.56195068359375,3.689453125,83.234375,37.08437500000002
2007-01-05 08:00:00+00:00,0.51171875,39.84765625,309.703125,17.61029052734375,3.69140625,40.359375,36.55312500000002
2007-01-05 09:00:00+00:00,0.0,8.484375,308.84375,18.13348388671875,3.453125,8.484375,35.69375000000002
2007-01-05 10:00:00+00:00,0.0,0.0,308.203125,18.70452880859375,3.751953125,0.0,35.05312500000002
2007-01-05 11:00:00+00:00,0.0,0.0,307.46875,19.70745849609375,3.7265625,0.0,34.31875000000002
2007-01-05 12:00:00+00:00,0.0,0.0,306.5,21.5035400390625,3.7578125,0.0,33.35000000000002
2007-01-05 13:00:00+00:00,0.0,0.0,305.6875,21.99456787109375,2.26171875,0.0,32.53750000000002
2007-01-05 14:00:00+00:00,0.0,0.0,304.921875,22.7637939453125,1.265625,0.0,31.771875000000023
2007-01-05 15:00:00+00:00,0.0,0.0,301.609375,33.368896484375,1.326171875,0.0,28.459375000000023
2007-01-05 16:00:00+00:00,0.0,0.0,301.515625,33.5751953125,1.09765625,0.0,28.365625000000023
2007-01-05 17:00:00+00:00,0.0,0.0,301.53125,32.67193603515625,1.525390625,0.0,28.381250000000023
2007-01-05 18:00:00+00:00,0.0,0.0,300.9375,33.4156494140625,0.615234375,0.0,27.787500000000023
2007-01-05 19:00:00+00:00,0.0,14.40625,301.359375,28.46990966796875,2.025390625,14.40625,28.209375000000023
2007-01-05 20:00:00+00:00,2.046875,54.34375,301.078125,27.971435546875,3.90625,56.390625,27.928125000000023
2007-01-05 21:00:00+00:00,145.4609375,171.3203125,300.625,30.6317138671875,4.0078125,316.78125,27.475000000000023
2007-01-05 22:00:00+00:00,124.1640625,271.1015625,301.296875,29.693115234375,4.572265625,395.265625,28.146875000000023
2007-01-05 23:00:00+00:00,342.21875,302.46875,302.078125,29.0103759765625,4.7578125,644.6875,28.928125000000023
2007-01-06 00:00:00+00:00,275.1171875,382.6328125,303.171875,28.3800048828125,5.076171875,657.75,30.021875000000023
2007-01-06 01:00:00+00:00,548.9453125,369.9453125,304.859375,25.73773193359375,5.392578125,918.890625,31.709375000000023
2007-01-06 02:00:00+00:00,288.8515625,416.8359375,307.703125,21.0618896484375,5.998046875,705.6875,34.55312500000002
2007-01-06 03:00:00+00:00,122.1640625,393.6796875,309.46875,19.483642578125,7.361328125,515.84375,36.31875000000002
2007-01-06 04:00:00+00:00,54.125,438.359375,310.046875,18.98736572265625,7.189453125,492.484375,36.89687500000002
2007-01-06 05:00:00+00:00,371.125,272.234375,310.453125,19.26153564453125,7.314453125,643.359375,37.30312500000002
2007-01-06 06:00:00+00:00,200.9140625,161.6171875,310.703125,20.4996337890625,7.447265625,362.53125,37.55312500000002
2007-01-06 07:00:00+00:00,23.45703125,94.12109375,310.515625,21.3038330078125,7.689453125,117.578125,37.36562500000002
2007-01-06 08:00:00+00:00,0.1875,11.9375,309.875,22.3966064453125,7.333984375,12.125,36.72500000000002
2007-01-06 09:00:00+00:00,0.53125,6.953125,307.453125,27.57373046875,6.69921875,7.484375,34.30312500000002
2007-01-06 10:00:00+00:00,0.0,0.0,306.71875,29.6981201171875,5.62890625,0.0,33.56875000000002
2007-01-06 11:00:00+00:00,0.0,0.0,303.546875,44.62969970703125,4.845703125,0.0,30.396875000000023
2007-01-06 12:00:00+00:00,0.0,0.0,300.296875,61.3358154296875,3.49609375,0.0,27.146875000000023
2007-01-06 13:00:00+00:00,0.0,0.0,298.828125,67.9716796875,2.900390625,0.0,25.678125000000023
2007-01-06 14:00:00+00:00,0.0,0.0,297.328125,75.77264404296875,3.134765625,0.0,24.178125000000023
2007-01-06 15:00:00+00:00,0.0,0.0,297.734375,69.759521484375,5.890625,0.0,24.584375000000023
2007-01-06 16:00:00+00:00,0.0,0.0,297.25,73.65863037109375,5.16015625,0.0,24.100000000000023
2007-01-06 17:00:00+00:00,0.0,0.0,297.0625,76.00592041015625,4.224609375,0.0,23.912500000000023
2007-01-06 18:00:00+00:00,0.0,0.0,296.84375,75.88671875,3.5703125,0.0,23.693750000000023
2007-01-06 19:00:00+00:00,9.45703125,21.87109375,295.015625,65.9024658203125,4.525390625,31.328125,21.865625000000023
2007-01-06 20:00:00+00:00,82.01953125,81.05859375,294.21875,67.356201171875,3.947265625,163.078125,21.068750000000023
2007-01-06 21:00:00+00:00,168.63671875,112.51953125,294.484375,66.8330078125,3.71875,281.15625,21.334375000000023
2007-01-06 22:00:00+00:00,200.7265625,207.8046875,295.421875,63.26849365234375,3.439453125,408.53125,22.271875000000023
2007-01-06 23:00:00+00:00,50.73828125,96.30859375,296.75,56.51123046875,4.724609375,147.046875,23.600000000000023
2007-01-07 00:00:00+00:00,114.875,320.671875,296.96875,52.76324462890625,5.78515625,435.546875,23.818750000000023
2007-01-07 01:00:00+00:00,148.25,434.234375,297.25,50.2515869140625,5.921875,582.484375,24.100000000000023
2007-01-07 02:00:00+00:00,26.0625,67.015625,296.28125,57.3785400390625,7.328125,93.078125,23.131250000000023
2007-01-07 03:00:00+00:00,15.37109375,313.39453125,294.984375,51.925048828125,7.533203125,328.765625,21.834375000000023
2007-01-07 04:00:00+00:00,214.69921875,339.42578125,293.890625,53.823974609375,7.1953125,554.125,20.740625000000023
2007-01-07 05:00:00+00:00,172.28515625,244.27734375,292.359375,60.68017578125,6.951171875,416.5625,19.209375000000023
2007-01-07 06:00:00+00:00,118.04296875,228.75390625,292.015625,56.8983154296875,7.24609375,346.796875,18.865625000000023
2007-01-07 07:00:00+00:00,47.91796875,200.23828125,291.234375,58.75146484375,7.39453125,248.15625,18.084375000000023
2007-01-07 08:00:00+00:00,2.6484375,64.4609375,290.890625,58.4896240234375,7.513671875,67.109375,17.740625000000023
2007-01-07 09:00:00+00:00,6.6328125,6.7109375,289.90625,61.5267333984375,7.326171875,13.34375,16.756250000000023
2007-01-07 10:00:00+00:00,0.0,0.0,289.0,64.60736083984375,7.349609375,0.0,15.850000000000023
2007-01-07 11:00:00+00:00,0.0,0.0,288.421875,67.26361083984375,7.10546875,0.0,15.271875000000023
2007-01-07 12:00:00+00:00,0.0,0.0,288.0,69.4892578125,6.755859375,0.0,14.850000000000023
2007-01-07 13:00:00+00:00,0.0,0.0,287.984375,68.08074951171875,6.29296875,0.0,14.834375000000023
2007-01-07 14:00:00+00:00,0.0,0.0,287.984375,67.36865234375,6.01171875,0.0,14.834375000000023
2007-01-07 15:00:00+00:00,0.0,0.0,287.875,65.783447265625,5.66015625,0.0,14.725000000000023
2007-01-07 16:00:00+00:00,0.0,0.0,287.828125,65.25592041015625,5.251953125,0.0,14.678125000000023
2007-01-07 17:00:00+00:00,0.0,0.0,287.71875,66.4810791015625,4.587890625,0.0,14.568750000000023
2007-01-07 18:00:00+00:00,0.0,0.0,287.84375,65.1053466796875,4.185546875,0.0,14.693750000000023
2007-01-07 19:00:00+00:00,2.07421875,10.12890625,287.84375,64.948974609375,4.1171875,12.203125,14.693750000000023
2007-01-07 20:00:00+00:00,3.859375,52.875,287.703125,65.4761962890625,4.173828125,56.734375,14.553125000000023
2007-01-07 21:00:00+00:00,179.35546875,135.09765625,287.8125,63.8551025390625,4.353515625,314.453125,14.662500000000023
2007-01-07 22:00:00+00:00,197.890625,227.703125,288.265625,61.41552734375,4.251953125,425.59375,15.115625000000023
2007-01-07 23:00:00+00:00,191.95703125,211.66796875,289.046875,56.94842529296875,4.220703125,403.625,15.896875000000023
2007-01-08 00:00:00+00:00,358.90625,348.46875,289.59375,55.8214111328125,4.82421875,707.375,16.443750000000023
2007-01-08 01:00:00+00:00,867.125,184.875,289.921875,57.6470947265625,5.06640625,1052.0,16.771875000000023
2007-01-08 02:00:00+00:00,734.52734375,148.86328125,290.765625,54.11334228515625,4.978515625,883.390625,17.615625000000023
2007-01-08 03:00:00+00:00,745.8984375,184.4765625,291.65625,49.34759521484375,4.71875,930.375,18.506250000000023
2007-01-08 04:00:00+00:00,762.828125,155.6875,292.328125,46.1966552734375,4.724609375,918.515625,19.178125000000023
2007-01-08 05:00:00+00:00,720.01953125,89.60546875,292.828125,44.3040771484375,4.755859375,809.625,19.678125000000023
2007-01-08 06:00:00+00:00,578.9453125,50.3359375,293.15625,42.9031982421875,4.97265625,629.28125,20.006250000000023
2007-01-08 07:00:00+00:00,380.21484375,35.16015625,293.140625,42.99920654296875,5.123046875,415.375,19.990625000000023
2007-01-08 08:00:00+00:00,164.484375,24.5625,292.78125,43.8333740234375,4.916015625,189.046875,19.631250000000023
2007-01-08 09:00:00+00:00,21.84375,3.4375,291.578125,47.79339599609375,4.6328125,25.28125,18.428125000000023
2007-01-08 10:00:00+00:00,0.0,0.0,290.671875,49.0621337890625,4.265625,0.0,17.521875000000023
2007-01-08 11:00:00+00:00,0.0,0.0,289.609375,52.00152587890625,3.97265625,0.0,16.459375000000023
2007-01-08 12:00:00+00:00,0.0,0.0,288.8125,56.34698486328125,3.5859375,0.0,15.662500000000023
2007-01-08 13:00:00+00:00,0.0,0.0,288.203125,61.490234375,3.24609375,0.0,15.053125000000023
2007-01-08 14:00:00+00:00,0.0,0.0,287.640625,65.2763671875,2.962890625,0.0,14.490625000000023
2007-01-08 15:00:00+00:00,0.0,0.0,286.609375,70.5224609375,2.6640625,0.0,13.459375000000023
2007-01-08 16:00:00+00:00,0.0,0.0,286.359375,72.48699951171875,2.41796875,0.0,13.209375000000023
2007-01-08 17:00:00+00:00,0.0,0.0,286.125,74.0677490234375,1.955078125,0.0,12.975000000000023
2007-01-08 18:00:00+00:00,0.0,0.0,285.859375,75.9461669921875,1.93359375,0.0,12.709375000000023
2007-01-08 19:00:00+00:00,13.29296875,21.39453125,285.5,78.467529296875,1.93359375,34.6875,12.350000000000023
2007-01-08 20:00:00+00:00,73.70703125,97.65234375,285.265625,80.1304931640625,1.650390625,171.359375,12.115625000000023
2007-01-08 21:00:00+00:00,346.2578125,88.0546875,285.375,76.79132080078125,1.46875,434.3125,12.225000000000023
2007-01-08 22:00:00+00:00,548.78125,96.234375,285.9375,75.672607421875,0.841796875,645.015625,12.787500000000023
2007-01-08 23:00:00+00:00,732.48828125,98.55859375,286.5,73.5489501953125,0.419921875,831.046875,13.350000000000023
2007-01-09 00:00:00+00:00,874.25,97.203125,287.4375,69.4754638671875,0.4765625,971.453125,14.287500000000023
2007-01-09 01:00:00+00:00,968.1015625,93.2734375,288.984375,62.55926513671875,0.41015625,1061.375,15.834375000000023
2007-01-09 02:00:00+00:00,1006.5859375,85.5703125,291.65625,51.86590576171875,0.576171875,1092.15625,18.506250000000023
2007-01-09 03:00:00+00:00,980.29296875,75.84765625,294.140625,42.642333984375,0.841796875,1056.140625,20.990625000000023
2007-01-09 04:00:00+00:00,859.1015625,86.9140625,297.171875,35.6727294921875,1.751953125,946.015625,24.021875000000023
2007-01-09 05:00:00+00:00,744.28125,65.34375,299.5,30.75286865234375,2.57421875,809.625,26.350000000000023
2007-01-09 06:00:00+00:00,570.671875,49.40625,300.421875,29.22698974609375,3.439453125,620.078125,27.271875000000023
2007-01-09 07:00:00+00:00,369.84375,37.09375,300.265625,30.41912841796875,4.083984375,406.9375,27.115625000000023
2007-01-09 08:00:00+00:00,169.28125,22.109375,299.5,33.52447509765625,4.318359375,191.390625,26.350000000000023
2007-01-09 09:00:00+00:00,21.62890625,2.85546875,298.59375,36.87005615234375,3.947265625,24.484375,25.443750000000023
2007-01-09 10:00:00+00:00,0.0,0.0,297.515625,38.84173583984375,3.439453125,0.0,24.365625000000023
2007-01-09 11:00:00+00:00,0.0,0.0,296.9375,40.54742431640625,2.4375,0.0,23.787500000000023
2007-01-09 12:00:00+00:00,0.0,0.0,296.328125,44.5003662109375,1.859375,0.0,23.178125000000023
2007-01-09 13:00:00+00:00,0.0,0.0,295.796875,47.08648681640625,1.388671875,0.0,22.646875000000023
2007-01-09 14:00:00+00:00,0.0,0.0,295.28125,49.059814453125,1.1953125,0.0,22.131250000000023
2007-01-09 15:00:00+00:00,0.0,0.0,294.578125,50.96893310546875,1.189453125,0.0,21.428125000000023
2007-01-09 16:00:00+00:00,0.0,0.0,293.9375,52.41949462890625,1.1875,0.0,20.787500000000023
2007-01-09 17:00:00+00:00,0.0,0.0,293.375,54.3115234375,0.46484375,0.0,20.225000000000023
2007-01-09 18:00:00+00:00,0.0,0.0,292.8125,57.90643310546875,0.705078125,0.0,19.662500000000023
2007-01-09 19:00:00+00:00,13.88671875,20.26953125,292.4375,59.104248046875,1.171875,34.15625,19.287500000000023
2007-01-09 20:00:00+00:00,145.73046875,67.12890625,292.171875,59.83221435546875,1.595703125,212.859375,19.021875000000023
2007-01-09 21:00:00+00:00,304.2890625,111.5859375,291.75,63.50927734375,2.021484375,415.875,18.600000000000023
2007-01-09 22:00:00+00:00,477.88671875,142.89453125,293.453125,51.514404296875,1.93359375,620.78125,20.303125000000023
2007-01-09 23:00:00+00:00,643.796875,159.28125,296.578125,35.4041748046875,2.169921875,803.078125,23.428125000000023
2007-01-10 00:00:00+00:00,834.703125,126.09375,300.625,21.39093017578125,2.744140625,960.796875,27.475000000000023
2007-01-10 01:00:00+00:00,904.58984375,138.37890625,303.75,13.93243408203125,3.037109375,1042.96875,30.600000000000023
2007-01-10 02:00:00+00:00,981.87890625,103.88671875,305.703125,12.1046142578125,3.189453125,1085.765625,32.55312500000002
2007-01-10 03:00:00+00:00,957.8359375,90.0859375,307.71875,10.4918212890625,3.48828125,1047.921875,34.56875000000002
2007-01-10 04:00:00+00:00,881.93359375,76.59765625,309.0625,9.2177734375,3.439453125,958.53125,35.91250000000002
2007-01-10 05:00:00+00:00,745.375,65.828125,310.3125,7.9725341796875,3.4140625,811.203125,37.16250000000002
2007-01-10 06:00:00+00:00,562.0625,57.515625,311.25,7.380615234375,3.69140625,619.578125,38.10000000000002
2007-01-10 07:00:00+00:00,354.9296875,47.5546875,311.734375,7.13568115234375,3.931640625,402.484375,38.58437500000002
2007-01-10 08:00:00+00:00,150.671875,32.640625,311.859375,7.184814453125,4.501953125,183.3125,38.70937500000002
2007-01-10 09:00:00+00:00,16.61328125,6.08984375,310.453125,8.29742431640625,5.125,22.703125,37.30312500000002
2007-01-10 10:00:00+00:00,0.0,0.0,308.328125,11.48809814453125,5.75390625,0.0,35.17812500000002
2007-01-10 11:00:00+00:00,0.0,0.0,307.0,11.708740234375,5.83984375,0.0,33.85000000000002
2007-01-10 12:00:00+00:00,0.0,0.0,305.90625,11.90087890625,6.2265625,0.0,32.75625000000002
2007-01-10 13:00:00+00:00,0.0,0.0,304.890625,12.09039306640625,6.55078125,0.0,31.740625000000023
2007-01-10 14:00:00+00:00,0.0,0.0,304.21875,12.00457763671875,6.990234375,0.0,31.068750000000023
2007-01-10 15:00:00+00:00,0.0,0.0,303.875,10.92999267578125,6.568359375,0.0,30.725000000000023
2007-01-10 16:00:00+00:00,0.0,0.0,303.703125,10.4332275390625,6.7421875,0.0,30.553125000000023
2007-01-10 17:00:00+00:00,0.0,0.0,302.859375,10.55487060546875,6.267578125,0.0,29.709375000000023
2007-01-10 18:00:00+00:00,0.0,0.0,302.328125,10.73199462890625,6.001953125,0.0,29.178125000000023
2007-01-10 19:00:00+00:00,3.890625,20.921875,302.046875,10.9412841796875,5.857421875,24.8125,28.896875000000023
2007-01-10 20:00:00+00:00,67.453125,94.953125,301.375,11.28656005859375,5.28125,162.40625,28.225000000000023
2007-01-10 21:00:00+00:00,276.390625,118.34375,301.625,10.87921142578125,5.53515625,394.734375,28.475000000000023
2007-01-10 22:00:00+00:00,485.53515625,130.05859375,301.875,11.8033447265625,3.689453125,615.59375,28.725000000000023
2007-01-10 23:00:00+00:00,666.875,135.25,302.3125,15.235107421875,2.154296875,802.125,29.162500000000023
2007-01-11 00:00:00+00:00,790.765625,142.90625,302.46875,19.75091552734375,1.916015625,933.671875,29.318750000000023
2007-01-11 01:00:00+00:00,874.37109375,144.45703125,302.96875,22.646728515625,4.21484375,1018.828125,29.818750000000023
2007-01-11 02:00:00+00:00,903.59765625,138.79296875,302.03125,29.52490234375,5.79296875,1042.390625,28.881250000000023
2007-01-11 03:00:00+00:00,868.421875,130.75,299.578125,40.54986572265625,5.6328125,999.171875,26.428125000000023
2007-01-11 04:00:00+00:00,784.54296875,119.22265625,299.96875,40.466064453125,5.4765625,903.765625,26.818750000000023
2007-01-11 05:00:00+00:00,654.58203125,103.16796875,299.71875,42.5201416015625,5.919921875,757.75,26.568750000000023
2007-01-11 06:00:00+00:00,489.98046875,85.00390625,298.9375,44.51800537109375,6.298828125,574.984375,25.787500000000023
2007-01-11 07:00:00+00:00,299.41796875,68.48828125,298.171875,44.03955078125,5.8359375,367.90625,25.021875000000023
2007-01-11 08:00:00+00:00,123.23046875,43.59765625,297.09375,44.45367431640625,5.283203125,166.828125,23.943750000000023
2007-01-11 09:00:00+00:00,10.6640625,9.4453125,296.421875,41.542236328125,4.40234375,20.109375,23.271875000000023
2007-01-11 10:00:00+00:00,0.0,0.0,295.515625,42.13116455078125,4.177734375,0.0,22.365625000000023
2007-01-11 11:00:00+00:00,0.0,0.0,294.40625,43.64697265625,3.935546875,0.0,21.256250000000023
2007-01-11 12:00:00+00:00,0.0,0.0,293.5625,43.6866455078125,3.400390625,0.0,20.412500000000023
2007-01-11 13:00:00+00:00,0.0,0.0,292.84375,48.634033203125,3.005859375,0.0,19.693750000000023
2007-01-11 14:00:00+00:00,0.0,0.0,292.375,53.265380859375,2.39453125,0.0,19.225000000000023
2007-01-11 15:00:00+00:00,0.0,0.0,292.296875,52.44049072265625,2.302734375,0.0,19.146875000000023
2007-01-11 16:00:00+00:00,0.0,0.0,291.859375,56.810791015625,2.220703125,0.0,18.709375000000023
2007-01-11 17:00:00+00:00,0.0,0.0,291.53125,60.6580810546875,1.76953125,0.0,18.381250000000023
2007-01-11 18:00:00+00:00,0.0,0.0,291.1875,66.13946533203125,1.677734375,0.0,18.037500000000023
2007-01-11 19:00:00+00:00,3.28515625,19.33984375,290.96875,70.40924072265625,1.58203125,22.625,17.818750000000023
2007-01-11 20:00:00+00:00,95.45703125,82.02734375,290.84375,72.66143798828125,2.05859375,177.484375,17.693750000000023
2007-01-11 21:00:00+00:00,283.3984375,106.5390625,290.3125,68.44525146484375,2.212890625,389.9375,17.162500000000023
2007-01-11 22:00:00+00:00,484.328125,116.65625,291.0625,59.88702392578125,2.556640625,600.984375,17.912500000000023
2007-01-11 23:00:00+00:00,577.484375,180.078125,292.140625,53.8995361328125,2.625,757.5625,18.990625000000023
2007-01-12 00:00:00+00:00,769.5234375,158.7109375,293.296875,48.15093994140625,3.017578125,928.234375,20.146875000000023
2007-01-12 01:00:00+00:00,636.1640625,267.2734375,294.546875,39.6363525390625,3.537109375,903.4375,21.396875000000023
2007-01-12 02:00:00+00:00,928.0390625,144.5859375,295.484375,35.95361328125,3.6875,1072.625,22.334375000000023
2007-01-12 03:00:00+00:00,934.4609375,94.1953125,296.796875,32.98193359375,2.69140625,1028.65625,23.646875000000023
2007-01-12 04:00:00+00:00,423.3046875,322.4765625,297.90625,31.15863037109375,2.58984375,745.78125,24.756250000000023
2007-01-12 05:00:00+00:00,463.85546875,264.06640625,298.90625,29.82635498046875,2.943359375,727.921875,25.756250000000023
2007-01-12 06:00:00+00:00,260.6875,118.34375,299.359375,29.69622802734375,4.607421875,379.03125,26.209375000000023
2007-01-12 07:00:00+00:00,153.91796875,167.34765625,298.75,33.01861572265625,4.83203125,321.265625,25.600000000000023
2007-01-12 08:00:00+00:00,18.6484375,39.5234375,297.90625,35.98150634765625,4.8828125,58.171875,24.756250000000023
2007-01-12 09:00:00+00:00,7.515625,8.578125,296.921875,39.44287109375,4.072265625,16.09375,23.771875000000023
2007-01-12 10:00:00+00:00,0.0,0.0,295.78125,41.74737548828125,3.970703125,0.0,22.631250000000023
2007-01-12 11:00:00+00:00,0.0,0.0,294.5625,43.88543701171875,3.763671875,0.0,21.412500000000023
2007-01-12 12:00:00+00:00,0.0,0.0,293.484375,48.38543701171875,3.314453125,0.0,20.334375000000023
2007-01-12 13:00:00+00:00,0.0,0.0,292.640625,54.5919189453125,2.732421875,0.0,19.490625000000023
2007-01-12 14:00:00+00:00,0.0,0.0,291.90625,61.69482421875,2.138671875,0.0,18.756250000000023
2007-01-12 15:00:00+00:00,0.0,0.0,291.515625,67.3636474609375,3.744140625,0.0,18.365625000000023
2007-01-12 16:00:00+00:00,0.0,0.0,289.78125,79.17889404296875,5.130859375,0.0,16.631250000000023
2007-01-12 17:00:00+00:00,0.0,0.0,289.828125,70.1959228515625,4.537109375,0.0,16.678125000000023
2007-01-12 18:00:00+00:00,0.0,0.0,289.609375,67.9771728515625,4.048828125,0.0,16.459375000000023
2007-01-12 19:00:00+00:00,2.609375,12.375,289.375,65.7916259765625,3.837890625,14.984375,16.225000000000023
2007-01-12 20:00:00+00:00,37.98046875,90.70703125,289.125,63.95477294921875,3.55078125,128.6875,15.975000000000023
2007-01-12 21:00:00+00:00,99.98828125,165.85546875,288.90625,60.24798583984375,3.884765625,265.84375,15.756250000000023
2007-01-12 22:00:00+00:00,41.6484375,220.3203125,289.140625,56.909423828125,3.771484375,261.96875,15.990625000000023
2007-01-12 23:00:00+00:00,201.8046875,374.8671875,289.40625,55.169189453125,3.73828125,576.671875,16.256250000000023
2007-01-13 00:00:00+00:00,474.30078125,354.58984375,290.1875,52.741943359375,4.02734375,828.890625,17.037500000000023
2007-01-13 01:00:00+00:00,672.9765625,291.5078125,291.09375,49.736083984375,4.654296875,964.484375,17.943750000000023
2007-01-13 02:00:00+00:00,749.5703125,236.8359375,291.65625,48.0091552734375,5.216796875,986.40625,18.506250000000023
2007-01-13 03:00:00+00:00,909.328125,112.625,293.109375,43.529052734375,5.642578125,1021.953125,19.959375000000023
2007-01-13 04:00:00+00:00,865.15625,76.703125,293.640625,42.44586181640625,5.681640625,941.859375,20.490625000000023
2007-01-13 05:00:00+00:00,737.7734375,57.9453125,294.25,40.6021728515625,5.427734375,795.71875,21.100000000000023
2007-01-13 06:00:00+00:00,563.0390625,46.9765625,294.53125,39.7928466796875,5.3203125,610.015625,21.381250000000023
2007-01-13 07:00:00+00:00,362.796875,36.40625,294.359375,41.13665771484375,5.36328125,399.203125,21.209375000000023
2007-01-13 08:00:00+00:00,164.7578125,21.9140625,293.84375,42.99072265625,5.1015625,186.671875,20.693750000000023
2007-01-13 09:00:00+00:00,21.17578125,2.33984375,293.046875,46.02490234375,4.880859375,23.515625,19.896875000000023
2007-01-13 10:00:00+00:00,0.0,0.0,292.109375,49.3275146484375,4.62890625,0.0,18.959375000000023
2007-01-13 11:00:00+00:00,0.0,0.0,291.140625,54.41357421875,4.1875,0.0,17.990625000000023
2007-01-13 12:00:00+00:00,0.0,0.0,290.421875,58.76739501953125,3.783203125,0.0,17.271875000000023
2007-01-13 13:00:00+00:00,0.0,0.0,289.984375,61.1263427734375,3.48046875,0.0,16.834375000000023
2007-01-13 14:00:00+00:00,0.0,0.0,289.5,63.96148681640625,3.1796875,0.0,16.350000000000023
2007-01-13 15:00:00+00:00,0.0,0.0,288.671875,69.13995361328125,2.658203125,0.0,15.521875000000023
2007-01-13 16:00:00+00:00,0.0,0.0,288.296875,72.51458740234375,2.294921875,0.0,15.146875000000023
2007-01-13 17:00:00+00:00,0.0,0.0,287.9375,75.5452880859375,2.02734375,0.0,14.787500000000023
2007-01-13 18:00:00+00:00,0.0,0.0,287.59375,77.81903076171875,1.720703125,0.0,14.443750000000023
2007-01-13 19:00:00+00:00,8.1328125,17.1484375,287.40625,79.70587158203125,1.42578125,25.28125,14.256250000000023
2007-01-13 20:00:00+00:00,89.421875,64.875,287.265625,81.01910400390625,1.291015625,154.296875,14.115625000000023
2007-01-13 21:00:00+00:00,311.48828125,88.66796875,287.5,79.10321044921875,1.275390625,400.15625,14.350000000000023
2007-01-13 22:00:00+00:00,462.109375,122.296875,288.671875,74.8709716796875,1.66015625,584.40625,15.521875000000023
2007-01-13 23:00:00+00:00,606.25,163.890625,290.078125,66.89105224609375,2.16015625,770.140625,16.928125000000023
2007-01-14 00:00:00+00:00,782.3984375,138.3984375,291.65625,60.031982421875,2.705078125,920.796875,18.506250000000023
2007-01-14 01:00:00+00:00,887.8984375,130.6015625,293.21875,55.54656982421875,3.095703125,1018.5,20.068750000000023
2007-01-14 02:00:00+00:00,916.9765625,124.8828125,294.75,51.73651123046875,3.923828125,1041.859375,21.600000000000023
2007-01-14 03:00:00+00:00,778.109375,181.421875,295.421875,51.2781982421875,4.3125,959.53125,22.271875000000023
2007-01-14 04:00:00+00:00,826.33984375,105.30078125,296.328125,48.441162109375,4.748046875,931.640625,23.178125000000023
2007-01-14 05:00:00+00:00,727.70703125,61.90234375,296.75,47.6436767578125,5.298828125,789.609375,23.600000000000023
2007-01-14 06:00:00+00:00,549.91015625,52.99609375,296.609375,48.32940673828125,5.640625,602.90625,23.459375000000023
2007-01-14 07:00:00+00:00,358.28515625,38.13671875,295.984375,51.10479736328125,5.63671875,396.421875,22.834375000000023
2007-01-14 08:00:00+00:00,162.828125,22.09375,295.140625,53.61627197265625,5.3671875,184.921875,21.990625000000023
2007-01-14 09:00:00+00:00,19.87890625,2.62109375,293.453125,58.2344970703125,4.669921875,22.5,20.303125000000023
2007-01-14 10:00:00+00:00,0.0,0.0,292.453125,62.11553955078125,4.111328125,0.0,19.303125000000023
2007-01-14 11:00:00+00:00,0.0,0.0,291.4375,67.4376220703125,3.58203125,0.0,18.287500000000023
2007-01-14 12:00:00+00:00,0.0,0.0,290.5,73.068603515625,3.28125,0.0,17.350000000000023
2007-01-14 13:00:00+00:00,0.0,0.0,289.984375,75.62176513671875,2.986328125,0.0,16.834375000000023
2007-01-14 14:00:00+00:00,0.0,0.0,289.640625,76.47271728515625,2.94140625,0.0,16.490625000000023
2007-01-14 15:00:00+00:00,0.0,0.0,289.515625,75.11224365234375,2.966796875,0.0,16.365625000000023
2007-01-14 16:00:00+00:00,0.0,0.0,289.375,74.2550048828125,2.74609375,0.0,16.225000000000023
2007-01-14 17:00:00+00:00,0.0,0.0,288.890625,77.84228515625,2.458984375,0.0,15.740625000000023
2007-01-14 18:00:00+00:00,0.0,0.0,288.390625,81.50347900390625,2.3203125,0.0,15.240625000000023
2007-01-14 19:00:00+00:00,0.0,12.4375,288.109375,82.37310791015625,2.166015625,12.4375,14.959375000000023
2007-01-14 20:00:00+00:00,0.01953125,64.63671875,287.9375,82.6259765625,2.25,64.65625,14.787500000000023
2007-01-14 21:00:00+00:00,51.09765625,203.26171875,288.265625,81.84112548828125,1.7734375,254.359375,15.115625000000023
2007-01-14 22:00:00+00:00,103.734375,196.875,288.875,77.9442138671875,1.591796875,300.609375,15.725000000000023
2007-01-14 23:00:00+00:00,90.56640625,287.93359375,289.671875,75.3262939453125,1.669921875,378.5,16.521875000000023
2007-01-15 00:00:00+00:00,190.7890625,478.7109375,290.484375,72.823974609375,1.361328125,669.5,17.334375000000023
2007-01-15 01:00:00+00:00,782.37890625,229.54296875,291.65625,68.3525390625,1.17578125,1011.921875,18.506250000000023
2007-01-15 02:00:00+00:00,950.81640625,101.05859375,293.34375,62.097412109375,1.28515625,1051.875,20.193750000000023
2007-01-15 03:00:00+00:00,931.765625,89.78125,294.828125,57.80523681640625,1.373046875,1021.546875,21.678125000000023
2007-01-15 04:00:00+00:00,852.984375,77.203125,297.234375,50.40643310546875,2.32421875,930.1875,24.084375000000023
2007-01-15 05:00:00+00:00,718.58984375,66.83203125,298.78125,45.80291748046875,3.46875,785.421875,25.631250000000023
2007-01-15 06:00:00+00:00,544.56640625,55.54296875,299.25,44.9019775390625,4.486328125,600.109375,26.100000000000023
2007-01-15 07:00:00+00:00,348.40234375,42.81640625,298.84375,46.7628173828125,4.88671875,391.21875,25.693750000000023
2007-01-15 08:00:00+00:00,154.63671875,25.92578125,298.515625,48.62957763671875,4.52734375,180.5625,25.365625000000023
2007-01-15 09:00:00+00:00,17.4375,4.109375,296.515625,54.58319091796875,4.0625,21.546875,23.365625000000023
2007-01-15 10:00:00+00:00,0.0,0.0,295.390625,57.4647216796875,3.81640625,0.0,22.240625000000023
2007-01-15 11:00:00+00:00,0.0,0.0,294.1875,61.48095703125,3.205078125,0.0,21.037500000000023
2007-01-15 12:00:00+00:00,0.0,0.0,293.28125,66.24578857421875,2.5078125,0.0,20.131250000000023
2007-01-15 13:00:00+00:00,0.0,0.0,292.625,70.39892578125,2.1953125,0.0,19.475000000000023
2007-01-15 14:00:00+00:00,0.0,0.0,291.96875,74.9071044921875,2.01171875,0.0,18.818750000000023
2007-01-15 15:00:00+00:00,0.0,0.0,291.3125,79.9547119140625,1.6484375,0.0,18.162500000000023
2007-01-15 16:00:00+00:00,0.0,0.0,290.828125,82.762451171875,1.50390625,0.0,17.678125000000023
2007-01-15 17:00:00+00:00,0.0,0.0,290.5,84.064697265625,1.423828125,0.0,17.350000000000023
2007-01-15 18:00:00+00:00,0.0,0.0,290.34375,84.349853515625,1.0390625,0.0,17.193750000000023
2007-01-15 19:00:00+00:00,5.0703125,16.0546875,290.4375,83.3267822265625,0.927734375,21.125,17.287500000000023
2007-01-15 20:00:00+00:00,103.08984375,71.31640625,290.4375,83.12994384765625,1.091796875,174.40625,17.287500000000023
2007-01-15 21:00:00+00:00,284.234375,96.328125,290.96875,81.2899169921875,0.98046875,380.5625,17.818750000000023
2007-01-15 22:00:00+00:00,475.87890625,109.35546875,291.96875,77.322509765625,1.4140625,585.234375,18.818750000000023
2007-01-15 23:00:00+00:00,649.37890625,116.04296875,294.609375,66.6646728515625,1.708984375,765.421875,21.459375000000023
2007-01-16 00:00:00+00:00,786.44140625,117.83984375,301.140625,44.4150390625,2.54296875,904.28125,27.990625000000023
2007-01-16 01:00:00+00:00,876.859375,116.28125,306.78125,32.31072998046875,4.49609375,993.140625,33.63125000000002
2007-01-16 02:00:00+00:00,911.1796875,112.6328125,309.765625,25.97760009765625,5.185546875,1023.8125,36.61562500000002
2007-01-16 03:00:00+00:00,698.69921875,143.95703125,312.1875,22.324951171875,5.5234375,842.65625,39.03750000000002
2007-01-16 04:00:00+00:00,273.625,186.0625,312.203125,22.82659912109375,6.443359375,459.6875,39.05312500000002
2007-01-16 05:00:00+00:00,363.91015625,259.93359375,310.484375,27.11480712890625,5.0,623.84375,37.33437500000002
2007-01-16 06:00:00+00:00,54.8515625,0.0,310.328125,28.42425537109375,5.01953125,44.28125,37.17812500000002
2007-01-16 07:00:00+00:00,213.74609375,136.69140625,310.203125,27.04132080078125,4.45703125,350.4375,37.05312500000002
2007-01-16 08:00:00+00:00,83.30859375,42.14453125,310.765625,25.25006103515625,5.076171875,125.453125,37.61562500000002
2007-01-16 09:00:00+00:00,7.53125,10.59375,311.875,18.394775390625,5.548828125,18.125,38.72500000000002
2007-01-16 10:00:00+00:00,0.0,0.0,311.1875,19.57147216796875,4.888671875,0.0,38.03750000000002
2007-01-16 11:00:00+00:00,0.0,0.0,310.0625,21.42120361328125,5.6953125,0.0,36.91250000000002
2007-01-16 12:00:00+00:00,0.0,0.0,309.09375,22.52264404296875,5.6015625,0.0,35.94375000000002
2007-01-16 13:00:00+00:00,0.0,0.0,308.390625,22.4522705078125,5.033203125,0.0,35.24062500000002
2007-01-16 14:00:00+00:00,0.0,0.0,307.578125,22.69281005859375,3.44921875,0.0,34.42812500000002
2007-01-16 15:00:00+00:00,0.0,0.0,304.1875,35.1591796875,1.998046875,0.0,31.037500000000023
2007-01-16 16:00:00+00:00,0.0,0.0,304.203125,33.265869140625,1.62109375,0.0,31.053125000000023
2007-01-16 17:00:00+00:00,0.0,0.0,304.109375,30.91815185546875,1.189453125,0.0,30.959375000000023
2007-01-16 18:00:00+00:00,0.0,0.0,303.8125,29.61981201171875,1.32421875,0.0,30.662500000000023
2007-01-16 19:00:00+00:00,0.0,5.703125,303.46875,27.2139892578125,1.83984375,5.703125,30.318750000000023
2007-01-16 20:00:00+00:00,0.078125,27.078125,303.203125,25.8912353515625,2.583984375,27.15625,30.053125000000023
2007-01-16 21:00:00+00:00,9.4375,192.703125,304.921875,21.24456787109375,4.138671875,202.140625,31.771875000000023
2007-01-16 22:00:00+00:00,50.94140625,258.15234375,305.359375,21.48126220703125,4.732421875,309.09375,32.20937500000002
2007-01-16 23:00:00+00:00,449.703125,265.703125,305.953125,22.6494140625,4.365234375,715.40625,32.80312500000002
2007-01-17 00:00:00+00:00,150.5546875,257.4296875,307.921875,20.16326904296875,2.91796875,407.984375,34.77187500000002
2007-01-17 01:00:00+00:00,14.1015625,311.1171875,309.4375,16.11785888671875,2.576171875,325.21875,36.28750000000002
2007-01-17 02:00:00+00:00,595.80078125,312.05859375,304.015625,30.3416748046875,2.94921875,907.859375,30.865625000000023
2007-01-17 03:00:00+00:00,187.66015625,398.43359375,301.234375,42.65997314453125,3.55078125,586.09375,28.084375000000023
2007-01-17 04:00:00+00:00,413.84765625,378.40234375,301.109375,43.7347412109375,4.1640625,792.25,27.959375000000023
2007-01-17 05:00:00+00:00,486.9296875,210.6953125,300.640625,45.986328125,4.681640625,697.625,27.490625000000023
2007-01-17 06:00:00+00:00,417.2265625,127.6640625,299.875,48.90557861328125,5.0,544.890625,26.725000000000023
2007-01-17 07:00:00+00:00,91.83203125,137.13671875,298.859375,52.67950439453125,5.125,228.96875,25.709375000000023
2007-01-17 08:00:00+00:00,77.13671875,71.16015625,297.171875,58.2220458984375,5.0390625,148.296875,24.021875000000023
2007-01-17 09:00:00+00:00,4.90625,6.484375,294.0,69.1474609375,4.7265625,11.390625,20.850000000000023
2007-01-17 10:00:00+00:00,0.0,0.0,293.125,72.625,4.150390625,0.0,19.975000000000023
2007-01-17 11:00:00+00:00,0.0,0.0,292.5,75.6014404296875,3.537109375,0.0,19.350000000000023
2007-01-17 12:00:00+00:00,0.0,0.0,292.15625,77.85504150390625,2.90234375,0.0,19.006250000000023
2007-01-17 13:00:00+00:00,0.0,0.0,292.0,78.731689453125,2.40234375,0.0,18.850000000000023
2007-01-17 14:00:00+00:00,0.0,0.0,291.921875,79.23907470703125,2.169921875,0.0,18.771875000000023
2007-01-17 15:00:00+00:00,0.0,0.0,291.859375,83.32342529296875,1.888671875,0.0,18.709375000000023
2007-01-17 16:00:00+00:00,0.0,0.0,291.609375,83.41278076171875,2.060546875,0.0,18.459375000000023
2007-01-17 17:00:00+00:00,0.0,0.0,291.46875,82.14044189453125,1.927734375,0.0,18.318750000000023
2007-01-17 18:00:00+00:00,0.0,0.0,291.328125,81.30255126953125,1.77734375,0.0,18.178125000000023
2007-01-17 19:00:00+00:00,0.58984375,15.20703125,291.03125,81.79052734375,1.923828125,15.796875,17.881250000000023
2007-01-17 20:00:00+00:00,2.33203125,81.57421875,290.65625,82.8153076171875,2.16015625,83.90625,17.506250000000023
2007-01-17 21:00:00+00:00,0.32421875,123.56640625,290.609375,82.925048828125,2.15625,123.890625,17.459375000000023
2007-01-17 22:00:00+00:00,134.26953125,309.82421875,290.78125,81.90380859375,1.869140625,444.09375,17.631250000000023
2007-01-17 23:00:00+00:00,283.37109375,256.26953125,291.59375,78.3770751953125,1.8203125,539.640625,18.443750000000023
2007-01-18 00:00:00+00:00,645.53515625,221.26171875,292.75,73.93359375,1.4453125,866.796875,19.600000000000023
2007-01-18 01:00:00+00:00,828.484375,145.5,294.5,67.79901123046875,1.41015625,973.984375,21.350000000000023
2007-01-18 02:00:00+00:00,888.40234375,122.00390625,296.828125,60.13641357421875,1.59375,1010.40625,23.678125000000023
2007-01-18 03:00:00+00:00,866.0625,111.484375,296.5,64.27459716796875,0.791015625,977.546875,23.350000000000023
2007-01-18 04:00:00+00:00,744.8984375,131.1640625,300.046875,54.7947998046875,1.375,876.0625,26.896875000000023
2007-01-18 05:00:00+00:00,583.40234375,141.97265625,303.265625,46.67510986328125,1.66015625,725.375,30.115625000000023
2007-01-18 06:00:00+00:00,434.515625,115.921875,305.109375,41.02301025390625,1.77734375,550.4375,31.959375000000023
2007-01-18 07:00:00+00:00,54.23828125,0.0,305.84375,35.58160400390625,1.13671875,37.28125,32.69375000000002
2007-01-18 08:00:00+00:00,0.1796875,27.9765625,304.859375,39.686279296875,0.798828125,28.15625,31.709375000000023
2007-01-18 09:00:00+00:00,0.0,3.28125,305.734375,38.4202880859375,3.314453125,3.28125,32.58437500000002
2007-01-18 10:00:00+00:00,0.0,0.0,304.46875,43.44677734375,3.322265625,0.0,31.318750000000023
2007-01-18 11:00:00+00:00,0.0,0.0,303.859375,45.05487060546875,2.955078125,0.0,30.709375000000023
2007-01-18 12:00:00+00:00,0.0,0.0,302.796875,48.79052734375,1.068359375,0.0,29.646875000000023
2007-01-18 13:00:00+00:00,0.0,0.0,300.140625,55.050537109375,2.46875,0.0,26.990625000000023
2007-01-18 14:00:00+00:00,0.0,0.0,298.328125,58.963623046875,2.693359375,0.0,25.178125000000023
2007-01-18 15:00:00+00:00,0.0,0.0,296.796875,64.659912109375,2.00390625,0.0,23.646875000000023
2007-01-18 16:00:00+00:00,0.0,0.0,296.515625,65.936279296875,1.453125,0.0,23.365625000000023
2007-01-18 17:00:00+00:00,0.0,0.0,296.421875,66.39996337890625,1.3125,0.0,23.271875000000023
2007-01-18 18:00:00+00:00,0.0,0.0,296.3125,66.818115234375,2.556640625,0.0,23.162500000000023
2007-01-18 19:00:00+00:00,0.0,3.984375,295.09375,74.2174072265625,2.5703125,3.984375,21.943750000000023
2007-01-18 20:00:00+00:00,0.046875,72.84375,294.46875,85.313232421875,1.447265625,72.890625,21.318750000000023
2007-01-18 21:00:00+00:00,0.08203125,34.23046875,295.015625,79.5948486328125,0.884765625,34.3125,21.865625000000023
2007-01-18 22:00:00+00:00,10.66015625,263.27734375,295.40625,78.4813232421875,0.494140625,273.9375,22.256250000000023
2007-01-18 23:00:00+00:00,134.65234375,360.01953125,295.859375,77.2880859375,0.447265625,494.671875,22.709375000000023
2007-01-19 00:00:00+00:00,33.15625,50.328125,296.75,75.458740234375,1.6015625,83.484375,23.600000000000023
2007-01-19 01:00:00+00:00,0.0078125,112.4296875,296.453125,79.0433349609375,0.197265625,112.4375,23.303125000000023
2007-01-19 02:00:00+00:00,0.125,232.65625,296.515625,80.7545166015625,0.9453125,232.78125,23.365625000000023
2007-01-19 03:00:00+00:00,180.42578125,478.38671875,300.71875,65.28497314453125,3.451171875,658.8125,27.568750000000023
2007-01-19 04:00:00+00:00,253.65625,425.65625,303.109375,52.72589111328125,3.0625,679.3125,29.959375000000023
2007-01-19 05:00:00+00:00,348.1171875,274.8515625,305.125,45.4388427734375,3.853515625,622.96875,31.975000000000023
2007-01-19 06:00:00+00:00,50.48046875,85.58203125,305.21875,45.85638427734375,3.439453125,136.0625,32.06875000000002
2007-01-19 07:00:00+00:00,4.6953125,65.1640625,304.546875,50.35205078125,2.693359375,69.859375,31.396875000000023
2007-01-19 08:00:00+00:00,15.66015625,65.96484375,304.265625,52.99725341796875,2.009765625,81.625,31.115625000000023
2007-01-19 09:00:00+00:00,4.44921875,10.69140625,303.8125,52.5474853515625,3.248046875,15.140625,30.662500000000023
2007-01-19 10:00:00+00:00,0.0,0.0,303.640625,52.8607177734375,2.984375,0.0,30.490625000000023
2007-01-19 11:00:00+00:00,0.0,0.0,303.46875,52.33349609375,2.873046875,0.0,30.318750000000023
2007-01-19 12:00:00+00:00,0.0,0.0,303.125,52.03289794921875,2.859375,0.0,29.975000000000023
2007-01-19 13:00:00+00:00,0.0,0.0,302.71875,52.89068603515625,2.69921875,0.0,29.568750000000023
2007-01-19 14:00:00+00:00,0.0,0.0,302.8125,51.3599853515625,2.99609375,0.0,29.662500000000023
2007-01-19 15:00:00+00:00,0.0,0.0,301.578125,59.43572998046875,0.251953125,0.0,28.428125000000023
2007-01-19 16:00:00+00:00,0.0,0.0,301.1875,60.6837158203125,1.0625,0.0,28.037500000000023
2007-01-19 17:00:00+00:00,0.0,0.0,300.8125,61.77044677734375,1.109375,0.0,27.662500000000023
2007-01-19 18:00:00+00:00,0.0,0.0,300.546875,62.1890869140625,1.525390625,0.0,27.396875000000023
2007-01-19 19:00:00+00:00,0.0,5.71875,300.828125,57.53424072265625,2.078125,5.71875,27.678125000000023
2007-01-19 20:00:00+00:00,0.0703125,70.1796875,301.375,49.54571533203125,2.66796875,70.25,28.225000000000023
2007-01-19 21:00:00+00:00,71.27734375,137.55078125,299.3125,72.84942626953125,1.009765625,208.828125,26.162500000000023
2007-01-19 22:00:00+00:00,44.125,189.15625,299.8125,68.21405029296875,1.3046875,233.28125,26.662500000000023
2007-01-19 23:00:00+00:00,24.1953125,314.0078125,300.84375,59.974853515625,0.880859375,338.203125,27.693750000000023
2007-01-20 00:00:00+00:00,320.0703125,386.9609375,302.421875,47.80450439453125,0.962890625,707.03125,29.271875000000023
2007-01-20 01:00:00+00:00,508.6796875,354.8203125,303.375,44.91461181640625,1.318359375,863.5,30.225000000000023
2007-01-20 02:00:00+00:00,139.59765625,408.63671875,302.90625,52.03216552734375,3.099609375,548.234375,29.756250000000023
2007-01-20 03:00:00+00:00,6.80859375,229.87890625,304.09375,38.85089111328125,7.26953125,236.6875,30.943750000000023
2007-01-20 04:00:00+00:00,0.7734375,148.2421875,303.734375,38.3240966796875,5.6171875,149.015625,30.584375000000023
2007-01-20 05:00:00+00:00,0.0078125,61.0234375,304.359375,35.77850341796875,4.90234375,61.03125,31.209375000000023
2007-01-20 06:00:00+00:00,0.0,45.34375,302.5,43.67156982421875,4.619140625,45.34375,29.350000000000023
2007-01-20 07:00:00+00:00,0.0,11.171875,300.515625,55.7933349609375,3.20703125,11.171875,27.365625000000023
2007-01-20 08:00:00+00:00,0.0,11.21875,298.453125,68.8515625,2.16796875,11.21875,25.303125000000023
2007-01-20 09:00:00+00:00,0.0,3.03125,296.953125,76.6844482421875,1.21484375,3.03125,23.803125000000023
2007-01-20 10:00:00+00:00,0.0,0.0,296.296875,82.736083984375,2.09765625,0.0,23.146875000000023
2007-01-20 11:00:00+00:00,0.0,0.0,296.21875,83.408203125,3.5625,0.0,23.068750000000023
2007-01-20 12:00:00+00:00,0.0,0.0,296.390625,77.69354248046875,4.923828125,0.0,23.240625000000023
2007-01-20 13:00:00+00:00,0.0,0.0,296.515625,74.97564697265625,4.958984375,0.0,23.365625000000023
2007-01-20 14:00:00+00:00,0.0,0.0,296.484375,76.1614990234375,5.32421875,0.0,23.334375000000023
2007-01-20 15:00:00+00:00,0.0,0.0,296.125,81.58984375,4.978515625,0.0,22.975000000000023
2007-01-20 16:00:00+00:00,0.0,0.0,292.828125,78.12640380859375,5.08984375,0.0,19.678125000000023
2007-01-20 17:00:00+00:00,0.0,0.0,291.875,81.2891845703125,0.994140625,0.0,18.725000000000023
2007-01-20 18:00:00+00:00,0.0,0.0,292.4375,80.32366943359375,2.11328125,0.0,19.287500000000023
2007-01-20 19:00:00+00:00,1.69921875,10.56640625,292.265625,70.29730224609375,3.353515625,12.265625,19.115625000000023
2007-01-20 20:00:00+00:00,59.875,82.890625,291.53125,70.4415283203125,3.349609375,142.765625,18.381250000000023
2007-01-20 21:00:00+00:00,229.671875,121.015625,291.0,73.17041015625,4.2578125,350.6875,17.850000000000023
2007-01-20 22:00:00+00:00,207.0,180.3125,291.703125,68.16143798828125,5.669921875,387.3125,18.553125000000023
2007-01-20 23:00:00+00:00,266.72265625,253.10546875,292.609375,60.907958984375,5.861328125,519.828125,19.459375000000023
2007-01-21 00:00:00+00:00,233.24609375,319.58203125,293.84375,54.91754150390625,6.326171875,552.828125,20.693750000000023
2007-01-21 01:00:00+00:00,163.84375,361.046875,295.15625,48.168701171875,6.759765625,524.890625,22.006250000000023
2007-01-21 02:00:00+00:00,68.31640625,101.65234375,296.0625,43.267822265625,6.806640625,169.96875,22.912500000000023
2007-01-21 03:00:00+00:00,3.15625,119.71875,296.734375,44.65386962890625,7.16015625,122.875,23.584375000000023
2007-01-21 04:00:00+00:00,0.0,30.921875,295.75,54.198974609375,7.1953125,30.921875,22.600000000000023
2007-01-21 05:00:00+00:00,489.265625,224.8125,295.109375,54.91650390625,5.984375,714.078125,21.959375000000023
2007-01-21 06:00:00+00:00,375.71875,87.90625,297.203125,38.135009765625,4.51171875,463.625,24.053125000000023
2007-01-21 07:00:00+00:00,85.37109375,89.36328125,298.046875,35.4637451171875,3.90234375,174.734375,24.896875000000023
2007-01-21 08:00:00+00:00,14.296875,14.59375,297.328125,45.2979736328125,4.189453125,28.890625,24.178125000000023
2007-01-21 09:00:00+00:00,5.765625,9.109375,293.734375,62.4666748046875,6.45703125,14.875,20.584375000000023
2007-01-21 10:00:00+00:00,0.0,0.0,292.359375,69.53826904296875,6.591796875,0.0,19.209375000000023
2007-01-21 11:00:00+00:00,0.0,0.0,291.125,70.3839111328125,6.02734375,0.0,17.975000000000023
2007-01-21 12:00:00+00:00,0.0,0.0,290.140625,73.850341796875,5.771484375,0.0,16.990625000000023
2007-01-21 13:00:00+00:00,0.0,0.0,289.625,75.8515625,5.0078125,0.0,16.475000000000023
2007-01-21 14:00:00+00:00,0.0,0.0,289.046875,80.74273681640625,4.294921875,0.0,15.896875000000023
2007-01-21 15:00:00+00:00,0.0,0.0,288.625,84.64422607421875,4.072265625,0.0,15.475000000000023
2007-01-21 16:00:00+00:00,0.0,0.0,288.359375,86.30438232421875,3.833984375,0.0,15.209375000000023
2007-01-21 17:00:00+00:00,0.0,0.0,288.046875,87.1763916015625,3.759765625,0.0,14.896875000000023
2007-01-21 18:00:00+00:00,0.0,0.0,287.828125,85.96026611328125,3.609375,0.0,14.678125000000023
2007-01-21 19:00:00+00:00,0.41796875,4.66015625,287.828125,82.42657470703125,3.267578125,5.078125,14.678125000000023
2007-01-21 20:00:00+00:00,15.9296875,73.0703125,287.921875,77.2548828125,3.3203125,89.0,14.771875000000023
2007-01-21 21:00:00+00:00,261.6328125,115.4765625,287.828125,75.875244140625,3.31640625,377.109375,14.678125000000023
2007-01-21 22:00:00+00:00,463.9296875,116.5703125,288.484375,71.3408203125,2.802734375,580.5,15.334375000000023
2007-01-21 23:00:00+00:00,509.140625,174.015625,289.34375,66.0858154296875,2.453125,683.15625,16.193750000000023
2007-01-22 00:00:00+00:00,410.390625,198.859375,290.015625,61.87890625,2.166015625,609.25,16.865625000000023
2007-01-22 01:00:00+00:00,306.90234375,235.72265625,290.71875,58.59564208984375,1.904296875,542.625,17.568750000000023
2007-01-22 02:00:00+00:00,871.1484375,196.4140625,291.6875,53.9827880859375,2.1875,1067.5625,18.537500000000023
2007-01-22 03:00:00+00:00,967.515625,74.234375,293.40625,47.489013671875,2.697265625,1041.75,20.256250000000023
2007-01-22 04:00:00+00:00,886.75,64.171875,294.4375,43.99365234375,3.076171875,950.921875,21.287500000000023
2007-01-22 05:00:00+00:00,752.29296875,54.00390625,295.375,41.10638427734375,3.17578125,806.296875,22.225000000000023
2007-01-22 06:00:00+00:00,574.5,43.671875,296.125,38.77239990234375,3.447265625,618.171875,22.975000000000023
2007-01-22 07:00:00+00:00,369.92578125,32.73046875,296.421875,37.31146240234375,3.509765625,402.65625,23.271875000000023
2007-01-22 08:00:00+00:00,165.0234375,18.3515625,296.09375,37.7626953125,3.888671875,183.375,22.943750000000023
2007-01-22 09:00:00+00:00,18.87109375,1.25390625,295.28125,42.60284423828125,3.787109375,20.125,22.131250000000023
2007-01-22 10:00:00+00:00,0.0,0.0,294.421875,48.72882080078125,3.51171875,0.0,21.271875000000023
2007-01-22 11:00:00+00:00,0.0,0.0,293.625,53.76654052734375,3.421875,0.0,20.475000000000023
2007-01-22 12:00:00+00:00,0.0,0.0,292.3125,58.38201904296875,3.326171875,0.0,19.162500000000023
2007-01-22 13:00:00+00:00,0.0,0.0,290.921875,64.1806640625,3.2578125,0.0,17.771875000000023
2007-01-22 14:00:00+00:00,0.0,0.0,290.015625,69.084228515625,3.076171875,0.0,16.865625000000023
2007-01-22 15:00:00+00:00,0.0,0.0,289.078125,72.42529296875,2.498046875,0.0,15.928125000000023
2007-01-22 16:00:00+00:00,0.0,0.0,288.703125,74.3065185546875,2.02734375,0.0,15.553125000000023
2007-01-22 17:00:00+00:00,0.0,0.0,288.328125,77.1173095703125,1.8515625,0.0,15.178125000000023
2007-01-22 18:00:00+00:00,0.0,0.0,288.09375,79.34063720703125,1.453125,0.0,14.943750000000023
2007-01-22 19:00:00+00:00,3.63671875,11.23828125,287.9375,81.16925048828125,0.9765625,14.875,14.787500000000023
2007-01-22 20:00:00+00:00,101.66015625,62.54296875,287.640625,83.5472412109375,0.9921875,164.203125,14.490625000000023
2007-01-22 21:00:00+00:00,284.84375,91.40625,287.46875,82.73626708984375,0.87109375,376.25,14.318750000000023
2007-01-22 22:00:00+00:00,472.04296875,113.39453125,287.921875,79.27532958984375,0.58984375,585.4375,14.771875000000023
2007-01-22 23:00:00+00:00,630.6171875,138.9140625,288.515625,75.56549072265625,0.279296875,769.53125,15.365625000000023
2007-01-23 00:00:00+00:00,568.7421875,261.8984375,289.21875,72.2633056640625,0.224609375,830.640625,16.068750000000023
2007-01-23 01:00:00+00:00,664.88671875,294.23828125,290.15625,68.47296142578125,0.365234375,959.125,17.006250000000023
2007-01-23 02:00:00+00:00,841.0,182.671875,293.109375,57.25115966796875,1.1875,1023.671875,19.959375000000023
2007-01-23 03:00:00+00:00,855.67578125,142.93359375,297.53125,41.9697265625,2.318359375,998.609375,24.381250000000023
2007-01-23 04:00:00+00:00,750.234375,152.90625,299.75,35.88189697265625,3.45703125,903.140625,26.600000000000023
2007-01-23 05:00:00+00:00,461.0390625,209.7578125,300.265625,34.83489990234375,4.23046875,670.796875,27.115625000000023
2007-01-23 06:00:00+00:00,294.96484375,195.87890625,300.390625,35.11810302734375,4.03125,490.84375,27.240625000000023
2007-01-23 07:00:00+00:00,262.42578125,95.74609375,300.03125,38.21942138671875,4.318359375,358.171875,26.881250000000023
2007-01-23 08:00:00+00:00,87.8828125,31.1796875,298.453125,44.29937744140625,4.828125,119.0625,25.303125000000023
2007-01-23 09:00:00+00:00,13.37890625,4.52734375,295.453125,54.574462890625,4.87890625,17.90625,22.303125000000023
2007-01-23 10:00:00+00:00,0.0,0.0,293.8125,59.11065673828125,4.318359375,0.0,20.662500000000023
2007-01-23 11:00:00+00:00,0.0,0.0,293.0625,59.3153076171875,3.783203125,0.0,19.912500000000023
2007-01-23 12:00:00+00:00,0.0,0.0,292.125,62.41668701171875,3.5859375,0.0,18.975000000000023
2007-01-23 13:00:00+00:00,0.0,0.0,291.40625,66.04168701171875,2.923828125,0.0,18.256250000000023
2007-01-23 14:00:00+00:00,0.0,0.0,290.90625,69.06243896484375,2.173828125,0.0,17.756250000000023
2007-01-23 15:00:00+00:00,0.0,0.0,290.59375,71.897216796875,1.533203125,0.0,17.443750000000023
2007-01-23 16:00:00+00:00,0.0,0.0,290.328125,73.7769775390625,1.068359375,0.0,17.178125000000023
2007-01-23 17:00:00+00:00,0.0,0.0,290.140625,75.142333984375,0.5625,0.0,16.990625000000023
2007-01-23 18:00:00+00:00,0.0,0.0,290.046875,76.0513916015625,1.39453125,0.0,16.896875000000023
2007-01-23 19:00:00+00:00,1.64453125,9.21484375,289.359375,80.0484619140625,2.5078125,10.859375,16.209375000000023
2007-01-23 20:00:00+00:00,54.40625,73.03125,289.140625,81.9320068359375,2.166015625,127.4375,15.990625000000023
2007-01-23 21:00:00+00:00,77.109375,147.375,289.328125,81.1876220703125,2.0625,224.484375,16.178125000000023
2007-01-23 22:00:00+00:00,133.7265625,235.4140625,289.84375,79.68035888671875,2.634765625,369.140625,16.693750000000023
2007-01-23 23:00:00+00:00,188.671875,292.28125,290.5,75.18267822265625,3.0390625,480.953125,17.350000000000023
2007-01-24 00:00:00+00:00,472.3125,341.21875,291.109375,71.25189208984375,3.412109375,813.53125,17.959375000000023
2007-01-24 01:00:00+00:00,505.20703125,220.94921875,291.8125,69.5223388671875,4.1015625,726.15625,18.662500000000023
2007-01-24 02:00:00+00:00,728.59765625,206.46484375,292.734375,58.4990234375,4.623046875,935.0625,19.584375000000023
2007-01-24 03:00:00+00:00,802.6953125,178.6484375,293.8125,48.118896484375,4.734375,981.34375,20.662500000000023
2007-01-24 04:00:00+00:00,741.7890625,153.8515625,294.09375,46.35589599609375,4.828125,895.640625,20.943750000000023
2007-01-24 05:00:00+00:00,566.27734375,120.39453125,294.203125,45.16522216796875,4.740234375,686.671875,21.053125000000023
2007-01-24 06:00:00+00:00,421.39453125,99.60546875,294.0625,44.6717529296875,4.982421875,521.0,20.912500000000023
2007-01-24 07:00:00+00:00,270.46875,68.34375,293.65625,44.98492431640625,4.8828125,338.8125,20.506250000000023
2007-01-24 08:00:00+00:00,136.37109375,31.12890625,293.0625,45.32244873046875,4.689453125,167.5,19.912500000000023
2007-01-24 09:00:00+00:00,15.5,2.5625,292.875,45.21435546875,4.5078125,18.0625,19.725000000000023
2007-01-24 10:00:00+00:00,0.0,0.0,291.859375,48.51629638671875,4.169921875,0.0,18.709375000000023
2007-01-24 11:00:00+00:00,0.0,0.0,291.109375,51.30950927734375,3.6328125,0.0,17.959375000000023
2007-01-24 12:00:00+00:00,0.0,0.0,290.375,54.4874267578125,3.17578125,0.0,17.225000000000023
2007-01-24 13:00:00+00:00,0.0,0.0,289.78125,56.583740234375,2.912109375,0.0,16.631250000000023
2007-01-24 14:00:00+00:00,0.0,0.0,289.484375,57.02899169921875,2.654296875,0.0,16.334375000000023
2007-01-24 15:00:00+00:00,0.0,0.0,289.203125,57.6636962890625,2.39453125,0.0,16.053125000000023
2007-01-24 16:00:00+00:00,0.0,0.0,288.875,59.0975341796875,2.224609375,0.0,15.725000000000023
2007-01-24 17:00:00+00:00,0.0,0.0,288.671875,60.13446044921875,1.97265625,0.0,15.521875000000023
2007-01-24 18:00:00+00:00,0.0,0.0,288.625,60.87384033203125,1.669921875,0.0,15.475000000000023
2007-01-24 19:00:00+00:00,0.21875,7.0,288.578125,62.2359619140625,1.794921875,7.21875,15.428125000000023
2007-01-24 20:00:00+00:00,22.953125,67.78125,288.625,62.81829833984375,1.43359375,90.734375,15.475000000000023
2007-01-24 21:00:00+00:00,183.2265625,144.5546875,287.453125,70.855224609375,0.89453125,327.78125,14.303125000000023
2007-01-24 22:00:00+00:00,79.921875,192.84375,287.8125,69.58551025390625,1.240234375,272.765625,14.662500000000023
2007-01-24 23:00:00+00:00,21.9140625,234.1796875,288.453125,67.0045166015625,2.115234375,256.09375,15.303125000000023
2007-01-25 00:00:00+00:00,4.60546875,290.72265625,289.046875,63.13739013671875,2.5234375,295.328125,15.896875000000023
2007-01-25 01:00:00+00:00,108.24609375,435.12890625,289.59375,58.83795166015625,2.95703125,543.375,16.443750000000023
2007-01-25 02:00:00+00:00,202.46484375,412.20703125,289.859375,58.45501708984375,3.42578125,614.671875,16.709375000000023
2007-01-25 03:00:00+00:00,372.2109375,311.0234375,291.890625,50.48016357421875,3.8046875,683.234375,18.740625000000023
2007-01-25 04:00:00+00:00,772.1875,168.1875,292.390625,47.14642333984375,3.568359375,940.375,19.240625000000023
2007-01-25 05:00:00+00:00,739.65234375,54.66015625,293.09375,44.99615478515625,3.541015625,794.3125,19.943750000000023
2007-01-25 06:00:00+00:00,560.44140625,44.52734375,293.828125,42.98077392578125,3.630859375,604.96875,20.678125000000023
2007-01-25 07:00:00+00:00,356.19921875,34.11328125,294.171875,43.51605224609375,3.892578125,390.3125,21.021875000000023
2007-01-25 08:00:00+00:00,155.22265625,19.37109375,293.859375,45.642578125,4.005859375,174.59375,20.709375000000023
2007-01-25 09:00:00+00:00,15.69921875,1.75390625,293.1875,48.5133056640625,3.9453125,17.453125,20.037500000000023
2007-01-25 10:00:00+00:00,0.0,0.0,292.359375,51.595947265625,3.630859375,0.0,19.209375000000023
2007-01-25 11:00:00+00:00,0.0,0.0,291.625,54.73675537109375,3.05078125,0.0,18.475000000000023
2007-01-25 12:00:00+00:00,0.0,0.0,290.984375,57.25250244140625,2.53125,0.0,17.834375000000023
2007-01-25 13:00:00+00:00,0.0,0.0,290.5,59.14556884765625,2.091796875,0.0,17.350000000000023
2007-01-25 14:00:00+00:00,0.0,0.0,290.015625,62.0185546875,1.888671875,0.0,16.865625000000023
2007-01-25 15:00:00+00:00,0.0,0.0,289.265625,61.51025390625,1.37109375,0.0,16.115625000000023
2007-01-25 16:00:00+00:00,0.0,0.0,288.921875,63.2083740234375,1.39453125,0.0,15.771875000000023
2007-01-25 17:00:00+00:00,0.0,0.0,288.609375,64.93212890625,0.927734375,0.0,15.459375000000023
2007-01-25 18:00:00+00:00,0.0,0.0,288.328125,66.67840576171875,0.869140625,0.0,15.178125000000023
2007-01-25 19:00:00+00:00,1.3125,9.625,288.03125,68.79058837890625,0.38671875,10.9375,14.881250000000023
2007-01-25 20:00:00+00:00,54.19921875,76.89453125,287.796875,70.94873046875,0.7265625,131.09375,14.646875000000023
2007-01-25 21:00:00+00:00,223.30859375,121.39453125,287.59375,70.929443359375,0.9375,344.703125,14.443750000000023
2007-01-25 22:00:00+00:00,367.671875,137.796875,287.9375,68.78106689453125,0.845703125,505.46875,14.787500000000023
2007-01-25 23:00:00+00:00,615.65234375,138.39453125,288.453125,66.04052734375,0.556640625,754.046875,15.303125000000023
2007-01-26 00:00:00+00:00,784.0625,118.375,288.953125,63.93377685546875,0.35546875,902.4375,15.803125000000023
2007-01-26 01:00:00+00:00,891.65234375,109.58203125,290.265625,58.788330078125,0.5625,1001.234375,17.115625000000023
2007-01-26 02:00:00+00:00,933.359375,101.140625,292.3125,49.9051513671875,0.412109375,1034.5,19.162500000000023
2007-01-26 03:00:00+00:00,916.04296875,89.39453125,295.328125,42.2239990234375,2.16015625,1005.4375,22.178125000000023
2007-01-26 04:00:00+00:00,837.93359375,78.25390625,297.46875,38.10009765625,2.533203125,916.1875,24.318750000000023
2007-01-26 05:00:00+00:00,705.5625,67.5,298.578125,36.69219970703125,3.380859375,773.0625,25.428125000000023
2007-01-26 06:00:00+00:00,487.296875,81.59375,298.4375,37.87640380859375,4.4921875,568.890625,25.287500000000023
2007-01-26 07:00:00+00:00,322.90234375,52.86328125,297.375,41.1697998046875,4.986328125,375.765625,24.225000000000023
2007-01-26 08:00:00+00:00,137.6796875,26.4453125,295.203125,48.9276123046875,6.01953125,164.125,22.053125000000023
2007-01-26 09:00:00+00:00,10.890625,3.59375,293.328125,55.7276611328125,5.650390625,14.484375,20.178125000000023
2007-01-26 10:00:00+00:00,0.0,0.0,292.25,58.046630859375,5.16015625,0.0,19.100000000000023
2007-01-26 11:00:00+00:00,0.0,0.0,291.78125,63.065673828125,4.259765625,0.0,18.631250000000023
2007-01-26 12:00:00+00:00,0.0,0.0,291.6875,63.9512939453125,4.287109375,0.0,18.537500000000023
2007-01-26 13:00:00+00:00,0.0,0.0,290.96875,62.391845703125,5.166015625,0.0,17.818750000000023
2007-01-26 14:00:00+00:00,0.0,0.0,289.625,69.4639892578125,5.33984375,0.0,16.475000000000023
2007-01-26 15:00:00+00:00,0.0,0.0,288.90625,71.6007080078125,5.45703125,0.0,15.756250000000023
2007-01-26 16:00:00+00:00,0.0,0.0,288.484375,66.30767822265625,5.23828125,0.0,15.334375000000023
2007-01-26 17:00:00+00:00,0.0,0.0,287.640625,72.3076171875,5.40625,0.0,14.490625000000023
2007-01-26 18:00:00+00:00,0.0,0.0,286.8125,79.9837646484375,5.68359375,0.0,13.662500000000023
2007-01-26 19:00:00+00:00,0.82421875,7.51953125,286.40625,73.83050537109375,6.2578125,8.34375,13.256250000000023
2007-01-26 20:00:00+00:00,44.5,59.296875,286.46875,61.0753173828125,5.966796875,103.796875,13.318750000000023
2007-01-26 21:00:00+00:00,122.6640625,170.2890625,286.859375,53.81781005859375,5.9765625,292.953125,13.709375000000023
2007-01-26 22:00:00+00:00,72.73046875,189.11328125,287.359375,48.90472412109375,6.677734375,261.84375,14.209375000000023
2007-01-26 23:00:00+00:00,165.4140625,304.8828125,287.875,45.388427734375,6.5546875,470.296875,14.725000000000023
2007-01-27 00:00:00+00:00,291.34765625,392.44921875,288.390625,42.20867919921875,6.583984375,683.796875,15.240625000000023
2007-01-27 01:00:00+00:00,383.84375,341.6875,289.0,40.582275390625,6.818359375,725.53125,15.850000000000023
2007-01-27 02:00:00+00:00,464.46484375,368.81640625,289.5,38.82781982421875,6.8125,833.28125,16.350000000000023
2007-01-27 03:00:00+00:00,164.6484375,228.8359375,290.234375,38.44244384765625,7.220703125,393.484375,17.084375000000023
2007-01-27 04:00:00+00:00,59.96875,302.75,289.984375,40.0574951171875,7.205078125,362.71875,16.834375000000023
2007-01-27 05:00:00+00:00,196.15234375,212.19140625,289.640625,42.369384765625,7.10546875,408.34375,16.490625000000023
2007-01-27 06:00:00+00:00,123.890625,157.09375,289.609375,42.59149169921875,6.92578125,280.984375,16.459375000000023
2007-01-27 07:00:00+00:00,59.375,150.875,289.171875,45.80572509765625,7.029296875,210.25,16.021875000000023
2007-01-27 08:00:00+00:00,36.3828125,49.3984375,289.0,45.16217041015625,6.830078125,85.78125,15.850000000000023
2007-01-27 09:00:00+00:00,6.34765625,4.58984375,288.640625,47.6729736328125,6.75,10.9375,15.490625000000023
2007-01-27 10:00:00+00:00,0.0,0.0,288.484375,45.6846923828125,5.978515625,0.0,15.334375000000023
2007-01-27 11:00:00+00:00,0.0,0.0,288.109375,46.94659423828125,5.525390625,0.0,14.959375000000023
2007-01-27 12:00:00+00:00,0.0,0.0,287.75,47.8748779296875,5.427734375,0.0,14.600000000000023
2007-01-27 13:00:00+00:00,0.0,0.0,287.328125,50.9976806640625,4.9375,0.0,14.178125000000023
2007-01-27 14:00:00+00:00,0.0,0.0,286.859375,54.78826904296875,4.5859375,0.0,13.709375000000023
2007-01-27 15:00:00+00:00,0.0,0.0,286.203125,60.54986572265625,4.287109375,0.0,13.053125000000023
2007-01-27 16:00:00+00:00,0.0,0.0,285.9375,61.9891357421875,3.783203125,0.0,12.787500000000023
2007-01-27 17:00:00+00:00,0.0,0.0,285.828125,62.79449462890625,3.53125,0.0,12.678125000000023
2007-01-27 18:00:00+00:00,0.0,0.0,285.921875,64.177734375,3.5546875,0.0,12.771875000000023
2007-01-27 19:00:00+00:00,0.046875,5.75,286.0,66.74237060546875,3.947265625,5.796875,12.850000000000023
2007-01-27 20:00:00+00:00,0.703125,39.75,285.78125,71.0819091796875,4.02734375,40.453125,12.631250000000023
2007-01-27 21:00:00+00:00,167.546875,130.96875,286.296875,72.13568115234375,4.251953125,298.515625,13.146875000000023
2007-01-27 22:00:00+00:00,386.89453125,147.52734375,287.40625,68.990234375,4.505859375,534.421875,14.256250000000023
2007-01-27 23:00:00+00:00,271.99609375,188.19140625,289.234375,63.64898681640625,5.669921875,460.1875,16.084375000000023
2007-01-28 00:00:00+00:00,232.28125,318.578125,290.609375,57.0904541015625,5.958984375,550.859375,17.459375000000023
2007-01-28 01:00:00+00:00,604.67578125,310.35546875,292.0,52.01513671875,5.65234375,915.03125,18.850000000000023
2007-01-28 02:00:00+00:00,594.015625,270.3125,293.59375,48.01800537109375,6.154296875,864.328125,20.443750000000023
2007-01-28 03:00:00+00:00,859.2578125,145.3828125,293.6875,48.35760498046875,5.837890625,1004.640625,20.537500000000023
2007-01-28 04:00:00+00:00,823.42578125,83.16796875,294.0,45.099365234375,6.234375,906.59375,20.850000000000023
2007-01-28 05:00:00+00:00,699.1171875,67.9296875,293.90625,43.74468994140625,6.4609375,767.046875,20.756250000000023
2007-01-28 06:00:00+00:00,534.86328125,52.62109375,293.359375,46.608642578125,6.73828125,587.484375,20.209375000000023
2007-01-28 07:00:00+00:00,310.27734375,50.23828125,292.921875,46.74346923828125,6.568359375,360.515625,19.771875000000023
2007-01-28 08:00:00+00:00,121.796875,28.359375,292.296875,48.31390380859375,6.267578125,150.15625,19.146875000000023
2007-01-28 09:00:00+00:00,9.86328125,2.57421875,291.3125,53.1219482421875,5.40234375,12.4375,18.162500000000023
2007-01-28 10:00:00+00:00,0.0,0.0,290.828125,54.71875,4.8828125,0.0,17.678125000000023
2007-01-28 11:00:00+00:00,0.0,0.0,290.625,54.33001708984375,4.255859375,0.0,17.475000000000023
2007-01-28 12:00:00+00:00,0.0,0.0,290.390625,49.34417724609375,4.5703125,0.0,17.240625000000023
2007-01-28 13:00:00+00:00,0.0,0.0,289.34375,54.1016845703125,4.447265625,0.0,16.193750000000023
2007-01-28 14:00:00+00:00,0.0,0.0,288.59375,61.87213134765625,4.013671875,0.0,15.443750000000023
2007-01-28 15:00:00+00:00,0.0,0.0,288.078125,64.90924072265625,3.439453125,0.0,14.928125000000023
2007-01-28 16:00:00+00:00,0.0,0.0,287.734375,67.99957275390625,3.138671875,0.0,14.584375000000023
2007-01-28 17:00:00+00:00,0.0,0.0,287.40625,70.55413818359375,2.740234375,0.0,14.256250000000023
2007-01-28 18:00:00+00:00,0.0,0.0,287.09375,72.77569580078125,2.53125,0.0,13.943750000000023
2007-01-28 19:00:00+00:00,0.0,1.875,286.984375,74.17144775390625,2.384765625,1.875,13.834375000000023
2007-01-28 20:00:00+00:00,7.078125,56.890625,287.0,75.22991943359375,2.298828125,63.96875,13.850000000000023
2007-01-28 21:00:00+00:00,101.15625,103.09375,287.765625,74.1182861328125,2.46875,204.25,14.615625000000023
2007-01-28 22:00:00+00:00,40.53515625,105.21484375,288.140625,72.9249267578125,2.375,145.75,14.990625000000023
2007-01-28 23:00:00+00:00,97.08203125,283.54296875,288.71875,70.28594970703125,2.1875,380.625,15.568750000000023
2007-01-29 00:00:00+00:00,129.65234375,391.86328125,289.734375,65.42242431640625,1.69140625,521.515625,16.584375000000023
2007-01-29 01:00:00+00:00,569.0703125,285.9140625,290.734375,61.5511474609375,1.275390625,854.984375,17.584375000000023
2007-01-29 02:00:00+00:00,571.79296875,260.01953125,292.046875,57.586181640625,1.189453125,831.8125,18.896875000000023
2007-01-29 03:00:00+00:00,345.0078125,357.1171875,294.28125,53.58642578125,2.02734375,702.125,21.131250000000023
2007-01-29 04:00:00+00:00,516.0703125,279.1640625,295.4375,49.80706787109375,1.78515625,795.234375,22.287500000000023
2007-01-29 05:00:00+00:00,532.578125,159.421875,297.015625,45.0870361328125,2.123046875,692.0,23.865625000000023
2007-01-29 06:00:00+00:00,445.875,93.4375,298.671875,39.814453125,2.712890625,539.3125,25.521875000000023
2007-01-29 07:00:00+00:00,145.0625,76.609375,299.84375,35.9884033203125,3.16015625,221.671875,26.693750000000023
2007-01-29 08:00:00+00:00,51.86328125,59.65234375,300.234375,34.0828857421875,3.427734375,111.515625,27.084375000000023
2007-01-29 09:00:00+00:00,10.8046875,2.8203125,298.515625,40.82342529296875,2.671875,13.625,25.365625000000023
2007-01-29 10:00:00+00:00,0.0,0.0,297.71875,45.11041259765625,2.775390625,0.0,24.568750000000023
2007-01-29 11:00:00+00:00,0.0,0.0,296.65625,50.75042724609375,3.244140625,0.0,23.506250000000023
2007-01-29 12:00:00+00:00,0.0,0.0,294.421875,60.46710205078125,3.341796875,0.0,21.271875000000023
2007-01-29 13:00:00+00:00,0.0,0.0,292.921875,66.11016845703125,2.421875,0.0,19.771875000000023
2007-01-29 14:00:00+00:00,0.0,0.0,292.203125,69.33831787109375,1.34375,0.0,19.053125000000023
2007-01-29 15:00:00+00:00,0.0,0.0,291.5,74.345703125,0.662109375,0.0,18.350000000000023
2007-01-29 16:00:00+00:00,0.0,0.0,291.375,75.2689208984375,0.197265625,0.0,18.225000000000023
2007-01-29 17:00:00+00:00,0.0,0.0,291.1875,77.19866943359375,0.55859375,0.0,18.037500000000023
2007-01-29 18:00:00+00:00,0.0,0.0,291.015625,79.1234130859375,0.912109375,0.0,17.865625000000023
2007-01-29 19:00:00+00:00,0.4765625,7.0390625,290.796875,81.34381103515625,1.0625,7.515625,17.646875000000023
2007-01-29 20:00:00+00:00,67.77734375,63.84765625,290.359375,84.16961669921875,1.083984375,131.625,17.209375000000023
2007-01-29 21:00:00+00:00,245.6328125,95.8984375,291.1875,69.4114990234375,1.802734375,341.53125,18.037500000000023
2007-01-29 22:00:00+00:00,439.2734375,112.7734375,292.1875,59.50732421875,1.986328125,552.046875,19.037500000000023
2007-01-29 23:00:00+00:00,540.640625,171.5625,291.765625,68.6412353515625,4.00390625,712.203125,18.615625000000023
2007-01-30 00:00:00+00:00,477.8359375,301.3046875,292.890625,65.59173583984375,3.328125,779.140625,19.740625000000023
2007-01-30 01:00:00+00:00,541.8828125,340.3828125,294.90625,56.07391357421875,3.142578125,882.265625,21.756250000000023
2007-01-30 02:00:00+00:00,729.06640625,245.82421875,296.84375,44.87689208984375,4.20703125,974.890625,23.693750000000023
2007-01-30 03:00:00+00:00,612.6015625,277.0703125,299.5625,39.2476806640625,4.208984375,889.671875,26.412500000000023
2007-01-30 04:00:00+00:00,137.5625,215.78125,300.59375,37.0111083984375,5.685546875,353.34375,27.443750000000023
2007-01-30 05:00:00+00:00,22.9296875,289.4296875,299.578125,39.97454833984375,6.12109375,312.359375,26.428125000000023
2007-01-30 06:00:00+00:00,1.79296875,25.23828125,297.6875,46.5074462890625,5.142578125,27.03125,24.537500000000023
2007-01-30 07:00:00+00:00,13.546875,141.453125,296.359375,52.0888671875,4.328125,155.0,23.209375000000023
2007-01-30 08:00:00+00:00,61.83203125,59.21484375,295.109375,58.48065185546875,4.376953125,121.046875,21.959375000000023
2007-01-30 09:00:00+00:00,4.54296875,4.66015625,293.265625,65.68206787109375,4.9921875,9.203125,20.115625000000023
2007-01-30 10:00:00+00:00,0.0,0.0,290.828125,77.76611328125,5.53515625,0.0,17.678125000000023
2007-01-30 11:00:00+00:00,0.0,0.0,290.296875,69.784423828125,4.927734375,0.0,17.146875000000023
2007-01-30 12:00:00+00:00,0.0,0.0,289.8125,69.37701416015625,4.142578125,0.0,16.662500000000023
2007-01-30 13:00:00+00:00,0.0,0.0,289.375,70.77655029296875,3.375,0.0,16.225000000000023
2007-01-30 14:00:00+00:00,0.0,0.0,288.71875,74.7757568359375,3.189453125,0.0,15.568750000000023
2007-01-30 15:00:00+00:00,0.0,0.0,288.125,77.014892578125,3.75,0.0,14.975000000000023
2007-01-30 16:00:00+00:00,0.0,0.0,288.109375,68.73944091796875,3.625,0.0,14.959375000000023
2007-01-30 17:00:00+00:00,0.0,0.0,287.953125,62.45849609375,3.388671875,0.0,14.803125000000023
2007-01-30 18:00:00+00:00,0.0,0.0,287.40625,61.474365234375,3.580078125,0.0,14.256250000000023
2007-01-30 19:00:00+00:00,0.0,3.1875,286.921875,61.3154296875,3.4296875,3.1875,13.771875000000023
2007-01-30 20:00:00+00:00,14.265625,69.734375,286.8125,59.761474609375,3.4296875,84.0,13.662500000000023
2007-01-30 21:00:00+00:00,211.65625,115.375,286.578125,60.15289306640625,2.814453125,327.03125,13.428125000000023
2007-01-30 22:00:00+00:00,118.00390625,205.15234375,287.28125,55.62713623046875,3.0625,323.15625,14.131250000000023
2007-01-30 23:00:00+00:00,331.9765625,309.5078125,288.03125,52.18280029296875,3.212890625,641.484375,14.881250000000023
2007-01-31 00:00:00+00:00,319.40234375,242.03515625,289.078125,48.60003662109375,3.412109375,561.4375,15.928125000000023
2007-01-31 01:00:00+00:00,826.3359375,191.8359375,290.046875,45.75994873046875,3.689453125,1018.171875,16.896875000000023
2007-01-31 02:00:00+00:00,947.71875,97.171875,291.3125,42.78741455078125,4.125,1044.890625,18.162500000000023
2007-01-31 03:00:00+00:00,894.33984375,118.26953125,292.96875,39.1109619140625,4.994140625,1012.609375,19.818750000000023
2007-01-31 04:00:00+00:00,864.03125,75.171875,293.515625,37.81597900390625,5.353515625,939.203125,20.365625000000023
2007-01-31 05:00:00+00:00,739.41796875,54.72265625,293.78125,36.0982666015625,5.376953125,794.140625,20.631250000000023
2007-01-31 06:00:00+00:00,547.35546875,52.28515625,293.84375,35.66534423828125,5.3515625,599.640625,20.693750000000023
2007-01-31 07:00:00+00:00,335.98828125,44.35546875,293.59375,36.56280517578125,5.59765625,380.34375,20.443750000000023
2007-01-31 08:00:00+00:00,140.54296875,23.14453125,292.734375,39.52496337890625,5.78125,163.6875,19.584375000000023
2007-01-31 09:00:00+00:00,10.6328125,2.6328125,291.234375,45.10882568359375,5.501953125,13.265625,18.084375000000023
2007-01-31 10:00:00+00:00,0.0,0.0,289.984375,49.6885986328125,4.892578125,0.0,16.834375000000023
2007-01-31 11:00:00+00:00,0.0,0.0,289.015625,54.4400634765625,4.41796875,0.0,15.865625000000023
2007-01-31 12:00:00+00:00,0.0,0.0,288.109375,60.3231201171875,4.111328125,0.0,14.959375000000023
2007-01-31 13:00:00+00:00,0.0,0.0,287.5625,63.737548828125,3.74609375,0.0,14.412500000000023
2007-01-31 14:00:00+00:00,0.0,0.0,287.234375,66.2119140625,3.470703125,0.0,14.084375000000023
2007-01-31 15:00:00+00:00,0.0,0.0,286.703125,70.0224609375,3.431640625,0.0,13.553125000000023
2007-01-31 16:00:00+00:00,0.0,0.0,286.34375,72.31573486328125,3.083984375,0.0,13.193750000000023
2007-01-31 17:00:00+00:00,0.0,0.0,286.0625,73.68255615234375,2.90625,0.0,12.912500000000023
2007-01-31 18:00:00+00:00,0.0,0.0,285.828125,74.56640625,2.564453125,0.0,12.678125000000023
2007-01-31 19:00:00+00:00,0.6953125,5.9140625,285.46875,76.558837890625,2.3125,6.609375,12.318750000000023
2007-01-31 20:00:00+00:00,79.33203125,55.88671875,285.09375,78.637939453125,1.990234375,135.21875,11.943750000000023
2007-01-31 21:00:00+00:00,268.265625,81.328125,284.953125,77.65435791015625,1.39453125,349.59375,11.803125000000023
2007-01-31 22:00:00+00:00,471.6328125,93.3828125,285.109375,75.89801025390625,0.576171875,565.015625,11.959375000000023
2007-01-31 23:00:00+00:00,656.58203125,98.85546875,285.546875,74.04638671875,0.69140625,755.4375,12.396875000000023
2007-02-01 00:00:00+00:00,805.73828125,98.04296875,287.078125,66.59515380859375,0.693359375,903.78125,13.928125000000023
2007-02-01 01:00:00+00:00,907.53125,94.96875,288.859375,58.99896240234375,0.5703125,1002.5,15.709375000000023
2007-02-01 02:00:00+00:00,951.8515625,88.8828125,292.296875,48.15643310546875,1.380859375,1040.734375,19.146875000000023
2007-02-01 03:00:00+00:00,931.5546875,79.4609375,295.328125,43.31732177734375,1.09765625,1011.015625,22.178125000000023
2007-02-01 04:00:00+00:00,849.37890625,69.44921875,297.859375,40.5823974609375,1.28515625,918.828125,24.709375000000023
2007-02-01 05:00:00+00:00,714.51171875,58.89453125,300.546875,35.2177734375,1.828125,773.40625,27.396875000000023
2007-02-01 06:00:00+00:00,538.640625,47.78125,302.71875,28.58343505859375,2.396484375,586.421875,29.568750000000023
2007-02-01 07:00:00+00:00,338.2421875,35.5234375,303.53125,25.799560546875,3.255859375,373.765625,30.381250000000023
2007-02-01 08:00:00+00:00,139.625,18.640625,302.890625,27.27191162109375,3.953125,158.265625,29.740625000000023
2007-02-01 09:00:00+00:00,10.18359375,1.80078125,301.109375,30.82421875,3.74609375,11.984375,27.959375000000023
2007-02-01 10:00:00+00:00,0.0,0.0,300.703125,32.34979248046875,2.94140625,0.0,27.553125000000023
2007-02-01 11:00:00+00:00,0.0,0.0,300.390625,33.64056396484375,3.431640625,0.0,27.240625000000023
2007-02-01 12:00:00+00:00,0.0,0.0,298.578125,39.96600341796875,3.33984375,0.0,25.428125000000023
2007-02-01 13:00:00+00:00,0.0,0.0,297.234375,45.0924072265625,2.333984375,0.0,24.084375000000023
2007-02-01 14:00:00+00:00,0.0,0.0,296.359375,48.28741455078125,1.412109375,0.0,23.209375000000023
2007-02-01 15:00:00+00:00,0.0,0.0,295.46875,50.65093994140625,0.376953125,0.0,22.318750000000023
2007-02-01 16:00:00+00:00,0.0,0.0,295.09375,52.31671142578125,0.841796875,0.0,21.943750000000023
2007-02-01 17:00:00+00:00,0.0,0.0,294.109375,56.9801025390625,1.0,0.0,20.959375000000023
2007-02-01 18:00:00+00:00,0.0,0.0,293.109375,61.52008056640625,0.875,0.0,19.959375000000023
2007-02-01 19:00:00+00:00,0.19921875,5.19140625,292.875,61.47796630859375,1.728515625,5.390625,19.725000000000023
2007-02-01 20:00:00+00:00,61.0546875,61.4921875,292.4375,61.21002197265625,1.23828125,122.546875,19.287500000000023
2007-02-01 21:00:00+00:00,224.25,100.625,292.125,63.8463134765625,0.703125,324.875,18.975000000000023
2007-02-01 22:00:00+00:00,327.171875,171.796875,292.5625,61.878173828125,0.46875,498.96875,19.412500000000023
2007-02-01 23:00:00+00:00,516.953125,191.0625,294.21875,57.84906005859375,1.193359375,708.015625,21.068750000000023
2007-02-02 00:00:00+00:00,630.0859375,221.5078125,298.0,47.33319091796875,2.02734375,851.59375,24.850000000000023
2007-02-02 01:00:00+00:00,821.52734375,161.51953125,301.453125,36.56866455078125,2.193359375,983.046875,28.303125000000023
2007-02-02 02:00:00+00:00,784.0703125,204.6015625,303.671875,27.92974853515625,1.537109375,988.671875,30.521875000000023
2007-02-02 03:00:00+00:00,815.6328125,159.0234375,305.078125,24.09552001953125,0.6015625,974.65625,31.928125000000023
2007-02-02 04:00:00+00:00,763.25390625,124.99609375,306.765625,21.177978515625,2.298828125,888.25,33.61562500000002
2007-02-02 05:00:00+00:00,681.6796875,81.4609375,307.578125,18.869384765625,3.298828125,763.140625,34.42812500000002
2007-02-02 06:00:00+00:00,508.76953125,65.29296875,308.0625,16.6533203125,3.0625,574.0625,34.91250000000002
2007-02-02 07:00:00+00:00,316.2109375,46.0234375,308.296875,16.21380615234375,3.732421875,362.234375,35.14687500000002
2007-02-02 08:00:00+00:00,120.58203125,26.33984375,307.140625,16.42388916015625,5.20703125,146.921875,33.99062500000002
2007-02-02 09:00:00+00:00,6.4921875,3.6640625,303.703125,19.1534423828125,4.81640625,10.15625,30.553125000000023
2007-02-02 10:00:00+00:00,0.0,0.0,302.5,19.60565185546875,3.701171875,0.0,29.350000000000023
2007-02-02 11:00:00+00:00,0.0,0.0,301.4375,20.60638427734375,2.484375,0.0,28.287500000000023
2007-02-02 12:00:00+00:00,0.0,0.0,300.0,26.08209228515625,2.11328125,0.0,26.850000000000023
2007-02-02 13:00:00+00:00,0.0,0.0,297.96875,38.99688720703125,2.36328125,0.0,24.818750000000023
2007-02-02 14:00:00+00:00,0.0,0.0,296.671875,44.50213623046875,2.365234375,0.0,23.521875000000023
2007-02-02 15:00:00+00:00,0.0,0.0,294.578125,58.42626953125,1.908203125,0.0,21.428125000000023
2007-02-02 16:00:00+00:00,0.0,0.0,293.671875,66.06304931640625,2.158203125,0.0,20.521875000000023
2007-02-02 17:00:00+00:00,0.0,0.0,292.859375,73.6044921875,2.08203125,0.0,19.709375000000023
2007-02-02 18:00:00+00:00,0.0,0.0,292.234375,80.0732421875,1.85546875,0.0,19.084375000000023
2007-02-02 19:00:00+00:00,0.0390625,4.4765625,291.796875,84.63092041015625,1.568359375,4.515625,18.646875000000023
2007-02-02 20:00:00+00:00,44.3046875,59.6953125,291.375,88.52569580078125,1.74609375,104.0,18.225000000000023
2007-02-02 21:00:00+00:00,193.90625,108.796875,291.390625,87.07275390625,1.18359375,302.703125,18.240625000000023
2007-02-02 22:00:00+00:00,177.85546875,228.81640625,291.640625,83.49383544921875,0.853515625,406.671875,18.490625000000023
2007-02-02 23:00:00+00:00,408.265625,244.34375,292.140625,79.0284423828125,1.09765625,652.609375,18.990625000000023
2007-02-03 00:00:00+00:00,706.96484375,162.47265625,293.125,73.17425537109375,1.732421875,869.4375,19.975000000000023
2007-02-03 01:00:00+00:00,860.46875,117.15625,294.59375,64.32550048828125,2.41796875,977.625,21.443750000000023
2007-02-03 02:00:00+00:00,912.13671875,104.86328125,296.234375,55.7073974609375,3.1484375,1017.0,23.084375000000023
2007-02-03 03:00:00+00:00,902.359375,92.84375,297.1875,47.96319580078125,4.330078125,995.203125,24.037500000000023
2007-02-03 04:00:00+00:00,823.69140625,81.29296875,297.984375,44.73785400390625,4.515625,904.984375,24.834375000000023
2007-02-03 05:00:00+00:00,691.1171875,69.3828125,298.3125,44.84033203125,4.697265625,760.5,25.162500000000023
2007-02-03 06:00:00+00:00,518.34765625,56.68359375,298.171875,45.7786865234375,4.86328125,575.03125,25.021875000000023
2007-02-03 07:00:00+00:00,322.109375,41.8125,297.578125,48.35992431640625,4.90625,363.921875,24.428125000000023
2007-02-03 08:00:00+00:00,128.79296875,21.62890625,296.6875,52.0445556640625,4.70703125,150.421875,23.537500000000023
2007-02-03 09:00:00+00:00,7.39453125,2.69921875,295.453125,53.29815673828125,3.96484375,10.09375,22.303125000000023
2007-02-03 10:00:00+00:00,0.0,0.0,294.546875,55.60430908203125,3.28515625,0.0,21.396875000000023
2007-02-03 11:00:00+00:00,0.0,0.0,293.46875,61.0169677734375,2.78515625,0.0,20.318750000000023
2007-02-03 12:00:00+00:00,0.0,0.0,292.8125,63.91363525390625,2.451171875,0.0,19.662500000000023
2007-02-03 13:00:00+00:00,0.0,0.0,292.1875,67.167236328125,2.330078125,0.0,19.037500000000023
2007-02-03 14:00:00+00:00,0.0,0.0,291.625,70.87750244140625,2.0703125,0.0,18.475000000000023
2007-02-03 15:00:00+00:00,0.0,0.0,290.84375,78.26849365234375,2.02734375,0.0,17.693750000000023
2007-02-03 16:00:00+00:00,0.0,0.0,290.59375,81.27203369140625,1.888671875,0.0,17.443750000000023
2007-02-03 17:00:00+00:00,0.0,0.0,290.375,84.3272705078125,1.60546875,0.0,17.225000000000023
2007-02-03 18:00:00+00:00,0.0,0.0,290.15625,86.4388427734375,1.146484375,0.0,17.006250000000023
2007-02-03 19:00:00+00:00,0.0,2.140625,289.84375,87.84259033203125,0.7421875,2.140625,16.693750000000023
2007-02-03 20:00:00+00:00,9.20703125,47.55859375,289.578125,89.0291748046875,0.546875,56.765625,16.428125000000023
2007-02-03 21:00:00+00:00,72.01171875,168.30078125,289.53125,88.28857421875,0.400390625,240.3125,16.381250000000023
2007-02-03 22:00:00+00:00,65.203125,202.734375,289.796875,86.38580322265625,0.607421875,267.9375,16.646875000000023
2007-02-03 23:00:00+00:00,233.234375,291.328125,289.9375,85.47625732421875,0.7421875,524.5625,16.787500000000023
2007-02-04 00:00:00+00:00,114.78515625,342.44921875,290.28125,83.64093017578125,0.6875,457.234375,17.131250000000023
2007-02-04 01:00:00+00:00,344.58984375,396.34765625,290.8125,80.7843017578125,0.42578125,740.9375,17.662500000000023
2007-02-04 02:00:00+00:00,859.7578125,174.0859375,292.015625,75.27734375,0.494140625,1033.84375,18.865625000000023
2007-02-04 03:00:00+00:00,931.07421875,77.44140625,296.75,55.07470703125,0.380859375,1008.515625,23.600000000000023
2007-02-04 04:00:00+00:00,853.1484375,67.5859375,299.5,46.41717529296875,0.751953125,920.734375,26.350000000000023
2007-02-04 05:00:00+00:00,719.9921875,56.4140625,302.96875,36.4244384765625,1.556640625,776.40625,29.818750000000023
2007-02-04 06:00:00+00:00,541.79296875,44.95703125,305.203125,30.50787353515625,2.384765625,586.75,32.05312500000002
2007-02-04 07:00:00+00:00,337.0,33.40625,306.0,27.451904296875,3.076171875,370.40625,32.85000000000002
2007-02-04 08:00:00+00:00,135.23828125,17.05859375,305.671875,27.83502197265625,3.525390625,152.296875,32.52187500000002
2007-02-04 09:00:00+00:00,7.7578125,1.8359375,303.09375,34.37322998046875,3.609375,9.59375,29.943750000000023
2007-02-04 10:00:00+00:00,0.0,0.0,301.703125,38.99957275390625,2.974609375,0.0,28.553125000000023
2007-02-04 11:00:00+00:00,0.0,0.0,300.6875,43.64727783203125,2.267578125,0.0,27.537500000000023
2007-02-04 12:00:00+00:00,0.0,0.0,299.765625,46.26031494140625,1.63671875,0.0,26.615625000000023
2007-02-04 13:00:00+00:00,0.0,0.0,298.5625,50.2445068359375,1.67578125,0.0,25.412500000000023
2007-02-04 14:00:00+00:00,0.0,0.0,297.15625,54.9229736328125,1.54296875,0.0,24.006250000000023
2007-02-04 15:00:00+00:00,0.0,0.0,295.984375,61.21368408203125,1.9140625,0.0,22.834375000000023
2007-02-04 16:00:00+00:00,0.0,0.0,295.28125,62.03729248046875,1.849609375,0.0,22.131250000000023
2007-02-04 17:00:00+00:00,0.0,0.0,295.046875,61.599853515625,1.431640625,0.0,21.896875000000023
2007-02-04 18:00:00+00:00,0.0,0.0,294.859375,61.31744384765625,1.13671875,0.0,21.709375000000023
2007-02-04 19:00:00+00:00,0.05859375,3.86328125,294.484375,62.43231201171875,0.8125,3.921875,21.334375000000023
2007-02-04 20:00:00+00:00,66.2734375,54.8984375,294.171875,63.83905029296875,0.939453125,121.171875,21.021875000000023
2007-02-04 21:00:00+00:00,254.00390625,84.04296875,293.65625,70.766357421875,1.515625,338.046875,20.506250000000023
2007-02-04 22:00:00+00:00,461.82421875,96.81640625,295.015625,58.9853515625,1.658203125,558.640625,21.865625000000023
2007-02-04 23:00:00+00:00,649.58984375,101.31640625,297.796875,41.194091796875,1.57421875,750.90625,24.646875000000023
2007-02-05 00:00:00+00:00,787.0234375,104.0234375,301.109375,28.24957275390625,1.0234375,891.046875,27.959375000000023
2007-02-05 01:00:00+00:00,881.03125,106.28125,302.8125,23.5447998046875,0.818359375,987.3125,29.662500000000023
2007-02-05 02:00:00+00:00,919.01953125,102.65234375,305.4375,17.73828125,1.998046875,1021.671875,32.28750000000002
2007-02-05 03:00:00+00:00,894.421875,95.265625,307.03125,15.5980224609375,3.046875,989.6875,33.88125000000002
2007-02-05 04:00:00+00:00,814.21875,85.78125,308.0,15.9344482421875,3.337890625,900.0,34.85000000000002
2007-02-05 05:00:00+00:00,677.81640625,75.16796875,308.015625,16.80291748046875,4.736328125,752.984375,34.86562500000002
2007-02-05 06:00:00+00:00,499.66015625,63.66796875,305.5625,22.3389892578125,6.0546875,563.328125,32.41250000000002
2007-02-05 07:00:00+00:00,295.9453125,52.2265625,303.375,27.4136962890625,6.080078125,348.171875,30.225000000000023
2007-02-05 08:00:00+00:00,109.9609375,28.1640625,300.078125,40.9910888671875,5.92578125,138.125,26.928125000000023
2007-02-05 09:00:00+00:00,4.5703125,3.4296875,295.859375,62.69342041015625,5.40234375,8.0,22.709375000000023
2007-02-05 10:00:00+00:00,0.0,0.0,293.90625,71.43682861328125,5.015625,0.0,20.756250000000023
2007-02-05 11:00:00+00:00,0.0,0.0,292.4375,78.60821533203125,4.8984375,0.0,19.287500000000023
2007-02-05 12:00:00+00:00,0.0,0.0,292.078125,80.20751953125,4.20703125,0.0,18.928125000000023
2007-02-05 13:00:00+00:00,0.0,0.0,291.71875,82.9754638671875,3.982421875,0.0,18.568750000000023
2007-02-05 14:00:00+00:00,0.0,0.0,291.359375,85.81207275390625,4.2109375,0.0,18.209375000000023
2007-02-05 15:00:00+00:00,0.0,0.0,290.765625,77.7862548828125,5.220703125,0.0,17.615625000000023
2007-02-05 16:00:00+00:00,0.0,0.0,290.09375,79.89373779296875,4.71484375,0.0,16.943750000000023
2007-02-05 17:00:00+00:00,0.0,0.0,289.875,77.49871826171875,4.640625,0.0,16.725000000000023
2007-02-05 18:00:00+00:00,0.0,0.0,289.484375,76.92608642578125,4.775390625,0.0,16.334375000000023
2007-02-05 19:00:00+00:00,0.0,1.328125,289.203125,73.07470703125,4.685546875,1.328125,16.053125000000023
2007-02-05 20:00:00+00:00,3.734375,63.515625,288.96875,68.124755859375,4.333984375,67.25,15.818750000000023
2007-02-05 21:00:00+00:00,44.7578125,184.0546875,288.5625,65.65618896484375,4.4453125,228.8125,15.412500000000023
2007-02-05 22:00:00+00:00,196.5625,226.234375,288.890625,61.47412109375,4.544921875,422.796875,15.740625000000023
2007-02-05 23:00:00+00:00,186.03125,349.75,289.578125,58.892578125,4.998046875,535.78125,16.428125000000023
2007-02-06 00:00:00+00:00,126.18359375,399.91015625,290.109375,56.3939208984375,5.291015625,526.09375,16.959375000000023
2007-02-06 01:00:00+00:00,221.85546875,496.75390625,290.484375,54.9844970703125,5.314453125,718.609375,17.334375000000023
2007-02-06 02:00:00+00:00,680.875,267.515625,291.421875,52.77142333984375,5.3671875,948.390625,18.271875000000023
2007-02-06 03:00:00+00:00,729.72265625,172.58984375,292.21875,49.84552001953125,6.0390625,902.3125,19.068750000000023
2007-02-06 04:00:00+00:00,739.7421875,139.6484375,292.8125,48.01678466796875,6.05078125,879.390625,19.662500000000023
2007-02-06 05:00:00+00:00,679.9609375,84.3515625,293.484375,46.56243896484375,5.849609375,764.3125,20.334375000000023
2007-02-06 06:00:00+00:00,491.78125,65.546875,293.8125,47.2247314453125,5.744140625,557.328125,20.662500000000023
2007-02-06 07:00:00+00:00,314.0078125,46.7734375,293.515625,50.31573486328125,5.861328125,360.78125,20.365625000000023
2007-02-06 08:00:00+00:00,64.60546875,27.87890625,292.640625,54.47259521484375,6.1484375,92.484375,19.490625000000023
2007-02-06 09:00:00+00:00,0.640625,3.21875,291.3125,60.35357666015625,6.208984375,3.859375,18.162500000000023
2007-02-06 10:00:00+00:00,0.0,0.0,290.484375,63.74761962890625,5.681640625,0.0,17.334375000000023
2007-02-06 11:00:00+00:00,0.0,0.0,290.109375,65.12030029296875,5.015625,0.0,16.959375000000023
2007-02-06 12:00:00+00:00,0.0,0.0,289.90625,67.071044921875,4.880859375,0.0,16.756250000000023
2007-02-06 13:00:00+00:00,0.0,0.0,289.96875,70.36920166015625,4.71875,0.0,16.818750000000023
2007-02-06 14:00:00+00:00,0.0,0.0,290.109375,75.5399169921875,4.287109375,0.0,16.959375000000023
2007-02-06 15:00:00+00:00,0.0,0.0,290.25,81.04473876953125,4.4765625,0.0,17.100000000000023
2007-02-06 16:00:00+00:00,0.0,0.0,290.1875,81.6890869140625,3.98046875,0.0,17.037500000000023
2007-02-06 17:00:00+00:00,0.0,0.0,289.953125,81.86224365234375,3.646484375,0.0,16.803125000000023
2007-02-06 18:00:00+00:00,0.0,0.0,289.6875,80.66070556640625,3.666015625,0.0,16.537500000000023
2007-02-06 19:00:00+00:00,0.0,2.484375,289.296875,80.82098388671875,3.5703125,2.484375,16.146875000000023
2007-02-06 20:00:00+00:00,25.7265625,53.5703125,288.96875,80.46759033203125,3.51171875,79.296875,15.818750000000023
2007-02-06 21:00:00+00:00,94.9296875,120.4921875,289.25,78.2808837890625,4.1171875,215.421875,16.100000000000023
2007-02-06 22:00:00+00:00,310.2734375,175.9296875,289.75,76.02374267578125,4.171875,486.203125,16.600000000000023
2007-02-06 23:00:00+00:00,116.1875,155.4375,291.171875,69.82366943359375,4.416015625,271.625,18.021875000000023
2007-02-07 00:00:00+00:00,12.8359375,101.6953125,292.078125,65.81280517578125,4.84375,114.53125,18.928125000000023
2007-02-07 01:00:00+00:00,9.125,369.53125,291.953125,67.44683837890625,4.849609375,378.65625,18.803125000000023
2007-02-07 02:00:00+00:00,2.21484375,144.98828125,292.21875,67.395263671875,5.13671875,147.203125,19.068750000000023
2007-02-07 03:00:00+00:00,0.40625,195.125,291.796875,72.73284912109375,6.615234375,195.53125,18.646875000000023
2007-02-07 04:00:00+00:00,0.82421875,277.50390625,291.453125,72.4345703125,6.048828125,278.328125,18.303125000000023
2007-02-07 05:00:00+00:00,6.859375,216.4375,291.921875,67.87078857421875,5.587890625,223.296875,18.771875000000023
2007-02-07 06:00:00+00:00,24.3515625,239.4609375,292.171875,65.9510498046875,5.419921875,263.8125,19.021875000000023
2007-02-07 07:00:00+00:00,2.4609375,77.6484375,292.34375,65.540283203125,5.67578125,80.109375,19.193750000000023
2007-02-07 08:00:00+00:00,0.00390625,19.58984375,291.453125,70.8065185546875,5.98046875,19.59375,18.303125000000023
2007-02-07 09:00:00+00:00,0.08984375,1.72265625,290.390625,67.5836181640625,5.794921875,1.8125,17.240625000000023
2007-02-07 10:00:00+00:00,0.0,0.0,290.3125,63.5474853515625,5.126953125,0.0,17.162500000000023
2007-02-07 11:00:00+00:00,0.0,0.0,290.03125,62.47174072265625,4.75390625,0.0,16.881250000000023
2007-02-07 12:00:00+00:00,0.0,0.0,289.6875,63.83990478515625,4.396484375,0.0,16.537500000000023
2007-02-07 13:00:00+00:00,0.0,0.0,289.453125,65.263671875,4.279296875,0.0,16.303125000000023
2007-02-07 14:00:00+00:00,0.0,0.0,289.3125,65.85089111328125,4.1015625,0.0,16.162500000000023
2007-02-07 15:00:00+00:00,0.0,0.0,289.0,65.11529541015625,4.087890625,0.0,15.850000000000023
2007-02-07 16:00:00+00:00,0.0,0.0,288.78125,64.58636474609375,3.986328125,0.0,15.631250000000023
2007-02-07 17:00:00+00:00,0.0,0.0,288.640625,65.12677001953125,3.43359375,0.0,15.490625000000023
2007-02-07 18:00:00+00:00,0.0,0.0,288.59375,65.48443603515625,3.220703125,0.0,15.443750000000023
2007-02-07 19:00:00+00:00,0.0,1.859375,288.609375,65.00390625,3.0390625,1.859375,15.459375000000023
2007-02-07 20:00:00+00:00,18.24609375,49.86328125,288.5625,65.6375732421875,2.765625,68.109375,15.412500000000023
2007-02-07 21:00:00+00:00,221.34765625,94.15234375,288.515625,66.2579345703125,2.728515625,315.5,15.365625000000023
2007-02-07 22:00:00+00:00,423.44921875,99.80078125,289.171875,64.78033447265625,3.498046875,523.25,16.021875000000023
2007-02-07 23:00:00+00:00,577.4140625,125.7890625,290.1875,60.22003173828125,3.572265625,703.203125,17.037500000000023
2007-02-08 00:00:00+00:00,441.625,237.578125,291.53125,54.02166748046875,4.01171875,679.203125,18.381250000000023
2007-02-08 01:00:00+00:00,672.59375,218.46875,292.625,49.79193115234375,4.564453125,891.0625,19.475000000000023
2007-02-08 02:00:00+00:00,796.68359375,176.09765625,293.65625,46.4244384765625,4.798828125,972.78125,20.506250000000023
2007-02-08 03:00:00+00:00,724.1484375,147.6015625,294.59375,43.36224365234375,5.109375,871.75,21.443750000000023
2007-02-08 04:00:00+00:00,802.28515625,102.49609375,295.359375,40.31591796875,5.0625,904.78125,22.209375000000023
2007-02-08 05:00:00+00:00,621.3046875,96.6171875,295.84375,38.89361572265625,5.064453125,717.921875,22.693750000000023
2007-02-08 06:00:00+00:00,488.50390625,69.10546875,295.921875,38.29937744140625,5.560546875,557.609375,22.771875000000023
2007-02-08 07:00:00+00:00,322.0390625,35.8984375,295.5,39.34259033203125,5.484375,357.9375,22.350000000000023
2007-02-08 08:00:00+00:00,126.39453125,14.12109375,294.84375,42.8074951171875,5.333984375,140.515625,21.693750000000023
2007-02-08 09:00:00+00:00,4.48828125,1.99609375,293.25,51.70037841796875,5.39453125,6.484375,20.100000000000023
2007-02-08 10:00:00+00:00,0.0,0.0,292.296875,55.75567626953125,5.0703125,0.0,19.146875000000023
2007-02-08 11:00:00+00:00,0.0,0.0,291.4375,61.4395751953125,4.5390625,0.0,18.287500000000023
2007-02-08 12:00:00+00:00,0.0,0.0,290.921875,66.76080322265625,4.00390625,0.0,17.771875000000023
2007-02-08 13:00:00+00:00,0.0,0.0,290.5,72.315673828125,3.671875,0.0,17.350000000000023
2007-02-08 14:00:00+00:00,0.0,0.0,290.171875,74.27008056640625,3.228515625,0.0,17.021875000000023
2007-02-08 15:00:00+00:00,0.0,0.0,289.5,75.00238037109375,2.85546875,0.0,16.350000000000023
2007-02-08 16:00:00+00:00,0.0,0.0,288.90625,77.83660888671875,1.873046875,0.0,15.756250000000023
2007-02-08 17:00:00+00:00,0.0,0.0,288.609375,80.78289794921875,0.53515625,0.0,15.459375000000023
2007-02-08 18:00:00+00:00,0.0,0.0,288.328125,82.4383544921875,0.181640625,0.0,15.178125000000023
2007-02-08 19:00:00+00:00,0.0,1.953125,287.890625,85.29150390625,0.736328125,1.953125,14.740625000000023
2007-02-08 20:00:00+00:00,49.6484375,50.8359375,287.875,85.9508056640625,1.125,100.484375,14.725000000000023
2007-02-08 21:00:00+00:00,227.6015625,82.6796875,287.78125,85.38763427734375,1.3125,310.28125,14.631250000000023
2007-02-08 22:00:00+00:00,427.390625,96.875,288.1875,84.3614501953125,1.38671875,524.265625,15.037500000000023
2007-02-08 23:00:00+00:00,615.01953125,101.19921875,288.828125,81.51513671875,0.6875,716.21875,15.678125000000023
2007-02-09 00:00:00+00:00,765.2265625,99.7578125,289.765625,76.97296142578125,0.791015625,864.984375,16.615625000000023
2007-02-09 01:00:00+00:00,862.91796875,99.11328125,292.125,66.48974609375,1.166015625,962.03125,18.975000000000023
2007-02-09 02:00:00+00:00,901.30078125,96.29296875,295.34375,53.896484375,1.0625,997.59375,22.193750000000023
2007-02-09 03:00:00+00:00,840.2890625,117.6796875,301.953125,37.90771484375,1.59765625,957.96875,28.803125000000023
2007-02-09 04:00:00+00:00,166.71484375,37.50390625,304.59375,27.3624267578125,0.599609375,204.21875,31.443750000000023
2007-02-09 05:00:00+00:00,158.0078125,379.4453125,304.78125,25.90277099609375,1.984375,537.453125,31.631250000000023
2007-02-09 06:00:00+00:00,200.640625,241.84375,303.453125,32.8345947265625,4.5546875,442.484375,30.303125000000023
2007-02-09 07:00:00+00:00,29.09375,126.6875,302.609375,36.20648193359375,5.1171875,155.78125,29.459375000000023
2007-02-09 08:00:00+00:00,0.3046875,55.1171875,301.3125,39.24322509765625,5.771484375,55.421875,28.162500000000023
2007-02-09 09:00:00+00:00,0.0,3.78125,296.3125,58.17352294921875,5.94921875,3.78125,23.162500000000023
2007-02-09 10:00:00+00:00,0.0,0.0,294.90625,61.18634033203125,5.525390625,0.0,21.756250000000023
2007-02-09 11:00:00+00:00,0.0,0.0,294.0,63.28973388671875,4.97265625,0.0,20.850000000000023
2007-02-09 12:00:00+00:00,0.0,0.0,293.171875,67.17694091796875,5.328125,0.0,20.021875000000023
2007-02-09 13:00:00+00:00,0.0,0.0,292.640625,68.50347900390625,4.7109375,0.0,19.490625000000023
2007-02-09 14:00:00+00:00,0.0,0.0,291.9375,71.44964599609375,4.333984375,0.0,18.787500000000023
2007-02-09 15:00:00+00:00,0.0,0.0,291.0625,74.603515625,4.4453125,0.0,17.912500000000023
2007-02-09 16:00:00+00:00,0.0,0.0,290.28125,77.26806640625,4.0859375,0.0,17.131250000000023
2007-02-09 17:00:00+00:00,0.0,0.0,289.640625,79.37530517578125,3.775390625,0.0,16.490625000000023
2007-02-09 18:00:00+00:00,0.0,0.0,289.28125,80.4993896484375,3.607421875,0.0,16.131250000000023
2007-02-09 19:00:00+00:00,0.0,1.171875,288.90625,83.31536865234375,3.412109375,1.171875,15.756250000000023
2007-02-09 20:00:00+00:00,0.0234375,27.5703125,288.765625,84.59429931640625,3.501953125,27.59375,15.615625000000023
2007-02-09 21:00:00+00:00,2.734375,78.75,289.21875,80.13909912109375,4.09765625,81.484375,16.068750000000023
2007-02-09 22:00:00+00:00,0.0703125,92.7109375,289.671875,78.131103515625,3.759765625,92.78125,16.521875000000023
2007-02-09 23:00:00+00:00,128.921875,255.265625,290.390625,74.39794921875,3.6328125,384.1875,17.240625000000023
2007-02-10 00:00:00+00:00,619.28515625,218.13671875,291.875,67.8568115234375,3.490234375,837.421875,18.725000000000023
2007-02-10 01:00:00+00:00,830.26953125,123.69921875,293.828125,59.389892578125,3.376953125,953.96875,20.678125000000023
2007-02-10 02:00:00+00:00,691.578125,171.46875,295.140625,56.6044921875,4.525390625,863.046875,21.990625000000023
2007-02-10 03:00:00+00:00,764.12890625,153.82421875,294.828125,64.02374267578125,4.560546875,917.953125,21.678125000000023
2007-02-10 04:00:00+00:00,580.38671875,184.97265625,294.875,65.8946533203125,5.732421875,765.359375,21.725000000000023
2007-02-10 05:00:00+00:00,423.765625,170.546875,294.6875,66.48944091796875,6.375,594.3125,21.537500000000023
2007-02-10 06:00:00+00:00,270.125,160.125,294.640625,66.26275634765625,6.03515625,430.25,21.490625000000023
2007-02-10 07:00:00+00:00,181.37890625,99.82421875,294.53125,67.01141357421875,5.126953125,281.203125,21.381250000000023
2007-02-10 08:00:00+00:00,75.11328125,24.46484375,294.21875,70.99603271484375,4.515625,99.578125,21.068750000000023
2007-02-10 09:00:00+00:00,0.79296875,3.11328125,292.84375,78.0557861328125,4.904296875,3.90625,19.693750000000023
2007-02-10 10:00:00+00:00,0.0,0.0,292.015625,83.91448974609375,3.966796875,0.0,18.865625000000023
2007-02-10 11:00:00+00:00,0.0,0.0,291.578125,85.34619140625,3.349609375,0.0,18.428125000000023
2007-02-10 12:00:00+00:00,0.0,0.0,291.40625,86.75927734375,2.115234375,0.0,18.256250000000023
2007-02-10 13:00:00+00:00,0.0,0.0,291.75,83.05914306640625,2.42578125,0.0,18.600000000000023
2007-02-10 14:00:00+00:00,0.0,0.0,291.734375,84.13165283203125,2.775390625,0.0,18.584375000000023
2007-02-10 15:00:00+00:00,0.0,0.0,291.328125,88.1820068359375,3.302734375,0.0,18.178125000000023
2007-02-10 16:00:00+00:00,0.0,0.0,291.640625,90.05316162109375,2.6171875,0.0,18.490625000000023
2007-02-10 17:00:00+00:00,0.0,0.0,291.828125,89.38873291015625,2.63671875,0.0,18.678125000000023
2007-02-10 18:00:00+00:00,0.0,0.0,292.0625,87.61749267578125,3.69140625,0.0,18.912500000000023
2007-02-10 19:00:00+00:00,0.0,0.53125,292.3125,86.0880126953125,4.64453125,0.53125,19.162500000000023
2007-02-10 20:00:00+00:00,26.1875,42.4375,292.484375,86.20025634765625,5.126953125,68.625,19.334375000000023
2007-02-10 21:00:00+00:00,124.51171875,122.28515625,292.609375,85.63641357421875,5.138671875,246.796875,19.459375000000023
2007-02-10 22:00:00+00:00,374.98828125,121.48046875,293.734375,79.7823486328125,5.849609375,496.46875,20.584375000000023
2007-02-10 23:00:00+00:00,525.953125,120.375,295.046875,74.05731201171875,7.03515625,646.328125,21.896875000000023
2007-02-11 00:00:00+00:00,346.51953125,71.21484375,296.125,67.20599365234375,7.857421875,417.734375,22.975000000000023
2007-02-11 01:00:00+00:00,596.59375,237.578125,296.671875,61.92633056640625,8.03515625,834.171875,23.521875000000023
2007-02-11 02:00:00+00:00,789.0234375,154.1796875,298.46875,50.16021728515625,8.833984375,943.203125,25.318750000000023
2007-02-11 03:00:00+00:00,725.1171875,161.0859375,299.53125,46.0399169921875,8.62109375,886.203125,26.381250000000023
2007-02-11 04:00:00+00:00,766.40234375,94.53515625,299.703125,45.28125,9.19140625,860.9375,26.553125000000023
2007-02-11 05:00:00+00:00,663.80859375,58.05078125,299.34375,46.626708984375,9.5859375,721.859375,26.193750000000023
2007-02-11 06:00:00+00:00,330.015625,118.34375,298.546875,51.69854736328125,9.197265625,448.359375,25.396875000000023
2007-02-11 07:00:00+00:00,74.8671875,39.2734375,297.5,54.71490478515625,8.666015625,114.140625,24.350000000000023
2007-02-11 08:00:00+00:00,28.890625,47.640625,296.203125,60.433837890625,8.34765625,76.53125,23.053125000000023
2007-02-11 09:00:00+00:00,0.51953125,3.57421875,294.78125,65.09210205078125,8.5390625,4.09375,21.631250000000023
2007-02-11 10:00:00+00:00,0.0,0.0,293.984375,67.97979736328125,7.66015625,0.0,20.834375000000023
2007-02-11 11:00:00+00:00,0.0,0.0,293.46875,70.67449951171875,6.828125,0.0,20.318750000000023
2007-02-11 12:00:00+00:00,0.0,0.0,293.046875,73.151123046875,6.708984375,0.0,19.896875000000023
2007-02-11 13:00:00+00:00,0.0,0.0,292.859375,74.50274658203125,6.361328125,0.0,19.709375000000023
2007-02-11 14:00:00+00:00,0.0,0.0,292.8125,75.412353515625,5.740234375,0.0,19.662500000000023
2007-02-11 15:00:00+00:00,0.0,0.0,292.625,77.1453857421875,5.484375,0.0,19.475000000000023
2007-02-11 16:00:00+00:00,0.0,0.0,292.359375,78.250732421875,5.171875,0.0,19.209375000000023
2007-02-11 17:00:00+00:00,0.0,0.0,292.0625,79.2066650390625,4.849609375,0.0,18.912500000000023
2007-02-11 18:00:00+00:00,0.0,0.0,291.828125,79.65045166015625,4.400390625,0.0,18.678125000000023
2007-02-11 19:00:00+00:00,0.0,1.046875,291.625,79.65533447265625,4.013671875,1.046875,18.475000000000023
2007-02-11 20:00:00+00:00,45.2421875,45.1015625,291.390625,79.3504638671875,3.826171875,90.34375,18.240625000000023
2007-02-11 21:00:00+00:00,206.46484375,83.76953125,291.59375,77.19281005859375,3.23046875,290.234375,18.443750000000023
2007-02-11 22:00:00+00:00,317.5625,135.046875,292.703125,71.6329345703125,2.783203125,452.609375,19.553125000000023
2007-02-11 23:00:00+00:00,565.953125,124.0625,294.640625,62.3394775390625,2.353515625,690.015625,21.490625000000023
2007-02-12 00:00:00+00:00,710.69921875,119.78515625,296.25,55.135986328125,1.8125,830.484375,23.100000000000023
2007-02-12 01:00:00+00:00,838.98828125,101.66796875,297.734375,49.19757080078125,1.595703125,940.65625,24.584375000000023
2007-02-12 02:00:00+00:00,848.9453125,114.3046875,299.203125,43.80426025390625,1.423828125,963.25,26.053125000000023
2007-02-12 03:00:00+00:00,633.23828125,169.07421875,301.609375,35.403076171875,2.291015625,802.3125,28.459375000000023
2007-02-12 04:00:00+00:00,644.91015625,142.33984375,302.671875,33.11859130859375,2.91015625,787.25,29.521875000000023
2007-02-12 05:00:00+00:00,473.04296875,110.36328125,303.359375,31.5838623046875,3.353515625,583.40625,30.209375000000023
2007-02-12 06:00:00+00:00,376.9765625,79.5703125,303.546875,30.9591064453125,3.75,456.546875,30.396875000000023
2007-02-12 07:00:00+00:00,197.44921875,44.19140625,303.421875,30.55999755859375,4.46484375,241.640625,30.271875000000023
2007-02-12 08:00:00+00:00,82.6015625,28.7578125,302.65625,32.0850830078125,5.158203125,111.359375,29.506250000000023
2007-02-12 09:00:00+00:00,1.6640625,2.2265625,301.5,36.06146240234375,5.693359375,3.890625,28.350000000000023
2007-02-12 10:00:00+00:00,0.0,0.0,299.4375,43.51287841796875,5.11328125,0.0,26.287500000000023
2007-02-12 11:00:00+00:00,0.0,0.0,297.71875,49.64288330078125,4.060546875,0.0,24.568750000000023
2007-02-12 12:00:00+00:00,0.0,0.0,296.328125,54.34100341796875,3.02734375,0.0,23.178125000000023
2007-02-12 13:00:00+00:00,0.0,0.0,295.40625,57.6337890625,2.265625,0.0,22.256250000000023
2007-02-12 14:00:00+00:00,0.0,0.0,294.890625,59.643310546875,1.373046875,0.0,21.740625000000023
2007-02-12 15:00:00+00:00,0.0,0.0,294.46875,59.86932373046875,0.51171875,0.0,21.318750000000023
2007-02-12 16:00:00+00:00,0.0,0.0,294.40625,60.288330078125,1.51171875,0.0,21.256250000000023
2007-02-12 17:00:00+00:00,0.0,0.0,293.359375,66.08416748046875,2.30859375,0.0,20.209375000000023
2007-02-12 18:00:00+00:00,0.0,0.0,293.421875,65.783203125,1.564453125,0.0,20.271875000000023
2007-02-12 19:00:00+00:00,0.0,0.796875,294.515625,52.49420166015625,2.671875,0.796875,21.365625000000023
2007-02-12 20:00:00+00:00,37.12890625,46.85546875,294.5625,46.6385498046875,4.009765625,83.984375,21.412500000000023
2007-02-12 21:00:00+00:00,196.53125,87.9375,294.328125,52.5048828125,3.486328125,284.46875,21.178125000000023
2007-02-12 22:00:00+00:00,394.4921875,102.0234375,295.109375,49.0316162109375,4.0703125,496.515625,21.959375000000023
2007-02-12 23:00:00+00:00,510.1640625,150.3515625,297.171875,42.62982177734375,4.4140625,660.515625,24.021875000000023
2007-02-13 00:00:00+00:00,696.875,130.96875,299.359375,37.98089599609375,4.701171875,827.84375,26.209375000000023
2007-02-13 01:00:00+00:00,820.921875,108.03125,301.359375,33.98004150390625,3.916015625,928.953125,28.209375000000023
2007-02-13 02:00:00+00:00,409.86328125,96.60546875,303.078125,30.05322265625,2.810546875,506.46875,29.928125000000023
2007-02-13 03:00:00+00:00,582.52734375,167.06640625,303.578125,29.92828369140625,2.375,749.59375,30.428125000000023
2007-02-13 04:00:00+00:00,590.19140625,164.93359375,303.6875,28.9052734375,1.3984375,755.125,30.537500000000023
2007-02-13 05:00:00+00:00,602.2890625,102.8203125,304.3125,27.3316650390625,1.62109375,705.109375,31.162500000000023
2007-02-13 06:00:00+00:00,106.30859375,21.44140625,304.203125,28.2322998046875,0.986328125,127.75,31.053125000000023
2007-02-13 07:00:00+00:00,212.40234375,101.91015625,304.453125,27.48504638671875,1.119140625,314.3125,31.303125000000023
2007-02-13 08:00:00+00:00,80.265625,21.671875,303.921875,28.9893798828125,0.40625,101.9375,30.771875000000023
2007-02-13 09:00:00+00:00,0.94921875,2.03515625,303.65625,31.41998291015625,0.408203125,2.984375,30.506250000000023
2007-02-13 10:00:00+00:00,0.0,0.0,303.71875,31.19781494140625,0.75,0.0,30.568750000000023
2007-02-13 11:00:00+00:00,0.0,0.0,303.609375,31.41595458984375,1.0234375,0.0,30.459375000000023
2007-02-13 12:00:00+00:00,0.0,0.0,303.328125,32.253173828125,1.314453125,0.0,30.178125000000023
2007-02-13 13:00:00+00:00,0.0,0.0,303.0625,32.94036865234375,1.5390625,0.0,29.912500000000023
2007-02-13 14:00:00+00:00,0.0,0.0,302.5,34.4501953125,1.77734375,0.0,29.350000000000023
2007-02-13 15:00:00+00:00,0.0,0.0,301.046875,41.14117431640625,1.298828125,0.0,27.896875000000023
2007-02-13 16:00:00+00:00,0.0,0.0,300.265625,43.9215087890625,1.1875,0.0,27.115625000000023
2007-02-13 17:00:00+00:00,0.0,0.0,299.46875,46.50750732421875,1.314453125,0.0,26.318750000000023
2007-02-13 18:00:00+00:00,0.0,0.0,298.515625,49.451416015625,1.509765625,0.0,25.365625000000023
2007-02-13 19:00:00+00:00,0.0,0.625,297.71875,51.64617919921875,1.486328125,0.625,24.568750000000023
2007-02-13 20:00:00+00:00,35.75,45.578125,297.140625,52.865966796875,0.76953125,81.328125,23.990625000000023
2007-02-13 21:00:00+00:00,173.35546875,98.56640625,296.5625,56.89532470703125,1.41015625,271.921875,23.412500000000023
2007-02-13 22:00:00+00:00,320.08984375,144.23828125,296.046875,57.7100830078125,1.62109375,464.328125,22.896875000000023
2007-02-13 23:00:00+00:00,548.890625,129.265625,295.984375,58.489501953125,1.65625,678.15625,22.834375000000023
2007-02-14 00:00:00+00:00,689.6171875,130.0234375,296.609375,57.25390625,1.4140625,819.640625,23.459375000000023
2007-02-14 01:00:00+00:00,795.8515625,125.2734375,297.765625,53.20806884765625,1.12109375,921.125,24.615625000000023
2007-02-14 02:00:00+00:00,634.1015625,210.7734375,299.71875,47.6015625,1.6796875,844.875,26.568750000000023
2007-02-14 03:00:00+00:00,833.25390625,99.21484375,301.390625,43.826904296875,3.0546875,932.46875,28.240625000000023
2007-02-14 04:00:00+00:00,760.65234375,86.48828125,302.875,38.45343017578125,2.861328125,847.140625,29.725000000000023
2007-02-14 05:00:00+00:00,611.41796875,87.11328125,303.921875,35.8707275390625,3.365234375,698.53125,30.771875000000023
2007-02-14 06:00:00+00:00,411.1953125,90.6328125,304.1875,35.70330810546875,3.818359375,501.828125,31.037500000000023
2007-02-14 07:00:00+00:00,254.9609375,55.3203125,303.859375,37.1837158203125,3.97265625,310.28125,30.709375000000023
2007-02-14 08:00:00+00:00,67.95703125,29.32421875,302.859375,41.78515625,3.736328125,97.28125,29.709375000000023
2007-02-14 09:00:00+00:00,0.4921875,2.1640625,299.46875,53.50665283203125,3.751953125,2.65625,26.318750000000023
2007-02-14 10:00:00+00:00,0.0,0.0,298.28125,57.6536865234375,3.125,0.0,25.131250000000023
2007-02-14 11:00:00+00:00,0.0,0.0,296.953125,61.7470703125,2.638671875,0.0,23.803125000000023
2007-02-14 12:00:00+00:00,0.0,0.0,295.671875,66.58349609375,2.53515625,0.0,22.521875000000023
2007-02-14 13:00:00+00:00,0.0,0.0,294.375,73.060546875,2.556640625,0.0,21.225000000000023
2007-02-14 14:00:00+00:00,0.0,0.0,293.25,79.3631591796875,2.349609375,0.0,20.100000000000023
2007-02-14 15:00:00+00:00,0.0,0.0,292.578125,81.23193359375,1.74609375,0.0,19.428125000000023
2007-02-14 16:00:00+00:00,0.0,0.0,292.34375,82.04412841796875,1.041015625,0.0,19.193750000000023
2007-02-14 17:00:00+00:00,0.0,0.0,292.25,82.60919189453125,1.01171875,0.0,19.100000000000023
2007-02-14 18:00:00+00:00,0.0,0.0,292.125,83.61834716796875,1.39453125,0.0,18.975000000000023
2007-02-14 19:00:00+00:00,0.0,0.453125,291.90625,85.258544921875,1.447265625,0.453125,18.756250000000023
2007-02-14 20:00:00+00:00,33.08203125,44.12109375,291.71875,86.7418212890625,1.3046875,77.203125,18.568750000000023
2007-02-14 21:00:00+00:00,193.80078125,85.05859375,292.4375,85.599853515625,1.0234375,278.859375,19.287500000000023
2007-02-14 22:00:00+00:00,376.84765625,106.52734375,292.953125,83.58111572265625,0.98046875,483.375,19.803125000000023
2007-02-14 23:00:00+00:00,96.8515625,153.5078125,293.90625,79.5987548828125,0.880859375,250.359375,20.756250000000023
2007-02-15 00:00:00+00:00,211.9375,353.171875,295.234375,74.19854736328125,0.849609375,565.109375,22.084375000000023
2007-02-15 01:00:00+00:00,277.9296875,371.2734375,297.703125,64.93853759765625,0.98828125,649.203125,24.553125000000023
2007-02-15 02:00:00+00:00,775.4765625,188.9921875,300.578125,55.52398681640625,0.671875,964.46875,27.428125000000023
2007-02-15 03:00:00+00:00,719.4140625,82.7890625,306.046875,24.1820068359375,0.546875,802.203125,32.89687500000002
2007-02-15 04:00:00+00:00,254.921875,54.953125,306.625,21.43511962890625,0.58203125,309.875,33.47500000000002
2007-02-15 05:00:00+00:00,544.3984375,158.2265625,306.875,20.78948974609375,0.2890625,702.625,33.72500000000002
2007-02-15 06:00:00+00:00,383.7734375,84.8671875,307.5,19.16845703125,1.009765625,468.640625,34.35000000000002
2007-02-15 07:00:00+00:00,225.88671875,61.12890625,307.859375,18.09539794921875,1.083984375,287.015625,34.70937500000002
2007-02-15 08:00:00+00:00,64.40625,20.078125,307.84375,17.96319580078125,1.068359375,84.484375,34.69375000000002
2007-02-15 09:00:00+00:00,0.66796875,1.59765625,306.421875,22.4833984375,1.271484375,2.265625,33.27187500000002
2007-02-15 10:00:00+00:00,0.0,0.0,306.1875,24.01092529296875,1.880859375,0.0,33.03750000000002
2007-02-15 11:00:00+00:00,0.0,0.0,305.609375,27.58758544921875,2.34765625,0.0,32.45937500000002
2007-02-15 12:00:00+00:00,0.0,0.0,304.8125,31.9454345703125,2.63671875,0.0,31.662500000000023
2007-02-15 13:00:00+00:00,0.0,0.0,304.140625,34.63818359375,2.076171875,0.0,30.990625000000023
2007-02-15 14:00:00+00:00,0.0,0.0,303.40625,38.01025390625,1.615234375,0.0,30.256250000000023
2007-02-15 15:00:00+00:00,0.0,0.0,302.09375,40.91326904296875,1.62890625,0.0,28.943750000000023
2007-02-15 16:00:00+00:00,0.0,0.0,301.1875,43.65203857421875,1.9296875,0.0,28.037500000000023
2007-02-15 17:00:00+00:00,0.0,0.0,300.609375,43.63861083984375,1.76171875,0.0,27.459375000000023
2007-02-15 18:00:00+00:00,0.0,0.0,300.203125,41.9195556640625,1.966796875,0.0,27.053125000000023
2007-02-15 19:00:00+00:00,0.0,0.3125,299.84375,40.3533935546875,2.25390625,0.3125,26.693750000000023
2007-02-15 20:00:00+00:00,33.36328125,43.02734375,299.25,40.64593505859375,2.251953125,76.390625,26.100000000000023
2007-02-15 21:00:00+00:00,199.375,81.234375,298.5625,41.4388427734375,2.47265625,280.609375,25.412500000000023
2007-02-15 22:00:00+00:00,369.08203125,111.27734375,299.109375,40.51953125,2.69921875,480.359375,25.959375000000023
2007-02-15 23:00:00+00:00,560.8046875,115.9921875,300.75,36.90777587890625,3.19140625,676.796875,27.600000000000023
2007-02-16 00:00:00+00:00,668.328125,140.203125,303.1875,29.92852783203125,3.9140625,808.53125,30.037500000000023
2007-02-16 01:00:00+00:00,799.40625,121.0625,305.234375,25.689208984375,3.87890625,920.46875,32.08437500000002
2007-02-16 02:00:00+00:00,320.828125,248.078125,306.53125,22.52203369140625,3.544921875,568.90625,33.38125000000002
2007-02-16 03:00:00+00:00,322.76953125,154.69921875,307.8125,18.8212890625,3.228515625,477.46875,34.66250000000002
2007-02-16 04:00:00+00:00,463.7421875,196.3984375,307.6875,18.93963623046875,3.03515625,660.140625,34.53750000000002
2007-02-16 05:00:00+00:00,491.2578125,166.0859375,307.953125,18.397216796875,2.486328125,657.34375,34.80312500000002
2007-02-16 06:00:00+00:00,227.65625,110.0,307.96875,18.5869140625,2.419921875,337.65625,34.81875000000002
2007-02-16 07:00:00+00:00,75.24609375,46.94140625,307.84375,19.32574462890625,2.498046875,122.1875,34.69375000000002
2007-02-16 08:00:00+00:00,30.91015625,46.73046875,307.59375,19.5863037109375,2.984375,77.640625,34.44375000000002
2007-02-16 09:00:00+00:00,0.3515625,1.5859375,307.234375,21.8851318359375,1.962890625,1.9375,34.08437500000002
2007-02-16 10:00:00+00:00,0.0,0.0,307.078125,22.4461669921875,2.357421875,0.0,33.92812500000002
2007-02-16 11:00:00+00:00,0.0,0.0,306.625,24.49554443359375,2.501953125,0.0,33.47500000000002
2007-02-16 12:00:00+00:00,0.0,0.0,305.921875,27.31488037109375,2.41015625,0.0,32.77187500000002
2007-02-16 13:00:00+00:00,0.0,0.0,305.28125,28.56646728515625,2.16796875,0.0,32.13125000000002
2007-02-16 14:00:00+00:00,0.0,0.0,304.078125,27.82708740234375,2.833984375,0.0,30.928125000000023
2007-02-16 15:00:00+00:00,0.0,0.0,301.984375,28.43780517578125,4.341796875,0.0,28.834375000000023
2007-02-16 16:00:00+00:00,0.0,0.0,300.921875,32.48175048828125,4.248046875,0.0,27.771875000000023
2007-02-16 17:00:00+00:00,0.0,0.0,300.109375,35.56158447265625,4.275390625,0.0,26.959375000000023
2007-02-16 18:00:00+00:00,0.0,0.0,299.484375,37.8651123046875,4.212890625,0.0,26.334375000000023
2007-02-16 19:00:00+00:00,0.0,0.1875,298.875,40.3057861328125,4.185546875,0.1875,25.725000000000023
2007-02-16 20:00:00+00:00,12.73046875,44.95703125,298.515625,42.40118408203125,3.904296875,57.6875,25.365625000000023
2007-02-16 21:00:00+00:00,155.19921875,103.51953125,298.3125,42.50787353515625,3.677734375,258.71875,25.162500000000023
2007-02-16 22:00:00+00:00,162.23046875,179.33203125,298.875,43.0277099609375,3.68359375,341.5625,25.725000000000023
2007-02-16 23:00:00+00:00,513.875,156.140625,300.21875,42.13653564453125,4.189453125,670.015625,27.068750000000023
2007-02-17 00:00:00+00:00,689.05859375,121.26953125,302.4375,37.51580810546875,4.625,810.328125,29.287500000000023
2007-02-17 01:00:00+00:00,811.0078125,104.6484375,304.546875,31.72259521484375,4.876953125,915.65625,31.396875000000023
2007-02-17 02:00:00+00:00,860.0,92.796875,306.28125,27.5523681640625,4.484375,952.796875,33.13125000000002
2007-02-17 03:00:00+00:00,847.90234375,82.86328125,307.5625,23.24700927734375,4.177734375,930.765625,34.41250000000002
2007-02-17 04:00:00+00:00,747.6875,67.328125,308.15625,21.42578125,3.08203125,815.015625,35.00625000000002
2007-02-17 05:00:00+00:00,290.53125,117.21875,308.453125,20.39642333984375,2.384765625,407.75,35.30312500000002
2007-02-17 06:00:00+00:00,359.96484375,125.72265625,308.671875,19.4796142578125,1.873046875,485.6875,35.52187500000002
2007-02-17 07:00:00+00:00,257.265625,46.8125,309.078125,18.73419189453125,1.7578125,304.078125,35.92812500000002
2007-02-17 08:00:00+00:00,73.3515625,18.2734375,309.40625,18.48211669921875,2.58984375,91.625,36.25625000000002
2007-02-17 09:00:00+00:00,0.0,1.359375,309.296875,19.091552734375,2.755859375,1.359375,36.14687500000002
2007-02-17 10:00:00+00:00,0.0,0.0,308.609375,20.31805419921875,3.09375,0.0,35.45937500000002
2007-02-17 11:00:00+00:00,0.0,0.0,308.015625,21.167724609375,2.861328125,0.0,34.86562500000002
2007-02-17 12:00:00+00:00,0.0,0.0,307.46875,21.6627197265625,1.96875,0.0,34.31875000000002
2007-02-17 13:00:00+00:00,0.0,0.0,307.015625,22.4637451171875,1.44140625,0.0,33.86562500000002
2007-02-17 14:00:00+00:00,0.0,0.0,305.96875,25.9459228515625,1.833984375,0.0,32.81875000000002
2007-02-17 15:00:00+00:00,0.0,0.0,304.9375,25.95965576171875,1.05078125,0.0,31.787500000000023
2007-02-17 16:00:00+00:00,0.0,0.0,304.078125,27.42608642578125,1.1875,0.0,30.928125000000023
2007-02-17 17:00:00+00:00,0.0,0.0,303.015625,29.74395751953125,1.30078125,0.0,29.865625000000023
2007-02-17 18:00:00+00:00,0.0,0.0,302.109375,31.95281982421875,1.453125,0.0,28.959375000000023
2007-02-17 19:00:00+00:00,0.0,0.140625,301.921875,31.11090087890625,2.017578125,0.140625,28.771875000000023
2007-02-17 20:00:00+00:00,33.65234375,38.81640625,302.03125,27.6669921875,2.46875,72.46875,28.881250000000023
2007-02-17 21:00:00+00:00,192.1640625,80.5859375,300.734375,34.42657470703125,2.341796875,272.75,27.584375000000023
2007-02-17 22:00:00+00:00,376.5546875,103.6640625,301.125,32.056884765625,2.66796875,480.21875,27.975000000000023
2007-02-17 23:00:00+00:00,556.27734375,115.41015625,302.546875,30.15789794921875,3.22265625,671.6875,29.396875000000023
2007-02-18 00:00:00+00:00,704.26953125,114.87109375,304.625,26.8228759765625,3.943359375,819.140625,31.475000000000023
2007-02-18 01:00:00+00:00,798.1328125,116.4921875,306.703125,23.70947265625,4.56640625,914.625,33.55312500000002
2007-02-18 02:00:00+00:00,792.09375,132.15625,308.125,21.4066162109375,5.259765625,924.25,34.97500000000002
2007-02-18 03:00:00+00:00,698.05859375,104.14453125,309.609375,19.04412841796875,4.990234375,802.203125,36.45937500000002
2007-02-18 04:00:00+00:00,543.01171875,181.11328125,310.34375,17.8963623046875,4.64453125,724.125,37.19375000000002
2007-02-18 05:00:00+00:00,418.00390625,163.71484375,310.359375,18.53704833984375,4.423828125,581.71875,37.20937500000002
2007-02-18 06:00:00+00:00,136.39453125,158.71484375,311.171875,16.85382080078125,3.775390625,295.109375,38.02187500000002
2007-02-18 07:00:00+00:00,121.1328125,133.2578125,310.78125,18.69256591796875,4.33203125,254.390625,37.63125000000002
2007-02-18 08:00:00+00:00,9.7265625,0.0,309.0,23.63812255859375,3.162109375,7.203125,35.85000000000002
2007-02-18 09:00:00+00:00,0.0,0.96875,303.53125,39.48382568359375,5.884765625,0.96875,30.381250000000023
2007-02-18 10:00:00+00:00,0.0,0.0,300.875,44.43304443359375,3.828125,0.0,27.725000000000023
2007-02-18 11:00:00+00:00,0.0,0.0,300.484375,45.25506591796875,2.88671875,0.0,27.334375000000023
2007-02-18 12:00:00+00:00,0.0,0.0,297.5,62.31884765625,4.220703125,0.0,24.350000000000023
2007-02-18 13:00:00+00:00,0.0,0.0,296.109375,69.77398681640625,1.30859375,0.0,22.959375000000023
2007-02-18 14:00:00+00:00,0.0,0.0,295.375,75.96649169921875,2.681640625,0.0,22.225000000000023
2007-02-18 15:00:00+00:00,0.0,0.0,294.703125,81.9991455078125,4.419921875,0.0,21.553125000000023
2007-02-18 16:00:00+00:00,0.0,0.0,293.171875,87.43115234375,4.447265625,0.0,20.021875000000023
2007-02-18 17:00:00+00:00,0.0,0.0,293.15625,86.88690185546875,3.005859375,0.0,20.006250000000023
2007-02-18 18:00:00+00:00,0.0,0.0,293.109375,87.81005859375,1.220703125,0.0,19.959375000000023
2007-02-18 19:00:00+00:00,0.0,0.046875,293.0625,87.75811767578125,0.26953125,0.046875,19.912500000000023
2007-02-18 20:00:00+00:00,0.375,37.734375,293.109375,87.4002685546875,0.908203125,38.109375,19.959375000000023
2007-02-18 21:00:00+00:00,21.55078125,107.98046875,293.15625,89.609130859375,1.720703125,129.53125,20.006250000000023
2007-02-18 22:00:00+00:00,128.9296875,218.1640625,293.359375,87.26995849609375,1.861328125,347.09375,20.209375000000023
2007-02-18 23:00:00+00:00,132.09375,245.9375,293.90625,83.15179443359375,1.984375,378.03125,20.756250000000023
2007-02-19 00:00:00+00:00,70.46875,363.40625,294.65625,78.70550537109375,2.54296875,433.875,21.506250000000023
2007-02-19 01:00:00+00:00,210.90625,480.234375,295.125,76.88250732421875,2.845703125,691.140625,21.975000000000023
2007-02-19 02:00:00+00:00,151.75390625,441.98046875,295.78125,74.49346923828125,2.759765625,593.734375,22.631250000000023
2007-02-19 03:00:00+00:00,217.15625,458.359375,296.8125,73.88372802734375,2.80859375,675.515625,23.662500000000023
2007-02-19 04:00:00+00:00,652.59765625,180.63671875,297.796875,68.80291748046875,3.244140625,833.234375,24.646875000000023
2007-02-19 05:00:00+00:00,541.53515625,103.23046875,298.78125,63.21624755859375,3.453125,644.765625,25.631250000000023
2007-02-19 06:00:00+00:00,432.83203125,72.94921875,299.40625,59.74969482421875,3.720703125,505.78125,26.256250000000023
2007-02-19 07:00:00+00:00,229.32421875,52.50390625,299.734375,58.0135498046875,3.953125,281.828125,26.584375000000023
2007-02-19 08:00:00+00:00,76.97265625,17.26171875,299.40625,59.11248779296875,3.70703125,94.234375,26.256250000000023
2007-02-19 09:00:00+00:00,0.08984375,0.81640625,298.75,61.29766845703125,4.03515625,0.90625,25.600000000000023
2007-02-19 10:00:00+00:00,0.0,0.0,297.96875,63.520263671875,3.328125,0.0,24.818750000000023
2007-02-19 11:00:00+00:00,0.0,0.0,297.03125,66.1063232421875,2.658203125,0.0,23.881250000000023
2007-02-19 12:00:00+00:00,0.0,0.0,295.84375,69.93310546875,2.37890625,0.0,22.693750000000023
2007-02-19 13:00:00+00:00,0.0,0.0,294.9375,73.6661376953125,2.671875,0.0,21.787500000000023
2007-02-19 14:00:00+00:00,0.0,0.0,294.03125,78.30181884765625,2.48046875,0.0,20.881250000000023
2007-02-19 15:00:00+00:00,0.0,0.0,293.359375,83.09735107421875,1.865234375,0.0,20.209375000000023
2007-02-19 16:00:00+00:00,0.0,0.0,292.734375,85.5140380859375,1.78515625,0.0,19.584375000000023
2007-02-19 17:00:00+00:00,0.0,0.0,292.34375,86.636962890625,1.96875,0.0,19.193750000000023
2007-02-19 18:00:00+00:00,0.0,0.0,291.921875,88.9638671875,1.4140625,0.0,18.771875000000023
2007-02-19 19:00:00+00:00,0.0,0.015625,291.78125,89.69537353515625,1.314453125,0.015625,18.631250000000023
2007-02-19 20:00:00+00:00,0.0,17.078125,291.65625,90.38885498046875,0.986328125,17.078125,18.506250000000023
2007-02-19 21:00:00+00:00,5.9140625,114.2890625,291.734375,89.23736572265625,1.298828125,120.203125,18.584375000000023
2007-02-19 22:00:00+00:00,69.984375,244.875,291.5625,89.91143798828125,1.10546875,314.859375,18.412500000000023
2007-02-19 23:00:00+00:00,93.77734375,262.42578125,291.765625,88.8961181640625,0.958984375,356.203125,18.615625000000023
2007-02-20 00:00:00+00:00,296.6953125,362.2734375,292.4375,85.869873046875,0.884765625,658.96875,19.287500000000023
2007-02-20 01:00:00+00:00,445.66796875,276.30078125,293.59375,81.2171630859375,1.015625,721.96875,20.443750000000023
2007-02-20 02:00:00+00:00,700.1953125,220.4765625,295.25,74.64691162109375,1.38671875,920.671875,22.100000000000023
2007-02-20 03:00:00+00:00,757.4921875,143.9140625,300.734375,52.33160400390625,2.154296875,901.40625,27.584375000000023
2007-02-20 04:00:00+00:00,697.5625,116.78125,302.84375,44.8543701171875,2.7109375,814.34375,29.693750000000023
2007-02-20 05:00:00+00:00,568.0,100.8125,304.03125,40.77044677734375,3.1328125,668.8125,30.881250000000023
2007-02-20 06:00:00+00:00,256.72265625,147.46484375,304.359375,38.57733154296875,3.943359375,404.1875,31.209375000000023
2007-02-20 07:00:00+00:00,65.15625,130.890625,303.328125,41.884765625,4.140625,196.046875,30.178125000000023
2007-02-20 08:00:00+00:00,7.015625,52.953125,302.203125,46.74700927734375,3.640625,59.96875,29.053125000000023
2007-02-20 09:00:00+00:00,0.00390625,0.62109375,299.9375,58.0347900390625,3.67578125,0.625,26.787500000000023
2007-02-20 10:00:00+00:00,0.0,0.0,298.828125,62.682373046875,3.2578125,0.0,25.678125000000023
2007-02-20 11:00:00+00:00,0.0,0.0,297.5,69.3609619140625,3.005859375,0.0,24.350000000000023
2007-02-20 12:00:00+00:00,0.0,0.0,296.203125,76.62823486328125,2.9765625,0.0,23.053125000000023
2007-02-20 13:00:00+00:00,0.0,0.0,295.359375,81.34820556640625,2.630859375,0.0,22.209375000000023
2007-02-20 14:00:00+00:00,0.0,0.0,294.875,84.13446044921875,2.513671875,0.0,21.725000000000023
2007-02-20 15:00:00+00:00,0.0,0.0,294.625,85.191650390625,1.708984375,0.0,21.475000000000023
2007-02-20 16:00:00+00:00,0.0,0.0,294.515625,86.00982666015625,1.306640625,0.0,21.365625000000023
2007-02-20 17:00:00+00:00,0.0,0.0,294.3125,87.3787841796875,1.5078125,0.0,21.162500000000023
2007-02-20 18:00:00+00:00,0.0,0.0,294.078125,88.56243896484375,2.03515625,0.0,20.928125000000023
2007-02-20 19:00:00+00:00,0.0,0.0,293.546875,91.52606201171875,1.59765625,0.0,20.396875000000023
2007-02-20 20:00:00+00:00,0.03515625,23.76171875,293.296875,92.5628662109375,1.625,23.796875,20.146875000000023
2007-02-20 21:00:00+00:00,68.6015625,126.5703125,294.078125,88.08831787109375,1.095703125,195.171875,20.928125000000023
2007-02-20 22:00:00+00:00,79.5625,165.96875,294.171875,87.7210693359375,1.74609375,245.53125,21.021875000000023
2007-02-20 23:00:00+00:00,34.046875,309.4375,294.296875,86.59906005859375,2.0,343.484375,21.146875000000023
2007-02-21 00:00:00+00:00,11.66796875,291.25390625,294.84375,82.797119140625,2.060546875,302.921875,21.693750000000023
2007-02-21 01:00:00+00:00,344.4296875,395.7578125,295.5,78.00238037109375,0.828125,740.1875,22.350000000000023
2007-02-21 02:00:00+00:00,758.79296875,169.34765625,296.640625,71.190673828125,0.400390625,928.140625,23.490625000000023
2007-02-21 03:00:00+00:00,789.94140625,105.98046875,300.15625,57.7265625,1.0,895.921875,27.006250000000023
2007-02-21 04:00:00+00:00,695.31640625,103.65234375,303.15625,46.53253173828125,1.533203125,798.96875,30.006250000000023
2007-02-21 05:00:00+00:00,448.26953125,135.83984375,304.90625,41.2386474609375,2.0859375,584.109375,31.756250000000023
2007-02-21 06:00:00+00:00,79.52734375,98.39453125,305.5,36.96319580078125,2.048828125,177.921875,32.35000000000002
2007-02-21 07:00:00+00:00,26.26171875,86.33203125,305.203125,37.15020751953125,2.70703125,112.59375,32.05312500000002
2007-02-21 08:00:00+00:00,28.58203125,38.80859375,303.390625,43.8873291015625,3.56640625,67.390625,30.240625000000023
2007-02-21 09:00:00+00:00,0.0390625,0.4453125,300.53125,57.4368896484375,3.74609375,0.484375,27.381250000000023
2007-02-21 10:00:00+00:00,0.0,0.0,299.28125,62.45074462890625,3.376953125,0.0,26.131250000000023
2007-02-21 11:00:00+00:00,0.0,0.0,297.015625,72.0531005859375,3.845703125,0.0,23.865625000000023
2007-02-21 12:00:00+00:00,0.0,0.0,295.328125,80.2198486328125,3.36328125,0.0,22.178125000000023
2007-02-21 13:00:00+00:00,0.0,0.0,294.53125,84.46923828125,2.48046875,0.0,21.381250000000023
2007-02-21 14:00:00+00:00,0.0,0.0,294.1875,85.6968994140625,1.73046875,0.0,21.037500000000023
2007-02-21 15:00:00+00:00,0.0,0.0,294.0,84.28900146484375,1.98828125,0.0,20.850000000000023
2007-02-21 16:00:00+00:00,0.0,0.0,293.890625,84.09332275390625,1.69140625,0.0,20.740625000000023
2007-02-21 17:00:00+00:00,0.0,0.0,293.671875,84.8709716796875,1.271484375,0.0,20.521875000000023
2007-02-21 18:00:00+00:00,0.0,0.0,293.453125,85.96405029296875,1.0625,0.0,20.303125000000023
2007-02-21 19:00:00+00:00,0.0,0.0,293.265625,86.98809814453125,1.3359375,0.0,20.115625000000023
2007-02-21 20:00:00+00:00,0.0,25.34375,292.96875,88.7330322265625,1.20703125,25.34375,19.818750000000023
2007-02-21 21:00:00+00:00,51.1796875,120.9140625,293.234375,86.1693115234375,1.4140625,172.09375,20.084375000000023
2007-02-21 22:00:00+00:00,20.5,154.453125,293.21875,86.652099609375,0.84375,174.953125,20.068750000000023
2007-02-21 23:00:00+00:00,118.578125,300.9375,293.375,86.03021240234375,0.615234375,419.515625,20.225000000000023
2007-02-22 00:00:00+00:00,278.5546875,288.6015625,293.78125,83.82415771484375,0.451171875,567.15625,20.631250000000023
2007-02-22 01:00:00+00:00,473.99609375,318.33203125,294.359375,80.78533935546875,0.12890625,792.328125,21.209375000000023
2007-02-22 02:00:00+00:00,778.53125,150.515625,295.328125,76.2889404296875,0.6328125,929.046875,22.178125000000023
2007-02-22 03:00:00+00:00,797.47265625,98.77734375,300.8125,53.406494140625,2.373046875,896.25,27.662500000000023
2007-02-22 04:00:00+00:00,724.765625,83.40625,302.46875,47.6409912109375,3.162109375,808.171875,29.318750000000023
2007-02-22 05:00:00+00:00,601.828125,65.671875,303.203125,44.8740234375,3.03125,667.5,30.053125000000023
2007-02-22 06:00:00+00:00,432.96484375,51.44140625,303.640625,43.712646484375,3.494140625,484.40625,30.490625000000023
2007-02-22 07:00:00+00:00,241.33203125,36.35546875,302.640625,46.40948486328125,3.884765625,277.6875,29.490625000000023
2007-02-22 08:00:00+00:00,67.453125,10.78125,302.4375,46.4483642578125,3.349609375,78.234375,29.287500000000023
2007-02-22 09:00:00+00:00,0.01953125,0.27734375,299.546875,55.669921875,4.150390625,0.296875,26.396875000000023
2007-02-22 10:00:00+00:00,0.0,0.0,298.53125,59.87481689453125,3.51171875,0.0,25.381250000000023
2007-02-22 11:00:00+00:00,0.0,0.0,297.765625,62.28875732421875,2.87890625,0.0,24.615625000000023
2007-02-22 12:00:00+00:00,0.0,0.0,296.53125,66.4151611328125,2.4375,0.0,23.381250000000023
2007-02-22 13:00:00+00:00,0.0,0.0,295.703125,69.9095458984375,2.166015625,0.0,22.553125000000023
2007-02-22 14:00:00+00:00,0.0,0.0,295.015625,73.79180908203125,2.07421875,0.0,21.865625000000023
2007-02-22 15:00:00+00:00,0.0,0.0,293.859375,81.61981201171875,2.05078125,0.0,20.709375000000023
2007-02-22 16:00:00+00:00,0.0,0.0,293.515625,83.07440185546875,1.712890625,0.0,20.365625000000023
2007-02-22 17:00:00+00:00,0.0,0.0,293.328125,84.04296875,1.265625,0.0,20.178125000000023
2007-02-22 18:00:00+00:00,0.0,0.0,293.265625,84.35125732421875,1.109375,0.0,20.115625000000023
2007-02-22 19:00:00+00:00,0.0,0.0,293.25,84.1739501953125,0.865234375,0.0,20.100000000000023
2007-02-22 20:00:00+00:00,4.37109375,36.14453125,293.171875,84.474365234375,0.84375,40.515625,20.021875000000023
2007-02-22 21:00:00+00:00,6.484375,130.953125,293.40625,84.19140625,1.146484375,137.4375,20.256250000000023
2007-02-22 22:00:00+00:00,15.953125,226.171875,293.359375,84.85809326171875,1.265625,242.125,20.209375000000023
2007-02-22 23:00:00+00:00,58.44921875,285.17578125,293.546875,83.76568603515625,0.818359375,343.625,20.396875000000023
2007-02-23 00:00:00+00:00,151.1953125,406.8671875,293.703125,82.79010009765625,0.287109375,558.0625,20.553125000000023
2007-02-23 01:00:00+00:00,697.44140625,196.16796875,294.53125,78.05511474609375,0.244140625,893.609375,21.381250000000023
2007-02-23 02:00:00+00:00,838.3359375,93.9140625,295.78125,72.38775634765625,0.140625,932.25,22.631250000000023
2007-02-23 03:00:00+00:00,821.2734375,83.9765625,301.5,49.8360595703125,2.2890625,905.25,28.350000000000023
2007-02-23 04:00:00+00:00,738.66015625,75.13671875,303.078125,43.0469970703125,2.837890625,813.796875,29.928125000000023
2007-02-23 05:00:00+00:00,604.1484375,63.3671875,304.140625,38.4586181640625,2.9375,667.515625,30.990625000000023
2007-02-23 06:00:00+00:00,430.75390625,50.71484375,304.9375,36.24609375,2.8203125,481.46875,31.787500000000023
2007-02-23 07:00:00+00:00,237.19140625,37.38671875,305.40625,34.21405029296875,2.73046875,274.578125,32.25625000000002
2007-02-23 08:00:00+00:00,54.859375,17.078125,305.0,34.32318115234375,3.806640625,71.9375,31.850000000000023
2007-02-23 09:00:00+00:00,0.00390625,0.19921875,301.4375,46.02392578125,3.419921875,0.203125,28.287500000000023
2007-02-23 10:00:00+00:00,0.0,0.0,299.75,54.698974609375,3.51953125,0.0,26.600000000000023
2007-02-23 11:00:00+00:00,0.0,0.0,297.46875,65.37738037109375,4.04296875,0.0,24.318750000000023
2007-02-23 12:00:00+00:00,0.0,0.0,294.953125,76.240478515625,4.265625,0.0,21.803125000000023
2007-02-23 13:00:00+00:00,0.0,0.0,293.25,82.40435791015625,4.42578125,0.0,20.100000000000023
2007-02-23 14:00:00+00:00,0.0,0.0,292.84375,81.60821533203125,3.986328125,0.0,19.693750000000023
2007-02-23 15:00:00+00:00,0.0,0.0,292.578125,78.32244873046875,4.265625,0.0,19.428125000000023
2007-02-23 16:00:00+00:00,0.0,0.0,292.09375,79.52972412109375,3.67578125,0.0,18.943750000000023
2007-02-23 17:00:00+00:00,0.0,0.0,291.796875,80.11773681640625,3.478515625,0.0,18.646875000000023
2007-02-23 18:00:00+00:00,0.0,0.0,291.703125,79.32269287109375,3.26953125,0.0,18.553125000000023
2007-02-23 19:00:00+00:00,0.0,0.0,291.6875,77.970947265625,3.302734375,0.0,18.537500000000023
2007-02-23 20:00:00+00:00,0.0,21.59375,291.65625,76.8099365234375,3.033203125,21.59375,18.506250000000023
2007-02-23 21:00:00+00:00,1.62890625,99.96484375,291.796875,74.73089599609375,1.71875,101.59375,18.646875000000023
2007-02-23 22:00:00+00:00,207.0546875,178.6640625,291.921875,74.047607421875,2.302734375,385.71875,18.771875000000023
2007-02-23 23:00:00+00:00,119.65625,164.640625,292.109375,74.5067138671875,3.017578125,284.296875,18.959375000000023
2007-02-24 00:00:00+00:00,215.28125,291.03125,292.078125,74.35858154296875,3.46875,506.3125,18.928125000000023
2007-02-24 01:00:00+00:00,277.16796875,434.89453125,292.796875,67.90777587890625,3.6953125,712.0625,19.646875000000023
2007-02-24 02:00:00+00:00,353.59765625,406.73046875,293.6875,62.04052734375,3.96484375,760.328125,20.537500000000023
2007-02-24 03:00:00+00:00,550.3515625,177.3828125,294.140625,60.49676513671875,4.4375,727.734375,20.990625000000023
2007-02-24 04:00:00+00:00,653.98046875,132.87890625,294.75,57.45806884765625,4.671875,786.859375,21.600000000000023
2007-02-24 05:00:00+00:00,501.484375,107.984375,295.1875,54.71783447265625,5.072265625,609.46875,22.037500000000023
2007-02-24 06:00:00+00:00,349.25,74.453125,295.09375,54.61553955078125,5.24609375,423.703125,21.943750000000023
2007-02-24 07:00:00+00:00,193.03125,41.96875,294.71875,55.66741943359375,5.080078125,235.0,21.568750000000023
2007-02-24 08:00:00+00:00,53.8046875,8.9765625,293.96875,58.537109375,4.93359375,62.78125,20.818750000000023
2007-02-24 09:00:00+00:00,0.0,0.078125,293.046875,61.4671630859375,4.609375,0.078125,19.896875000000023
2007-02-24 10:00:00+00:00,0.0,0.0,292.515625,61.80303955078125,4.1328125,0.0,19.365625000000023
2007-02-24 11:00:00+00:00,0.0,0.0,292.03125,62.46588134765625,3.865234375,0.0,18.881250000000023
2007-02-24 12:00:00+00:00,0.0,0.0,291.65625,63.766357421875,3.443359375,0.0,18.506250000000023
2007-02-24 13:00:00+00:00,0.0,0.0,291.40625,64.35638427734375,3.3046875,0.0,18.256250000000023
2007-02-24 14:00:00+00:00,0.0,0.0,291.0625,65.05694580078125,3.6484375,0.0,17.912500000000023
2007-02-24 15:00:00+00:00,0.0,0.0,290.78125,66.890625,2.90234375,0.0,17.631250000000023
2007-02-24 16:00:00+00:00,0.0,0.0,290.65625,68.730224609375,2.45703125,0.0,17.506250000000023
2007-02-24 17:00:00+00:00,0.0,0.0,290.515625,70.430908203125,2.306640625,0.0,17.365625000000023
2007-02-24 18:00:00+00:00,0.0,0.0,290.546875,69.68975830078125,2.478515625,0.0,17.396875000000023
2007-02-24 19:00:00+00:00,0.0,0.0,290.59375,68.7696533203125,2.8125,0.0,17.443750000000023
2007-02-24 20:00:00+00:00,16.53125,28.109375,290.265625,71.86309814453125,3.16015625,44.640625,17.115625000000023
2007-02-24 21:00:00+00:00,87.7578125,109.2734375,290.0,73.2520751953125,2.794921875,197.03125,16.850000000000023
2007-02-24 22:00:00+00:00,291.6953125,134.6328125,290.421875,66.64520263671875,3.685546875,426.328125,17.271875000000023
2007-02-24 23:00:00+00:00,491.7890625,134.3828125,291.234375,60.125244140625,3.720703125,626.171875,18.084375000000023
2007-02-25 00:00:00+00:00,626.60546875,145.00390625,292.25,55.0804443359375,3.623046875,771.609375,19.100000000000023
2007-02-25 01:00:00+00:00,453.390625,201.75,293.140625,53.26416015625,4.240234375,655.140625,19.990625000000023
2007-02-25 02:00:00+00:00,171.61328125,280.94921875,293.484375,55.7557373046875,4.794921875,452.5625,20.334375000000023
2007-02-25 03:00:00+00:00,257.15625,189.515625,294.390625,57.8804931640625,5.513671875,446.671875,21.240625000000023
2007-02-25 04:00:00+00:00,535.9921875,223.7421875,294.421875,59.1463623046875,5.42578125,759.734375,21.271875000000023
2007-02-25 05:00:00+00:00,596.203125,82.125,294.875,59.12017822265625,5.41015625,678.328125,21.725000000000023
2007-02-25 06:00:00+00:00,450.48828125,43.94921875,295.03125,60.7703857421875,5.384765625,494.4375,21.881250000000023
2007-02-25 07:00:00+00:00,227.140625,19.890625,295.15625,61.0421142578125,5.03515625,247.03125,22.006250000000023
2007-02-25 08:00:00+00:00,57.06640625,8.79296875,295.21875,59.72705078125,4.779296875,65.859375,22.068750000000023
2007-02-25 09:00:00+00:00,0.0,0.03125,295.359375,57.543701171875,4.71484375,0.03125,22.209375000000023
2007-02-25 10:00:00+00:00,0.0,0.0,294.953125,54.4937744140625,4.369140625,0.0,21.803125000000023
2007-02-25 11:00:00+00:00,0.0,0.0,294.046875,62.52294921875,3.501953125,0.0,20.896875000000023
2007-02-25 12:00:00+00:00,0.0,0.0,294.15625,58.90985107421875,2.16796875,0.0,21.006250000000023
2007-02-25 13:00:00+00:00,0.0,0.0,293.8125,57.80743408203125,2.263671875,0.0,20.662500000000023
2007-02-25 14:00:00+00:00,0.0,0.0,292.796875,64.17083740234375,2.365234375,0.0,19.646875000000023
2007-02-25 15:00:00+00:00,0.0,0.0,291.859375,71.810302734375,2.001953125,0.0,18.709375000000023
2007-02-25 16:00:00+00:00,0.0,0.0,291.328125,76.46942138671875,1.693359375,0.0,18.178125000000023
2007-02-25 17:00:00+00:00,0.0,0.0,290.953125,79.555908203125,0.994140625,0.0,17.803125000000023
2007-02-25 18:00:00+00:00,0.0,0.0,290.640625,81.8751220703125,0.818359375,0.0,17.490625000000023
2007-02-25 19:00:00+00:00,0.0,0.0,290.25,84.67169189453125,0.177734375,0.0,17.100000000000023
2007-02-25 20:00:00+00:00,23.58203125,28.71484375,289.984375,86.85992431640625,0.408203125,52.296875,16.834375000000023
2007-02-25 21:00:00+00:00,170.71484375,75.50390625,290.0,86.73828125,0.50390625,246.21875,16.850000000000023
2007-02-25 22:00:00+00:00,323.56640625,110.54296875,290.0625,86.97650146484375,0.84375,434.109375,16.912500000000023
2007-02-25 23:00:00+00:00,520.48046875,119.86328125,290.53125,85.02191162109375,0.9375,640.34375,17.381250000000023
2007-02-26 00:00:00+00:00,672.234375,116.875,291.21875,82.02874755859375,0.39453125,789.109375,18.068750000000023
2007-02-26 01:00:00+00:00,776.578125,112.28125,292.25,77.50177001953125,0.380859375,888.859375,19.100000000000023
2007-02-26 02:00:00+00:00,743.8203125,139.8828125,294.4375,67.3409423828125,0.693359375,883.703125,21.287500000000023
2007-02-26 03:00:00+00:00,832.76953125,73.82421875,298.921875,48.3724365234375,1.55078125,906.59375,25.771875000000023
2007-02-26 04:00:00+00:00,601.68359375,75.03515625,301.625,37.40521240234375,2.62890625,676.71875,28.475000000000023
2007-02-26 05:00:00+00:00,375.125,124.953125,303.28125,27.533935546875,3.3125,500.078125,30.131250000000023
2007-02-26 06:00:00+00:00,415.80078125,82.98046875,304.21875,18.0142822265625,3.9453125,498.78125,31.068750000000023
2007-02-26 07:00:00+00:00,231.23046875,39.44140625,303.796875,18.91571044921875,5.322265625,270.671875,30.646875000000023
2007-02-26 08:00:00+00:00,53.046875,12.0,302.578125,24.98004150390625,5.75,65.046875,29.428125000000023
2007-02-26 09:00:00+00:00,0.0,0.0,301.0,31.0042724609375,6.548828125,0.0,27.850000000000023
2007-02-26 10:00:00+00:00,0.0,0.0,298.796875,39.22796630859375,6.361328125,0.0,25.646875000000023
2007-02-26 11:00:00+00:00,0.0,0.0,297.09375,46.18450927734375,5.86328125,0.0,23.943750000000023
2007-02-26 12:00:00+00:00,0.0,0.0,296.015625,50.33782958984375,5.1171875,0.0,22.865625000000023
2007-02-26 13:00:00+00:00,0.0,0.0,295.34375,53.21514892578125,4.1953125,0.0,22.193750000000023
2007-02-26 14:00:00+00:00,0.0,0.0,294.65625,56.238525390625,3.501953125,0.0,21.506250000000023
2007-02-26 15:00:00+00:00,0.0,0.0,294.390625,57.59075927734375,2.921875,0.0,21.240625000000023
2007-02-26 16:00:00+00:00,0.0,0.0,294.125,58.7305908203125,1.783203125,0.0,20.975000000000023
2007-02-26 17:00:00+00:00,0.0,0.0,293.828125,60.047119140625,1.521484375,0.0,20.678125000000023
2007-02-26 18:00:00+00:00,0.0,0.0,293.25,62.80224609375,1.708984375,0.0,20.100000000000023
2007-02-26 19:00:00+00:00,0.0,0.0,292.671875,66.26153564453125,2.0546875,0.0,19.521875000000023
2007-02-26 20:00:00+00:00,2.9140625,35.0078125,292.296875,69.1943359375,2.138671875,37.921875,19.146875000000023
2007-02-26 21:00:00+00:00,48.51171875,134.26953125,291.96875,68.96783447265625,1.859375,182.78125,18.818750000000023
2007-02-26 22:00:00+00:00,82.84375,239.484375,292.5,65.13470458984375,2.037109375,322.328125,19.350000000000023
2007-02-26 23:00:00+00:00,82.76953125,299.19921875,293.953125,55.6951904296875,2.31640625,381.96875,20.803125000000023
2007-02-27 00:00:00+00:00,332.82421875,341.78515625,295.609375,45.7724609375,2.732421875,674.609375,22.459375000000023
2007-02-27 01:00:00+00:00,597.47265625,252.29296875,297.046875,40.302490234375,2.99609375,849.765625,23.896875000000023
2007-02-27 02:00:00+00:00,742.05859375,162.76953125,298.40625,37.1199951171875,3.23046875,904.828125,25.256250000000023
2007-02-27 03:00:00+00:00,228.453125,375.609375,299.359375,34.1175537109375,4.99609375,604.0625,26.209375000000023
2007-02-27 04:00:00+00:00,303.78515625,358.32421875,300.0,32.47686767578125,3.96875,662.109375,26.850000000000023
2007-02-27 05:00:00+00:00,91.53515625,168.41796875,300.578125,32.0074462890625,3.60546875,259.953125,27.428125000000023
2007-02-27 06:00:00+00:00,5.46875,140.453125,300.0,37.6634521484375,5.767578125,145.921875,26.850000000000023
2007-02-27 07:00:00+00:00,0.2578125,86.4296875,298.78125,43.7943115234375,6.064453125,86.6875,25.631250000000023
2007-02-27 08:00:00+00:00,10.859375,22.0625,297.9375,47.81768798828125,5.490234375,32.921875,24.787500000000023
2007-02-27 09:00:00+00:00,0.0,0.0,296.03125,58.1468505859375,5.396484375,0.0,22.881250000000023
2007-02-27 10:00:00+00:00,0.0,0.0,294.828125,62.885986328125,5.0859375,0.0,21.678125000000023
2007-02-27 11:00:00+00:00,0.0,0.0,293.96875,67.52703857421875,4.6328125,0.0,20.818750000000023
2007-02-27 12:00:00+00:00,0.0,0.0,293.484375,70.31951904296875,4.63671875,0.0,20.334375000000023
2007-02-27 13:00:00+00:00,0.0,0.0,292.921875,74.7391357421875,4.208984375,0.0,19.771875000000023
2007-02-27 14:00:00+00:00,0.0,0.0,292.46875,79.25994873046875,3.201171875,0.0,19.318750000000023
2007-02-27 15:00:00+00:00,0.0,0.0,291.53125,88.7596435546875,2.17578125,0.0,18.381250000000023
2007-02-27 16:00:00+00:00,0.0,0.0,291.453125,90.61627197265625,1.748046875,0.0,18.303125000000023
2007-02-27 17:00:00+00:00,0.0,0.0,291.5,90.994140625,1.693359375,0.0,18.350000000000023
2007-02-27 18:00:00+00:00,0.0,0.0,291.5625,91.90643310546875,1.189453125,0.0,18.412500000000023
2007-02-27 19:00:00+00:00,0.0,0.0,291.578125,91.88623046875,1.328125,0.0,18.428125000000023
2007-02-27 20:00:00+00:00,1.15625,14.546875,291.609375,91.69677734375,1.4140625,15.703125,18.459375000000023
2007-02-27 21:00:00+00:00,33.84375,122.421875,291.84375,88.4779052734375,1.875,156.265625,18.693750000000023
2007-02-27 22:00:00+00:00,306.87109375,131.30078125,292.1875,85.46502685546875,1.845703125,438.171875,19.037500000000023
2007-02-27 23:00:00+00:00,541.25,95.375,293.078125,77.72845458984375,1.8515625,636.625,19.928125000000023
2007-02-28 00:00:00+00:00,695.05859375,88.91015625,294.359375,67.6053466796875,1.705078125,783.96875,21.209375000000023
2007-02-28 01:00:00+00:00,750.14453125,109.73046875,295.953125,56.23858642578125,1.17578125,859.875,22.803125000000023
2007-02-28 02:00:00+00:00,687.1171875,119.4609375,297.5,47.01385498046875,0.91015625,806.578125,24.350000000000023
2007-02-28 03:00:00+00:00,507.515625,135.609375,298.296875,47.26409912109375,1.03125,643.125,25.146875000000023
2007-02-28 04:00:00+00:00,566.1484375,140.2734375,298.921875,44.84716796875,1.205078125,706.421875,25.771875000000023
2007-02-28 05:00:00+00:00,497.9765625,106.8515625,299.71875,41.91033935546875,1.490234375,604.828125,26.568750000000023
2007-02-28 06:00:00+00:00,308.49609375,75.25390625,300.578125,38.8193359375,1.791015625,383.75,27.428125000000023
2007-02-28 07:00:00+00:00,170.21875,42.640625,300.8125,38.25323486328125,2.115234375,212.859375,27.662500000000023
2007-02-28 08:00:00+00:00,48.7578125,6.2890625,300.59375,39.90386962890625,2.298828125,55.046875,27.443750000000023
2007-02-28 09:00:00+00:00,0.0,0.0,299.390625,46.47076416015625,2.89453125,0.0,26.240625000000023
2007-02-28 10:00:00+00:00,0.0,0.0,299.125,46.98529052734375,2.40625,0.0,25.975000000000023
2007-02-28 11:00:00+00:00,0.0,0.0,298.4375,50.130859375,2.337890625,0.0,25.287500000000023
2007-02-28 12:00:00+00:00,0.0,0.0,297.75,54.367431640625,1.916015625,0.0,24.600000000000023
2007-02-28 13:00:00+00:00,0.0,0.0,296.765625,61.59619140625,2.013671875,0.0,23.615625000000023
2007-02-28 14:00:00+00:00,0.0,0.0,295.71875,69.0997314453125,1.806640625,0.0,22.568750000000023
2007-02-28 15:00:00+00:00,0.0,0.0,293.5625,86.491455078125,1.59375,0.0,20.412500000000023
2007-02-28 16:00:00+00:00,0.0,0.0,293.25,87.9027099609375,1.287109375,0.0,20.100000000000023
2007-02-28 17:00:00+00:00,0.0,0.0,292.890625,88.72625732421875,1.515625,0.0,19.740625000000023
2007-02-28 18:00:00+00:00,0.0,0.0,292.421875,89.57623291015625,1.77734375,0.0,19.271875000000023
2007-02-28 19:00:00+00:00,0.0,0.0,291.953125,90.66070556640625,1.861328125,0.0,18.803125000000023
2007-02-28 20:00:00+00:00,0.390625,23.75,291.6875,91.4874267578125,1.744140625,24.140625,18.537500000000023
2007-02-28 21:00:00+00:00,70.0,114.65625,291.59375,92.848876953125,2.06640625,184.65625,18.443750000000023
2007-02-28 22:00:00+00:00,133.0390625,188.5234375,292.078125,91.08935546875,2.373046875,321.5625,18.928125000000023
2007-02-28 23:00:00+00:00,385.8671875,200.6484375,293.203125,85.4627685546875,2.443359375,586.515625,20.053125000000023
2007-03-01 00:00:00+00:00,528.140625,187.46875,294.34375,78.33209228515625,2.466796875,715.609375,21.193750000000023
2007-03-01 01:00:00+00:00,425.85546875,50.36328125,295.546875,71.1378173828125,3.15625,476.21875,22.396875000000023
2007-03-01 02:00:00+00:00,302.6796875,234.6171875,297.1875,57.15447998046875,3.6875,537.296875,24.037500000000023
2007-03-01 03:00:00+00:00,391.1484375,277.6171875,298.0,52.77734375,4.8046875,668.765625,24.850000000000023
2007-03-01 04:00:00+00:00,533.84765625,165.55859375,298.171875,52.4703369140625,4.93359375,699.40625,25.021875000000023
2007-03-01 05:00:00+00:00,500.71484375,101.51953125,298.546875,50.4232177734375,4.931640625,602.234375,25.396875000000023
2007-03-01 06:00:00+00:00,355.39453125,71.01171875,298.453125,50.82843017578125,5.119140625,426.40625,25.303125000000023
2007-03-01 07:00:00+00:00,174.078125,37.140625,297.703125,55.3861083984375,5.041015625,211.21875,24.553125000000023
2007-03-01 08:00:00+00:00,44.3125,9.15625,297.03125,57.7591552734375,4.796875,53.46875,23.881250000000023
2007-03-01 09:00:00+00:00,0.0,0.0,296.390625,58.48779296875,4.5,0.0,23.240625000000023
2007-03-01 10:00:00+00:00,0.0,0.0,295.828125,58.4185791015625,3.8671875,0.0,22.678125000000023
2007-03-01 11:00:00+00:00,0.0,0.0,295.203125,58.65435791015625,3.16796875,0.0,22.053125000000023
2007-03-01 12:00:00+00:00,0.0,0.0,294.578125,61.43768310546875,2.544921875,0.0,21.428125000000023
2007-03-01 13:00:00+00:00,0.0,0.0,294.015625,65.37213134765625,2.3125,0.0,20.865625000000023
2007-03-01 14:00:00+00:00,0.0,0.0,293.4375,69.767578125,2.259765625,0.0,20.287500000000023
2007-03-01 15:00:00+00:00,0.0,0.0,292.640625,78.43524169921875,2.0625,0.0,19.490625000000023
2007-03-01 16:00:00+00:00,0.0,0.0,292.21875,81.116943359375,1.78515625,0.0,19.068750000000023
2007-03-01 17:00:00+00:00,0.0,0.0,291.84375,83.3145751953125,1.595703125,0.0,18.693750000000023
2007-03-01 18:00:00+00:00,0.0,0.0,291.453125,85.74981689453125,1.68359375,0.0,18.303125000000023
2007-03-01 19:00:00+00:00,0.0,0.0,291.015625,87.925537109375,1.259765625,0.0,17.865625000000023
2007-03-01 20:00:00+00:00,15.015625,26.734375,290.59375,90.0045166015625,1.236328125,41.75,17.443750000000023
2007-03-01 21:00:00+00:00,56.72265625,95.90234375,290.5625,91.09521484375,1.1875,152.625,17.412500000000023
2007-03-01 22:00:00+00:00,173.8671875,175.8671875,290.5625,90.921630859375,0.91015625,349.734375,17.412500000000023
2007-03-01 23:00:00+00:00,105.58984375,250.56640625,290.953125,88.343017578125,0.888671875,356.15625,17.803125000000023
2007-03-02 00:00:00+00:00,252.0078125,356.3046875,291.609375,84.44140625,0.576171875,608.3125,18.459375000000023
2007-03-02 01:00:00+00:00,402.703125,301.46875,292.296875,81.106201171875,0.345703125,704.171875,19.146875000000023
2007-03-02 02:00:00+00:00,741.47265625,161.24609375,293.40625,76.25372314453125,0.376953125,902.71875,20.256250000000023
2007-03-02 03:00:00+00:00,802.26953125,77.23046875,297.28125,58.02679443359375,0.796875,879.5,24.131250000000023
2007-03-02 04:00:00+00:00,718.1328125,69.2265625,300.234375,46.96343994140625,1.47265625,787.359375,27.084375000000023
2007-03-02 05:00:00+00:00,584.8046875,56.9765625,302.25,40.8983154296875,2.1171875,641.78125,29.100000000000023
2007-03-02 06:00:00+00:00,389.5,56.40625,303.25,38.2017822265625,2.689453125,445.90625,30.100000000000023
2007-03-02 07:00:00+00:00,192.96875,44.375,303.4375,37.55438232421875,3.017578125,237.34375,30.287500000000023
2007-03-02 08:00:00+00:00,38.00390625,11.01171875,303.203125,37.87530517578125,3.025390625,49.015625,30.053125000000023
2007-03-02 09:00:00+00:00,0.0,0.0,302.65625,40.47509765625,2.603515625,0.0,29.506250000000023
2007-03-02 10:00:00+00:00,0.0,0.0,302.640625,40.23687744140625,2.16796875,0.0,29.490625000000023
2007-03-02 11:00:00+00:00,0.0,0.0,302.171875,40.5318603515625,1.55078125,0.0,29.021875000000023
2007-03-02 12:00:00+00:00,0.0,0.0,301.015625,43.60198974609375,0.73046875,0.0,27.865625000000023
2007-03-02 13:00:00+00:00,0.0,0.0,300.09375,48.0623779296875,1.21875,0.0,26.943750000000023
2007-03-02 14:00:00+00:00,0.0,0.0,299.515625,51.21435546875,1.0390625,0.0,26.365625000000023
2007-03-02 15:00:00+00:00,0.0,0.0,298.921875,56.318359375,0.90625,0.0,25.771875000000023
2007-03-02 16:00:00+00:00,0.0,0.0,298.921875,54.832763671875,1.486328125,0.0,25.771875000000023
2007-03-02 17:00:00+00:00,0.0,0.0,298.46875,55.21136474609375,1.66015625,0.0,25.318750000000023
2007-03-02 18:00:00+00:00,0.0,0.0,297.9375,55.912353515625,1.287109375,0.0,24.787500000000023
2007-03-02 19:00:00+00:00,0.0,0.0,297.625,55.25860595703125,1.5234375,0.0,24.475000000000023
2007-03-02 20:00:00+00:00,14.125,25.984375,297.8125,49.3126220703125,2.53125,40.109375,24.662500000000023
2007-03-02 21:00:00+00:00,113.94140625,93.10546875,298.15625,42.7003173828125,3.322265625,207.046875,25.006250000000023
2007-03-02 22:00:00+00:00,237.14453125,151.33984375,299.203125,36.13397216796875,3.91015625,388.484375,26.053125000000023
2007-03-02 23:00:00+00:00,195.3984375,246.3984375,300.9375,31.67681884765625,4.037109375,441.796875,27.787500000000023
2007-03-03 00:00:00+00:00,157.80859375,353.94140625,301.765625,35.75909423828125,4.1875,511.75,28.615625000000023
2007-03-03 01:00:00+00:00,66.765625,260.078125,302.34375,38.491943359375,4.4296875,326.84375,29.193750000000023
2007-03-03 02:00:00+00:00,18.859375,44.890625,302.921875,37.77001953125,3.291015625,63.75,29.771875000000023
2007-03-03 03:00:00+00:00,199.34375,191.90625,308.375,21.295166015625,3.357421875,391.25,35.22500000000002
2007-03-03 04:00:00+00:00,234.9296875,332.8671875,308.953125,19.99468994140625,5.109375,567.796875,35.80312500000002
2007-03-03 05:00:00+00:00,414.65625,175.65625,300.140625,50.875244140625,6.99609375,590.3125,26.990625000000023
2007-03-03 06:00:00+00:00,356.63671875,75.50390625,298.8125,51.69342041015625,6.0703125,432.140625,25.662500000000023
2007-03-03 07:00:00+00:00,177.03515625,46.90234375,297.8125,51.0791015625,6.22265625,223.9375,24.662500000000023
2007-03-03 08:00:00+00:00,22.71875,17.109375,296.8125,49.2005615234375,5.541015625,39.828125,23.662500000000023
2007-03-03 09:00:00+00:00,0.0,0.0,295.671875,51.17010498046875,4.427734375,0.0,22.521875000000023
2007-03-03 10:00:00+00:00,0.0,0.0,295.109375,52.96856689453125,3.626953125,0.0,21.959375000000023
2007-03-03 11:00:00+00:00,0.0,0.0,294.453125,57.296875,2.94140625,0.0,21.303125000000023
2007-03-03 12:00:00+00:00,0.0,0.0,293.84375,62.7354736328125,2.720703125,0.0,20.693750000000023
2007-03-03 13:00:00+00:00,0.0,0.0,293.34375,68.43536376953125,2.24609375,0.0,20.193750000000023
2007-03-03 14:00:00+00:00,0.0,0.0,293.140625,71.1119384765625,2.06640625,0.0,19.990625000000023
2007-03-03 15:00:00+00:00,0.0,0.0,292.765625,70.54400634765625,2.78125,0.0,19.615625000000023
2007-03-03 16:00:00+00:00,0.0,0.0,291.6875,75.0645751953125,3.490234375,0.0,18.537500000000023
2007-03-03 17:00:00+00:00,0.0,0.0,291.09375,79.6424560546875,2.7265625,0.0,17.943750000000023
2007-03-03 18:00:00+00:00,0.0,0.0,290.671875,81.366455078125,2.294921875,0.0,17.521875000000023
2007-03-03 19:00:00+00:00,0.0,0.0,290.265625,82.18780517578125,2.5234375,0.0,17.115625000000023
2007-03-03 20:00:00+00:00,1.38671875,20.11328125,289.984375,82.365966796875,2.6640625,21.5,16.834375000000023
2007-03-03 21:00:00+00:00,42.140625,90.140625,289.984375,78.598876953125,2.69921875,132.28125,16.834375000000023
2007-03-03 22:00:00+00:00,60.0625,165.65625,290.1875,74.9622802734375,2.787109375,225.71875,17.037500000000023
2007-03-03 23:00:00+00:00,147.2265625,182.4765625,290.984375,67.91265869140625,2.96484375,329.703125,17.834375000000023
2007-03-04 00:00:00+00:00,359.06640625,328.04296875,291.6875,61.9852294921875,3.001953125,687.109375,18.537500000000023
2007-03-04 01:00:00+00:00,617.48828125,233.12109375,292.6875,55.7225341796875,3.0703125,850.609375,19.537500000000023
2007-03-04 02:00:00+00:00,626.8671875,229.6640625,293.703125,50.0748291015625,3.341796875,856.53125,20.553125000000023
2007-03-04 03:00:00+00:00,339.23828125,249.98046875,295.0,44.736083984375,3.017578125,589.21875,21.850000000000023
2007-03-04 04:00:00+00:00,243.51171875,298.98828125,295.5625,43.204833984375,3.74609375,542.5,22.412500000000023
2007-03-04 05:00:00+00:00,411.04296875,191.16015625,295.765625,43.32745361328125,3.9921875,602.203125,22.615625000000023
2007-03-04 06:00:00+00:00,380.63671875,60.72265625,295.890625,43.3521728515625,4.052734375,441.359375,22.740625000000023
2007-03-04 07:00:00+00:00,194.94921875,29.83203125,295.265625,47.5830078125,4.76953125,224.78125,22.115625000000023
2007-03-04 08:00:00+00:00,39.5546875,4.3984375,294.234375,52.39996337890625,4.865234375,43.953125,21.084375000000023
2007-03-04 09:00:00+00:00,0.0,0.0,293.375,53.28692626953125,5.109375,0.0,20.225000000000023
2007-03-04 10:00:00+00:00,0.0,0.0,292.75,54.09228515625,4.755859375,0.0,19.600000000000023
2007-03-04 11:00:00+00:00,0.0,0.0,292.28125,54.8974609375,4.408203125,0.0,19.131250000000023
2007-03-04 12:00:00+00:00,0.0,0.0,291.796875,57.18829345703125,4.47265625,0.0,18.646875000000023
2007-03-04 13:00:00+00:00,0.0,0.0,291.5625,56.18194580078125,4.005859375,0.0,18.412500000000023
2007-03-04 14:00:00+00:00,0.0,0.0,291.421875,54.18841552734375,3.458984375,0.0,18.271875000000023
2007-03-04 15:00:00+00:00,0.0,0.0,291.140625,53.97509765625,3.478515625,0.0,17.990625000000023
2007-03-04 16:00:00+00:00,0.0,0.0,290.765625,55.60791015625,3.53515625,0.0,17.615625000000023
2007-03-04 17:00:00+00:00,0.0,0.0,290.203125,59.04119873046875,3.697265625,0.0,17.053125000000023
2007-03-04 18:00:00+00:00,0.0,0.0,289.859375,59.367919921875,3.701171875,0.0,16.709375000000023
2007-03-04 19:00:00+00:00,0.0,0.0,289.5625,61.96405029296875,3.369140625,0.0,16.412500000000023
2007-03-04 20:00:00+00:00,3.66015625,24.38671875,288.953125,67.1048583984375,3.52734375,28.046875,15.803125000000023
2007-03-04 21:00:00+00:00,85.55078125,101.40234375,288.328125,71.87310791015625,3.14453125,186.953125,15.178125000000023
2007-03-04 22:00:00+00:00,191.95703125,163.77734375,288.765625,71.026123046875,3.296875,355.734375,15.615625000000023
2007-03-04 23:00:00+00:00,271.4765625,241.1484375,289.546875,66.88348388671875,3.564453125,512.625,16.396875000000023
2007-03-05 00:00:00+00:00,400.42578125,288.77734375,290.8125,58.32666015625,4.44921875,689.203125,17.662500000000023
2007-03-05 01:00:00+00:00,463.39453125,265.07421875,292.34375,47.56463623046875,5.263671875,728.46875,19.193750000000023
2007-03-05 02:00:00+00:00,794.93359375,135.01953125,293.046875,43.60467529296875,5.98046875,929.953125,19.896875000000023
2007-03-05 03:00:00+00:00,835.3046875,67.0078125,293.5,40.88446044921875,6.375,902.3125,20.350000000000023
2007-03-05 04:00:00+00:00,558.05859375,104.70703125,293.703125,39.73272705078125,6.5234375,662.765625,20.553125000000023
2007-03-05 05:00:00+00:00,526.33984375,97.03515625,293.5,40.48883056640625,6.638671875,623.375,20.350000000000023
2007-03-05 06:00:00+00:00,305.91015625,54.35546875,293.25,41.0087890625,6.642578125,360.265625,20.100000000000023
2007-03-05 07:00:00+00:00,206.8046875,42.6015625,292.8125,40.970458984375,6.375,249.40625,19.662500000000023
2007-03-05 08:00:00+00:00,22.9453125,0.4296875,292.265625,42.12213134765625,5.958984375,23.375,19.115625000000023
2007-03-05 09:00:00+00:00,0.0,0.0,291.6875,45.06103515625,5.630859375,0.0,18.537500000000023
2007-03-05 10:00:00+00:00,0.0,0.0,290.96875,49.28021240234375,5.384765625,0.0,17.818750000000023
2007-03-05 11:00:00+00:00,0.0,0.0,290.21875,51.44354248046875,5.193359375,0.0,17.068750000000023
2007-03-05 12:00:00+00:00,0.0,0.0,289.578125,50.36865234375,5.1875,0.0,16.428125000000023
2007-03-05 13:00:00+00:00,0.0,0.0,289.03125,51.07366943359375,4.705078125,0.0,15.881250000000023
2007-03-05 14:00:00+00:00,0.0,0.0,288.796875,52.4053955078125,4.53125,0.0,15.646875000000023
2007-03-05 15:00:00+00:00,0.0,0.0,288.40625,54.00750732421875,4.404296875,0.0,15.256250000000023
2007-03-05 16:00:00+00:00,0.0,0.0,288.28125,54.5592041015625,3.876953125,0.0,15.131250000000023
2007-03-05 17:00:00+00:00,0.0,0.0,288.0625,55.95257568359375,3.9140625,0.0,14.912500000000023
2007-03-05 18:00:00+00:00,0.0,0.0,287.84375,56.75885009765625,3.806640625,0.0,14.693750000000023
2007-03-05 19:00:00+00:00,0.0,0.0,287.5625,58.5400390625,3.76171875,0.0,14.412500000000023
2007-03-05 20:00:00+00:00,12.12109375,19.81640625,287.515625,57.67523193359375,2.796875,31.9375,14.365625000000023
2007-03-05 21:00:00+00:00,155.97265625,73.21484375,286.75,60.73455810546875,2.392578125,229.1875,13.600000000000023
2007-03-05 22:00:00+00:00,340.36328125,99.58984375,287.40625,58.98797607421875,2.65625,439.953125,14.256250000000023
2007-03-05 23:00:00+00:00,492.87890625,131.08984375,289.046875,55.138916015625,3.779296875,623.96875,15.896875000000023
2007-03-06 00:00:00+00:00,596.86328125,158.82421875,291.21875,46.296630859375,4.232421875,755.6875,18.068750000000023
2007-03-06 01:00:00+00:00,681.90234375,177.12890625,293.34375,38.12115478515625,4.2734375,859.03125,20.193750000000023
2007-03-06 02:00:00+00:00,684.83984375,200.09765625,295.171875,32.125244140625,4.458984375,884.9375,22.021875000000023
2007-03-06 03:00:00+00:00,756.69921875,116.86328125,296.4375,28.33245849609375,2.4765625,873.5625,23.287500000000023
2007-03-06 04:00:00+00:00,661.5234375,116.3671875,297.546875,26.6917724609375,2.005859375,777.890625,24.396875000000023
2007-03-06 05:00:00+00:00,575.96875,71.4375,298.390625,25.88800048828125,1.818359375,647.40625,25.240625000000023
2007-03-06 06:00:00+00:00,362.203125,71.765625,299.25,24.8076171875,2.20703125,433.96875,26.100000000000023
2007-03-06 07:00:00+00:00,97.25,87.28125,299.78125,24.93756103515625,3.013671875,184.53125,26.631250000000023
2007-03-06 08:00:00+00:00,16.81640625,21.51171875,299.609375,26.82061767578125,4.185546875,38.328125,26.459375000000023
2007-03-06 09:00:00+00:00,0.0,0.0,297.703125,34.399169921875,5.720703125,0.0,24.553125000000023
2007-03-06 10:00:00+00:00,0.0,0.0,295.4375,42.4388427734375,5.73828125,0.0,22.287500000000023
2007-03-06 11:00:00+00:00,0.0,0.0,293.96875,47.53472900390625,4.701171875,0.0,20.818750000000023
2007-03-06 12:00:00+00:00,0.0,0.0,293.078125,50.617431640625,3.701171875,0.0,19.928125000000023
2007-03-06 13:00:00+00:00,0.0,0.0,292.484375,52.5501708984375,2.50390625,0.0,19.334375000000023
2007-03-06 14:00:00+00:00,0.0,0.0,292.296875,53.39569091796875,1.23046875,0.0,19.146875000000023
2007-03-06 15:00:00+00:00,0.0,0.0,291.75,55.94757080078125,0.505859375,0.0,18.600000000000023
2007-03-06 16:00:00+00:00,0.0,0.0,291.46875,57.01617431640625,0.7421875,0.0,18.318750000000023
2007-03-06 17:00:00+00:00,0.0,0.0,290.921875,59.9195556640625,1.595703125,0.0,17.771875000000023
2007-03-06 18:00:00+00:00,0.0,0.0,290.21875,64.51025390625,1.904296875,0.0,17.068750000000023
2007-03-06 19:00:00+00:00,0.0,0.0,290.09375,65.46209716796875,1.798828125,0.0,16.943750000000023
2007-03-06 20:00:00+00:00,11.5859375,22.4921875,291.15625,55.10699462890625,2.736328125,34.078125,18.006250000000023
2007-03-06 21:00:00+00:00,140.38671875,75.17578125,291.328125,52.33135986328125,3.857421875,215.5625,18.178125000000023
2007-03-06 22:00:00+00:00,328.515625,96.296875,292.09375,52.97467041015625,5.03515625,424.8125,18.943750000000023
2007-03-06 23:00:00+00:00,491.1171875,116.9765625,293.71875,49.7001953125,5.75,608.09375,20.568750000000023
2007-03-07 00:00:00+00:00,496.65625,207.375,295.875,44.13775634765625,6.369140625,704.03125,22.725000000000023
2007-03-07 01:00:00+00:00,490.6875,282.59375,298.046875,38.6343994140625,6.443359375,773.28125,24.896875000000023
2007-03-07 02:00:00+00:00,132.4375,377.234375,300.078125,34.451904296875,6.095703125,509.671875,26.928125000000023
2007-03-07 03:00:00+00:00,302.09765625,401.85546875,301.984375,30.6363525390625,5.9296875,703.953125,28.834375000000023
2007-03-07 04:00:00+00:00,532.29296875,204.72265625,303.546875,26.31781005859375,5.392578125,737.015625,30.396875000000023
2007-03-07 05:00:00+00:00,257.94921875,154.80078125,304.765625,23.0601806640625,5.0,412.75,31.615625000000023
2007-03-07 06:00:00+00:00,208.2734375,146.9296875,305.25,21.56494140625,4.630859375,355.203125,32.10000000000002
2007-03-07 07:00:00+00:00,77.73046875,60.80078125,305.0625,21.66314697265625,4.458984375,138.53125,31.912500000000023
2007-03-07 08:00:00+00:00,8.75,19.8125,296.0625,53.58624267578125,7.3125,28.5625,22.912500000000023
2007-03-07 09:00:00+00:00,0.0,0.0,293.90625,64.88006591796875,6.06640625,0.0,20.756250000000023
2007-03-07 10:00:00+00:00,0.0,0.0,293.03125,68.16143798828125,4.26953125,0.0,19.881250000000023
2007-03-07 11:00:00+00:00,0.0,0.0,292.515625,69.45330810546875,2.751953125,0.0,19.365625000000023
2007-03-07 12:00:00+00:00,0.0,0.0,292.03125,72.03759765625,2.697265625,0.0,18.881250000000023
2007-03-07 13:00:00+00:00,0.0,0.0,291.609375,73.375732421875,2.3125,0.0,18.459375000000023
2007-03-07 14:00:00+00:00,0.0,0.0,291.34375,67.04193115234375,2.86328125,0.0,18.193750000000023
2007-03-07 15:00:00+00:00,0.0,0.0,290.859375,70.00958251953125,2.416015625,0.0,17.709375000000023
2007-03-07 16:00:00+00:00,0.0,0.0,289.921875,69.8004150390625,3.26171875,0.0,16.771875000000023
2007-03-07 17:00:00+00:00,0.0,0.0,289.203125,72.96844482421875,2.73046875,0.0,16.053125000000023
2007-03-07 18:00:00+00:00,0.0,0.0,288.90625,76.727294921875,2.224609375,0.0,15.756250000000023
2007-03-07 19:00:00+00:00,0.0,0.0,288.859375,78.27252197265625,2.28515625,0.0,15.709375000000023
2007-03-07 20:00:00+00:00,1.8671875,18.7109375,288.6875,82.03094482421875,2.9375,20.578125,15.537500000000023
2007-03-07 21:00:00+00:00,82.68359375,81.33203125,289.515625,71.21966552734375,2.857421875,164.015625,16.365625000000023
2007-03-07 22:00:00+00:00,262.421875,127.765625,289.890625,66.21002197265625,3.447265625,390.1875,16.740625000000023
2007-03-07 23:00:00+00:00,279.16015625,141.93359375,290.1875,66.09417724609375,4.314453125,421.09375,17.037500000000023
2007-03-08 00:00:00+00:00,61.6953125,162.8828125,290.59375,64.26580810546875,4.751953125,224.578125,17.443750000000023
2007-03-08 01:00:00+00:00,151.21484375,388.58203125,290.515625,66.7708740234375,5.115234375,539.796875,17.365625000000023
2007-03-08 02:00:00+00:00,626.69921875,223.34765625,291.15625,61.41455078125,5.5078125,850.046875,18.006250000000023
2007-03-08 03:00:00+00:00,752.8359375,115.3671875,291.890625,55.93231201171875,6.0234375,868.203125,18.740625000000023
2007-03-08 04:00:00+00:00,561.34375,111.75,292.546875,49.178955078125,6.533203125,673.09375,19.396875000000023
2007-03-08 05:00:00+00:00,431.40625,126.546875,292.359375,48.61944580078125,6.7890625,557.953125,19.209375000000023
2007-03-08 06:00:00+00:00,290.28125,107.875,291.71875,50.02215576171875,6.6640625,398.15625,18.568750000000023
2007-03-08 07:00:00+00:00,143.55078125,63.44921875,291.109375,52.25152587890625,6.15625,207.0,17.959375000000023
2007-03-08 08:00:00+00:00,28.046875,6.34375,290.703125,53.7437744140625,5.638671875,34.390625,17.553125000000023
2007-03-08 09:00:00+00:00,0.0,0.0,290.4375,53.20556640625,5.1796875,0.0,17.287500000000023
2007-03-08 10:00:00+00:00,0.0,0.0,289.953125,53.65350341796875,4.689453125,0.0,16.803125000000023
2007-03-08 11:00:00+00:00,0.0,0.0,289.625,52.739990234375,4.5078125,0.0,16.475000000000023
2007-03-08 12:00:00+00:00,0.0,0.0,289.171875,55.65118408203125,4.484375,0.0,16.021875000000023
2007-03-08 13:00:00+00:00,0.0,0.0,288.46875,63.357666015625,4.236328125,0.0,15.318750000000023
2007-03-08 14:00:00+00:00,0.0,0.0,288.1875,66.146240234375,3.8203125,0.0,15.037500000000023
2007-03-08 15:00:00+00:00,0.0,0.0,288.234375,66.60125732421875,3.298828125,0.0,15.084375000000023
2007-03-08 16:00:00+00:00,0.0,0.0,288.0625,69.87567138671875,2.734375,0.0,14.912500000000023
2007-03-08 17:00:00+00:00,0.0,0.0,288.046875,70.29736328125,2.017578125,0.0,14.896875000000023
2007-03-08 18:00:00+00:00,0.0,0.0,288.140625,69.0455322265625,2.03125,0.0,14.990625000000023
2007-03-08 19:00:00+00:00,0.0,0.0,288.140625,69.0675048828125,1.6640625,0.0,14.990625000000023
2007-03-08 20:00:00+00:00,2.625,17.984375,288.03125,69.751953125,1.404296875,20.609375,14.881250000000023
2007-03-08 21:00:00+00:00,13.45703125,92.15234375,288.09375,67.71197509765625,1.673828125,105.609375,14.943750000000023
2007-03-08 22:00:00+00:00,10.6796875,127.0390625,288.359375,67.259521484375,2.17578125,137.71875,15.209375000000023
2007-03-08 23:00:00+00:00,112.20703125,236.13671875,288.65625,66.2716064453125,2.306640625,348.34375,15.506250000000023
2007-03-09 00:00:00+00:00,194.36328125,296.91796875,289.375,63.47808837890625,2.244140625,491.28125,16.225000000000023
2007-03-09 01:00:00+00:00,384.6953125,335.8515625,290.421875,59.786376953125,2.263671875,720.546875,17.271875000000023
2007-03-09 02:00:00+00:00,674.3671875,187.9921875,291.640625,55.437744140625,2.951171875,862.359375,18.490625000000023
2007-03-09 03:00:00+00:00,792.58203125,76.96484375,293.859375,50.0806884765625,3.8984375,869.546875,20.709375000000023
2007-03-09 04:00:00+00:00,715.703125,58.5,294.5625,49.37445068359375,4.224609375,774.203125,21.412500000000023
2007-03-09 05:00:00+00:00,577.18359375,47.64453125,295.078125,48.96124267578125,4.5078125,624.828125,21.928125000000023
2007-03-09 06:00:00+00:00,398.1875,36.3125,295.4375,48.0054931640625,4.486328125,434.5,22.287500000000023
2007-03-09 07:00:00+00:00,197.5234375,22.8515625,295.453125,48.34954833984375,4.556640625,220.375,22.303125000000023
2007-03-09 08:00:00+00:00,33.58984375,1.76953125,295.140625,50.53814697265625,4.181640625,35.359375,21.990625000000023
2007-03-09 09:00:00+00:00,0.0,0.0,294.515625,53.45892333984375,4.052734375,0.0,21.365625000000023
2007-03-09 10:00:00+00:00,0.0,0.0,293.34375,59.166015625,4.03125,0.0,20.193750000000023
2007-03-09 11:00:00+00:00,0.0,0.0,292.390625,65.38873291015625,3.443359375,0.0,19.240625000000023
2007-03-09 12:00:00+00:00,0.0,0.0,291.921875,69.32476806640625,2.603515625,0.0,18.771875000000023
2007-03-09 13:00:00+00:00,0.0,0.0,291.609375,70.77655029296875,1.83984375,0.0,18.459375000000023
2007-03-09 14:00:00+00:00,0.0,0.0,291.09375,70.776123046875,1.373046875,0.0,17.943750000000023
2007-03-09 15:00:00+00:00,0.0,0.0,290.234375,70.74505615234375,1.26171875,0.0,17.084375000000023
2007-03-09 16:00:00+00:00,0.0,0.0,289.734375,72.31304931640625,0.681640625,0.0,16.584375000000023
2007-03-09 17:00:00+00:00,0.0,0.0,289.25,74.10394287109375,0.46484375,0.0,16.100000000000023
2007-03-09 18:00:00+00:00,0.0,0.0,288.703125,77.06793212890625,0.12890625,0.0,15.553125000000023
2007-03-09 19:00:00+00:00,0.0,0.0,288.09375,82.40533447265625,0.6015625,0.0,14.943750000000023
2007-03-09 20:00:00+00:00,11.84375,19.8125,287.859375,87.1783447265625,1.09375,31.65625,14.709375000000023
2007-03-09 21:00:00+00:00,148.9921875,67.3671875,287.234375,90.2603759765625,1.427734375,216.359375,14.084375000000023
2007-03-09 22:00:00+00:00,328.296875,92.65625,287.40625,89.375732421875,1.21875,420.953125,14.256250000000023
2007-03-09 23:00:00+00:00,534.03125,91.5,287.984375,85.39434814453125,0.97265625,625.53125,14.834375000000023
2007-03-10 00:00:00+00:00,690.30859375,84.64453125,289.375,78.2005615234375,1.41796875,774.953125,16.225000000000023
2007-03-10 01:00:00+00:00,792.22265625,80.16796875,291.734375,66.706787109375,1.318359375,872.390625,18.584375000000023
2007-03-10 02:00:00+00:00,834.20703125,72.90234375,294.765625,53.69775390625,1.171875,907.109375,21.615625000000023
2007-03-10 03:00:00+00:00,808.1875,64.40625,299.171875,38.77618408203125,0.958984375,872.59375,26.021875000000023
2007-03-10 04:00:00+00:00,722.96875,55.015625,301.625,28.38922119140625,1.048828125,777.984375,28.475000000000023
2007-03-10 05:00:00+00:00,583.22265625,44.79296875,303.078125,23.234619140625,1.16015625,628.015625,29.928125000000023
2007-03-10 06:00:00+00:00,402.75390625,33.90234375,304.28125,20.51300048828125,1.5703125,436.65625,31.131250000000023
2007-03-10 07:00:00+00:00,201.828125,19.875,305.171875,18.7562255859375,1.744140625,221.703125,32.02187500000002
2007-03-10 08:00:00+00:00,33.66015625,0.60546875,305.328125,18.64190673828125,1.58203125,34.265625,32.17812500000002
2007-03-10 09:00:00+00:00,0.0,0.0,304.953125,18.9400634765625,1.796875,0.0,31.803125000000023
2007-03-10 10:00:00+00:00,0.0,0.0,304.859375,19.2718505859375,2.078125,0.0,31.709375000000023
2007-03-10 11:00:00+00:00,0.0,0.0,304.296875,20.62579345703125,2.6328125,0.0,31.146875000000023
2007-03-10 12:00:00+00:00,0.0,0.0,303.484375,21.838623046875,2.140625,0.0,30.334375000000023
2007-03-10 13:00:00+00:00,0.0,0.0,302.671875,23.43988037109375,1.955078125,0.0,29.521875000000023
2007-03-10 14:00:00+00:00,0.0,0.0,301.578125,22.08123779296875,2.615234375,0.0,28.428125000000023
2007-03-10 15:00:00+00:00,0.0,0.0,300.09375,18.75543212890625,2.541015625,0.0,26.943750000000023
2007-03-10 16:00:00+00:00,0.0,0.0,299.203125,19.316162109375,2.724609375,0.0,26.053125000000023
2007-03-10 17:00:00+00:00,0.0,0.0,298.921875,19.37689208984375,3.28515625,0.0,25.771875000000023
2007-03-10 18:00:00+00:00,0.0,0.0,299.0,18.27789306640625,2.853515625,0.0,25.850000000000023
2007-03-10 19:00:00+00:00,0.0,0.0,295.46875,34.94549560546875,4.298828125,0.0,22.318750000000023
2007-03-10 20:00:00+00:00,6.625,20.046875,292.609375,63.01654052734375,4.349609375,26.671875,19.459375000000023
2007-03-10 21:00:00+00:00,122.18359375,76.78515625,291.6875,68.9827880859375,3.892578125,198.96875,18.537500000000023
2007-03-10 22:00:00+00:00,195.49609375,132.09765625,291.265625,73.2882080078125,3.826171875,327.59375,18.115625000000023
2007-03-10 23:00:00+00:00,344.8203125,176.2109375,292.03125,65.89990234375,4.2109375,521.03125,18.881250000000023
2007-03-11 00:00:00+00:00,463.609375,200.734375,293.0,59.10906982421875,4.125,664.34375,19.850000000000023
2007-03-11 01:00:00+00:00,341.84765625,202.49609375,294.203125,56.694580078125,3.912109375,544.34375,21.053125000000023
2007-03-11 02:00:00+00:00,282.0078125,305.0703125,295.4375,52.88616943359375,3.58984375,587.078125,22.287500000000023
2007-03-11 03:00:00+00:00,404.4609375,297.7265625,295.453125,52.9320068359375,5.072265625,702.1875,22.303125000000023
2007-03-11 04:00:00+00:00,520.55859375,135.81640625,295.1875,51.27191162109375,5.98046875,656.375,22.037500000000023
2007-03-11 05:00:00+00:00,430.21875,93.125,294.90625,56.87286376953125,6.869140625,523.34375,21.756250000000023
2007-03-11 06:00:00+00:00,259.9921875,72.7890625,294.375,55.70556640625,7.4921875,332.78125,21.225000000000023
2007-03-11 07:00:00+00:00,125.984375,37.9375,293.359375,59.392578125,7.38671875,163.921875,20.209375000000023
2007-03-11 08:00:00+00:00,23.7578125,6.6640625,292.46875,60.93414306640625,7.037109375,30.421875,19.318750000000023
2007-03-11 09:00:00+00:00,0.0,0.0,291.140625,66.88330078125,6.7109375,0.0,17.990625000000023
2007-03-11 10:00:00+00:00,0.0,0.0,290.375,69.8577880859375,6.251953125,0.0,17.225000000000023
2007-03-11 11:00:00+00:00,0.0,0.0,289.96875,71.9344482421875,5.90234375,0.0,16.818750000000023
2007-03-11 12:00:00+00:00,0.0,0.0,289.609375,72.9735107421875,5.6953125,0.0,16.459375000000023
2007-03-11 13:00:00+00:00,0.0,0.0,289.484375,70.4202880859375,5.3203125,0.0,16.334375000000023
2007-03-11 14:00:00+00:00,0.0,0.0,289.296875,69.6004638671875,4.935546875,0.0,16.146875000000023
2007-03-11 15:00:00+00:00,0.0,0.0,289.53125,64.4708251953125,4.87890625,0.0,16.381250000000023
2007-03-11 16:00:00+00:00,0.0,0.0,289.28125,61.88409423828125,4.470703125,0.0,16.131250000000023
2007-03-11 17:00:00+00:00,0.0,0.0,289.078125,61.22979736328125,4.34375,0.0,15.928125000000023
2007-03-11 18:00:00+00:00,0.0,0.0,288.75,63.17657470703125,4.474609375,0.0,15.600000000000023
2007-03-11 19:00:00+00:00,0.0,0.0,288.421875,62.40069580078125,4.76171875,0.0,15.271875000000023
2007-03-11 20:00:00+00:00,5.26171875,16.45703125,288.0,63.27069091796875,4.53125,21.71875,14.850000000000023
2007-03-11 21:00:00+00:00,37.94140625,98.01171875,287.953125,62.65985107421875,4.908203125,135.953125,14.803125000000023
2007-03-11 22:00:00+00:00,170.3046875,134.3671875,288.296875,62.18499755859375,4.9453125,304.671875,15.146875000000023
2007-03-11 23:00:00+00:00,347.68359375,143.33203125,288.953125,59.3759765625,5.361328125,491.015625,15.803125000000023
2007-03-12 00:00:00+00:00,433.16015625,231.07421875,289.828125,55.0106201171875,5.140625,664.234375,16.678125000000023
2007-03-12 01:00:00+00:00,488.05859375,245.45703125,290.890625,49.56005859375,4.90625,733.515625,17.740625000000023
2007-03-12 02:00:00+00:00,632.58984375,191.67578125,291.78125,46.89263916015625,5.06640625,824.265625,18.631250000000023
2007-03-12 03:00:00+00:00,660.74609375,173.05078125,292.546875,43.9493408203125,5.46875,833.796875,19.396875000000023
2007-03-12 04:00:00+00:00,664.38671875,87.97265625,292.90625,42.8441162109375,5.859375,752.359375,19.756250000000023
2007-03-12 05:00:00+00:00,500.890625,74.140625,293.015625,42.55072021484375,5.908203125,575.03125,19.865625000000023
2007-03-12 06:00:00+00:00,344.34375,58.375,292.8125,43.670654296875,5.966796875,402.71875,19.662500000000023
2007-03-12 07:00:00+00:00,168.4921875,26.7265625,292.34375,45.37896728515625,5.859375,195.21875,19.193750000000023
2007-03-12 08:00:00+00:00,24.69921875,2.86328125,291.46875,49.43292236328125,5.375,27.5625,18.318750000000023
2007-03-12 09:00:00+00:00,0.0,0.0,290.71875,51.86029052734375,4.98046875,0.0,17.568750000000023
2007-03-12 10:00:00+00:00,0.0,0.0,290.234375,52.92962646484375,4.759765625,0.0,17.084375000000023
2007-03-12 11:00:00+00:00,0.0,0.0,289.859375,55.56329345703125,4.271484375,0.0,16.709375000000023
2007-03-12 12:00:00+00:00,0.0,0.0,289.40625,59.20697021484375,3.283203125,0.0,16.256250000000023
2007-03-12 13:00:00+00:00,0.0,0.0,288.890625,61.63153076171875,2.54296875,0.0,15.740625000000023
2007-03-12 14:00:00+00:00,0.0,0.0,288.140625,64.03192138671875,2.08984375,0.0,14.990625000000023
2007-03-12 15:00:00+00:00,0.0,0.0,287.609375,65.8604736328125,1.845703125,0.0,14.459375000000023
2007-03-12 16:00:00+00:00,0.0,0.0,287.109375,67.457763671875,2.01953125,0.0,13.959375000000023
2007-03-12 17:00:00+00:00,0.0,0.0,286.625,70.65423583984375,2.25390625,0.0,13.475000000000023
2007-03-12 18:00:00+00:00,0.0,0.0,286.3125,74.82720947265625,2.154296875,0.0,13.162500000000023
2007-03-12 19:00:00+00:00,0.0,0.0,286.109375,78.4991455078125,1.630859375,0.0,12.959375000000023
2007-03-12 20:00:00+00:00,9.19140625,17.21484375,285.796875,82.21923828125,1.45703125,26.40625,12.646875000000023
2007-03-12 21:00:00+00:00,131.09765625,69.57421875,285.609375,83.91693115234375,1.5390625,200.671875,12.459375000000023
2007-03-12 22:00:00+00:00,326.2734375,89.4609375,286.203125,82.2386474609375,1.55078125,415.734375,13.053125000000023
2007-03-12 23:00:00+00:00,471.2265625,117.7734375,287.75,75.89947509765625,1.8125,589.0,14.600000000000023
2007-03-13 00:00:00+00:00,608.16015625,130.24609375,289.671875,65.55279541015625,1.98046875,738.40625,16.521875000000023
2007-03-13 01:00:00+00:00,708.53125,124.375,291.359375,56.34844970703125,2.3046875,832.90625,18.209375000000023
2007-03-13 02:00:00+00:00,781.0703125,103.2109375,292.734375,51.33984375,2.9765625,884.28125,19.584375000000023
2007-03-13 03:00:00+00:00,797.96484375,63.39453125,294.0,47.61737060546875,3.955078125,861.359375,20.850000000000023
2007-03-13 04:00:00+00:00,653.7578125,85.3828125,294.53125,48.29449462890625,4.443359375,739.140625,21.381250000000023
2007-03-13 05:00:00+00:00,558.8984375,54.6171875,294.921875,46.95697021484375,4.73828125,613.515625,21.771875000000023
2007-03-13 06:00:00+00:00,389.0390625,32.5390625,294.875,45.79534912109375,4.93359375,421.578125,21.725000000000023
2007-03-13 07:00:00+00:00,188.8359375,18.0390625,294.359375,46.46038818359375,5.076171875,206.875,21.209375000000023
2007-03-13 08:00:00+00:00,26.87109375,0.34765625,293.71875,46.91546630859375,4.68359375,27.21875,20.568750000000023
2007-03-13 09:00:00+00:00,0.0,0.0,292.03125,52.6219482421875,4.1015625,0.0,18.881250000000023
2007-03-13 10:00:00+00:00,0.0,0.0,291.015625,58.07818603515625,3.90625,0.0,17.865625000000023
2007-03-13 11:00:00+00:00,0.0,0.0,289.90625,65.8935546875,3.44921875,0.0,16.756250000000023
2007-03-13 12:00:00+00:00,0.0,0.0,289.25,71.384521484375,2.91796875,0.0,16.100000000000023
2007-03-13 13:00:00+00:00,0.0,0.0,288.890625,73.92669677734375,2.45703125,0.0,15.740625000000023
2007-03-13 14:00:00+00:00,0.0,0.0,288.671875,74.3551025390625,2.1640625,0.0,15.521875000000023
2007-03-13 15:00:00+00:00,0.0,0.0,288.4375,73.1348876953125,1.71875,0.0,15.287500000000023
2007-03-13 16:00:00+00:00,0.0,0.0,288.328125,73.7325439453125,1.3984375,0.0,15.178125000000023
2007-03-13 17:00:00+00:00,0.0,0.0,288.171875,74.93206787109375,0.884765625,0.0,15.021875000000023
2007-03-13 18:00:00+00:00,0.0,0.0,287.890625,77.1495361328125,0.7734375,0.0,14.740625000000023
2007-03-13 19:00:00+00:00,0.0,0.0,287.75,77.652587890625,0.9375,0.0,14.600000000000023
2007-03-13 20:00:00+00:00,8.9140625,16.8046875,287.3125,80.3555908203125,1.099609375,25.71875,14.162500000000023
2007-03-13 21:00:00+00:00,141.9296875,64.1015625,286.03125,85.4210205078125,0.57421875,206.03125,12.881250000000023
2007-03-13 22:00:00+00:00,342.22265625,79.60546875,286.859375,81.22381591796875,0.375,421.828125,13.709375000000023
2007-03-13 23:00:00+00:00,531.65625,83.9375,287.546875,76.7874755859375,0.65234375,615.59375,14.396875000000023
2007-03-14 00:00:00+00:00,679.21875,81.28125,288.328125,73.24127197265625,0.576171875,760.5,15.178125000000023
2007-03-14 01:00:00+00:00,778.30859375,77.48828125,289.203125,69.02252197265625,0.48828125,855.796875,16.053125000000023
2007-03-14 02:00:00+00:00,819.81640625,70.74609375,290.953125,60.8424072265625,0.53515625,890.5625,17.803125000000023
2007-03-14 03:00:00+00:00,796.43359375,60.97265625,294.578125,46.0604248046875,0.853515625,857.40625,21.428125000000023
2007-03-14 04:00:00+00:00,709.140625,51.4375,297.859375,38.5230712890625,1.578125,760.578125,24.709375000000023
2007-03-14 05:00:00+00:00,566.1015625,41.4609375,300.859375,31.37945556640625,1.8515625,607.5625,27.709375000000023
2007-03-14 06:00:00+00:00,382.21875,31.234375,302.609375,25.418701171875,2.142578125,413.453125,29.459375000000023
2007-03-14 07:00:00+00:00,181.5546875,17.5546875,303.171875,23.94970703125,2.48828125,199.109375,30.021875000000023
2007-03-14 08:00:00+00:00,23.5859375,0.6328125,302.671875,26.616455078125,2.482421875,24.21875,29.521875000000023
2007-03-14 09:00:00+00:00,0.0,0.0,301.703125,30.23187255859375,1.751953125,0.0,28.553125000000023
2007-03-14 10:00:00+00:00,0.0,0.0,300.21875,34.458740234375,2.244140625,0.0,27.068750000000023
2007-03-14 11:00:00+00:00,0.0,0.0,298.828125,38.55694580078125,1.76171875,0.0,25.678125000000023
2007-03-14 12:00:00+00:00,0.0,0.0,297.859375,42.584228515625,1.1640625,0.0,24.709375000000023
2007-03-14 13:00:00+00:00,0.0,0.0,297.0625,47.1878662109375,1.298828125,0.0,23.912500000000023
2007-03-14 14:00:00+00:00,0.0,0.0,296.890625,47.80401611328125,1.201171875,0.0,23.740625000000023
2007-03-14 15:00:00+00:00,0.0,0.0,296.265625,52.2470703125,1.4453125,0.0,23.115625000000023
2007-03-14 16:00:00+00:00,0.0,0.0,295.875,52.997802734375,1.5859375,0.0,22.725000000000023
2007-03-14 17:00:00+00:00,0.0,0.0,295.296875,53.45843505859375,1.6640625,0.0,22.146875000000023
2007-03-14 18:00:00+00:00,0.0,0.0,294.71875,50.3023681640625,1.966796875,0.0,21.568750000000023
2007-03-14 19:00:00+00:00,0.0,0.0,294.5,40.827880859375,2.328125,0.0,21.350000000000023
2007-03-14 20:00:00+00:00,7.2109375,16.6015625,295.0625,31.127685546875,2.841796875,23.8125,21.912500000000023
2007-03-14 21:00:00+00:00,129.04296875,67.26953125,293.25,45.5196533203125,2.548828125,196.3125,20.100000000000023
2007-03-14 22:00:00+00:00,323.56640625,85.01171875,295.140625,33.857666015625,3.50390625,408.578125,21.990625000000023
2007-03-14 23:00:00+00:00,507.87109375,91.30078125,297.34375,27.9183349609375,3.896484375,599.171875,24.193750000000023
2007-03-15 00:00:00+00:00,643.61328125,91.24609375,300.46875,21.64324951171875,4.845703125,734.859375,27.318750000000023
2007-03-15 01:00:00+00:00,720.51953125,92.65234375,302.203125,27.0457763671875,5.53125,813.171875,29.053125000000023
2007-03-15 02:00:00+00:00,746.625,95.65625,304.0,27.90283203125,5.662109375,842.28125,30.850000000000023
2007-03-15 03:00:00+00:00,679.875,93.703125,306.984375,23.85107421875,5.380859375,773.578125,33.83437500000002
2007-03-15 04:00:00+00:00,602.2421875,95.5078125,308.671875,19.98162841796875,4.9296875,697.75,35.52187500000002
2007-03-15 05:00:00+00:00,148.1484375,177.7265625,309.609375,18.83843994140625,5.1015625,325.875,36.45937500000002
2007-03-15 06:00:00+00:00,83.8984375,157.7109375,309.859375,17.84637451171875,4.763671875,241.609375,36.70937500000002
2007-03-15 07:00:00+00:00,8.75390625,59.02734375,309.6875,17.6876220703125,4.83984375,67.78125,36.53750000000002
2007-03-15 08:00:00+00:00,0.00390625,4.02734375,309.0,19.30596923828125,3.65234375,4.03125,35.85000000000002
2007-03-15 09:00:00+00:00,0.0,0.0,304.234375,42.19091796875,2.865234375,0.0,31.084375000000023
2007-03-15 10:00:00+00:00,0.0,0.0,302.125,49.19244384765625,1.4375,0.0,28.975000000000023
2007-03-15 11:00:00+00:00,0.0,0.0,301.0625,49.32012939453125,0.82421875,0.0,27.912500000000023
2007-03-15 12:00:00+00:00,0.0,0.0,300.796875,50.80560302734375,0.71875,0.0,27.646875000000023
2007-03-15 13:00:00+00:00,0.0,0.0,299.96875,53.53173828125,1.294921875,0.0,26.818750000000023
2007-03-15 14:00:00+00:00,0.0,0.0,298.25,52.14111328125,1.224609375,0.0,25.100000000000023
2007-03-15 15:00:00+00:00,0.0,0.0,300.59375,51.2640380859375,3.51953125,0.0,27.443750000000023
2007-03-15 16:00:00+00:00,0.0,0.0,300.140625,55.095458984375,3.787109375,0.0,26.990625000000023
2007-03-15 17:00:00+00:00,0.0,0.0,299.25,61.12689208984375,4.33203125,0.0,26.100000000000023
2007-03-15 18:00:00+00:00,0.0,0.0,297.84375,64.73095703125,2.919921875,0.0,24.693750000000023
2007-03-15 19:00:00+00:00,0.0,0.0,294.96875,70.10113525390625,1.458984375,0.0,21.818750000000023
2007-03-15 20:00:00+00:00,0.0,7.03125,294.453125,76.468505859375,1.4921875,7.03125,21.303125000000023
2007-03-15 21:00:00+00:00,25.96484375,99.01953125,294.390625,83.85955810546875,2.728515625,124.984375,21.240625000000023
2007-03-15 22:00:00+00:00,188.76953125,146.62109375,295.234375,81.71234130859375,3.412109375,335.390625,22.084375000000023
2007-03-15 23:00:00+00:00,280.34765625,132.83984375,296.734375,74.84844970703125,2.2890625,413.1875,23.584375000000023
2007-03-16 00:00:00+00:00,467.75,155.90625,296.0625,74.102294921875,4.83984375,623.65625,22.912500000000023
2007-03-16 01:00:00+00:00,227.0546875,230.1796875,294.96875,72.161376953125,4.59375,457.234375,21.818750000000023
2007-03-16 02:00:00+00:00,54.2734375,289.9453125,294.921875,72.32672119140625,3.646484375,344.21875,21.771875000000023
2007-03-16 03:00:00+00:00,0.515625,125.03125,292.734375,89.3719482421875,3.9765625,125.546875,19.584375000000023
2007-03-16 04:00:00+00:00,7.953125,163.171875,292.234375,85.13494873046875,4.6640625,171.125,19.084375000000023
2007-03-16 05:00:00+00:00,9.64453125,131.87109375,292.578125,75.450439453125,4.19140625,141.515625,19.428125000000023
2007-03-16 06:00:00+00:00,32.515625,155.609375,292.65625,72.269287109375,4.1640625,188.125,19.506250000000023
2007-03-16 07:00:00+00:00,7.21875,47.484375,292.546875,73.01934814453125,4.091796875,54.703125,19.396875000000023
2007-03-16 08:00:00+00:00,0.01171875,4.86328125,292.125,73.172119140625,3.96484375,4.875,18.975000000000023
2007-03-16 09:00:00+00:00,0.0,0.0,291.59375,77.14483642578125,3.984375,0.0,18.443750000000023
2007-03-16 10:00:00+00:00,0.0,0.0,291.390625,76.25408935546875,3.5,0.0,18.240625000000023
2007-03-16 11:00:00+00:00,0.0,0.0,291.203125,73.53656005859375,3.044921875,0.0,18.053125000000023
2007-03-16 12:00:00+00:00,0.0,0.0,291.0,71.12554931640625,2.69140625,0.0,17.850000000000023
2007-03-16 13:00:00+00:00,0.0,0.0,290.796875,68.29119873046875,2.447265625,0.0,17.646875000000023
2007-03-16 14:00:00+00:00,0.0,0.0,290.671875,64.974609375,2.349609375,0.0,17.521875000000023
2007-03-16 15:00:00+00:00,0.0,0.0,290.34375,65.099365234375,2.09765625,0.0,17.193750000000023
2007-03-16 16:00:00+00:00,0.0,0.0,289.890625,67.61669921875,2.34375,0.0,16.740625000000023
2007-03-16 17:00:00+00:00,0.0,0.0,289.203125,72.313720703125,2.84375,0.0,16.053125000000023
2007-03-16 18:00:00+00:00,0.0,0.0,288.65625,73.10198974609375,2.740234375,0.0,15.506250000000023
2007-03-16 19:00:00+00:00,0.0,0.0,288.046875,75.81292724609375,2.740234375,0.0,14.896875000000023
2007-03-16 20:00:00+00:00,6.375,14.6875,287.671875,78.28729248046875,2.669921875,21.0625,14.521875000000023
2007-03-16 21:00:00+00:00,64.2421875,78.8984375,287.515625,77.669677734375,2.84375,143.140625,14.365625000000023
2007-03-16 22:00:00+00:00,247.97265625,123.19921875,287.71875,77.35919189453125,2.572265625,371.171875,14.568750000000023
2007-03-16 23:00:00+00:00,339.05078125,175.73046875,288.71875,72.63934326171875,2.84375,514.78125,15.568750000000023
2007-03-17 00:00:00+00:00,202.61328125,218.01171875,290.109375,66.385986328125,3.74609375,420.625,16.959375000000023
2007-03-17 01:00:00+00:00,403.0859375,233.2265625,290.40625,68.68316650390625,4.8828125,636.3125,17.256250000000023
2007-03-17 02:00:00+00:00,736.30078125,124.38671875,291.65625,53.7540283203125,4.8359375,860.6875,18.506250000000023
2007-03-17 03:00:00+00:00,674.8203125,126.6328125,291.8125,48.412841796875,5.28125,801.453125,18.662500000000023
2007-03-17 04:00:00+00:00,550.8828125,84.5859375,292.25,45.02166748046875,5.251953125,635.46875,19.100000000000023
2007-03-17 05:00:00+00:00,459.95703125,90.91796875,292.578125,43.28448486328125,5.494140625,550.875,19.428125000000023
2007-03-17 06:00:00+00:00,281.99609375,60.11328125,292.5,44.46917724609375,5.138671875,342.109375,19.350000000000023
2007-03-17 07:00:00+00:00,109.16015625,34.23046875,292.0625,46.99041748046875,5.375,143.390625,18.912500000000023
2007-03-17 08:00:00+00:00,12.23046875,4.81640625,291.609375,47.78729248046875,5.0078125,17.046875,18.459375000000023
2007-03-17 09:00:00+00:00,0.0,0.0,291.046875,48.15618896484375,4.427734375,0.0,17.896875000000023
2007-03-17 10:00:00+00:00,0.0,0.0,290.5625,51.22235107421875,4.0859375,0.0,17.412500000000023
2007-03-17 11:00:00+00:00,0.0,0.0,290.078125,53.88177490234375,3.666015625,0.0,16.928125000000023
2007-03-17 12:00:00+00:00,0.0,0.0,289.703125,54.862060546875,3.23046875,0.0,16.553125000000023
2007-03-17 13:00:00+00:00,0.0,0.0,289.53125,55.2362060546875,2.861328125,0.0,16.381250000000023
2007-03-17 14:00:00+00:00,0.0,0.0,289.015625,57.7156982421875,2.875,0.0,15.865625000000023
2007-03-17 15:00:00+00:00,0.0,0.0,287.828125,64.0167236328125,1.95703125,0.0,14.678125000000023
2007-03-17 16:00:00+00:00,0.0,0.0,287.46875,64.54827880859375,1.568359375,0.0,14.318750000000023
2007-03-17 17:00:00+00:00,0.0,0.0,287.015625,66.01580810546875,1.376953125,0.0,13.865625000000023
2007-03-17 18:00:00+00:00,0.0,0.0,286.53125,67.9573974609375,1.349609375,0.0,13.381250000000023
2007-03-17 19:00:00+00:00,0.0,0.0,286.109375,69.81231689453125,1.369140625,0.0,12.959375000000023
2007-03-17 20:00:00+00:00,6.328125,14.015625,285.90625,70.81805419921875,1.427734375,20.34375,12.756250000000023
2007-03-17 21:00:00+00:00,109.94921875,70.45703125,285.140625,72.1146240234375,1.3125,180.40625,11.990625000000023
2007-03-17 22:00:00+00:00,287.0390625,98.8203125,285.59375,70.21368408203125,1.560546875,385.859375,12.443750000000023
2007-03-17 23:00:00+00:00,448.66015625,115.10546875,286.65625,67.96795654296875,1.99609375,563.765625,13.506250000000023
2007-03-18 00:00:00+00:00,555.7890625,128.1015625,287.859375,63.52972412109375,2.1875,683.890625,14.709375000000023
2007-03-18 01:00:00+00:00,656.90625,142.28125,289.109375,57.9874267578125,2.2578125,799.1875,15.959375000000023
2007-03-18 02:00:00+00:00,719.921875,123.46875,290.609375,51.698486328125,2.380859375,843.390625,17.459375000000023
2007-03-18 03:00:00+00:00,769.421875,61.484375,292.59375,46.28857421875,2.412109375,830.90625,19.443750000000023
2007-03-18 04:00:00+00:00,682.37109375,52.00390625,293.875,43.16802978515625,2.4921875,734.375,20.725000000000023
2007-03-18 05:00:00+00:00,541.3203125,41.7734375,294.953125,40.58673095703125,2.599609375,583.09375,21.803125000000023
2007-03-18 06:00:00+00:00,359.86328125,30.52734375,295.515625,40.1964111328125,3.056640625,390.390625,22.365625000000023
2007-03-18 07:00:00+00:00,162.0234375,15.3984375,295.3125,42.47052001953125,3.5625,177.421875,22.162500000000023
2007-03-18 08:00:00+00:00,14.609375,0.953125,294.171875,47.60369873046875,4.068359375,15.5625,21.021875000000023
2007-03-18 09:00:00+00:00,0.0,0.0,293.84375,45.476318359375,3.873046875,0.0,20.693750000000023
2007-03-18 10:00:00+00:00,0.0,0.0,291.890625,51.9622802734375,4.26953125,0.0,18.740625000000023
2007-03-18 11:00:00+00:00,0.0,0.0,290.5,57.5738525390625,3.923828125,0.0,17.350000000000023
2007-03-18 12:00:00+00:00,0.0,0.0,289.8125,61.6497802734375,3.314453125,0.0,16.662500000000023
2007-03-18 13:00:00+00:00,0.0,0.0,289.421875,64.34326171875,2.99609375,0.0,16.271875000000023
2007-03-18 14:00:00+00:00,0.0,0.0,289.078125,67.04248046875,2.484375,0.0,15.928125000000023
2007-03-18 15:00:00+00:00,0.0,0.0,288.234375,70.148193359375,1.720703125,0.0,15.084375000000023
2007-03-18 16:00:00+00:00,0.0,0.0,287.953125,71.50372314453125,1.453125,0.0,14.803125000000023
2007-03-18 17:00:00+00:00,0.0,0.0,287.703125,72.62896728515625,1.4140625,0.0,14.553125000000023
2007-03-18 18:00:00+00:00,0.0,0.0,287.4375,73.9871826171875,1.1328125,0.0,14.287500000000023
2007-03-18 19:00:00+00:00,0.0,0.0,287.1875,75.609130859375,0.685546875,0.0,14.037500000000023
2007-03-18 20:00:00+00:00,0.328125,14.46875,287.078125,76.50927734375,0.84375,14.796875,13.928125000000023
2007-03-18 21:00:00+00:00,88.53125,78.203125,287.171875,75.263427734375,0.33203125,166.734375,14.021875000000023
2007-03-18 22:00:00+00:00,286.90234375,92.64453125,287.359375,74.75836181640625,0.41015625,379.546875,14.209375000000023
2007-03-18 23:00:00+00:00,481.00390625,90.41796875,287.921875,73.177001953125,0.673828125,571.421875,14.771875000000023
2007-03-19 00:00:00+00:00,627.640625,87.0625,288.671875,71.24615478515625,0.66796875,714.703125,15.521875000000023
2007-03-19 01:00:00+00:00,725.625,82.859375,289.5625,67.969482421875,0.685546875,808.484375,16.412500000000023
2007-03-19 02:00:00+00:00,766.21484375,75.30078125,290.21875,65.4307861328125,0.30859375,841.515625,17.068750000000023
2007-03-19 03:00:00+00:00,739.3828125,65.8359375,293.1875,57.12164306640625,1.03515625,805.21875,20.037500000000023
2007-03-19 04:00:00+00:00,652.7578125,56.3984375,296.671875,46.262939453125,2.3125,709.15625,23.521875000000023
2007-03-19 05:00:00+00:00,517.2265625,46.0390625,298.421875,41.6005859375,3.0390625,563.265625,25.271875000000023
2007-03-19 06:00:00+00:00,339.37890625,34.18359375,298.578125,41.94586181640625,3.853515625,373.5625,25.428125000000023
2007-03-19 07:00:00+00:00,145.875,18.5625,297.96875,44.7286376953125,3.708984375,164.4375,24.818750000000023
2007-03-19 08:00:00+00:00,11.03515625,1.91796875,297.65625,46.525146484375,3.078125,12.953125,24.506250000000023
2007-03-19 09:00:00+00:00,0.0,0.0,296.375,54.05633544921875,2.826171875,0.0,23.225000000000023
2007-03-19 10:00:00+00:00,0.0,0.0,295.1875,57.43255615234375,2.953125,0.0,22.037500000000023
2007-03-19 11:00:00+00:00,0.0,0.0,293.609375,62.39813232421875,2.712890625,0.0,20.459375000000023
2007-03-19 12:00:00+00:00,0.0,0.0,292.546875,66.181640625,2.24609375,0.0,19.396875000000023
2007-03-19 13:00:00+00:00,0.0,0.0,291.984375,68.427001953125,1.12890625,0.0,18.834375000000023
2007-03-19 14:00:00+00:00,0.0,0.0,291.984375,68.72576904296875,0.57421875,0.0,18.834375000000023
2007-03-19 15:00:00+00:00,0.0,0.0,292.75,70.97589111328125,3.15625,0.0,19.600000000000023
2007-03-19 16:00:00+00:00,0.0,0.0,291.984375,77.15911865234375,3.15625,0.0,18.834375000000023
2007-03-19 17:00:00+00:00,0.0,0.0,291.765625,79.3997802734375,2.818359375,0.0,18.615625000000023
2007-03-19 18:00:00+00:00,0.0,0.0,291.6875,81.13201904296875,2.421875,0.0,18.537500000000023
2007-03-19 19:00:00+00:00,0.0,0.0,291.640625,83.2021484375,2.193359375,0.0,18.490625000000023
2007-03-19 20:00:00+00:00,0.0,8.171875,291.625,84.6998291015625,2.4453125,8.171875,18.475000000000023
2007-03-19 21:00:00+00:00,0.0,19.96875,291.125,88.68609619140625,1.974609375,19.96875,17.975000000000023
2007-03-19 22:00:00+00:00,0.0,64.34375,291.15625,90.76220703125,1.8125,64.34375,18.006250000000023
2007-03-19 23:00:00+00:00,0.00390625,110.79296875,291.328125,91.15362548828125,1.546875,110.796875,18.178125000000023
2007-03-20 00:00:00+00:00,0.49609375,140.83203125,291.578125,91.27777099609375,1.541015625,141.328125,18.428125000000023
2007-03-20 01:00:00+00:00,50.55078125,368.99609375,292.078125,89.22283935546875,1.744140625,419.546875,18.928125000000023
2007-03-20 02:00:00+00:00,162.375,398.890625,293.25,83.95172119140625,1.912109375,561.265625,20.100000000000023
2007-03-20 03:00:00+00:00,36.625,228.609375,294.921875,75.52386474609375,2.720703125,265.234375,21.771875000000023
2007-03-20 04:00:00+00:00,6.3046875,267.6640625,295.90625,70.389892578125,2.41015625,273.96875,22.756250000000023
2007-03-20 05:00:00+00:00,13.875,226.359375,297.015625,63.78387451171875,2.041015625,240.234375,23.865625000000023
2007-03-20 06:00:00+00:00,5.453125,147.25,297.9375,58.9300537109375,2.212890625,152.703125,24.787500000000023
2007-03-20 07:00:00+00:00,0.140625,56.953125,298.53125,55.8663330078125,2.83203125,57.09375,25.381250000000023
2007-03-20 08:00:00+00:00,0.0,0.296875,297.75,61.41546630859375,3.1640625,0.296875,24.600000000000023
2007-03-20 09:00:00+00:00,0.0,0.0,297.296875,61.967041015625,2.140625,0.0,24.146875000000023
2007-03-20 10:00:00+00:00,0.0,0.0,296.71875,66.74603271484375,2.1015625,0.0,23.568750000000023
2007-03-20 11:00:00+00:00,0.0,0.0,296.078125,71.00726318359375,2.08984375,0.0,22.928125000000023
2007-03-20 12:00:00+00:00,0.0,0.0,295.296875,75.31451416015625,2.306640625,0.0,22.146875000000023
2007-03-20 13:00:00+00:00,0.0,0.0,294.59375,77.9581298828125,2.0390625,0.0,21.443750000000023
2007-03-20 14:00:00+00:00,0.0,0.0,294.25,78.5015869140625,1.568359375,0.0,21.100000000000023
2007-03-20 15:00:00+00:00,0.0,0.0,293.46875,79.4759521484375,1.662109375,0.0,20.318750000000023
2007-03-20 16:00:00+00:00,0.0,0.0,293.0625,80.36737060546875,1.404296875,0.0,19.912500000000023
2007-03-20 17:00:00+00:00,0.0,0.0,292.625,81.94183349609375,1.255859375,0.0,19.475000000000023
2007-03-20 18:00:00+00:00,0.0,0.0,292.234375,83.626953125,1.1875,0.0,19.084375000000023
2007-03-20 19:00:00+00:00,0.0,0.0,291.8125,85.4697265625,1.169921875,0.0,18.662500000000023
2007-03-20 20:00:00+00:00,0.0,8.15625,291.53125,86.52935791015625,1.08203125,8.15625,18.381250000000023
2007-03-20 21:00:00+00:00,27.5078125,87.0546875,290.5625,90.46600341796875,1.13671875,114.5625,17.412500000000023
2007-03-20 22:00:00+00:00,61.9609375,161.0703125,290.546875,89.154296875,1.244140625,223.03125,17.396875000000023
2007-03-20 23:00:00+00:00,31.6796875,220.1484375,291.09375,85.8087158203125,0.919921875,251.828125,17.943750000000023
2007-03-21 00:00:00+00:00,240.44140625,319.01171875,291.6875,83.05224609375,0.673828125,559.453125,18.537500000000023
2007-03-21 01:00:00+00:00,362.5234375,259.2578125,292.515625,79.86474609375,0.408203125,621.78125,19.365625000000023
2007-03-21 02:00:00+00:00,665.15234375,146.03515625,293.4375,76.6763916015625,0.28125,811.1875,20.287500000000023
2007-03-21 03:00:00+00:00,713.83203125,70.37109375,295.703125,66.4462890625,0.544921875,784.203125,22.553125000000023
2007-03-21 04:00:00+00:00,630.00390625,59.19921875,297.5625,58.8968505859375,0.751953125,689.203125,24.412500000000023
2007-03-21 05:00:00+00:00,366.078125,55.71875,299.46875,51.50030517578125,1.357421875,421.796875,26.318750000000023
2007-03-21 06:00:00+00:00,289.19140625,59.27734375,300.875,46.32550048828125,2.0234375,348.46875,27.725000000000023
2007-03-21 07:00:00+00:00,102.5,19.0,301.546875,44.064208984375,2.509765625,121.5,28.396875000000023
2007-03-21 08:00:00+00:00,5.1484375,3.8671875,301.59375,44.41302490234375,2.474609375,9.015625,28.443750000000023
2007-03-21 09:00:00+00:00,0.0,0.0,300.5625,48.51751708984375,3.68359375,0.0,27.412500000000023
2007-03-21 10:00:00+00:00,0.0,0.0,298.453125,55.16552734375,3.4453125,0.0,25.303125000000023
2007-03-21 11:00:00+00:00,0.0,0.0,297.109375,59.73553466796875,2.6171875,0.0,23.959375000000023
2007-03-21 12:00:00+00:00,0.0,0.0,296.234375,62.91375732421875,2.06640625,0.0,23.084375000000023
2007-03-21 13:00:00+00:00,0.0,0.0,295.421875,66.20489501953125,1.734375,0.0,22.271875000000023
2007-03-21 14:00:00+00:00,0.0,0.0,294.546875,71.1104736328125,1.923828125,0.0,21.396875000000023
2007-03-21 15:00:00+00:00,0.0,0.0,293.09375,81.51666259765625,1.6015625,0.0,19.943750000000023
2007-03-21 16:00:00+00:00,0.0,0.0,292.75,82.57763671875,1.265625,0.0,19.600000000000023
2007-03-21 17:00:00+00:00,0.0,0.0,292.625,82.57672119140625,1.064453125,0.0,19.475000000000023
2007-03-21 18:00:00+00:00,0.0,0.0,292.734375,81.7249755859375,1.0390625,0.0,19.584375000000023
2007-03-21 19:00:00+00:00,0.0,0.0,292.609375,82.4141845703125,1.0390625,0.0,19.459375000000023
2007-03-21 20:00:00+00:00,2.8828125,11.1171875,292.296875,84.1781005859375,0.91015625,14.0,19.146875000000023
2007-03-21 21:00:00+00:00,98.6640625,62.5859375,291.78125,86.8731689453125,0.96875,161.25,18.631250000000023
2007-03-21 22:00:00+00:00,278.48046875,82.23828125,292.046875,84.69915771484375,1.078125,360.71875,18.896875000000023
2007-03-21 23:00:00+00:00,453.3828125,89.0546875,293.03125,78.21783447265625,1.13671875,542.4375,19.881250000000023
2007-03-22 00:00:00+00:00,593.25390625,88.62109375,295.484375,66.73358154296875,1.671875,681.875,22.334375000000023
2007-03-22 01:00:00+00:00,684.96875,85.328125,299.046875,54.59716796875,2.298828125,770.296875,25.896875000000023
2007-03-22 02:00:00+00:00,709.625,83.484375,302.828125,41.0284423828125,3.5625,793.109375,29.678125000000023
2007-03-22 03:00:00+00:00,604.63671875,93.69140625,305.03125,35.27740478515625,4.921875,698.328125,31.881250000000023
2007-03-22 04:00:00+00:00,549.265625,88.015625,305.78125,32.97015380859375,4.759765625,637.28125,32.63125000000002
2007-03-22 05:00:00+00:00,359.6875,62.171875,306.0,32.6953125,4.541015625,421.859375,32.85000000000002
2007-03-22 06:00:00+00:00,232.8203125,78.3984375,305.953125,33.01678466796875,3.998046875,311.21875,32.80312500000002
2007-03-22 07:00:00+00:00,63.17578125,3.82421875,305.796875,33.42279052734375,3.701171875,67.0,32.64687500000002
2007-03-22 08:00:00+00:00,2.1875,4.609375,304.890625,37.7496337890625,3.408203125,6.796875,31.740625000000023
2007-03-22 09:00:00+00:00,0.0,0.0,305.4375,33.5565185546875,2.53125,0.0,32.28750000000002
2007-03-22 10:00:00+00:00,0.0,0.0,304.703125,35.08551025390625,2.873046875,0.0,31.553125000000023
2007-03-22 11:00:00+00:00,0.0,0.0,303.1875,40.90875244140625,3.0,0.0,30.037500000000023
2007-03-22 12:00:00+00:00,0.0,0.0,302.171875,43.9345703125,2.939453125,0.0,29.021875000000023
2007-03-22 13:00:00+00:00,0.0,0.0,301.53125,45.16961669921875,2.53125,0.0,28.381250000000023
2007-03-22 14:00:00+00:00,0.0,0.0,300.984375,45.99169921875,2.51953125,0.0,27.834375000000023
2007-03-22 15:00:00+00:00,0.0,0.0,300.9375,41.9478759765625,2.357421875,0.0,27.787500000000023
2007-03-22 16:00:00+00:00,0.0,0.0,300.84375,39.7630615234375,2.728515625,0.0,27.693750000000023
2007-03-22 17:00:00+00:00,0.0,0.0,300.765625,37.57586669921875,3.421875,0.0,27.615625000000023
2007-03-22 18:00:00+00:00,0.0,0.0,300.359375,37.6700439453125,4.388671875,0.0,27.209375000000023
2007-03-22 19:00:00+00:00,0.0,0.0,299.90625,39.68206787109375,5.03515625,0.0,26.756250000000023
2007-03-22 20:00:00+00:00,2.1640625,10.4765625,299.359375,41.82611083984375,5.314453125,12.640625,26.209375000000023
2007-03-22 21:00:00+00:00,93.16015625,62.80859375,299.625,43.62286376953125,5.828125,155.96875,26.475000000000023
2007-03-22 22:00:00+00:00,270.6796875,83.2734375,299.96875,43.9166259765625,6.232421875,353.953125,26.818750000000023
2007-03-22 23:00:00+00:00,441.359375,91.765625,301.0625,42.623046875,6.94921875,533.125,27.912500000000023
2007-03-23 00:00:00+00:00,559.08203125,104.35546875,302.671875,39.27789306640625,7.412109375,663.4375,29.521875000000023
2007-03-23 01:00:00+00:00,636.74609375,112.00390625,304.421875,35.288330078125,7.75,748.75,31.271875000000023
2007-03-23 02:00:00+00:00,677.8671875,103.2578125,306.1875,31.943115234375,8.16015625,781.125,33.03750000000002
2007-03-23 03:00:00+00:00,640.01953125,100.68359375,308.03125,29.8138427734375,8.158203125,740.703125,34.88125000000002
2007-03-23 04:00:00+00:00,458.7109375,147.5703125,309.984375,23.26641845703125,8.46484375,606.28125,36.83437500000002
2007-03-23 05:00:00+00:00,340.12109375,119.41015625,310.53125,20.65338134765625,8.52734375,459.53125,37.38125000000002
2007-03-23 06:00:00+00:00,122.703125,88.8125,310.65625,19.48779296875,8.017578125,211.515625,37.50625000000002
2007-03-23 07:00:00+00:00,20.43359375,31.37890625,310.21875,20.0135498046875,7.630859375,51.8125,37.06875000000002
2007-03-23 08:00:00+00:00,0.29296875,6.03515625,309.34375,22.01123046875,6.84375,6.328125,36.19375000000002
2007-03-23 09:00:00+00:00,0.0,0.0,307.265625,29.6046142578125,4.927734375,0.0,34.11562500000002
2007-03-23 10:00:00+00:00,0.0,0.0,299.125,62.15045166015625,5.875,0.0,25.975000000000023
2007-03-23 11:00:00+00:00,0.0,0.0,294.90625,84.42218017578125,4.876953125,0.0,21.756250000000023
2007-03-23 12:00:00+00:00,0.0,0.0,293.875,87.2471923828125,3.65234375,0.0,20.725000000000023
2007-03-23 13:00:00+00:00,0.0,0.0,293.125,89.28973388671875,2.685546875,0.0,19.975000000000023
2007-03-23 14:00:00+00:00,0.0,0.0,292.625,91.08978271484375,1.95703125,0.0,19.475000000000023
2007-03-23 15:00:00+00:00,0.0,0.0,291.90625,85.861572265625,3.775390625,0.0,18.756250000000023
2007-03-23 16:00:00+00:00,0.0,0.0,290.8125,91.75933837890625,4.109375,0.0,17.662500000000023
2007-03-23 17:00:00+00:00,0.0,0.0,289.40625,88.2850341796875,5.8046875,0.0,16.256250000000023
2007-03-23 18:00:00+00:00,0.0,0.0,288.484375,85.0877685546875,5.12890625,0.0,15.334375000000023
2007-03-23 19:00:00+00:00,0.0,0.0,287.859375,86.25933837890625,4.53125,0.0,14.709375000000023
2007-03-23 20:00:00+00:00,0.0,1.765625,287.40625,83.88934326171875,3.359375,1.765625,14.256250000000023
2007-03-23 21:00:00+00:00,0.0,42.21875,286.578125,83.4259033203125,1.521484375,42.21875,13.428125000000023
2007-03-23 22:00:00+00:00,8.2421875,186.5859375,286.890625,82.7655029296875,2.03125,194.828125,13.740625000000023
2007-03-23 23:00:00+00:00,250.24609375,181.37890625,287.46875,79.02099609375,3.732421875,431.625,14.318750000000023
2007-03-24 00:00:00+00:00,247.86328125,82.77734375,288.703125,63.3544921875,5.083984375,330.640625,15.553125000000023
2007-03-24 01:00:00+00:00,337.94921875,200.81640625,289.296875,55.99871826171875,5.6328125,538.765625,16.146875000000023
2007-03-24 02:00:00+00:00,183.96484375,145.42578125,290.140625,50.28271484375,6.267578125,329.390625,16.990625000000023
2007-03-24 03:00:00+00:00,90.35546875,240.14453125,288.96875,55.3603515625,7.029296875,330.5,15.818750000000023
2007-03-24 04:00:00+00:00,375.9609375,168.3046875,288.90625,55.6025390625,6.69921875,544.265625,15.756250000000023
2007-03-24 05:00:00+00:00,381.42578125,117.91796875,288.53125,58.77850341796875,7.125,499.34375,15.381250000000023
2007-03-24 06:00:00+00:00,206.75,70.28125,288.375,57.44989013671875,6.908203125,277.03125,15.225000000000023
2007-03-24 07:00:00+00:00,75.4921875,33.0546875,288.609375,51.124755859375,6.060546875,108.546875,15.459375000000023
2007-03-24 08:00:00+00:00,2.6640625,2.8828125,288.625,48.3555908203125,5.3359375,5.546875,15.475000000000023
2007-03-24 09:00:00+00:00,0.0,0.0,288.765625,42.9150390625,5.306640625,0.0,15.615625000000023
2007-03-24 10:00:00+00:00,0.0,0.0,288.890625,40.0098876953125,4.109375,0.0,15.740625000000023
2007-03-24 11:00:00+00:00,0.0,0.0,288.953125,39.4403076171875,3.99609375,0.0,15.803125000000023
2007-03-24 12:00:00+00:00,0.0,0.0,288.71875,39.65081787109375,4.126953125,0.0,15.568750000000023
2007-03-24 13:00:00+00:00,0.0,0.0,288.40625,40.6434326171875,3.828125,0.0,15.256250000000023
2007-03-24 14:00:00+00:00,0.0,0.0,288.015625,42.58563232421875,3.248046875,0.0,14.865625000000023
2007-03-24 15:00:00+00:00,0.0,0.0,287.15625,49.41497802734375,3.046875,0.0,14.006250000000023
2007-03-24 16:00:00+00:00,0.0,0.0,286.78125,51.3492431640625,2.85546875,0.0,13.631250000000023
2007-03-24 17:00:00+00:00,0.0,0.0,286.46875,53.00750732421875,2.298828125,0.0,13.318750000000023
2007-03-24 18:00:00+00:00,0.0,0.0,286.015625,55.344482421875,2.01171875,0.0,12.865625000000023
2007-03-24 19:00:00+00:00,0.0,0.0,285.65625,57.1724853515625,1.875,0.0,12.506250000000023
2007-03-24 20:00:00+00:00,1.6171875,8.2578125,285.515625,58.53857421875,1.900390625,9.875,12.365625000000023
2007-03-24 21:00:00+00:00,93.87109375,64.39453125,284.0,66.81982421875,1.68359375,158.265625,10.850000000000023
2007-03-24 22:00:00+00:00,178.33203125,101.37109375,284.53125,63.408203125,1.720703125,279.703125,11.381250000000023
2007-03-24 23:00:00+00:00,394.58203125,135.58984375,285.671875,58.755615234375,2.0546875,530.171875,12.521875000000023
2007-03-25 00:00:00+00:00,609.578125,92.484375,287.453125,51.609375,2.708984375,702.0625,14.303125000000023
2007-03-25 01:00:00+00:00,223.7734375,208.1328125,289.203125,43.4632568359375,3.7265625,431.90625,16.053125000000023
2007-03-25 02:00:00+00:00,70.09765625,396.23046875,290.15625,38.6322021484375,3.904296875,466.328125,17.006250000000023
2007-03-25 03:00:00+00:00,518.34765625,176.55859375,291.34375,33.9207763671875,4.244140625,694.90625,18.193750000000023
2007-03-25 04:00:00+00:00,312.27734375,228.47265625,291.953125,32.076904296875,4.22265625,540.75,18.803125000000023
2007-03-25 05:00:00+00:00,417.046875,108.734375,292.359375,31.611572265625,4.337890625,525.78125,19.209375000000023
2007-03-25 06:00:00+00:00,285.5078125,45.8515625,292.59375,30.68310546875,4.59765625,331.359375,19.443750000000023
2007-03-25 07:00:00+00:00,122.6171875,16.2109375,292.375,32.24517822265625,5.05859375,138.828125,19.225000000000023
2007-03-25 08:00:00+00:00,4.76171875,0.67578125,291.484375,36.56219482421875,5.4375,5.4375,18.334375000000023
2007-03-25 09:00:00+00:00,0.0,0.0,290.296875,42.1903076171875,5.400390625,0.0,17.146875000000023
2007-03-25 10:00:00+00:00,0.0,0.0,289.546875,44.92742919921875,5.16796875,0.0,16.396875000000023
2007-03-25 11:00:00+00:00,0.0,0.0,288.828125,45.8468017578125,4.73828125,0.0,15.678125000000023
2007-03-25 12:00:00+00:00,0.0,0.0,288.125,49.65924072265625,4.42578125,0.0,14.975000000000023
2007-03-25 13:00:00+00:00,0.0,0.0,287.5625,54.71771240234375,3.87109375,0.0,14.412500000000023
2007-03-25 14:00:00+00:00,0.0,0.0,286.96875,59.34246826171875,3.6953125,0.0,13.818750000000023
2007-03-25 15:00:00+00:00,0.0,0.0,286.140625,64.17889404296875,3.388671875,0.0,12.990625000000023
2007-03-25 16:00:00+00:00,0.0,0.0,285.734375,67.2694091796875,2.6171875,0.0,12.584375000000023
2007-03-25 17:00:00+00:00,0.0,0.0,285.3125,70.39263916015625,1.71875,0.0,12.162500000000023
2007-03-25 18:00:00+00:00,0.0,0.0,284.84375,73.7471923828125,0.751953125,0.0,11.693750000000023
2007-03-25 19:00:00+00:00,0.0,0.0,284.25,77.5611572265625,0.576171875,0.0,11.100000000000023
2007-03-25 20:00:00+00:00,2.37890625,9.15234375,284.078125,78.79736328125,1.0078125,11.53125,10.928125000000023
2007-03-25 21:00:00+00:00,100.36328125,58.02734375,283.9375,78.7740478515625,1.326171875,158.390625,10.787500000000023
2007-03-25 22:00:00+00:00,286.5859375,76.7109375,284.015625,77.155029296875,1.25,363.296875,10.865625000000023
2007-03-25 23:00:00+00:00,467.19921875,82.36328125,284.6875,73.19464111328125,1.091796875,549.5625,11.537500000000023
2007-03-26 00:00:00+00:00,609.4140625,80.3984375,285.890625,68.06121826171875,0.9453125,689.8125,12.740625000000023
2007-03-26 01:00:00+00:00,704.0546875,76.4765625,287.828125,61.2767333984375,1.1484375,780.53125,14.678125000000023
2007-03-26 02:00:00+00:00,738.953125,69.703125,291.03125,50.36767578125,1.611328125,808.65625,17.881250000000023
2007-03-26 03:00:00+00:00,709.15234375,61.20703125,294.265625,40.1031494140625,1.521484375,770.359375,21.115625000000023
2007-03-26 04:00:00+00:00,542.359375,83.8125,296.21875,34.30316162109375,1.51171875,626.171875,23.068750000000023
2007-03-26 05:00:00+00:00,402.8046875,84.3984375,297.375,30.02691650390625,1.49609375,487.203125,24.225000000000023
2007-03-26 06:00:00+00:00,253.078125,51.890625,297.984375,28.8023681640625,1.8515625,304.96875,24.834375000000023
2007-03-26 07:00:00+00:00,104.37890625,20.65234375,298.203125,28.690673828125,2.263671875,125.03125,25.053125000000023
2007-03-26 08:00:00+00:00,3.38671875,1.39453125,298.09375,29.2490234375,2.669921875,4.78125,24.943750000000023
2007-03-26 09:00:00+00:00,0.0,0.0,297.71875,30.46820068359375,3.56640625,0.0,24.568750000000023
2007-03-26 10:00:00+00:00,0.0,0.0,296.3125,34.7410888671875,3.880859375,0.0,23.162500000000023
2007-03-26 11:00:00+00:00,0.0,0.0,295.484375,36.8758544921875,3.51171875,0.0,22.334375000000023
2007-03-26 12:00:00+00:00,0.0,0.0,294.8125,40.210693359375,3.00390625,0.0,21.662500000000023
2007-03-26 13:00:00+00:00,0.0,0.0,294.140625,44.008544921875,2.412109375,0.0,20.990625000000023
2007-03-26 14:00:00+00:00,0.0,0.0,293.703125,46.0048828125,2.068359375,0.0,20.553125000000023
2007-03-26 15:00:00+00:00,0.0,0.0,292.984375,47.1951904296875,1.244140625,0.0,19.834375000000023
2007-03-26 16:00:00+00:00,0.0,0.0,292.390625,49.15106201171875,1.146484375,0.0,19.240625000000023
2007-03-26 17:00:00+00:00,0.0,0.0,291.609375,52.43505859375,1.240234375,0.0,18.459375000000023
2007-03-26 18:00:00+00:00,0.0,0.0,290.828125,56.39178466796875,1.244140625,0.0,17.678125000000023
2007-03-26 19:00:00+00:00,0.0,0.0,290.140625,60.408203125,1.26171875,0.0,16.990625000000023
2007-03-26 20:00:00+00:00,2.11328125,8.63671875,289.546875,63.875244140625,1.373046875,10.75,16.396875000000023
2007-03-26 21:00:00+00:00,97.66015625,57.52734375,288.671875,66.4383544921875,1.693359375,155.1875,15.521875000000023
2007-03-26 22:00:00+00:00,283.921875,76.0,289.0,61.04766845703125,1.7421875,359.921875,15.850000000000023
2007-03-26 23:00:00+00:00,465.890625,80.921875,290.4375,50.37872314453125,2.17578125,546.8125,17.287500000000023
2007-03-27 00:00:00+00:00,608.2890625,78.7890625,292.609375,43.47088623046875,3.138671875,687.078125,19.459375000000023
2007-03-27 01:00:00+00:00,702.75,75.21875,294.8125,36.7977294921875,3.830078125,777.96875,21.662500000000023
2007-03-27 02:00:00+00:00,738.40234375,68.30078125,296.375,33.3486328125,4.013671875,806.703125,23.225000000000023
2007-03-27 03:00:00+00:00,708.984375,60.4375,297.8125,31.1282958984375,4.3125,769.421875,24.662500000000023
2007-03-27 04:00:00+00:00,620.16796875,51.19140625,298.703125,29.162841796875,4.15625,671.359375,25.553125000000023
2007-03-27 05:00:00+00:00,478.8046875,41.4296875,299.359375,27.518798828125,4.021484375,520.234375,26.209375000000023
2007-03-27 06:00:00+00:00,297.828125,31.4375,299.734375,26.57464599609375,4.13671875,329.265625,26.584375000000023
2007-03-27 07:00:00+00:00,107.984375,15.3125,299.671875,26.6343994140625,4.416015625,123.296875,26.521875000000023
2007-03-27 08:00:00+00:00,2.04296875,1.80078125,299.171875,27.684326171875,4.673828125,3.84375,26.021875000000023
2007-03-27 09:00:00+00:00,0.0,0.0,298.71875,27.34881591796875,4.751953125,0.0,25.568750000000023
2007-03-27 10:00:00+00:00,0.0,0.0,298.03125,28.73419189453125,4.341796875,0.0,24.881250000000023
2007-03-27 11:00:00+00:00,0.0,0.0,297.234375,30.7254638671875,3.697265625,0.0,24.084375000000023
2007-03-27 12:00:00+00:00,0.0,0.0,296.296875,33.38763427734375,3.494140625,0.0,23.146875000000023
2007-03-27 13:00:00+00:00,0.0,0.0,295.4375,36.1331787109375,3.361328125,0.0,22.287500000000023
2007-03-27 14:00:00+00:00,0.0,0.0,294.6875,38.58056640625,3.494140625,0.0,21.537500000000023
2007-03-27 15:00:00+00:00,0.0,0.0,293.828125,40.1776123046875,3.46875,0.0,20.678125000000023
2007-03-27 16:00:00+00:00,0.0,0.0,293.484375,40.878662109375,3.6484375,0.0,20.334375000000023
2007-03-27 17:00:00+00:00,0.0,0.0,293.21875,40.79150390625,3.998046875,0.0,20.068750000000023
2007-03-27 18:00:00+00:00,0.0,0.0,293.046875,39.9083251953125,4.435546875,0.0,19.896875000000023
2007-03-27 19:00:00+00:00,0.0,0.0,293.09375,38.77386474609375,4.64453125,0.0,19.943750000000023
2007-03-27 20:00:00+00:00,0.08984375,8.41015625,293.234375,37.95574951171875,5.150390625,8.5,20.084375000000023
2007-03-27 21:00:00+00:00,37.70703125,81.15234375,293.90625,35.518310546875,5.46875,118.859375,20.756250000000023
2007-03-27 22:00:00+00:00,22.73046875,41.26953125,294.390625,34.8634033203125,5.8515625,64.0,21.240625000000023
2007-03-27 23:00:00+00:00,18.4921875,232.0703125,294.625,35.707275390625,5.791015625,250.5625,21.475000000000023
2007-03-28 00:00:00+00:00,27.5078125,228.4453125,295.296875,36.26239013671875,6.322265625,255.953125,22.146875000000023
2007-03-28 01:00:00+00:00,41.99609375,258.62890625,296.328125,35.853759765625,6.6953125,300.625,23.178125000000023
2007-03-28 02:00:00+00:00,8.1796875,192.8984375,297.140625,34.81585693359375,6.658203125,201.078125,23.990625000000023
2007-03-28 03:00:00+00:00,0.40625,178.75,297.890625,37.009033203125,6.19140625,179.15625,24.740625000000023
2007-03-28 04:00:00+00:00,50.2265625,323.8984375,298.671875,35.974853515625,4.62890625,374.125,25.521875000000023
2007-03-28 05:00:00+00:00,35.1171875,216.9921875,299.796875,33.6480712890625,4.822265625,252.109375,26.646875000000023
2007-03-28 06:00:00+00:00,2.7421875,46.4296875,299.609375,35.4564208984375,5.240234375,49.171875,26.459375000000023
2007-03-28 07:00:00+00:00,0.0,29.375,299.03125,40.225830078125,5.91015625,29.375,25.881250000000023
2007-03-28 08:00:00+00:00,0.0,0.953125,297.765625,46.30621337890625,5.98828125,0.953125,24.615625000000023
2007-03-28 09:00:00+00:00,0.0,0.0,295.265625,61.75323486328125,4.607421875,0.0,22.115625000000023
2007-03-28 10:00:00+00:00,0.0,0.0,293.09375,77.21978759765625,2.625,0.0,19.943750000000023
2007-03-28 11:00:00+00:00,0.0,0.0,290.0625,91.3883056640625,3.619140625,0.0,16.912500000000023
2007-03-28 12:00:00+00:00,0.0,0.0,289.140625,87.01885986328125,3.05078125,0.0,15.990625000000023
2007-03-28 13:00:00+00:00,0.0,0.0,288.90625,90.9854736328125,2.6171875,0.0,15.756250000000023
2007-03-28 14:00:00+00:00,0.0,0.0,288.65625,84.56060791015625,3.19921875,0.0,15.506250000000023
2007-03-28 15:00:00+00:00,0.0,0.0,287.984375,81.75848388671875,2.02734375,0.0,14.834375000000023
2007-03-28 16:00:00+00:00,0.0,0.0,288.65625,73.90423583984375,2.451171875,0.0,15.506250000000023
2007-03-28 17:00:00+00:00,0.0,0.0,288.96875,69.3924560546875,2.431640625,0.0,15.818750000000023
2007-03-28 18:00:00+00:00,0.0,0.0,288.765625,68.7080078125,2.607421875,0.0,15.615625000000023
2007-03-28 19:00:00+00:00,0.0,0.0,288.25,68.69329833984375,2.587890625,0.0,15.100000000000023
2007-03-28 20:00:00+00:00,1.25390625,7.48046875,287.65625,70.07073974609375,2.537109375,8.734375,14.506250000000023
2007-03-28 21:00:00+00:00,90.8203125,57.0390625,286.96875,74.21795654296875,2.830078125,147.859375,13.818750000000023
2007-03-28 22:00:00+00:00,277.0,76.3125,286.84375,73.8441162109375,2.9140625,353.3125,13.693750000000023
2007-03-28 23:00:00+00:00,460.4140625,82.2109375,287.5,68.81060791015625,3.203125,542.625,14.350000000000023
2007-03-29 00:00:00+00:00,581.9375,89.65625,288.921875,57.33984375,3.919921875,671.59375,15.771875000000023
2007-03-29 01:00:00+00:00,531.9140625,148.4765625,290.65625,46.45269775390625,3.71875,680.390625,17.506250000000023
2007-03-29 02:00:00+00:00,405.6171875,263.8046875,292.265625,41.3145751953125,4.13671875,669.421875,19.115625000000023
2007-03-29 03:00:00+00:00,106.81640625,229.43359375,293.765625,35.87493896484375,4.8515625,336.25,20.615625000000023
2007-03-29 04:00:00+00:00,38.2890625,179.4140625,294.296875,34.36669921875,5.50390625,217.703125,21.146875000000023
2007-03-29 05:00:00+00:00,38.97265625,220.74609375,294.109375,35.0509033203125,5.763671875,259.71875,20.959375000000023
2007-03-29 06:00:00+00:00,6.25390625,66.01171875,293.953125,36.013671875,5.890625,72.265625,20.803125000000023
2007-03-29 07:00:00+00:00,2.50390625,10.85546875,293.109375,39.56768798828125,6.30078125,13.359375,19.959375000000023
2007-03-29 08:00:00+00:00,0.015625,1.78125,292.09375,43.94146728515625,5.89453125,1.796875,18.943750000000023
2007-03-29 09:00:00+00:00,0.0,0.0,291.03125,51.30682373046875,4.888671875,0.0,17.881250000000023
2007-03-29 10:00:00+00:00,0.0,0.0,290.0625,56.8924560546875,4.517578125,0.0,16.912500000000023
2007-03-29 11:00:00+00:00,0.0,0.0,289.328125,60.77398681640625,4.67578125,0.0,16.178125000000023
2007-03-29 12:00:00+00:00,0.0,0.0,288.6875,62.4449462890625,4.77734375,0.0,15.537500000000023
2007-03-29 13:00:00+00:00,0.0,0.0,287.765625,64.98529052734375,5.10546875,0.0,14.615625000000023
2007-03-29 14:00:00+00:00,0.0,0.0,287.125,66.64715576171875,5.150390625,0.0,13.975000000000023
2007-03-29 15:00:00+00:00,0.0,0.0,286.515625,67.45166015625,5.07421875,0.0,13.365625000000023
2007-03-29 16:00:00+00:00,0.0,0.0,286.25,68.8902587890625,5.041015625,0.0,13.100000000000023
2007-03-29 17:00:00+00:00,0.0,0.0,286.0,70.65264892578125,5.169921875,0.0,12.850000000000023
2007-03-29 18:00:00+00:00,0.0,0.0,285.75,73.080322265625,5.349609375,0.0,12.600000000000023
2007-03-29 19:00:00+00:00,0.0,0.0,285.640625,73.290283203125,5.3515625,0.0,12.490625000000023
2007-03-29 20:00:00+00:00,0.8984375,6.9296875,285.515625,74.1185302734375,4.912109375,7.828125,12.365625000000023
2007-03-29 21:00:00+00:00,71.015625,61.078125,285.453125,74.2738037109375,5.017578125,132.09375,12.303125000000023
2007-03-29 22:00:00+00:00,228.8125,95.28125,285.84375,73.48828125,5.28125,324.09375,12.693750000000023
2007-03-29 23:00:00+00:00,319.79296875,134.31640625,286.953125,67.66607666015625,5.84765625,454.109375,13.803125000000023
2007-03-30 00:00:00+00:00,212.140625,87.859375,287.78125,65.9415283203125,6.62890625,300.0,14.631250000000023
2007-03-30 01:00:00+00:00,301.6015625,197.0859375,287.890625,69.42718505859375,6.376953125,498.6875,14.740625000000023
2007-03-30 02:00:00+00:00,484.8515625,160.8828125,288.234375,69.6654052734375,6.654296875,645.734375,15.084375000000023
2007-03-30 03:00:00+00:00,135.3671875,258.2578125,289.375,60.79241943359375,7.025390625,393.625,16.225000000000023
2007-03-30 04:00:00+00:00,86.3984375,212.6015625,289.78125,55.0750732421875,6.87109375,299.0,16.631250000000023
2007-03-30 05:00:00+00:00,60.59375,200.1875,290.171875,50.31341552734375,6.529296875,260.78125,17.021875000000023
2007-03-30 06:00:00+00:00,5.80859375,103.03515625,290.46875,48.10369873046875,6.5625,108.84375,17.318750000000023
2007-03-30 07:00:00+00:00,24.4765625,25.3984375,290.171875,48.558349609375,6.61328125,49.875,17.021875000000023
2007-03-30 08:00:00+00:00,0.05859375,1.33203125,289.765625,48.52813720703125,6.5546875,1.390625,16.615625000000023
2007-03-30 09:00:00+00:00,0.0,0.0,289.15625,47.71820068359375,6.388671875,0.0,16.006250000000023
2007-03-30 10:00:00+00:00,0.0,0.0,288.515625,50.712646484375,5.884765625,0.0,15.365625000000023
2007-03-30 11:00:00+00:00,0.0,0.0,287.96875,54.48809814453125,5.203125,0.0,14.818750000000023
2007-03-30 12:00:00+00:00,0.0,0.0,287.625,56.912109375,4.689453125,0.0,14.475000000000023
2007-03-30 13:00:00+00:00,0.0,0.0,287.1875,61.94512939453125,4.33203125,0.0,14.037500000000023
2007-03-30 14:00:00+00:00,0.0,0.0,287.03125,65.88507080078125,4.0546875,0.0,13.881250000000023
2007-03-30 15:00:00+00:00,0.0,0.0,286.65625,70.875732421875,4.173828125,0.0,13.506250000000023
2007-03-30 16:00:00+00:00,0.0,0.0,286.40625,73.6097412109375,3.6796875,0.0,13.256250000000023
2007-03-30 17:00:00+00:00,0.0,0.0,286.3125,74.6778564453125,3.439453125,0.0,13.162500000000023
2007-03-30 18:00:00+00:00,0.0,0.0,286.4375,73.858642578125,3.28515625,0.0,13.287500000000023
2007-03-30 19:00:00+00:00,0.0,0.0,286.640625,72.1279296875,3.345703125,0.0,13.490625000000023
2007-03-30 20:00:00+00:00,0.02734375,3.34765625,286.796875,71.9239501953125,3.259765625,3.375,13.646875000000023
2007-03-30 21:00:00+00:00,30.5234375,73.9765625,286.96875,69.567626953125,2.947265625,104.5,13.818750000000023
2007-03-30 22:00:00+00:00,142.76171875,131.11328125,287.125,69.6715087890625,2.662109375,273.875,13.975000000000023
2007-03-30 23:00:00+00:00,77.03515625,158.18359375,287.875,65.76971435546875,2.712890625,235.21875,14.725000000000023
2007-03-31 00:00:00+00:00,218.6484375,226.4609375,288.46875,63.93304443359375,3.0546875,445.109375,15.318750000000023
2007-03-31 01:00:00+00:00,371.4453125,218.2109375,289.6875,56.2506103515625,3.853515625,589.65625,16.537500000000023
2007-03-31 02:00:00+00:00,430.00390625,212.98046875,290.421875,51.8585205078125,4.115234375,642.984375,17.271875000000023
2007-03-31 03:00:00+00:00,570.875,99.8125,291.21875,47.18157958984375,4.322265625,670.6875,18.068750000000023
2007-03-31 04:00:00+00:00,494.7109375,108.4453125,291.546875,45.60992431640625,4.435546875,603.15625,18.396875000000023
2007-03-31 05:00:00+00:00,360.03125,80.296875,291.625,48.43963623046875,4.337890625,440.328125,18.475000000000023
2007-03-31 06:00:00+00:00,220.8515625,47.7265625,291.6875,49.6790771484375,4.1015625,268.578125,18.537500000000023
2007-03-31 07:00:00+00:00,80.26953125,16.91796875,291.671875,51.023681640625,3.953125,97.1875,18.521875000000023
2007-03-31 08:00:00+00:00,0.3984375,0.9609375,291.34375,56.07073974609375,3.669921875,1.359375,18.193750000000023
2007-03-31 09:00:00+00:00,0.0,0.0,290.65625,63.67864990234375,3.955078125,0.0,17.506250000000023
2007-03-31 10:00:00+00:00,0.0,0.0,290.203125,67.47137451171875,3.345703125,0.0,17.053125000000023
2007-03-31 11:00:00+00:00,0.0,0.0,289.84375,69.8778076171875,3.0,0.0,16.693750000000023
2007-03-31 12:00:00+00:00,0.0,0.0,289.546875,72.45208740234375,2.63671875,0.0,16.396875000000023
2007-03-31 13:00:00+00:00,0.0,0.0,289.375,74.90582275390625,2.189453125,0.0,16.225000000000023
2007-03-31 14:00:00+00:00,0.0,0.0,289.203125,76.4893798828125,1.697265625,0.0,16.053125000000023
2007-03-31 15:00:00+00:00,0.0,0.0,288.78125,79.4014892578125,1.751953125,0.0,15.631250000000023
2007-03-31 16:00:00+00:00,0.0,0.0,288.359375,83.91766357421875,1.375,0.0,15.209375000000023
2007-03-31 17:00:00+00:00,0.0,0.0,288.109375,86.255615234375,0.861328125,0.0,14.959375000000023
2007-03-31 18:00:00+00:00,0.0,0.0,288.265625,83.7738037109375,0.978515625,0.0,15.115625000000023
2007-03-31 19:00:00+00:00,0.0,0.0,288.296875,82.1668701171875,1.193359375,0.0,15.146875000000023
2007-03-31 20:00:00+00:00,0.0,3.921875,288.1875,82.800537109375,0.970703125,3.921875,15.037500000000023
2007-03-31 21:00:00+00:00,12.0546875,64.0546875,287.453125,90.003173828125,0.86328125,76.109375,14.303125000000023
2007-03-31 22:00:00+00:00,36.484375,114.109375,287.640625,88.9132080078125,0.64453125,150.59375,14.490625000000023
2007-03-31 23:00:00+00:00,45.89453125,195.80859375,287.78125,87.21527099609375,0.607421875,241.703125,14.631250000000023
2007-04-01 00:00:00+00:00,204.375,180.3125,288.234375,84.00250244140625,0.537109375,384.6875,15.084375000000023
2007-04-01 01:00:00+00:00,244.046875,278.0625,288.890625,74.9818115234375,0.552734375,522.109375,15.740625000000023
2007-04-01 02:00:00+00:00,565.29296875,177.50390625,289.640625,70.67889404296875,0.83984375,742.796875,16.490625000000023
2007-04-01 03:00:00+00:00,668.29296875,65.81640625,291.5625,63.12359619140625,0.376953125,734.109375,18.412500000000023
2007-04-01 04:00:00+00:00,587.8515625,48.1484375,293.0625,56.5771484375,1.162109375,636.0,19.912500000000023
2007-04-01 05:00:00+00:00,447.515625,37.765625,294.90625,49.8984375,1.91796875,485.28125,21.756250000000023
2007-04-01 06:00:00+00:00,271.5546875,26.1484375,295.953125,47.1259765625,2.78515625,297.703125,22.803125000000023
2007-04-01 07:00:00+00:00,92.15625,6.765625,296.265625,46.63323974609375,2.654296875,98.921875,23.115625000000023
2007-04-01 08:00:00+00:00,0.390625,0.65625,296.28125,47.64935302734375,2.513671875,1.046875,23.131250000000023
2007-04-01 09:00:00+00:00,0.0,0.0,294.421875,59.5330810546875,3.44140625,0.0,21.271875000000023
2007-04-01 10:00:00+00:00,0.0,0.0,292.609375,65.85491943359375,3.74609375,0.0,19.459375000000023
2007-04-01 11:00:00+00:00,0.0,0.0,291.359375,69.5206298828125,3.275390625,0.0,18.209375000000023
2007-04-01 12:00:00+00:00,0.0,0.0,290.546875,72.76220703125,2.681640625,0.0,17.396875000000023
2007-04-01 13:00:00+00:00,0.0,0.0,289.921875,75.92950439453125,1.947265625,0.0,16.771875000000023
2007-04-01 14:00:00+00:00,0.0,0.0,289.5,77.9327392578125,1.875,0.0,16.350000000000023
2007-04-01 15:00:00+00:00,0.0,0.0,288.84375,81.3543701171875,1.37109375,0.0,15.693750000000023
2007-04-01 16:00:00+00:00,0.0,0.0,288.515625,82.8143310546875,1.21875,0.0,15.365625000000023
2007-04-01 17:00:00+00:00,0.0,0.0,288.25,84.22998046875,1.15625,0.0,15.100000000000023
2007-04-01 18:00:00+00:00,0.0,0.0,288.078125,85.35260009765625,0.83984375,0.0,14.928125000000023
2007-04-01 19:00:00+00:00,0.0,0.0,288.015625,85.92950439453125,0.671875,0.0,14.865625000000023
2007-04-01 20:00:00+00:00,0.0,2.453125,288.03125,86.1060791015625,0.84375,2.453125,14.881250000000023
2007-04-01 21:00:00+00:00,17.78515625,60.37109375,288.296875,86.35028076171875,1.150390625,78.15625,15.146875000000023
2007-04-01 22:00:00+00:00,40.9765625,154.6953125,288.28125,86.60430908203125,1.150390625,195.671875,15.131250000000023
2007-04-01 23:00:00+00:00,61.6796875,255.3515625,288.625,83.24151611328125,1.01953125,317.03125,15.475000000000023
2007-04-02 00:00:00+00:00,221.0390625,260.4140625,288.921875,80.2315673828125,0.390625,481.453125,15.771875000000023
2007-04-02 01:00:00+00:00,267.28125,294.0,289.390625,77.4361572265625,0.337890625,561.28125,16.240625000000023
2007-04-02 02:00:00+00:00,94.421875,239.09375,290.203125,72.4222412109375,0.640625,333.515625,17.053125000000023
2007-04-02 03:00:00+00:00,474.40625,196.078125,293.15625,60.44744873046875,2.865234375,670.484375,20.006250000000023
2007-04-02 04:00:00+00:00,244.32421875,222.50390625,293.765625,58.42486572265625,3.330078125,466.828125,20.615625000000023
2007-04-02 05:00:00+00:00,227.46875,170.75,294.0625,56.57220458984375,3.3203125,398.21875,20.912500000000023
2007-04-02 06:00:00+00:00,164.65234375,68.75390625,294.1875,55.07421875,3.701171875,233.40625,21.037500000000023
2007-04-02 07:00:00+00:00,14.80078125,22.40234375,293.71875,56.89019775390625,3.92578125,37.203125,20.568750000000023
2007-04-02 08:00:00+00:00,0.0,0.53125,293.078125,59.37652587890625,3.900390625,0.53125,19.928125000000023
2007-04-02 09:00:00+00:00,0.0,0.0,291.828125,63.297119140625,3.84765625,0.0,18.678125000000023
2007-04-02 10:00:00+00:00,0.0,0.0,291.265625,65.462646484375,3.470703125,0.0,18.115625000000023
2007-04-02 11:00:00+00:00,0.0,0.0,290.796875,67.82476806640625,3.15625,0.0,17.646875000000023
2007-04-02 12:00:00+00:00,0.0,0.0,290.4375,68.5947265625,2.806640625,0.0,17.287500000000023
2007-04-02 13:00:00+00:00,0.0,0.0,290.15625,68.14910888671875,2.396484375,0.0,17.006250000000023
2007-04-02 14:00:00+00:00,0.0,0.0,289.921875,68.4520263671875,1.900390625,0.0,16.771875000000023
2007-04-02 15:00:00+00:00,0.0,0.0,289.21875,72.211181640625,1.76953125,0.0,16.068750000000023
2007-04-02 16:00:00+00:00,0.0,0.0,288.734375,76.27587890625,1.95703125,0.0,15.584375000000023
2007-04-02 17:00:00+00:00,0.0,0.0,288.125,81.78094482421875,2.18359375,0.0,14.975000000000023
2007-04-02 18:00:00+00:00,0.0,0.0,287.5625,86.0712890625,2.22265625,0.0,14.412500000000023
2007-04-02 19:00:00+00:00,0.0,0.0,287.1875,88.859130859375,2.064453125,0.0,14.037500000000023
2007-04-02 20:00:00+00:00,0.0078125,3.5859375,287.0,90.8865966796875,1.8984375,3.59375,13.850000000000023
2007-04-02 21:00:00+00:00,20.22265625,64.44921875,286.96875,89.8677978515625,2.30078125,84.671875,13.818750000000023
2007-04-02 22:00:00+00:00,186.00390625,116.08984375,287.203125,85.56365966796875,2.419921875,302.09375,14.053125000000023
2007-04-02 23:00:00+00:00,149.45703125,192.13671875,287.90625,77.0888671875,2.841796875,341.59375,14.756250000000023
2007-04-03 00:00:00+00:00,275.28125,245.40625,288.78125,65.9566650390625,3.220703125,520.6875,15.631250000000023
2007-04-03 01:00:00+00:00,134.55078125,277.37109375,289.6875,58.10540771484375,3.46875,411.921875,16.537500000000023
2007-04-03 02:00:00+00:00,310.1953125,237.2734375,290.125,53.90484619140625,3.873046875,547.46875,16.975000000000023
2007-04-03 03:00:00+00:00,624.4609375,102.5390625,290.578125,50.07244873046875,3.94140625,727.0,17.428125000000023
2007-04-03 04:00:00+00:00,552.84765625,70.19921875,291.046875,46.9921875,3.6875,623.046875,17.896875000000023
2007-04-03 05:00:00+00:00,257.3359375,129.5234375,291.40625,45.95123291015625,3.857421875,386.859375,18.256250000000023
2007-04-03 06:00:00+00:00,110.21875,109.046875,291.28125,46.952880859375,4.076171875,219.265625,18.131250000000023
2007-04-03 07:00:00+00:00,32.734375,28.734375,290.96875,47.20330810546875,4.083984375,61.46875,17.818750000000023
2007-04-03 08:00:00+00:00,0.0,0.328125,290.390625,49.0965576171875,4.03125,0.328125,17.240625000000023
2007-04-03 09:00:00+00:00,0.0,0.0,289.484375,50.28253173828125,4.08203125,0.0,16.334375000000023
2007-04-03 10:00:00+00:00,0.0,0.0,288.921875,51.5316162109375,3.755859375,0.0,15.771875000000023
2007-04-03 11:00:00+00:00,0.0,0.0,288.5,54.4014892578125,3.380859375,0.0,15.350000000000023
2007-04-03 12:00:00+00:00,0.0,0.0,288.109375,58.8458251953125,2.955078125,0.0,14.959375000000023
2007-04-03 13:00:00+00:00,0.0,0.0,287.640625,63.54644775390625,2.43359375,0.0,14.490625000000023
2007-04-03 14:00:00+00:00,0.0,0.0,287.15625,66.72406005859375,1.96875,0.0,14.006250000000023
2007-04-03 15:00:00+00:00,0.0,0.0,286.46875,69.10113525390625,1.640625,0.0,13.318750000000023
2007-04-03 16:00:00+00:00,0.0,0.0,285.90625,71.64166259765625,1.75,0.0,12.756250000000023
2007-04-03 17:00:00+00:00,0.0,0.0,285.46875,72.56787109375,1.77734375,0.0,12.318750000000023
2007-04-03 18:00:00+00:00,0.0,0.0,285.171875,71.7679443359375,1.87890625,0.0,12.021875000000023
2007-04-03 19:00:00+00:00,0.0,0.0,284.84375,71.9556884765625,1.78125,0.0,11.693750000000023
2007-04-03 20:00:00+00:00,0.3203125,4.7734375,284.46875,73.4776611328125,1.58203125,5.09375,11.318750000000023
2007-04-03 21:00:00+00:00,79.40625,52.296875,284.515625,70.743408203125,1.400390625,131.703125,11.365625000000023
2007-04-03 22:00:00+00:00,261.51171875,72.61328125,284.484375,70.78125,1.39453125,334.125,11.334375000000023
2007-04-03 23:00:00+00:00,439.953125,78.59375,285.609375,65.85260009765625,1.568359375,518.546875,12.459375000000023
2007-04-04 00:00:00+00:00,579.06640625,76.80859375,287.328125,59.6029052734375,1.974609375,655.875,14.178125000000023
2007-04-04 01:00:00+00:00,618.234375,104.859375,288.921875,53.01336669921875,2.296875,723.09375,15.771875000000023
2007-04-04 02:00:00+00:00,667.63671875,91.67578125,290.1875,48.41961669921875,2.4140625,759.3125,17.037500000000023
2007-04-04 03:00:00+00:00,670.16796875,57.86328125,291.53125,45.97161865234375,2.46875,728.03125,18.381250000000023
2007-04-04 04:00:00+00:00,579.58203125,47.94921875,292.375,43.716064453125,2.9453125,627.53125,19.225000000000023
2007-04-04 05:00:00+00:00,395.078125,51.53125,292.734375,43.1632080078125,3.775390625,446.609375,19.584375000000023
2007-04-04 06:00:00+00:00,213.0234375,38.7890625,292.515625,45.32647705078125,4.318359375,251.8125,19.365625000000023
2007-04-04 07:00:00+00:00,70.9453125,11.3515625,291.625,50.60382080078125,4.599609375,82.296875,18.475000000000023
2007-04-04 08:00:00+00:00,0.03515625,0.24609375,290.828125,53.00726318359375,4.625,0.28125,17.678125000000023
2007-04-04 09:00:00+00:00,0.0,0.0,290.265625,52.383544921875,3.658203125,0.0,17.115625000000023
2007-04-04 10:00:00+00:00,0.0,0.0,289.765625,54.05718994140625,3.52734375,0.0,16.615625000000023
2007-04-04 11:00:00+00:00,0.0,0.0,288.921875,58.57989501953125,3.25390625,0.0,15.771875000000023
2007-04-04 12:00:00+00:00,0.0,0.0,288.546875,60.95196533203125,2.494140625,0.0,15.396875000000023
2007-04-04 13:00:00+00:00,0.0,0.0,288.375,61.86212158203125,2.05859375,0.0,15.225000000000023
2007-04-04 14:00:00+00:00,0.0,0.0,288.078125,63.149658203125,1.525390625,0.0,14.928125000000023
2007-04-04 15:00:00+00:00,0.0,0.0,288.171875,62.84161376953125,0.791015625,0.0,15.021875000000023
2007-04-04 16:00:00+00:00,0.0,0.0,288.15625,64.2401123046875,0.798828125,0.0,15.006250000000023
2007-04-04 17:00:00+00:00,0.0,0.0,288.140625,65.14892578125,2.05078125,0.0,14.990625000000023
2007-04-04 18:00:00+00:00,0.0,0.0,287.890625,67.1441650390625,2.552734375,0.0,14.740625000000023
2007-04-04 19:00:00+00:00,0.0,0.0,287.484375,70.143798828125,2.720703125,0.0,14.334375000000023
2007-04-04 20:00:00+00:00,0.0,1.03125,287.171875,71.506591796875,2.626953125,1.03125,14.021875000000023
2007-04-04 21:00:00+00:00,8.5234375,36.8203125,286.640625,76.82525634765625,2.896484375,45.34375,13.490625000000023
2007-04-04 22:00:00+00:00,75.34375,150.25,286.734375,78.96624755859375,3.470703125,225.59375,13.584375000000023
2007-04-04 23:00:00+00:00,144.2734375,176.6015625,287.4375,78.85504150390625,3.912109375,320.875,14.287500000000023
2007-04-05 00:00:00+00:00,160.07421875,166.92578125,288.265625,75.4432373046875,4.267578125,327.0,15.115625000000023
2007-04-05 01:00:00+00:00,136.734375,218.65625,289.109375,71.08477783203125,4.169921875,355.390625,15.959375000000023
2007-04-05 02:00:00+00:00,229.76171875,227.09765625,289.953125,66.17694091796875,4.416015625,456.859375,16.803125000000023
2007-04-05 03:00:00+00:00,246.78125,186.625,289.96875,70.512939453125,5.328125,433.40625,16.818750000000023
2007-04-05 04:00:00+00:00,392.953125,138.171875,290.796875,57.78704833984375,5.2109375,531.125,17.646875000000023
2007-04-05 05:00:00+00:00,355.37890625,59.12109375,291.109375,53.20465087890625,5.640625,414.5,17.959375000000023
2007-04-05 06:00:00+00:00,227.03125,39.390625,290.921875,53.34832763671875,5.625,266.421875,17.771875000000023
2007-04-05 07:00:00+00:00,67.68359375,3.92578125,290.546875,54.0888671875,5.2578125,71.609375,17.396875000000023
2007-04-05 08:00:00+00:00,0.0078125,0.1171875,289.984375,55.69488525390625,4.912109375,0.125,16.834375000000023
2007-04-05 09:00:00+00:00,0.0,0.0,289.46875,54.3863525390625,4.67578125,0.0,16.318750000000023
2007-04-05 10:00:00+00:00,0.0,0.0,289.109375,53.5523681640625,4.228515625,0.0,15.959375000000023
2007-04-05 11:00:00+00:00,0.0,0.0,288.609375,53.57977294921875,3.783203125,0.0,15.459375000000023
2007-04-05 12:00:00+00:00,0.0,0.0,287.984375,54.50396728515625,3.62890625,0.0,14.834375000000023
2007-04-05 13:00:00+00:00,0.0,0.0,287.6875,55.96563720703125,3.65234375,0.0,14.537500000000023
2007-04-05 14:00:00+00:00,0.0,0.0,287.5625,57.8857421875,3.17578125,0.0,14.412500000000023
2007-04-05 15:00:00+00:00,0.0,0.0,287.421875,57.93505859375,2.875,0.0,14.271875000000023
2007-04-05 16:00:00+00:00,0.0,0.0,287.125,58.99713134765625,3.125,0.0,13.975000000000023
2007-04-05 17:00:00+00:00,0.0,0.0,286.96875,58.87744140625,2.908203125,0.0,13.818750000000023
2007-04-05 18:00:00+00:00,0.0,0.0,286.84375,58.0504150390625,2.6171875,0.0,13.693750000000023
2007-04-05 19:00:00+00:00,0.0,0.0,286.71875,57.6673583984375,2.404296875,0.0,13.568750000000023
2007-04-05 20:00:00+00:00,0.05078125,3.65234375,286.5,58.80548095703125,2.095703125,3.703125,13.350000000000023
2007-04-05 21:00:00+00:00,28.34375,60.015625,286.234375,61.0531005859375,1.6796875,88.359375,13.084375000000023
2007-04-05 22:00:00+00:00,237.84765625,87.69921875,286.609375,60.38958740234375,1.58203125,325.546875,13.459375000000023
2007-04-05 23:00:00+00:00,327.36328125,115.07421875,287.25,59.256103515625,1.888671875,442.4375,14.100000000000023
2007-04-06 00:00:00+00:00,481.41796875,132.20703125,288.21875,55.8858642578125,2.18359375,613.625,15.068750000000023
2007-04-06 01:00:00+00:00,449.171875,178.109375,289.453125,53.7247314453125,2.77734375,627.28125,16.303125000000023
2007-04-06 02:00:00+00:00,623.7421875,116.1953125,290.6875,53.053955078125,3.083984375,739.9375,17.537500000000023
2007-04-06 03:00:00+00:00,554.9765625,109.8046875,292.78125,45.2587890625,3.166015625,664.78125,19.631250000000023
2007-04-06 04:00:00+00:00,467.20703125,94.21484375,294.03125,38.8544921875,3.458984375,561.421875,20.881250000000023
2007-04-06 05:00:00+00:00,275.3671875,75.7421875,294.75,35.81146240234375,3.91015625,351.109375,21.600000000000023
2007-04-06 06:00:00+00:00,167.6328125,69.1796875,294.90625,34.52655029296875,4.1328125,236.8125,21.756250000000023
2007-04-06 07:00:00+00:00,31.71484375,18.92578125,294.59375,35.38421630859375,4.353515625,50.640625,21.443750000000023
2007-04-06 08:00:00+00:00,0.0,0.046875,293.65625,39.7855224609375,4.841796875,0.046875,20.506250000000023
2007-04-06 09:00:00+00:00,0.0,0.0,292.390625,46.31005859375,5.02734375,0.0,19.240625000000023
2007-04-06 10:00:00+00:00,0.0,0.0,291.28125,49.693603515625,4.609375,0.0,18.131250000000023
2007-04-06 11:00:00+00:00,0.0,0.0,290.1875,52.05712890625,4.1484375,0.0,17.037500000000023
2007-04-06 12:00:00+00:00,0.0,0.0,289.171875,55.5128173828125,3.810546875,0.0,16.021875000000023
2007-04-06 13:00:00+00:00,0.0,0.0,288.375,58.6363525390625,3.580078125,0.0,15.225000000000023
2007-04-06 14:00:00+00:00,0.0,0.0,287.71875,60.8656005859375,3.2265625,0.0,14.568750000000023
2007-04-06 15:00:00+00:00,0.0,0.0,286.5625,64.7510986328125,2.720703125,0.0,13.412500000000023
2007-04-06 16:00:00+00:00,0.0,0.0,285.875,67.19085693359375,2.375,0.0,12.725000000000023
2007-04-06 17:00:00+00:00,0.0,0.0,285.28125,69.59637451171875,1.8984375,0.0,12.131250000000023
2007-04-06 18:00:00+00:00,0.0,0.0,284.71875,72.11749267578125,1.498046875,0.0,11.568750000000023
2007-04-06 19:00:00+00:00,0.0,0.0,284.203125,74.3895263671875,1.236328125,0.0,11.053125000000023
2007-04-06 20:00:00+00:00,0.0625,3.703125,283.734375,76.5062255859375,1.244140625,3.765625,10.584375000000023
2007-04-06 21:00:00+00:00,72.234375,50.859375,282.9375,79.791015625,0.99609375,123.09375,9.787500000000023
2007-04-06 22:00:00+00:00,252.86328125,72.07421875,283.015625,80.33367919921875,0.958984375,324.9375,9.865625000000023
2007-04-06 23:00:00+00:00,430.5703125,78.0078125,283.703125,78.40496826171875,0.751953125,508.578125,10.553125000000023
2007-04-07 00:00:00+00:00,569.46875,76.203125,284.34375,76.139892578125,0.40625,645.671875,11.193750000000023
2007-04-07 01:00:00+00:00,660.9609375,72.4140625,285.171875,72.37042236328125,0.279296875,733.375,12.021875000000023
2007-04-07 02:00:00+00:00,693.84375,65.1875,286.390625,67.111572265625,0.279296875,759.03125,13.240625000000023
2007-04-07 03:00:00+00:00,663.1171875,56.6640625,288.59375,59.33795166015625,0.224609375,719.78125,15.443750000000023
2007-04-07 04:00:00+00:00,573.42578125,46.63671875,289.953125,53.29266357421875,0.03125,620.0625,16.803125000000023
2007-04-07 05:00:00+00:00,430.63671875,35.70703125,291.5,47.00347900390625,0.447265625,466.34375,18.350000000000023
2007-04-07 06:00:00+00:00,251.125,22.890625,293.5,39.66363525390625,1.12109375,274.015625,20.350000000000023
2007-04-07 07:00:00+00:00,73.921875,0.453125,294.5,36.77337646484375,1.654296875,74.375,21.350000000000023
2007-04-07 08:00:00+00:00,0.0,0.015625,294.625,35.5723876953125,2.1484375,0.015625,21.475000000000023
2007-04-07 09:00:00+00:00,0.0,0.0,293.109375,43.73455810546875,3.404296875,0.0,19.959375000000023
2007-04-07 10:00:00+00:00,0.0,0.0,292.21875,48.89788818359375,2.826171875,0.0,19.068750000000023
2007-04-07 11:00:00+00:00,0.0,0.0,291.640625,53.1832275390625,1.97265625,0.0,18.490625000000023
2007-04-07 12:00:00+00:00,0.0,0.0,291.15625,55.71319580078125,1.126953125,0.0,18.006250000000023
2007-04-07 13:00:00+00:00,0.0,0.0,290.640625,58.03192138671875,0.845703125,0.0,17.490625000000023
2007-04-07 14:00:00+00:00,0.0,0.0,290.1875,60.69635009765625,0.59375,0.0,17.037500000000023
2007-04-07 15:00:00+00:00,0.0,0.0,288.4375,73.46124267578125,1.640625,0.0,15.287500000000023
2007-04-07 16:00:00+00:00,0.0,0.0,287.609375,77.621826171875,1.5625,0.0,14.459375000000023
2007-04-07 17:00:00+00:00,0.0,0.0,287.171875,78.312744140625,1.240234375,0.0,14.021875000000023
2007-04-07 18:00:00+00:00,0.0,0.0,286.8125,78.7705078125,0.951171875,0.0,13.662500000000023
2007-04-07 19:00:00+00:00,0.0,0.0,286.40625,80.18817138671875,0.98046875,0.0,13.256250000000023
2007-04-07 20:00:00+00:00,0.01953125,3.18359375,285.875,81.972412109375,1.03125,3.203125,12.725000000000023
2007-04-07 21:00:00+00:00,67.9296875,49.6796875,284.96875,85.25439453125,1.0625,117.609375,11.818750000000023
2007-04-07 22:00:00+00:00,243.9375,72.171875,284.875,82.75152587890625,1.291015625,316.109375,11.725000000000023
2007-04-07 23:00:00+00:00,419.41015625,79.04296875,285.84375,71.4180908203125,1.677734375,498.453125,12.693750000000023
2007-04-08 00:00:00+00:00,558.94921875,76.11328125,287.9375,58.56610107421875,1.62109375,635.0625,14.787500000000023
2007-04-08 01:00:00+00:00,647.75,72.9375,290.6875,50.64947509765625,1.736328125,720.6875,17.537500000000023
2007-04-08 02:00:00+00:00,679.94921875,66.20703125,294.328125,35.01995849609375,2.060546875,746.15625,21.178125000000023
2007-04-08 03:00:00+00:00,640.4296875,59.5703125,296.75,29.81396484375,2.8125,700.0,23.600000000000023
2007-04-08 04:00:00+00:00,550.265625,50.28125,297.765625,27.57550048828125,2.716796875,600.546875,24.615625000000023
2007-04-08 05:00:00+00:00,409.92578125,39.18359375,298.515625,25.74981689453125,2.728515625,449.109375,25.365625000000023
2007-04-08 06:00:00+00:00,235.52734375,25.92578125,299.0,24.76629638671875,2.912109375,261.453125,25.850000000000023
2007-04-08 07:00:00+00:00,65.6328125,1.7421875,299.0,25.27630615234375,3.294921875,67.375,25.850000000000023
2007-04-08 08:00:00+00:00,0.0,0.0,298.5,26.8392333984375,3.494140625,0.0,25.350000000000023
2007-04-08 09:00:00+00:00,0.0,0.0,298.296875,27.18316650390625,3.181640625,0.0,25.146875000000023
2007-04-08 10:00:00+00:00,0.0,0.0,297.703125,29.3896484375,2.900390625,0.0,24.553125000000023
2007-04-08 11:00:00+00:00,0.0,0.0,296.859375,33.25689697265625,2.62890625,0.0,23.709375000000023
2007-04-08 12:00:00+00:00,0.0,0.0,296.078125,35.99468994140625,2.3046875,0.0,22.928125000000023
2007-04-08 13:00:00+00:00,0.0,0.0,295.46875,37.25970458984375,1.927734375,0.0,22.318750000000023
2007-04-08 14:00:00+00:00,0.0,0.0,294.6875,39.2672119140625,1.650390625,0.0,21.537500000000023
2007-04-08 15:00:00+00:00,0.0,0.0,292.90625,49.614990234375,1.54296875,0.0,19.756250000000023
2007-04-08 16:00:00+00:00,0.0,0.0,291.984375,51.1734619140625,1.54296875,0.0,18.834375000000023
2007-04-08 17:00:00+00:00,0.0,0.0,291.109375,52.7926025390625,1.4453125,0.0,17.959375000000023
2007-04-08 18:00:00+00:00,0.0,0.0,290.3125,54.6072998046875,1.43359375,0.0,17.162500000000023
2007-04-08 19:00:00+00:00,0.0,0.0,289.609375,56.01708984375,1.533203125,0.0,16.459375000000023
2007-04-08 20:00:00+00:00,0.00390625,2.77734375,289.0625,56.42242431640625,1.572265625,2.78125,15.912500000000023
2007-04-08 21:00:00+00:00,64.8828125,48.9765625,288.15625,61.17401123046875,1.7890625,113.859375,15.006250000000023
2007-04-08 22:00:00+00:00,239.4453125,71.9765625,288.140625,59.53729248046875,1.859375,311.421875,14.990625000000023
2007-04-08 23:00:00+00:00,413.5625,78.859375,289.1875,54.68658447265625,2.166015625,492.421875,16.037500000000023
2007-04-09 00:00:00+00:00,549.8515625,77.2890625,291.734375,46.2694091796875,2.45703125,627.140625,18.584375000000023
2007-04-09 01:00:00+00:00,638.125,74.125,294.90625,37.63763427734375,3.021484375,712.25,21.756250000000023
2007-04-09 02:00:00+00:00,670.4296875,67.2265625,297.265625,27.52813720703125,3.005859375,737.65625,24.115625000000023
2007-04-09 03:00:00+00:00,636.703125,58.0625,298.4375,27.6663818359375,3.412109375,694.765625,25.287500000000023
2007-04-09 04:00:00+00:00,544.91796875,49.01953125,299.421875,24.4168701171875,3.103515625,593.9375,26.271875000000023
2007-04-09 05:00:00+00:00,401.4140625,39.3671875,300.15625,22.27728271484375,2.7890625,440.78125,27.006250000000023
2007-04-09 06:00:00+00:00,226.65234375,26.83203125,300.59375,21.240966796875,2.6796875,253.484375,27.443750000000023
2007-04-09 07:00:00+00:00,59.8359375,2.6015625,300.65625,21.1143798828125,2.6875,62.4375,27.506250000000023
2007-04-09 08:00:00+00:00,0.0,0.0,300.34375,21.783935546875,2.798828125,0.0,27.193750000000023
2007-04-09 09:00:00+00:00,0.0,0.0,299.515625,24.90576171875,3.3984375,0.0,26.365625000000023
2007-04-09 10:00:00+00:00,0.0,0.0,298.953125,25.8712158203125,3.14453125,0.0,25.803125000000023
2007-04-09 11:00:00+00:00,0.0,0.0,298.328125,26.97308349609375,2.796875,0.0,25.178125000000023
2007-04-09 12:00:00+00:00,0.0,0.0,297.671875,27.85577392578125,2.6171875,0.0,24.521875000000023
2007-04-09 13:00:00+00:00,0.0,0.0,297.09375,28.52978515625,2.3046875,0.0,23.943750000000023
2007-04-09 14:00:00+00:00,0.0,0.0,296.40625,29.88031005859375,2.189453125,0.0,23.256250000000023
2007-04-09 15:00:00+00:00,0.0,0.0,294.640625,37.7198486328125,2.09765625,0.0,21.490625000000023
2007-04-09 16:00:00+00:00,0.0,0.0,293.78125,39.74639892578125,2.06640625,0.0,20.631250000000023
2007-04-09 17:00:00+00:00,0.0,0.0,293.046875,41.58673095703125,2.0078125,0.0,19.896875000000023
2007-04-09 18:00:00+00:00,0.0,0.0,292.5625,42.217529296875,2.01171875,0.0,19.412500000000023
2007-04-09 19:00:00+00:00,0.0,0.0,292.21875,42.3795166015625,2.23046875,0.0,19.068750000000023
2007-04-09 20:00:00+00:00,0.0,1.921875,291.984375,42.2652587890625,2.1171875,1.921875,18.834375000000023
2007-04-09 21:00:00+00:00,13.71875,68.5,291.5625,43.51214599609375,2.3046875,82.21875,18.412500000000023
2007-04-09 22:00:00+00:00,10.96875,111.1875,291.671875,42.07208251953125,2.20703125,122.15625,18.521875000000023
2007-04-09 23:00:00+00:00,163.28515625,228.49609375,292.140625,40.32568359375,2.03125,391.78125,18.990625000000023
2007-04-10 00:00:00+00:00,410.0703125,171.8046875,293.5625,36.76153564453125,1.91796875,581.875,20.412500000000023
2007-04-10 01:00:00+00:00,413.30078125,210.82421875,295.953125,31.60003662109375,1.95703125,624.125,22.803125000000023
2007-04-10 02:00:00+00:00,475.4609375,189.3671875,298.28125,26.52069091796875,1.583984375,664.828125,25.131250000000023
2007-04-10 03:00:00+00:00,529.83984375,130.09765625,300.125,22.8548583984375,1.974609375,659.9375,26.975000000000023
2007-04-10 04:00:00+00:00,504.2734375,71.3828125,301.140625,20.33441162109375,2.1328125,575.65625,27.990625000000023
2007-04-10 05:00:00+00:00,351.58984375,62.45703125,301.875,19.58514404296875,2.298828125,414.046875,28.725000000000023
2007-04-10 06:00:00+00:00,193.73828125,42.93359375,302.171875,19.08538818359375,2.328125,236.671875,29.021875000000023
2007-04-10 07:00:00+00:00,46.78515625,8.13671875,302.1875,19.0531005859375,2.697265625,54.921875,29.037500000000023
2007-04-10 08:00:00+00:00,0.0,0.0,302.0,19.38629150390625,3.328125,0.0,28.850000000000023
2007-04-10 09:00:00+00:00,0.0,0.0,301.734375,19.17877197265625,2.982421875,0.0,28.584375000000023
2007-04-10 10:00:00+00:00,0.0,0.0,300.453125,22.332275390625,2.0859375,0.0,27.303125000000023
2007-04-10 11:00:00+00:00,0.0,0.0,298.609375,23.0478515625,2.958984375,0.0,25.459375000000023
2007-04-10 12:00:00+00:00,0.0,0.0,296.84375,25.03045654296875,2.583984375,0.0,23.693750000000023
2007-04-10 13:00:00+00:00,0.0,0.0,295.21875,33.06939697265625,2.064453125,0.0,22.068750000000023
2007-04-10 14:00:00+00:00,0.0,0.0,294.109375,42.04010009765625,1.712890625,0.0,20.959375000000023
2007-04-10 15:00:00+00:00,0.0,0.0,293.203125,43.23529052734375,0.986328125,0.0,20.053125000000023
2007-04-10 16:00:00+00:00,0.0,0.0,292.921875,42.78460693359375,0.447265625,0.0,19.771875000000023
2007-04-10 17:00:00+00:00,0.0,0.0,292.359375,43.56695556640625,0.533203125,0.0,19.209375000000023
2007-04-10 18:00:00+00:00,0.0,0.0,291.5625,45.9979248046875,0.451171875,0.0,18.412500000000023
2007-04-10 19:00:00+00:00,0.0,0.0,290.890625,50.16058349609375,0.970703125,0.0,17.740625000000023
2007-04-10 20:00:00+00:00,0.0,1.90625,290.15625,57.9205322265625,1.0078125,1.90625,17.006250000000023
2007-04-10 21:00:00+00:00,42.08203125,52.83984375,288.859375,65.89093017578125,0.89453125,94.921875,15.709375000000023
2007-04-10 22:00:00+00:00,191.5703125,88.0703125,288.65625,65.29144287109375,0.509765625,279.640625,15.506250000000023
2007-04-10 23:00:00+00:00,350.19921875,101.39453125,288.765625,65.35687255859375,0.265625,451.59375,15.615625000000023
2007-04-11 00:00:00+00:00,457.76953125,116.15234375,289.453125,67.11669921875,0.84375,573.921875,16.303125000000023
2007-04-11 01:00:00+00:00,195.3828125,275.2109375,290.59375,71.78070068359375,1.626953125,470.59375,17.443750000000023
2007-04-11 02:00:00+00:00,429.3828125,182.5078125,291.6875,65.5965576171875,1.962890625,611.890625,18.537500000000023
2007-04-11 03:00:00+00:00,506.25,131.59375,291.9375,63.3028564453125,2.755859375,637.84375,18.787500000000023
2007-04-11 04:00:00+00:00,451.51953125,92.54296875,292.375,60.36871337890625,2.84375,544.0625,19.225000000000023
2007-04-11 05:00:00+00:00,363.7578125,55.5859375,292.796875,57.8729248046875,2.890625,419.34375,19.646875000000023
2007-04-11 06:00:00+00:00,211.671875,28.890625,293.015625,56.03564453125,3.025390625,240.5625,19.865625000000023
2007-04-11 07:00:00+00:00,53.3984375,2.4765625,292.734375,56.1793212890625,3.34375,55.875,19.584375000000023
2007-04-11 08:00:00+00:00,0.0,0.0,292.203125,57.12518310546875,3.26171875,0.0,19.053125000000023
2007-04-11 09:00:00+00:00,0.0,0.0,291.296875,58.4674072265625,3.509765625,0.0,18.146875000000023
2007-04-11 10:00:00+00:00,0.0,0.0,290.28125,60.40887451171875,3.083984375,0.0,17.131250000000023
2007-04-11 11:00:00+00:00,0.0,0.0,289.390625,64.51708984375,2.3046875,0.0,16.240625000000023
2007-04-11 12:00:00+00:00,0.0,0.0,288.859375,67.989501953125,1.94921875,0.0,15.709375000000023
2007-04-11 13:00:00+00:00,0.0,0.0,288.359375,71.56182861328125,1.68359375,0.0,15.209375000000023
2007-04-11 14:00:00+00:00,0.0,0.0,287.953125,74.4139404296875,1.236328125,0.0,14.803125000000023
2007-04-11 15:00:00+00:00,0.0,0.0,287.546875,77.19049072265625,0.9453125,0.0,14.396875000000023
2007-04-11 16:00:00+00:00,0.0,0.0,287.15625,79.908447265625,0.61328125,0.0,14.006250000000023
2007-04-11 17:00:00+00:00,0.0,0.0,286.625,83.223388671875,0.419921875,0.0,13.475000000000023
2007-04-11 18:00:00+00:00,0.0,0.0,286.0,86.39263916015625,0.140625,0.0,12.850000000000023
2007-04-11 19:00:00+00:00,0.0,0.0,285.5625,88.46588134765625,0.66015625,0.0,12.412500000000023
2007-04-11 20:00:00+00:00,0.0,1.703125,285.234375,89.580078125,1.09375,1.703125,12.084375000000023
2007-04-11 21:00:00+00:00,54.73046875,47.44140625,284.59375,90.2578125,0.841796875,102.171875,11.443750000000023
2007-04-11 22:00:00+00:00,223.89453125,72.24609375,284.625,88.91796875,0.90625,296.140625,11.475000000000023
2007-04-11 23:00:00+00:00,395.80859375,78.94140625,284.9375,86.4583740234375,0.89453125,474.75,11.787500000000023
2007-04-12 00:00:00+00:00,530.69921875,77.64453125,285.703125,82.8907470703125,0.802734375,608.34375,12.553125000000023
2007-04-12 01:00:00+00:00,619.0078125,74.2265625,286.734375,78.7451171875,0.5,693.234375,13.584375000000023
2007-04-12 02:00:00+00:00,649.98828125,67.02734375,287.8125,75.0848388671875,0.16796875,717.015625,14.662500000000023
2007-04-12 03:00:00+00:00,621.08203125,58.77734375,290.15625,66.883544921875,0.8125,679.859375,17.006250000000023
2007-04-12 04:00:00+00:00,530.8125,49.03125,292.0,60.476318359375,1.09765625,579.84375,18.850000000000023
2007-04-12 05:00:00+00:00,389.8671875,38.0703125,293.96875,51.76544189453125,1.638671875,427.9375,20.818750000000023
2007-04-12 06:00:00+00:00,215.42578125,24.63671875,295.171875,46.29168701171875,2.1328125,240.0625,22.021875000000023
2007-04-12 07:00:00+00:00,50.921875,1.9375,295.328125,45.99169921875,2.94921875,52.859375,22.178125000000023
2007-04-12 08:00:00+00:00,0.0,0.0,294.453125,50.543212890625,3.328125,0.0,21.303125000000023
2007-04-12 09:00:00+00:00,0.0,0.0,292.84375,57.63482666015625,3.2578125,0.0,19.693750000000023
2007-04-12 10:00:00+00:00,0.0,0.0,291.765625,60.34259033203125,2.888671875,0.0,18.615625000000023
2007-04-12 11:00:00+00:00,0.0,0.0,290.703125,64.67523193359375,2.349609375,0.0,17.553125000000023
2007-04-12 12:00:00+00:00,0.0,0.0,289.75,70.78704833984375,1.818359375,0.0,16.600000000000023
2007-04-12 13:00:00+00:00,0.0,0.0,289.09375,75.54779052734375,1.453125,0.0,15.943750000000023
2007-04-12 14:00:00+00:00,0.0,0.0,288.59375,79.20941162109375,1.126953125,0.0,15.443750000000023
2007-04-12 15:00:00+00:00,0.0,0.0,287.796875,81.90093994140625,1.126953125,0.0,14.646875000000023
2007-04-12 16:00:00+00:00,0.0,0.0,287.28125,85.8577880859375,1.068359375,0.0,14.131250000000023
2007-04-12 17:00:00+00:00,0.0,0.0,286.71875,89.9783935546875,0.619140625,0.0,13.568750000000023
2007-04-12 18:00:00+00:00,0.0,0.0,286.09375,93.5684814453125,0.42578125,0.0,12.943750000000023
2007-04-12 19:00:00+00:00,0.0,0.0,285.59375,95.1107177734375,0.19921875,0.0,12.443750000000023
2007-04-12 20:00:00+00:00,0.0,1.09375,285.03125,97.57421875,0.3125,1.09375,11.881250000000023
2007-04-12 21:00:00+00:00,0.9140625,45.7421875,284.625,96.49725341796875,0.95703125,46.65625,11.475000000000023
2007-04-12 22:00:00+00:00,3.08984375,128.47265625,284.453125,97.59222412109375,0.8671875,131.5625,11.303125000000023
2007-04-12 23:00:00+00:00,9.3125,204.9375,284.15625,98.61883544921875,0.7421875,214.25,11.006250000000023
2007-04-13 00:00:00+00:00,20.75390625,226.10546875,284.140625,97.84014892578125,0.685546875,246.859375,10.990625000000023
2007-04-13 01:00:00+00:00,243.4609375,314.4296875,284.703125,92.981201171875,0.837890625,557.890625,11.553125000000023
2007-04-13 02:00:00+00:00,590.890625,124.234375,286.0,83.73968505859375,0.841796875,715.125,12.850000000000023
2007-04-13 03:00:00+00:00,611.8984375,57.7421875,293.140625,56.23944091796875,1.220703125,669.640625,19.990625000000023
2007-04-13 04:00:00+00:00,517.03515625,50.04296875,296.28125,48.887939453125,1.126953125,567.078125,23.131250000000023
2007-04-13 05:00:00+00:00,374.3046875,40.6796875,299.296875,36.46160888671875,1.0,414.984375,26.146875000000023
2007-04-13 06:00:00+00:00,201.73828125,27.51171875,300.859375,21.849853515625,0.9375,229.25,27.709375000000023
2007-04-13 07:00:00+00:00,43.87890625,3.62109375,301.328125,19.9932861328125,1.0703125,47.5,28.178125000000023
2007-04-13 08:00:00+00:00,0.0,0.0,301.453125,19.48480224609375,1.748046875,0.0,28.303125000000023
2007-04-13 09:00:00+00:00,0.0,0.0,300.296875,27.58734130859375,1.404296875,0.0,27.146875000000023
2007-04-13 10:00:00+00:00,0.0,0.0,298.6875,34.32720947265625,0.662109375,0.0,25.537500000000023
2007-04-13 11:00:00+00:00,0.0,0.0,297.34375,40.8463134765625,0.853515625,0.0,24.193750000000023
2007-04-13 12:00:00+00:00,0.0,0.0,296.203125,47.8968505859375,1.68359375,0.0,23.053125000000023
2007-04-13 13:00:00+00:00,0.0,0.0,295.0625,54.1014404296875,1.43359375,0.0,21.912500000000023
2007-04-13 14:00:00+00:00,0.0,0.0,294.328125,56.5843505859375,0.849609375,0.0,21.178125000000023
2007-04-13 15:00:00+00:00,0.0,0.0,293.953125,51.65155029296875,1.109375,0.0,20.803125000000023
2007-04-13 16:00:00+00:00,0.0,0.0,293.765625,41.87835693359375,1.943359375,0.0,20.615625000000023
2007-04-13 17:00:00+00:00,0.0,0.0,293.140625,37.2099609375,2.1875,0.0,19.990625000000023
2007-04-13 18:00:00+00:00,0.0,0.0,292.609375,37.594482421875,2.18359375,0.0,19.459375000000023
2007-04-13 19:00:00+00:00,0.0,0.0,292.28125,37.49462890625,2.224609375,0.0,19.131250000000023
2007-04-13 20:00:00+00:00,0.0,1.125,292.1875,35.4617919921875,2.283203125,1.125,19.037500000000023
2007-04-13 21:00:00+00:00,29.74609375,50.28515625,291.734375,36.643310546875,2.43359375,80.03125,18.584375000000023
2007-04-13 22:00:00+00:00,38.265625,123.265625,292.3125,32.8397216796875,2.60546875,161.53125,19.162500000000023
2007-04-13 23:00:00+00:00,36.75,174.796875,293.53125,30.8077392578125,3.17578125,211.546875,20.381250000000023
2007-04-14 00:00:00+00:00,140.98828125,280.26171875,294.9375,30.59954833984375,3.828125,421.25,21.787500000000023
2007-04-14 01:00:00+00:00,99.78125,327.9375,296.859375,27.75,3.97265625,427.71875,23.709375000000023
2007-04-14 02:00:00+00:00,32.2421875,292.8671875,298.65625,24.839111328125,3.0234375,325.109375,25.506250000000023
2007-04-14 03:00:00+00:00,109.1171875,243.8359375,300.859375,22.81842041015625,3.8359375,352.953125,27.709375000000023
2007-04-14 04:00:00+00:00,64.3203125,227.8203125,300.71875,24.2928466796875,3.3515625,292.140625,27.568750000000023
2007-04-14 05:00:00+00:00,136.00390625,181.37109375,300.671875,24.63531494140625,3.390625,317.375,27.521875000000023
2007-04-14 06:00:00+00:00,16.16796875,47.14453125,300.296875,25.8585205078125,3.681640625,63.3125,27.146875000000023
2007-04-14 07:00:00+00:00,0.02734375,21.78515625,299.515625,30.37109375,2.404296875,21.8125,26.365625000000023
2007-04-14 08:00:00+00:00,0.0,0.0,298.6875,34.95611572265625,2.865234375,0.0,25.537500000000023
2007-04-14 09:00:00+00:00,0.0,0.0,299.203125,29.94818115234375,3.404296875,0.0,26.053125000000023
2007-04-14 10:00:00+00:00,0.0,0.0,298.578125,30.202392578125,3.80078125,0.0,25.428125000000023
2007-04-14 11:00:00+00:00,0.0,0.0,298.15625,29.08319091796875,3.958984375,0.0,25.006250000000023
2007-04-14 12:00:00+00:00,0.0,0.0,297.875,28.0223388671875,3.9453125,0.0,24.725000000000023
2007-04-14 13:00:00+00:00,0.0,0.0,297.59375,27.675537109375,2.708984375,0.0,24.443750000000023
2007-04-14 14:00:00+00:00,0.0,0.0,294.78125,35.658935546875,3.755859375,0.0,21.631250000000023
2007-04-14 15:00:00+00:00,0.0,0.0,292.890625,39.68548583984375,3.134765625,0.0,19.740625000000023
2007-04-14 16:00:00+00:00,0.0,0.0,291.9375,45.35382080078125,2.9140625,0.0,18.787500000000023
2007-04-14 17:00:00+00:00,0.0,0.0,290.796875,56.3543701171875,3.181640625,0.0,17.646875000000023
2007-04-14 18:00:00+00:00,0.0,0.0,289.578125,67.195068359375,3.25390625,0.0,16.428125000000023
2007-04-14 19:00:00+00:00,0.0,0.0,288.59375,74.40203857421875,2.904296875,0.0,15.443750000000023
2007-04-14 20:00:00+00:00,0.0,0.96875,287.71875,79.7572021484375,2.775390625,0.96875,14.568750000000023
2007-04-14 21:00:00+00:00,30.1328125,46.0703125,287.5,78.9051513671875,1.876953125,76.203125,14.350000000000023
2007-04-14 22:00:00+00:00,64.4765625,121.0546875,287.234375,80.41656494140625,2.189453125,185.53125,14.084375000000023
2007-04-14 23:00:00+00:00,226.70703125,164.13671875,287.46875,80.4373779296875,2.259765625,390.84375,14.318750000000023
2007-04-15 00:00:00+00:00,454.27734375,118.81640625,288.546875,75.7376708984375,1.876953125,573.09375,15.396875000000023
2007-04-15 01:00:00+00:00,422.765625,123.921875,290.171875,67.785888671875,1.7890625,546.6875,17.021875000000023
2007-04-15 02:00:00+00:00,455.48828125,148.69921875,291.859375,58.93670654296875,1.92578125,604.1875,18.709375000000023
2007-04-15 03:00:00+00:00,476.7890625,130.5234375,295.046875,47.38714599609375,3.119140625,607.3125,21.896875000000023
2007-04-15 04:00:00+00:00,406.69140625,99.43359375,295.890625,44.1328125,3.12109375,506.125,22.740625000000023
2007-04-15 05:00:00+00:00,295.16796875,71.69140625,296.4375,42.8751220703125,3.306640625,366.859375,23.287500000000023
2007-04-15 06:00:00+00:00,137.63671875,52.47265625,295.984375,46.09344482421875,3.654296875,190.109375,22.834375000000023
2007-04-15 07:00:00+00:00,28.20703125,9.87109375,294.90625,52.2103271484375,4.2109375,38.078125,21.756250000000023
2007-04-15 08:00:00+00:00,0.0,0.0,293.3125,62.76397705078125,4.662109375,0.0,20.162500000000023
2007-04-15 09:00:00+00:00,0.0,0.0,291.640625,72.1673583984375,4.279296875,0.0,18.490625000000023
2007-04-15 10:00:00+00:00,0.0,0.0,291.328125,68.91937255859375,4.244140625,0.0,18.178125000000023
2007-04-15 11:00:00+00:00,0.0,0.0,290.421875,71.26043701171875,4.115234375,0.0,17.271875000000023
2007-04-15 12:00:00+00:00,0.0,0.0,289.671875,76.1785888671875,3.341796875,0.0,16.521875000000023
2007-04-15 13:00:00+00:00,0.0,0.0,289.328125,79.45123291015625,2.99609375,0.0,16.178125000000023
2007-04-15 14:00:00+00:00,0.0,0.0,289.0625,83.13555908203125,3.138671875,0.0,15.912500000000023
2007-04-15 15:00:00+00:00,0.0,0.0,289.09375,88.2633056640625,3.37109375,0.0,15.943750000000023
2007-04-15 16:00:00+00:00,0.0,0.0,289.03125,91.7144775390625,2.982421875,0.0,15.881250000000023
2007-04-15 17:00:00+00:00,0.0,0.0,289.0,91.390625,2.865234375,0.0,15.850000000000023
2007-04-15 18:00:00+00:00,0.0,0.0,288.90625,89.9639892578125,2.853515625,0.0,15.756250000000023
2007-04-15 19:00:00+00:00,0.0,0.0,288.578125,89.98822021484375,3.580078125,0.0,15.428125000000023
2007-04-15 20:00:00+00:00,0.0,0.390625,288.15625,90.919921875,3.734375,0.390625,15.006250000000023
2007-04-15 21:00:00+00:00,0.125,13.890625,288.59375,84.37835693359375,3.068359375,14.015625,15.443750000000023
2007-04-15 22:00:00+00:00,2.6875,78.421875,288.203125,87.25689697265625,2.587890625,81.109375,15.053125000000023
2007-04-15 23:00:00+00:00,9.09375,180.34375,288.25,86.9964599609375,2.51953125,189.4375,15.100000000000023
2007-04-16 00:00:00+00:00,131.0078125,236.4140625,288.578125,83.42413330078125,2.396484375,367.421875,15.428125000000023
2007-04-16 01:00:00+00:00,317.5234375,223.8828125,289.203125,77.65289306640625,2.392578125,541.40625,16.053125000000023
2007-04-16 02:00:00+00:00,470.3671875,152.9921875,290.015625,69.46478271484375,2.537109375,623.359375,16.865625000000023
2007-04-16 03:00:00+00:00,225.734375,225.3125,290.8125,63.5980224609375,2.634765625,451.046875,17.662500000000023
2007-04-16 04:00:00+00:00,78.0078125,223.8046875,291.34375,60.95892333984375,2.908203125,301.8125,18.193750000000023
2007-04-16 05:00:00+00:00,62.30859375,157.06640625,291.71875,58.91729736328125,3.1171875,219.375,18.568750000000023
2007-04-16 06:00:00+00:00,81.13671875,85.42578125,291.734375,58.75421142578125,3.474609375,166.5625,18.584375000000023
2007-04-16 07:00:00+00:00,11.94140625,7.68359375,291.4375,59.80548095703125,3.4765625,19.625,18.287500000000023
2007-04-16 08:00:00+00:00,0.0,0.0,291.15625,59.98455810546875,3.126953125,0.0,18.006250000000023
2007-04-16 09:00:00+00:00,0.0,0.0,289.84375,64.19366455078125,3.322265625,0.0,16.693750000000023
2007-04-16 10:00:00+00:00,0.0,0.0,289.515625,65.107177734375,2.845703125,0.0,16.365625000000023
2007-04-16 11:00:00+00:00,0.0,0.0,289.15625,65.7222900390625,2.53125,0.0,16.006250000000023
2007-04-16 12:00:00+00:00,0.0,0.0,288.6875,67.0177001953125,2.21875,0.0,15.537500000000023
2007-04-16 13:00:00+00:00,0.0,0.0,288.15625,69.41357421875,1.958984375,0.0,15.006250000000023
2007-04-16 14:00:00+00:00,0.0,0.0,287.65625,72.216064453125,1.744140625,0.0,14.506250000000023
2007-04-16 15:00:00+00:00,0.0,0.0,287.234375,72.8089599609375,1.13671875,0.0,14.084375000000023
2007-04-16 16:00:00+00:00,0.0,0.0,286.640625,76.43017578125,1.0625,0.0,13.490625000000023
2007-04-16 17:00:00+00:00,0.0,0.0,286.171875,79.36700439453125,0.78125,0.0,13.021875000000023
2007-04-16 18:00:00+00:00,0.0,0.0,285.765625,81.9373779296875,1.017578125,0.0,12.615625000000023
2007-04-16 19:00:00+00:00,0.0,0.0,285.34375,84.61456298828125,1.240234375,0.0,12.193750000000023
2007-04-16 20:00:00+00:00,0.0,0.65625,284.609375,88.8839111328125,0.50390625,0.65625,11.459375000000023
2007-04-16 21:00:00+00:00,44.796875,42.6875,283.765625,90.69818115234375,0.2890625,87.484375,10.615625000000023
2007-04-16 22:00:00+00:00,202.796875,73.15625,284.375,86.36505126953125,0.703125,275.953125,11.225000000000023
2007-04-16 23:00:00+00:00,355.76953125,90.71484375,284.9375,81.83721923828125,0.884765625,446.484375,11.787500000000023
2007-04-17 00:00:00+00:00,489.0625,90.796875,285.734375,77.4285888671875,0.888671875,579.859375,12.584375000000023
2007-04-17 01:00:00+00:00,581.0078125,83.8515625,286.609375,73.70452880859375,0.755859375,664.859375,13.459375000000023
2007-04-17 02:00:00+00:00,583.640625,93.296875,288.4375,66.8802490234375,0.900390625,676.9375,15.287500000000023
2007-04-17 03:00:00+00:00,227.5859375,236.0390625,296.625,31.906982421875,4.6328125,463.625,23.475000000000023
2007-04-17 04:00:00+00:00,118.6015625,270.7109375,297.84375,28.21051025390625,5.01953125,389.3125,24.693750000000023
2007-04-17 05:00:00+00:00,76.54296875,179.48828125,298.265625,26.9305419921875,4.685546875,256.03125,25.115625000000023
2007-04-17 06:00:00+00:00,6.33203125,58.05859375,298.140625,29.0087890625,4.083984375,64.390625,24.990625000000023
2007-04-17 07:00:00+00:00,0.0,7.5,297.28125,32.4102783203125,3.31640625,7.5,24.131250000000023
2007-04-17 08:00:00+00:00,0.0,0.0,296.4375,35.81109619140625,1.96875,0.0,23.287500000000023
2007-04-17 09:00:00+00:00,0.0,0.0,296.5,30.52679443359375,2.974609375,0.0,23.350000000000023
2007-04-17 10:00:00+00:00,0.0,0.0,295.984375,31.732421875,2.349609375,0.0,22.834375000000023
2007-04-17 11:00:00+00:00,0.0,0.0,295.53125,31.79119873046875,2.4609375,0.0,22.381250000000023
2007-04-17 12:00:00+00:00,0.0,0.0,295.15625,32.067626953125,2.728515625,0.0,22.006250000000023
2007-04-17 13:00:00+00:00,0.0,0.0,294.90625,32.719970703125,2.935546875,0.0,21.756250000000023
2007-04-17 14:00:00+00:00,0.0,0.0,294.546875,35.45489501953125,2.755859375,0.0,21.396875000000023
2007-04-17 15:00:00+00:00,0.0,0.0,290.0,69.8240966796875,4.572265625,0.0,16.850000000000023
2007-04-17 16:00:00+00:00,0.0,0.0,289.0625,74.323974609375,4.111328125,0.0,15.912500000000023
2007-04-17 17:00:00+00:00,0.0,0.0,288.265625,76.5291748046875,3.103515625,0.0,15.115625000000023
2007-04-17 18:00:00+00:00,0.0,0.0,288.015625,78.44805908203125,2.224609375,0.0,14.865625000000023
2007-04-17 19:00:00+00:00,0.0,0.0,288.125,77.47900390625,1.521484375,0.0,14.975000000000023
2007-04-17 20:00:00+00:00,0.0,0.171875,288.1875,76.05609130859375,1.43359375,0.171875,15.037500000000023
2007-04-17 21:00:00+00:00,40.21484375,41.16015625,287.75,73.1488037109375,2.0078125,81.375,14.600000000000023
2007-04-17 22:00:00+00:00,201.09765625,69.43359375,287.4375,73.6473388671875,2.0,270.53125,14.287500000000023
2007-04-17 23:00:00+00:00,369.703125,75.65625,287.59375,70.32122802734375,1.771484375,445.359375,14.443750000000023
2007-04-18 00:00:00+00:00,503.51953125,73.52734375,288.234375,64.98492431640625,1.16015625,577.046875,15.084375000000023
2007-04-18 01:00:00+00:00,589.51171875,69.28515625,289.1875,58.9161376953125,0.763671875,658.796875,16.037500000000023
2007-04-18 02:00:00+00:00,614.27734375,62.42578125,290.546875,52.680908203125,0.927734375,676.703125,17.396875000000023
2007-04-18 03:00:00+00:00,579.14453125,55.63671875,293.578125,37.326171875,1.033203125,634.78125,20.428125000000023
2007-04-18 04:00:00+00:00,463.10546875,60.62890625,295.28125,29.81561279296875,1.37890625,523.734375,22.131250000000023
2007-04-18 05:00:00+00:00,345.55859375,39.73828125,296.375,28.7528076171875,2.001953125,385.296875,23.225000000000023
2007-04-18 06:00:00+00:00,181.75,21.59375,296.875,28.47998046875,2.4765625,203.34375,23.725000000000023
2007-04-18 07:00:00+00:00,30.3203125,2.5546875,296.8125,28.07330322265625,2.28125,32.875,23.662500000000023
2007-04-18 08:00:00+00:00,0.0,0.0,296.5625,28.13189697265625,2.5703125,0.0,23.412500000000023
2007-04-18 09:00:00+00:00,0.0,0.0,295.25,31.489013671875,3.162109375,0.0,22.100000000000023
2007-04-18 10:00:00+00:00,0.0,0.0,294.6875,33.72857666015625,2.404296875,0.0,21.537500000000023
2007-04-18 11:00:00+00:00,0.0,0.0,294.171875,35.00030517578125,1.9609375,0.0,21.021875000000023
2007-04-18 12:00:00+00:00,0.0,0.0,293.515625,37.7413330078125,1.537109375,0.0,20.365625000000023
2007-04-18 13:00:00+00:00,0.0,0.0,292.734375,42.552001953125,1.265625,0.0,19.584375000000023
2007-04-18 14:00:00+00:00,0.0,0.0,291.84375,49.13958740234375,1.314453125,0.0,18.693750000000023
2007-04-18 15:00:00+00:00,0.0,0.0,291.421875,48.843017578125,1.087890625,0.0,18.271875000000023
2007-04-18 16:00:00+00:00,0.0,0.0,290.8125,51.0540771484375,0.267578125,0.0,17.662500000000023
2007-04-18 17:00:00+00:00,0.0,0.0,290.3125,51.54815673828125,1.349609375,0.0,17.162500000000023
2007-04-18 18:00:00+00:00,0.0,0.0,289.78125,53.7890625,0.853515625,0.0,16.631250000000023
2007-04-18 19:00:00+00:00,0.0,0.0,289.5,55.66729736328125,1.0,0.0,16.350000000000023
2007-04-18 20:00:00+00:00,0.0,0.21875,289.1875,57.42138671875,0.48828125,0.21875,16.037500000000023
2007-04-18 21:00:00+00:00,0.35546875,47.97265625,288.875,58.45623779296875,0.751953125,48.328125,15.725000000000023
2007-04-18 22:00:00+00:00,18.19140625,146.88671875,288.96875,58.23480224609375,1.357421875,165.078125,15.818750000000023
2007-04-18 23:00:00+00:00,40.66015625,233.48046875,289.25,56.81134033203125,1.318359375,274.140625,16.100000000000023
2007-04-19 00:00:00+00:00,15.9375,164.375,289.921875,54.22711181640625,1.32421875,180.3125,16.771875000000023
2007-04-19 01:00:00+00:00,1.65625,154.015625,290.828125,51.21844482421875,1.798828125,155.671875,17.678125000000023
2007-04-19 02:00:00+00:00,364.84765625,223.15234375,291.890625,47.5517578125,1.75,588.0,18.740625000000023
2007-04-19 03:00:00+00:00,77.9609375,132.5390625,293.609375,42.74114990234375,2.349609375,210.5,20.459375000000023
2007-04-19 04:00:00+00:00,17.109375,234.59375,294.484375,38.251708984375,1.951171875,251.703125,21.334375000000023
2007-04-19 05:00:00+00:00,16.2421875,171.3984375,294.859375,37.48675537109375,1.32421875,187.640625,21.709375000000023
2007-04-19 06:00:00+00:00,30.8046875,80.6015625,295.171875,36.69915771484375,1.45703125,111.40625,22.021875000000023
2007-04-19 07:00:00+00:00,9.875,14.78125,295.3125,36.69647216796875,1.3984375,24.65625,22.162500000000023
2007-04-19 08:00:00+00:00,0.0,0.0,295.203125,37.29180908203125,0.888671875,0.0,22.053125000000023
2007-04-19 09:00:00+00:00,0.0,0.0,295.15625,35.61273193359375,2.443359375,0.0,22.006250000000023
2007-04-19 10:00:00+00:00,0.0,0.0,294.625,36.79083251953125,2.412109375,0.0,21.475000000000023
2007-04-19 11:00:00+00:00,0.0,0.0,294.0,38.8614501953125,2.08984375,0.0,20.850000000000023
2007-04-19 12:00:00+00:00,0.0,0.0,293.328125,41.87298583984375,1.62109375,0.0,20.178125000000023
2007-04-19 13:00:00+00:00,0.0,0.0,292.671875,45.00579833984375,1.240234375,0.0,19.521875000000023
2007-04-19 14:00:00+00:00,0.0,0.0,291.890625,48.74102783203125,1.146484375,0.0,18.740625000000023
2007-04-19 15:00:00+00:00,0.0,0.0,290.828125,47.2672119140625,1.439453125,0.0,17.678125000000023
2007-04-19 16:00:00+00:00,0.0,0.0,290.109375,47.29412841796875,1.52734375,0.0,16.959375000000023
2007-04-19 17:00:00+00:00,0.0,0.0,289.34375,49.615966796875,1.578125,0.0,16.193750000000023
2007-04-19 18:00:00+00:00,0.0,0.0,288.609375,53.08831787109375,1.59765625,0.0,15.459375000000023
2007-04-19 19:00:00+00:00,0.0,0.0,288.015625,55.3665771484375,1.61328125,0.0,14.865625000000023
2007-04-19 20:00:00+00:00,0.0,0.25,287.546875,56.00799560546875,1.705078125,0.25,14.396875000000023
2007-04-19 21:00:00+00:00,39.66796875,37.69140625,287.140625,56.94512939453125,1.888671875,77.359375,13.990625000000023
2007-04-19 22:00:00+00:00,193.6328125,67.4921875,287.171875,55.0284423828125,1.671875,261.125,14.021875000000023
2007-04-19 23:00:00+00:00,357.6875,75.875,288.03125,50.7840576171875,1.62109375,433.5625,14.881250000000023
2007-04-20 00:00:00+00:00,488.09765625,74.90234375,289.640625,46.1959228515625,1.5234375,563.0,16.490625000000023
2007-04-20 01:00:00+00:00,573.01953125,71.27734375,291.625,42.0240478515625,1.25,644.296875,18.475000000000023
2007-04-20 02:00:00+00:00,601.26171875,64.31640625,293.953125,37.8277587890625,1.275390625,665.578125,20.803125000000023
2007-04-20 03:00:00+00:00,484.09375,85.140625,296.84375,32.4921875,1.23046875,569.234375,23.693750000000023
2007-04-20 04:00:00+00:00,387.24609375,95.33203125,297.8125,28.8387451171875,1.12109375,482.578125,24.662500000000023
2007-04-20 05:00:00+00:00,90.54296875,88.14453125,298.484375,26.50433349609375,0.880859375,178.6875,25.334375000000023
2007-04-20 06:00:00+00:00,20.04296875,72.17578125,298.84375,24.9921875,0.86328125,92.21875,25.693750000000023
2007-04-20 07:00:00+00:00,17.76171875,11.69140625,298.921875,23.651611328125,0.951171875,29.453125,25.771875000000023
2007-04-20 08:00:00+00:00,0.0,0.0,298.703125,23.46270751953125,1.017578125,0.0,25.553125000000023
2007-04-20 09:00:00+00:00,0.0,0.0,297.671875,31.3826904296875,3.3828125,0.0,24.521875000000023
2007-04-20 10:00:00+00:00,0.0,0.0,297.140625,32.005126953125,2.7578125,0.0,23.990625000000023
2007-04-20 11:00:00+00:00,0.0,0.0,296.71875,32.48529052734375,2.1171875,0.0,23.568750000000023
2007-04-20 12:00:00+00:00,0.0,0.0,296.125,33.83612060546875,1.9140625,0.0,22.975000000000023
2007-04-20 13:00:00+00:00,0.0,0.0,295.28125,35.46856689453125,1.74609375,0.0,22.131250000000023
2007-04-20 14:00:00+00:00,0.0,0.0,294.375,36.9923095703125,1.384765625,0.0,21.225000000000023
2007-04-20 15:00:00+00:00,0.0,0.0,292.546875,47.90057373046875,1.560546875,0.0,19.396875000000023
2007-04-20 16:00:00+00:00,0.0,0.0,291.828125,51.26104736328125,1.546875,0.0,18.678125000000023
2007-04-20 17:00:00+00:00,0.0,0.0,291.140625,53.8306884765625,1.5390625,0.0,17.990625000000023
2007-04-20 18:00:00+00:00,0.0,0.0,290.46875,55.531982421875,1.533203125,0.0,17.318750000000023
2007-04-20 19:00:00+00:00,0.0,0.0,289.78125,56.96392822265625,1.580078125,0.0,16.631250000000023
2007-04-20 20:00:00+00:00,0.0,0.171875,289.171875,58.26947021484375,1.5703125,0.171875,16.021875000000023
2007-04-20 21:00:00+00:00,26.81640625,41.19921875,288.375,61.1510009765625,1.482421875,68.015625,15.225000000000023
2007-04-20 22:00:00+00:00,161.95703125,83.04296875,288.171875,60.18206787109375,1.21875,245.0,15.021875000000023
2007-04-20 23:00:00+00:00,242.3359375,127.0703125,288.875,54.62933349609375,1.28515625,369.40625,15.725000000000023
2007-04-21 00:00:00+00:00,339.88671875,126.31640625,290.21875,49.2794189453125,1.580078125,466.203125,17.068750000000023
2007-04-21 01:00:00+00:00,324.47265625,212.43359375,291.75,47.3214111328125,0.1875,536.90625,18.600000000000023
2007-04-21 02:00:00+00:00,233.0625,254.1875,292.90625,42.6976318359375,2.0546875,487.25,19.756250000000023
2007-04-21 03:00:00+00:00,38.7421875,250.4453125,292.1875,52.0838623046875,3.205078125,289.1875,19.037500000000023
2007-04-21 04:00:00+00:00,18.390625,165.75,292.546875,55.55902099609375,3.337890625,184.140625,19.396875000000023
2007-04-21 05:00:00+00:00,1.53515625,12.32421875,291.671875,63.3839111328125,3.197265625,13.859375,18.521875000000023
2007-04-21 06:00:00+00:00,0.0,12.375,290.265625,73.07366943359375,2.388671875,12.375,17.115625000000023
2007-04-21 07:00:00+00:00,0.0,10.5,289.578125,76.669189453125,2.30078125,10.5,16.428125000000023
2007-04-21 08:00:00+00:00,0.0,0.0,289.578125,74.11102294921875,1.966796875,0.0,16.428125000000023
2007-04-21 09:00:00+00:00,0.0,0.0,289.046875,82.61328125,1.26171875,0.0,15.896875000000023
2007-04-21 10:00:00+00:00,0.0,0.0,288.90625,82.47955322265625,1.015625,0.0,15.756250000000023
2007-04-21 11:00:00+00:00,0.0,0.0,288.828125,82.4373779296875,0.376953125,0.0,15.678125000000023
2007-04-21 12:00:00+00:00,0.0,0.0,288.6875,83.948974609375,0.65234375,0.0,15.537500000000023
2007-04-21 13:00:00+00:00,0.0,0.0,288.390625,87.43084716796875,1.404296875,0.0,15.240625000000023
2007-04-21 14:00:00+00:00,0.0,0.0,288.03125,91.66943359375,1.7421875,0.0,14.881250000000023
2007-04-21 15:00:00+00:00,0.0,0.0,287.578125,89.2830810546875,2.755859375,0.0,14.428125000000023
2007-04-21 16:00:00+00:00,0.0,0.0,287.484375,91.04071044921875,2.56640625,0.0,14.334375000000023
2007-04-21 17:00:00+00:00,0.0,0.0,287.640625,92.27392578125,2.224609375,0.0,14.490625000000023
2007-04-21 18:00:00+00:00,0.0,0.0,287.859375,92.72314453125,1.9375,0.0,14.709375000000023
2007-04-21 19:00:00+00:00,0.0,0.0,288.0,92.486083984375,1.705078125,0.0,14.850000000000023
2007-04-21 20:00:00+00:00,0.0,0.046875,288.015625,93.060546875,1.482421875,0.046875,14.865625000000023
2007-04-21 21:00:00+00:00,4.98828125,24.18359375,287.890625,92.1094970703125,1.95703125,29.171875,14.740625000000023
2007-04-21 22:00:00+00:00,45.40625,114.234375,288.09375,90.7562255859375,1.54296875,159.640625,14.943750000000023
2007-04-21 23:00:00+00:00,237.19140625,135.43359375,288.328125,89.5816650390625,1.91796875,372.625,15.178125000000023
2007-04-22 00:00:00+00:00,393.54296875,124.26953125,288.8125,86.8836669921875,2.384765625,517.8125,15.662500000000023
2007-04-22 01:00:00+00:00,102.49609375,247.41015625,289.484375,82.26275634765625,2.62890625,349.90625,16.334375000000023
2007-04-22 02:00:00+00:00,409.75,179.53125,290.234375,75.43145751953125,2.744140625,589.28125,17.084375000000023
2007-04-22 03:00:00+00:00,368.20703125,163.30859375,292.359375,56.43316650390625,3.2421875,531.515625,19.209375000000023
2007-04-22 04:00:00+00:00,199.44921875,178.78515625,293.0625,51.95941162109375,3.708984375,378.234375,19.912500000000023
2007-04-22 05:00:00+00:00,47.015625,70.21875,293.75,48.07476806640625,4.3828125,117.234375,20.600000000000023
2007-04-22 06:00:00+00:00,45.76171875,62.87890625,293.296875,49.55609130859375,4.5390625,108.640625,20.146875000000023
2007-04-22 07:00:00+00:00,10.0625,10.234375,292.84375,52.5330810546875,4.82421875,20.296875,19.693750000000023
2007-04-22 08:00:00+00:00,0.0,0.0,291.765625,61.7010498046875,4.53515625,0.0,18.615625000000023
2007-04-22 09:00:00+00:00,0.0,0.0,290.375,76.87152099609375,3.271484375,0.0,17.225000000000023
2007-04-22 10:00:00+00:00,0.0,0.0,289.828125,80.73394775390625,2.6875,0.0,16.678125000000023
2007-04-22 11:00:00+00:00,0.0,0.0,289.28125,84.88519287109375,2.421875,0.0,16.131250000000023
2007-04-22 12:00:00+00:00,0.0,0.0,288.734375,87.93182373046875,2.3828125,0.0,15.584375000000023
2007-04-22 13:00:00+00:00,0.0,0.0,288.09375,88.44464111328125,2.263671875,0.0,14.943750000000023
2007-04-22 14:00:00+00:00,0.0,0.0,287.546875,87.21319580078125,2.09765625,0.0,14.396875000000023
2007-04-22 15:00:00+00:00,0.0,0.0,287.21875,92.49884033203125,2.07421875,0.0,14.068750000000023
2007-04-22 16:00:00+00:00,0.0,0.0,286.828125,93.04083251953125,1.78515625,0.0,13.678125000000023
2007-04-22 17:00:00+00:00,0.0,0.0,286.515625,93.618408203125,1.5,0.0,13.365625000000023
2007-04-22 18:00:00+00:00,0.0,0.0,286.15625,94.511962890625,1.419921875,0.0,13.006250000000023
2007-04-22 19:00:00+00:00,0.0,0.0,285.84375,94.76318359375,1.37109375,0.0,12.693750000000023
2007-04-22 20:00:00+00:00,0.0,0.046875,285.546875,95.015625,1.240234375,0.046875,12.396875000000023
2007-04-22 21:00:00+00:00,31.4140625,34.5703125,285.421875,95.4210205078125,1.46875,65.984375,12.271875000000023
2007-04-22 22:00:00+00:00,175.86328125,69.24609375,285.609375,94.2200927734375,1.55078125,245.109375,12.459375000000023
2007-04-22 23:00:00+00:00,339.328125,76.703125,286.65625,88.4442138671875,2.01953125,416.03125,13.506250000000023
2007-04-23 00:00:00+00:00,469.65234375,74.36328125,288.421875,77.9700927734375,2.607421875,544.015625,15.271875000000023
2007-04-23 01:00:00+00:00,481.06640625,109.01171875,290.421875,62.974853515625,3.513671875,590.078125,17.271875000000023
2007-04-23 02:00:00+00:00,537.49609375,84.72265625,291.734375,56.65484619140625,4.1328125,622.21875,18.584375000000023
2007-04-23 03:00:00+00:00,273.24609375,99.91015625,293.078125,45.331298828125,4.720703125,373.15625,19.928125000000023
2007-04-23 04:00:00+00:00,386.42578125,104.08984375,293.65625,43.749755859375,4.771484375,490.515625,20.506250000000023
2007-04-23 05:00:00+00:00,288.2578125,47.6015625,294.140625,42.39422607421875,5.00390625,335.859375,20.990625000000023
2007-04-23 06:00:00+00:00,122.296875,34.015625,294.0,41.6131591796875,5.17578125,156.3125,20.850000000000023
2007-04-23 07:00:00+00:00,16.015625,2.921875,293.625,40.65582275390625,5.32421875,18.9375,20.475000000000023
2007-04-23 08:00:00+00:00,0.0,0.0,292.59375,43.3553466796875,5.439453125,0.0,19.443750000000023
2007-04-23 09:00:00+00:00,0.0,0.0,291.09375,52.9031982421875,5.6875,0.0,17.943750000000023
2007-04-23 10:00:00+00:00,0.0,0.0,289.828125,59.1004638671875,5.740234375,0.0,16.678125000000023
2007-04-23 11:00:00+00:00,0.0,0.0,288.890625,63.38494873046875,5.515625,0.0,15.740625000000023
2007-04-23 12:00:00+00:00,0.0,0.0,288.21875,67.28497314453125,5.166015625,0.0,15.068750000000023
2007-04-23 13:00:00+00:00,0.0,0.0,287.734375,69.737060546875,4.9140625,0.0,14.584375000000023
2007-04-23 14:00:00+00:00,0.0,0.0,287.3125,71.353271484375,4.689453125,0.0,14.162500000000023
2007-04-23 15:00:00+00:00,0.0,0.0,286.890625,72.87445068359375,4.677734375,0.0,13.740625000000023
2007-04-23 16:00:00+00:00,0.0,0.0,286.625,73.4954833984375,4.3359375,0.0,13.475000000000023
2007-04-23 17:00:00+00:00,0.0,0.0,286.359375,74.32171630859375,4.12109375,0.0,13.209375000000023
2007-04-23 18:00:00+00:00,0.0,0.0,286.1875,74.6461181640625,3.939453125,0.0,13.037500000000023
2007-04-23 19:00:00+00:00,0.0,0.0,285.953125,75.3592529296875,3.396484375,0.0,12.803125000000023
2007-04-23 20:00:00+00:00,0.0,0.015625,285.640625,76.88055419921875,2.671875,0.015625,12.490625000000023
2007-04-23 21:00:00+00:00,33.8671875,32.1015625,284.734375,82.9287109375,1.201171875,65.96875,11.584375000000023
2007-04-23 22:00:00+00:00,179.6875,64.8125,284.640625,84.01580810546875,1.15234375,244.5,11.490625000000023
2007-04-23 23:00:00+00:00,339.23828125,73.73046875,285.1875,81.63616943359375,1.259765625,412.96875,12.037500000000023
2007-04-24 00:00:00+00:00,465.765625,72.859375,286.0625,77.5384521484375,1.220703125,538.625,12.912500000000023
2007-04-24 01:00:00+00:00,548.03515625,69.55859375,286.78125,74.59283447265625,1.11328125,617.59375,13.631250000000023
2007-04-24 02:00:00+00:00,574.8671875,62.7421875,287.765625,70.30975341796875,1.103515625,637.609375,14.615625000000023
2007-04-24 03:00:00+00:00,542.8046875,54.0078125,289.296875,65.41943359375,1.060546875,596.8125,16.146875000000023
2007-04-24 04:00:00+00:00,454.546875,44.265625,290.859375,58.8656005859375,0.751953125,498.8125,17.709375000000023
2007-04-24 05:00:00+00:00,320.05078125,33.15234375,292.34375,50.14617919921875,0.80078125,353.203125,19.193750000000023
2007-04-24 06:00:00+00:00,158.22265625,18.33984375,294.3125,38.74139404296875,1.912109375,176.5625,21.162500000000023
2007-04-24 07:00:00+00:00,19.765625,0.75,294.75,36.3057861328125,2.96484375,20.515625,21.600000000000023
2007-04-24 08:00:00+00:00,0.0,0.0,294.09375,38.6378173828125,4.0,0.0,20.943750000000023
2007-04-24 09:00:00+00:00,0.0,0.0,291.84375,51.4954833984375,5.03515625,0.0,18.693750000000023
2007-04-24 10:00:00+00:00,0.0,0.0,290.578125,60.0235595703125,4.361328125,0.0,17.428125000000023
2007-04-24 11:00:00+00:00,0.0,0.0,289.875,63.53271484375,3.716796875,0.0,16.725000000000023
2007-04-24 12:00:00+00:00,0.0,0.0,289.21875,66.5128173828125,3.23046875,0.0,16.068750000000023
2007-04-24 13:00:00+00:00,0.0,0.0,288.640625,69.1702880859375,2.669921875,0.0,15.490625000000023
2007-04-24 14:00:00+00:00,0.0,0.0,288.234375,70.54302978515625,1.904296875,0.0,15.084375000000023
2007-04-24 15:00:00+00:00,0.0,0.0,287.4375,73.92974853515625,0.66796875,0.0,14.287500000000023
2007-04-24 16:00:00+00:00,0.0,0.0,286.875,76.8974609375,0.765625,0.0,13.725000000000023
2007-04-24 17:00:00+00:00,0.0,0.0,286.234375,80.1512451171875,0.607421875,0.0,13.084375000000023
2007-04-24 18:00:00+00:00,0.0,0.0,285.546875,83.7181396484375,0.4375,0.0,12.396875000000023
2007-04-24 19:00:00+00:00,0.0,0.0,284.953125,87.3636474609375,0.708984375,0.0,11.803125000000023
2007-04-24 20:00:00+00:00,0.0,0.0,284.609375,90.22686767578125,0.900390625,0.0,11.459375000000023
2007-04-24 21:00:00+00:00,33.26953125,31.05859375,284.796875,86.5509033203125,0.8125,64.328125,11.646875000000023
2007-04-24 22:00:00+00:00,179.41796875,64.30078125,284.5625,87.5728759765625,0.65625,243.71875,11.412500000000023
2007-04-24 23:00:00+00:00,339.828125,73.46875,284.671875,86.928466796875,0.47265625,413.296875,11.521875000000023
2007-04-25 00:00:00+00:00,467.33203125,72.52734375,285.171875,84.318115234375,0.3359375,539.859375,12.021875000000023
2007-04-25 01:00:00+00:00,549.984375,68.953125,285.9375,80.48101806640625,0.380859375,618.9375,12.787500000000023
2007-04-25 02:00:00+00:00,577.0703125,61.9921875,287.640625,72.2430419921875,0.71875,639.0625,14.490625000000023
2007-04-25 03:00:00+00:00,544.55859375,53.20703125,290.3125,59.46917724609375,1.0,597.765625,17.162500000000023
2007-04-25 04:00:00+00:00,455.84375,43.515625,292.5,47.12811279296875,1.302734375,499.359375,19.350000000000023
2007-04-25 05:00:00+00:00,320.29296875,32.33203125,294.03125,38.55523681640625,1.71875,352.625,20.881250000000023
2007-04-25 06:00:00+00:00,136.984375,19.421875,295.109375,29.1524658203125,1.927734375,156.40625,21.959375000000023
2007-04-25 07:00:00+00:00,16.296875,2.859375,295.21875,28.32666015625,2.26171875,19.15625,22.068750000000023
2007-04-25 08:00:00+00:00,0.0,0.0,294.875,30.04315185546875,2.71875,0.0,21.725000000000023
2007-04-25 09:00:00+00:00,0.0,0.0,293.90625,37.3974609375,3.189453125,0.0,20.756250000000023
2007-04-25 10:00:00+00:00,0.0,0.0,292.75,44.827392578125,3.205078125,0.0,19.600000000000023
2007-04-25 11:00:00+00:00,0.0,0.0,291.78125,50.49334716796875,2.626953125,0.0,18.631250000000023
2007-04-25 12:00:00+00:00,0.0,0.0,290.765625,55.9129638671875,2.11328125,0.0,17.615625000000023
2007-04-25 13:00:00+00:00,0.0,0.0,290.0,59.57672119140625,1.55078125,0.0,16.850000000000023
2007-04-25 14:00:00+00:00,0.0,0.0,289.265625,63.316162109375,1.30859375,0.0,16.115625000000023
2007-04-25 15:00:00+00:00,0.0,0.0,288.328125,66.727294921875,0.8203125,0.0,15.178125000000023
2007-04-25 16:00:00+00:00,0.0,0.0,287.46875,70.93572998046875,0.853515625,0.0,14.318750000000023
2007-04-25 17:00:00+00:00,0.0,0.0,286.6875,74.9459228515625,0.732421875,0.0,13.537500000000023
2007-04-25 18:00:00+00:00,0.0,0.0,286.0,78.3118896484375,0.830078125,0.0,12.850000000000023
2007-04-25 19:00:00+00:00,0.0,0.0,285.4375,80.7760009765625,0.75,0.0,12.287500000000023
2007-04-25 20:00:00+00:00,0.0,0.0,284.78125,83.17218017578125,0.685546875,0.0,11.631250000000023
2007-04-25 21:00:00+00:00,29.65625,32.203125,283.875,86.005615234375,0.6875,61.859375,10.725000000000023
2007-04-25 22:00:00+00:00,168.3984375,71.3515625,283.921875,83.4869384765625,0.7890625,239.75,10.771875000000023
2007-04-25 23:00:00+00:00,260.30859375,122.03515625,284.296875,79.449951171875,0.794921875,382.34375,11.146875000000023
2007-04-26 00:00:00+00:00,356.1484375,137.8828125,285.0625,75.64422607421875,0.923828125,494.03125,11.912500000000023
2007-04-26 01:00:00+00:00,247.78515625,239.07421875,286.03125,71.7418212890625,0.5703125,486.859375,12.881250000000023
2007-04-26 02:00:00+00:00,216.515625,282.21875,287.4375,66.43292236328125,0.875,498.734375,14.287500000000023
2007-04-26 03:00:00+00:00,213.59375,270.140625,289.765625,56.884765625,1.083984375,483.734375,16.615625000000023
2007-04-26 04:00:00+00:00,338.921875,137.03125,291.3125,46.11761474609375,0.951171875,475.953125,18.162500000000023
2007-04-26 05:00:00+00:00,186.52734375,110.37890625,292.84375,35.1812744140625,1.4140625,296.90625,19.693750000000023
2007-04-26 06:00:00+00:00,82.71875,62.46875,293.875,29.7872314453125,1.74609375,145.1875,20.725000000000023
2007-04-26 07:00:00+00:00,4.51171875,11.00390625,294.25,29.16571044921875,2.16015625,15.515625,21.100000000000023
2007-04-26 08:00:00+00:00,0.0,0.0,294.15625,30.23724365234375,2.46875,0.0,21.006250000000023
2007-04-26 09:00:00+00:00,0.0,0.0,293.6875,33.26068115234375,2.0703125,0.0,20.537500000000023
2007-04-26 10:00:00+00:00,0.0,0.0,293.328125,34.81689453125,2.298828125,0.0,20.178125000000023
2007-04-26 11:00:00+00:00,0.0,0.0,292.359375,41.58172607421875,2.599609375,0.0,19.209375000000023
2007-04-26 12:00:00+00:00,0.0,0.0,291.296875,49.68310546875,2.640625,0.0,18.146875000000023
2007-04-26 13:00:00+00:00,0.0,0.0,290.609375,54.03985595703125,2.5078125,0.0,17.459375000000023
2007-04-26 14:00:00+00:00,0.0,0.0,290.1875,55.9215087890625,2.5234375,0.0,17.037500000000023
2007-04-26 15:00:00+00:00,0.0,0.0,289.65625,57.5572509765625,1.875,0.0,16.506250000000023
2007-04-26 16:00:00+00:00,0.0,0.0,289.15625,59.611083984375,2.1875,0.0,16.006250000000023
2007-04-26 17:00:00+00:00,0.0,0.0,288.890625,60.9588623046875,1.69921875,0.0,15.740625000000023
2007-04-26 18:00:00+00:00,0.0,0.0,288.59375,61.78094482421875,1.423828125,0.0,15.443750000000023
2007-04-26 19:00:00+00:00,0.0,0.0,288.234375,63.203125,1.326171875,0.0,15.084375000000023
2007-04-26 20:00:00+00:00,0.0,0.0,287.890625,64.978515625,1.212890625,0.0,14.740625000000023
2007-04-26 21:00:00+00:00,0.0,15.109375,287.453125,66.77679443359375,1.21875,15.109375,14.303125000000023
2007-04-26 22:00:00+00:00,0.2109375,85.4453125,287.203125,68.454833984375,1.326171875,85.65625,14.053125000000023
2007-04-26 23:00:00+00:00,0.3203125,142.3515625,287.296875,68.2144775390625,1.21484375,142.671875,14.146875000000023
2007-04-27 00:00:00+00:00,1.3203125,203.3203125,287.640625,66.21551513671875,0.970703125,204.640625,14.490625000000023
2007-04-27 01:00:00+00:00,0.54296875,179.14453125,288.359375,61.9619140625,1.087890625,179.6875,15.209375000000023
2007-04-27 02:00:00+00:00,0.3203125,188.4765625,289.984375,52.105224609375,2.01171875,188.796875,16.834375000000023
2007-04-27 03:00:00+00:00,259.41796875,222.55078125,292.546875,41.0692138671875,4.470703125,481.96875,19.396875000000023
2007-04-27 04:00:00+00:00,132.2578125,152.3828125,293.15625,40.7891845703125,4.908203125,284.640625,20.006250000000023
2007-04-27 05:00:00+00:00,45.9453125,157.1015625,293.484375,39.61767578125,4.826171875,203.046875,20.334375000000023
2007-04-27 06:00:00+00:00,49.08984375,66.14453125,293.921875,37.89501953125,4.388671875,115.234375,20.771875000000023
2007-04-27 07:00:00+00:00,1.37890625,9.69921875,294.0625,36.3095703125,4.021484375,11.078125,20.912500000000023
2007-04-27 08:00:00+00:00,0.0,0.0,294.015625,35.9149169921875,3.890625,0.0,20.865625000000023
2007-04-27 09:00:00+00:00,0.0,0.0,293.53125,39.40478515625,3.34375,0.0,20.381250000000023
2007-04-27 10:00:00+00:00,0.0,0.0,293.21875,40.221435546875,3.54296875,0.0,20.068750000000023
2007-04-27 11:00:00+00:00,0.0,0.0,292.59375,43.0313720703125,3.2578125,0.0,19.443750000000023
2007-04-27 12:00:00+00:00,0.0,0.0,291.96875,47.12432861328125,2.96875,0.0,18.818750000000023
2007-04-27 13:00:00+00:00,0.0,0.0,291.46875,50.56976318359375,2.82421875,0.0,18.318750000000023
2007-04-27 14:00:00+00:00,0.0,0.0,291.03125,53.7607421875,2.501953125,0.0,17.881250000000023
2007-04-27 15:00:00+00:00,0.0,0.0,290.65625,58.52557373046875,2.068359375,0.0,17.506250000000023
2007-04-27 16:00:00+00:00,0.0,0.0,289.21875,73.85467529296875,1.796875,0.0,16.068750000000023
2007-04-27 17:00:00+00:00,0.0,0.0,288.078125,86.2073974609375,2.212890625,0.0,14.928125000000023
2007-04-27 18:00:00+00:00,0.0,0.0,287.8125,89.12835693359375,2.26953125,0.0,14.662500000000023
2007-04-27 19:00:00+00:00,0.0,0.0,287.890625,87.56829833984375,2.4296875,0.0,14.740625000000023
2007-04-27 20:00:00+00:00,0.0,0.0,288.125,84.91986083984375,2.3125,0.0,14.975000000000023
2007-04-27 21:00:00+00:00,0.0,8.015625,288.328125,81.59478759765625,2.0546875,8.015625,15.178125000000023
2007-04-27 22:00:00+00:00,0.4921875,82.7109375,288.53125,80.84686279296875,2.25,83.203125,15.381250000000023
2007-04-27 23:00:00+00:00,234.640625,135.984375,288.71875,81.699951171875,2.236328125,370.625,15.568750000000023
2007-04-28 00:00:00+00:00,399.734375,99.4375,289.546875,81.09259033203125,2.453125,499.171875,16.396875000000023
2007-04-28 01:00:00+00:00,354.9765625,94.5546875,290.984375,67.6739501953125,3.1875,449.53125,17.834375000000023
2007-04-28 02:00:00+00:00,482.796875,109.328125,292.140625,56.408203125,2.470703125,592.125,18.990625000000023
2007-04-28 03:00:00+00:00,418.5234375,83.5078125,293.203125,49.23028564453125,3.66796875,502.03125,20.053125000000023
2007-04-28 04:00:00+00:00,211.71875,90.953125,294.046875,43.7236328125,3.4375,302.671875,20.896875000000023
2007-04-28 05:00:00+00:00,99.69921875,72.58203125,294.0625,44.89532470703125,3.107421875,172.28125,20.912500000000023
2007-04-28 06:00:00+00:00,54.41796875,47.92578125,294.046875,45.949462890625,3.095703125,102.34375,20.896875000000023
2007-04-28 07:00:00+00:00,4.6796875,6.5234375,294.0625,45.3253173828125,3.677734375,11.203125,20.912500000000023
2007-04-28 08:00:00+00:00,0.0,0.0,293.125,50.0107421875,3.9609375,0.0,19.975000000000023
2007-04-28 09:00:00+00:00,0.0,0.0,291.953125,58.06561279296875,3.529296875,0.0,18.803125000000023
2007-04-28 10:00:00+00:00,0.0,0.0,291.296875,64.4000244140625,3.017578125,0.0,18.146875000000023
2007-04-28 11:00:00+00:00,0.0,0.0,291.046875,65.950439453125,2.921875,0.0,17.896875000000023
2007-04-28 12:00:00+00:00,0.0,0.0,290.578125,67.928955078125,3.26953125,0.0,17.428125000000023
2007-04-28 13:00:00+00:00,0.0,0.0,290.015625,71.7569580078125,3.30078125,0.0,16.865625000000023
2007-04-28 14:00:00+00:00,0.0,0.0,289.578125,75.10626220703125,3.09375,0.0,16.428125000000023
2007-04-28 15:00:00+00:00,0.0,0.0,289.515625,75.8271484375,2.826171875,0.0,16.365625000000023
2007-04-28 16:00:00+00:00,0.0,0.0,289.40625,77.07330322265625,2.990234375,0.0,16.256250000000023
2007-04-28 17:00:00+00:00,0.0,0.0,289.421875,77.0989990234375,3.2109375,0.0,16.271875000000023
2007-04-28 18:00:00+00:00,0.0,0.0,289.421875,77.06268310546875,3.138671875,0.0,16.271875000000023
2007-04-28 19:00:00+00:00,0.0,0.0,289.296875,78.275146484375,3.005859375,0.0,16.146875000000023
2007-04-28 20:00:00+00:00,0.0,0.0,289.234375,79.41827392578125,2.810546875,0.0,16.084375000000023
2007-04-28 21:00:00+00:00,0.0,25.640625,289.09375,82.2222900390625,2.611328125,25.640625,15.943750000000023
2007-04-28 22:00:00+00:00,0.0078125,3.8046875,288.890625,84.83587646484375,2.609375,3.8125,15.740625000000023
2007-04-28 23:00:00+00:00,0.0,67.28125,288.734375,86.1982421875,2.853515625,67.28125,15.584375000000023
2007-04-29 00:00:00+00:00,65.54296875,210.33203125,289.015625,85.5360107421875,2.828125,275.875,15.865625000000023
2007-04-29 01:00:00+00:00,298.703125,202.21875,290.0,80.35626220703125,2.658203125,500.921875,16.850000000000023
2007-04-29 02:00:00+00:00,296.21875,209.234375,290.875,70.79302978515625,2.341796875,505.453125,17.725000000000023
2007-04-29 03:00:00+00:00,411.78125,104.65625,291.78125,64.4423828125,2.255859375,516.4375,18.631250000000023
2007-04-29 04:00:00+00:00,237.7578125,114.3359375,292.0,62.86993408203125,2.359375,352.09375,18.850000000000023
2007-04-29 05:00:00+00:00,102.70703125,69.05859375,292.59375,56.19049072265625,1.41015625,171.765625,19.443750000000023
2007-04-29 06:00:00+00:00,7.53125,37.828125,292.640625,55.01025390625,1.533203125,45.359375,19.490625000000023
2007-04-29 07:00:00+00:00,0.0,4.046875,291.96875,59.34466552734375,1.578125,4.046875,18.818750000000023
2007-04-29 08:00:00+00:00,0.0,0.0,290.734375,66.9920654296875,1.1328125,0.0,17.584375000000023
2007-04-29 09:00:00+00:00,0.0,0.0,290.90625,65.94207763671875,1.1875,0.0,17.756250000000023
2007-04-29 10:00:00+00:00,0.0,0.0,290.359375,70.34661865234375,1.22265625,0.0,17.209375000000023
2007-04-29 11:00:00+00:00,0.0,0.0,289.5625,77.59173583984375,1.54296875,0.0,16.412500000000023
2007-04-29 12:00:00+00:00,0.0,0.0,289.390625,79.31402587890625,1.1875,0.0,16.240625000000023
2007-04-29 13:00:00+00:00,0.0,0.0,289.25,79.99676513671875,1.3125,0.0,16.100000000000023
2007-04-29 14:00:00+00:00,0.0,0.0,288.9375,80.50555419921875,1.26953125,0.0,15.787500000000023
2007-04-29 15:00:00+00:00,0.0,0.0,288.1875,86.17022705078125,1.015625,0.0,15.037500000000023
2007-04-29 16:00:00+00:00,0.0,0.0,288.03125,87.7799072265625,1.1484375,0.0,14.881250000000023
2007-04-29 17:00:00+00:00,0.0,0.0,287.859375,88.044189453125,1.23828125,0.0,14.709375000000023
2007-04-29 18:00:00+00:00,0.0,0.0,287.609375,86.4390869140625,1.39453125,0.0,14.459375000000023
2007-04-29 19:00:00+00:00,0.0,0.0,287.171875,86.2369384765625,1.259765625,0.0,14.021875000000023
2007-04-29 20:00:00+00:00,0.0,0.0,286.8125,87.0330810546875,1.17578125,0.0,13.662500000000023
2007-04-29 21:00:00+00:00,9.46875,26.828125,286.125,87.3089599609375,1.00390625,36.296875,12.975000000000023
2007-04-29 22:00:00+00:00,144.7734375,72.1953125,286.0625,86.193603515625,1.189453125,216.96875,12.912500000000023
2007-04-29 23:00:00+00:00,305.453125,74.53125,286.265625,83.666015625,1.59765625,379.984375,13.115625000000023
2007-04-30 00:00:00+00:00,427.4375,74.359375,287.171875,80.6158447265625,1.732421875,501.796875,14.021875000000023
2007-04-30 01:00:00+00:00,479.3828125,85.0078125,288.34375,78.5140380859375,1.3671875,564.390625,15.193750000000023
2007-04-30 02:00:00+00:00,499.73828125,84.87109375,289.53125,75.10546875,1.35546875,584.609375,16.381250000000023
2007-04-30 03:00:00+00:00,407.2265625,90.0703125,291.515625,65.54345703125,1.240234375,497.296875,18.365625000000023
2007-04-30 04:00:00+00:00,376.12890625,72.48046875,292.5625,58.61151123046875,0.958984375,448.609375,19.412500000000023
2007-04-30 05:00:00+00:00,255.7890625,39.8671875,293.578125,53.111572265625,1.44140625,295.65625,20.428125000000023
2007-04-30 06:00:00+00:00,26.53515625,22.54296875,294.375,49.8551025390625,2.1796875,49.078125,21.225000000000023
2007-04-30 07:00:00+00:00,0.0,5.40625,293.921875,54.93817138671875,3.2578125,5.40625,20.771875000000023
2007-04-30 08:00:00+00:00,0.0,0.0,292.65625,65.50732421875,3.408203125,0.0,19.506250000000023
2007-04-30 09:00:00+00:00,0.0,0.0,292.140625,70.5030517578125,3.001953125,0.0,18.990625000000023
2007-04-30 10:00:00+00:00,0.0,0.0,291.328125,75.23602294921875,2.978515625,0.0,18.178125000000023
2007-04-30 11:00:00+00:00,0.0,0.0,290.8125,77.196533203125,2.095703125,0.0,17.662500000000023
2007-04-30 12:00:00+00:00,0.0,0.0,290.625,78.1497802734375,1.74609375,0.0,17.475000000000023
2007-04-30 13:00:00+00:00,0.0,0.0,290.296875,79.20068359375,1.373046875,0.0,17.146875000000023
2007-04-30 14:00:00+00:00,0.0,0.0,290.046875,79.71038818359375,1.28515625,0.0,16.896875000000023
2007-04-30 15:00:00+00:00,0.0,0.0,289.734375,81.6971435546875,1.705078125,0.0,16.584375000000023
2007-04-30 16:00:00+00:00,0.0,0.0,289.15625,80.4715576171875,1.603515625,0.0,16.006250000000023
2007-04-30 17:00:00+00:00,0.0,0.0,288.578125,80.22509765625,1.41796875,0.0,15.428125000000023
2007-04-30 18:00:00+00:00,0.0,0.0,288.0625,81.0411376953125,1.380859375,0.0,14.912500000000023
2007-04-30 19:00:00+00:00,0.0,0.0,287.5625,82.15826416015625,1.59765625,0.0,14.412500000000023
2007-04-30 20:00:00+00:00,0.0,0.0,287.234375,82.3896484375,1.791015625,0.0,14.084375000000023
2007-04-30 21:00:00+00:00,19.73828125,28.30859375,287.109375,82.010498046875,2.408203125,48.046875,13.959375000000023
2007-04-30 22:00:00+00:00,140.1640625,70.4609375,286.90625,81.4261474609375,2.71875,210.625,13.756250000000023
2007-04-30 23:00:00+00:00,149.90625,154.78125,287.265625,81.3917236328125,3.001953125,304.6875,14.115625000000023
2007-05-01 00:00:00+00:00,288.4921875,170.7890625,288.234375,79.23211669921875,3.59375,459.28125,15.084375000000023
2007-05-01 01:00:00+00:00,357.7578125,164.0546875,289.8125,69.46710205078125,4.439453125,521.8125,16.662500000000023
2007-05-01 02:00:00+00:00,221.640625,231.328125,291.078125,60.67706298828125,5.390625,452.96875,17.928125000000023
2007-05-01 03:00:00+00:00,162.6953125,224.8203125,293.0,50.08544921875,6.17578125,387.515625,19.850000000000023
2007-05-01 04:00:00+00:00,120.921875,223.328125,293.765625,47.5579833984375,6.34765625,344.25,20.615625000000023
2007-05-01 05:00:00+00:00,115.8515625,133.1015625,294.453125,43.382080078125,6.490234375,248.953125,21.303125000000023
2007-05-01 06:00:00+00:00,24.93359375,68.34765625,294.484375,43.93206787109375,6.484375,93.28125,21.334375000000023
2007-05-01 07:00:00+00:00,1.13671875,7.70703125,294.125,45.01409912109375,6.34375,8.84375,20.975000000000023
2007-05-01 08:00:00+00:00,0.0,0.0,293.390625,47.168212890625,6.21875,0.0,20.240625000000023
2007-05-01 09:00:00+00:00,0.0,0.0,292.765625,48.583251953125,6.263671875,0.0,19.615625000000023
2007-05-01 10:00:00+00:00,0.0,0.0,292.203125,50.08203125,6.34375,0.0,19.053125000000023
2007-05-01 11:00:00+00:00,0.0,0.0,291.640625,51.2850341796875,6.24609375,0.0,18.490625000000023
2007-05-01 12:00:00+00:00,0.0,0.0,291.28125,52.804443359375,5.48828125,0.0,18.131250000000023
2007-05-01 13:00:00+00:00,0.0,0.0,290.9375,54.620361328125,5.361328125,0.0,17.787500000000023
2007-05-01 14:00:00+00:00,0.0,0.0,290.765625,54.86785888671875,5.81640625,0.0,17.615625000000023
2007-05-01 15:00:00+00:00,0.0,0.0,290.546875,51.08563232421875,6.73828125,0.0,17.396875000000023
2007-05-01 16:00:00+00:00,0.0,0.0,290.59375,49.491943359375,7.1953125,0.0,17.443750000000023
2007-05-01 17:00:00+00:00,0.0,0.0,290.546875,48.828369140625,7.125,0.0,17.396875000000023
2007-05-01 18:00:00+00:00,0.0,0.0,290.375,49.5003662109375,7.03125,0.0,17.225000000000023
2007-05-01 19:00:00+00:00,0.0,0.0,290.09375,51.36578369140625,7.037109375,0.0,16.943750000000023
2007-05-01 20:00:00+00:00,0.0,0.0,289.703125,54.1080322265625,6.9375,0.0,16.553125000000023
2007-05-01 21:00:00+00:00,0.0,16.015625,289.640625,54.04217529296875,6.861328125,16.015625,16.490625000000023
2007-05-01 22:00:00+00:00,4.83203125,112.16796875,289.28125,56.61639404296875,6.28125,117.0,16.131250000000023
2007-05-01 23:00:00+00:00,49.4140625,166.3984375,289.34375,57.13470458984375,6.203125,215.8125,16.193750000000023
2007-05-02 00:00:00+00:00,129.890625,241.984375,289.890625,56.09454345703125,5.716796875,371.875,16.740625000000023
2007-05-02 01:00:00+00:00,324.234375,180.421875,291.0,54.497802734375,5.44140625,504.65625,17.850000000000023
2007-05-02 02:00:00+00:00,69.49609375,173.61328125,292.296875,51.2342529296875,5.28515625,243.109375,19.146875000000023
2007-05-02 03:00:00+00:00,59.36328125,232.21484375,294.046875,45.57806396484375,5.11328125,291.578125,20.896875000000023
2007-05-02 04:00:00+00:00,74.02734375,222.80078125,294.71875,42.75921630859375,5.103515625,296.828125,21.568750000000023
2007-05-02 05:00:00+00:00,8.76171875,82.87890625,295.03125,41.7919921875,5.2578125,91.640625,21.881250000000023
2007-05-02 06:00:00+00:00,0.0,29.46875,294.671875,43.467041015625,4.87109375,29.46875,21.521875000000023
2007-05-02 07:00:00+00:00,0.0,5.453125,294.359375,46.2232666015625,4.509765625,5.453125,21.209375000000023
2007-05-02 08:00:00+00:00,0.0,0.0,293.921875,49.388916015625,3.640625,0.0,20.771875000000023
2007-05-02 09:00:00+00:00,0.0,0.0,293.671875,50.21966552734375,3.421875,0.0,20.521875000000023
2007-05-02 10:00:00+00:00,0.0,0.0,293.03125,54.1185302734375,3.505859375,0.0,19.881250000000023
2007-05-02 11:00:00+00:00,0.0,0.0,292.4375,55.78094482421875,3.5703125,0.0,19.287500000000023
2007-05-02 12:00:00+00:00,0.0,0.0,292.046875,56.10247802734375,3.60546875,0.0,18.896875000000023
2007-05-02 13:00:00+00:00,0.0,0.0,291.578125,57.48553466796875,3.564453125,0.0,18.428125000000023
2007-05-02 14:00:00+00:00,0.0,0.0,290.921875,61.2476806640625,3.5859375,0.0,17.771875000000023
2007-05-02 15:00:00+00:00,0.0,0.0,290.59375,58.49688720703125,3.884765625,0.0,17.443750000000023
2007-05-02 16:00:00+00:00,0.0,0.0,290.6875,57.7559814453125,4.759765625,0.0,17.537500000000023
2007-05-02 17:00:00+00:00,0.0,0.0,290.765625,56.69830322265625,5.71875,0.0,17.615625000000023
2007-05-02 18:00:00+00:00,0.0,0.0,290.671875,57.28912353515625,5.4765625,0.0,17.521875000000023
2007-05-02 19:00:00+00:00,0.0,0.0,290.703125,57.9122314453125,5.845703125,0.0,17.553125000000023
2007-05-02 20:00:00+00:00,0.0,0.0,290.90625,57.777099609375,5.916015625,0.0,17.756250000000023
2007-05-02 21:00:00+00:00,3.62109375,21.98828125,291.21875,60.2679443359375,6.318359375,25.609375,18.068750000000023
2007-05-02 22:00:00+00:00,8.83984375,72.19140625,290.8125,62.209228515625,6.533203125,81.03125,17.662500000000023
2007-05-02 23:00:00+00:00,12.56640625,77.90234375,290.796875,63.2232666015625,5.96875,90.46875,17.646875000000023
2007-05-03 00:00:00+00:00,172.33984375,164.41015625,290.9375,64.19219970703125,6.033203125,336.75,17.787500000000023
2007-05-03 01:00:00+00:00,370.609375,152.453125,292.359375,59.1224365234375,5.615234375,523.0625,19.209375000000023
2007-05-03 02:00:00+00:00,155.1640625,10.4609375,294.484375,49.2364501953125,6.59765625,165.625,21.334375000000023
2007-05-03 03:00:00+00:00,15.3046875,1.1953125,293.125,60.11590576171875,6.76171875,16.5,19.975000000000023
2007-05-03 04:00:00+00:00,0.0078125,12.7109375,292.75,62.84320068359375,5.6171875,12.71875,19.600000000000023
2007-05-03 05:00:00+00:00,0.0,23.84375,291.578125,73.419189453125,4.884765625,23.84375,18.428125000000023
2007-05-03 06:00:00+00:00,0.328125,63.171875,291.390625,71.686279296875,5.203125,63.5,18.240625000000023
2007-05-03 07:00:00+00:00,0.35546875,2.97265625,291.359375,69.58685302734375,4.796875,3.328125,18.209375000000023
2007-05-03 08:00:00+00:00,0.0,0.0,291.140625,67.55279541015625,5.41796875,0.0,17.990625000000023
2007-05-03 09:00:00+00:00,0.0,0.0,289.890625,66.792724609375,5.267578125,0.0,16.740625000000023
2007-05-03 10:00:00+00:00,0.0,0.0,289.4375,67.189208984375,4.953125,0.0,16.287500000000023
2007-05-03 11:00:00+00:00,0.0,0.0,289.109375,66.8717041015625,4.529296875,0.0,15.959375000000023
2007-05-03 12:00:00+00:00,0.0,0.0,288.84375,65.06689453125,4.087890625,0.0,15.693750000000023
2007-05-03 13:00:00+00:00,0.0,0.0,288.59375,66.0699462890625,4.01953125,0.0,15.443750000000023
2007-05-03 14:00:00+00:00,0.0,0.0,288.46875,65.7264404296875,4.201171875,0.0,15.318750000000023
2007-05-03 15:00:00+00:00,0.0,0.0,288.140625,68.7723388671875,4.70703125,0.0,14.990625000000023
2007-05-03 16:00:00+00:00,0.0,0.0,287.984375,69.48370361328125,4.70703125,0.0,14.834375000000023
2007-05-03 17:00:00+00:00,0.0,0.0,287.84375,69.185302734375,4.5,0.0,14.693750000000023
2007-05-03 18:00:00+00:00,0.0,0.0,287.671875,69.2200927734375,4.255859375,0.0,14.521875000000023
2007-05-03 19:00:00+00:00,0.0,0.0,287.421875,70.89923095703125,4.09375,0.0,14.271875000000023
2007-05-03 20:00:00+00:00,0.0,0.0,287.3125,71.57635498046875,4.021484375,0.0,14.162500000000023
2007-05-03 21:00:00+00:00,18.515625,24.265625,286.984375,73.1151123046875,4.0546875,42.78125,13.834375000000023
2007-05-03 22:00:00+00:00,132.21484375,68.34765625,287.03125,71.896484375,3.869140625,200.5625,13.881250000000023
2007-05-03 23:00:00+00:00,255.39453125,96.63671875,287.59375,68.400390625,3.861328125,352.03125,14.443750000000023
2007-05-04 00:00:00+00:00,369.14453125,89.19921875,288.921875,61.61346435546875,4.060546875,458.34375,15.771875000000023
2007-05-04 01:00:00+00:00,145.25,139.1875,290.46875,51.20123291015625,5.310546875,284.4375,17.318750000000023
2007-05-04 02:00:00+00:00,44.61328125,247.77734375,291.109375,48.7901611328125,5.162109375,292.390625,17.959375000000023
2007-05-04 03:00:00+00:00,404.4921875,112.1171875,292.828125,44.8828125,5.7421875,516.609375,19.678125000000023
2007-05-04 04:00:00+00:00,190.9921875,160.4609375,293.40625,44.2994384765625,5.931640625,351.453125,20.256250000000023
2007-05-04 05:00:00+00:00,28.66015625,133.46484375,293.453125,46.1329345703125,5.96875,162.125,20.303125000000023
2007-05-04 06:00:00+00:00,0.609375,63.546875,293.25,48.33489990234375,5.935546875,64.15625,20.100000000000023
2007-05-04 07:00:00+00:00,0.01953125,6.38671875,292.765625,50.3956298828125,5.79296875,6.40625,19.615625000000023
2007-05-04 08:00:00+00:00,0.0,0.0,292.46875,52.101318359375,5.654296875,0.0,19.318750000000023
2007-05-04 09:00:00+00:00,0.0,0.0,291.96875,55.36859130859375,5.328125,0.0,18.818750000000023
2007-05-04 10:00:00+00:00,0.0,0.0,291.71875,56.49114990234375,5.33984375,0.0,18.568750000000023
2007-05-04 11:00:00+00:00,0.0,0.0,291.390625,58.69439697265625,5.212890625,0.0,18.240625000000023
2007-05-04 12:00:00+00:00,0.0,0.0,291.0625,61.1573486328125,5.171875,0.0,17.912500000000023
2007-05-04 13:00:00+00:00,0.0,0.0,290.71875,64.19500732421875,4.923828125,0.0,17.568750000000023
2007-05-04 14:00:00+00:00,0.0,0.0,290.484375,66.19024658203125,4.73828125,0.0,17.334375000000023
2007-05-04 15:00:00+00:00,0.0,0.0,290.09375,65.1287841796875,5.068359375,0.0,16.943750000000023
2007-05-04 16:00:00+00:00,0.0,0.0,289.890625,67.036865234375,5.087890625,0.0,16.740625000000023
2007-05-04 17:00:00+00:00,0.0,0.0,289.703125,68.63720703125,4.62109375,0.0,16.553125000000023
2007-05-04 18:00:00+00:00,0.0,0.0,289.484375,70.4141845703125,4.265625,0.0,16.334375000000023
2007-05-04 19:00:00+00:00,0.0,0.0,289.4375,71.23223876953125,3.875,0.0,16.287500000000023
2007-05-04 20:00:00+00:00,0.0,0.0,289.484375,71.5904541015625,3.74609375,0.0,16.334375000000023
2007-05-04 21:00:00+00:00,7.875,26.25,289.75,70.12054443359375,3.74609375,34.125,16.600000000000023
2007-05-04 22:00:00+00:00,123.7265625,69.9765625,289.71875,71.3297119140625,3.6640625,193.703125,16.568750000000023
2007-05-04 23:00:00+00:00,236.4453125,98.0546875,290.0625,70.622314453125,3.49609375,334.5,16.912500000000023
2007-05-05 00:00:00+00:00,262.765625,155.5625,291.078125,66.67486572265625,3.423828125,418.328125,17.928125000000023
2007-05-05 01:00:00+00:00,220.6484375,174.2109375,292.484375,59.2823486328125,3.427734375,394.859375,19.334375000000023
2007-05-05 02:00:00+00:00,102.92578125,209.49609375,293.546875,53.32855224609375,3.234375,312.421875,20.396875000000023
2007-05-05 03:00:00+00:00,70.4375,195.28125,293.953125,52.7601318359375,4.013671875,265.71875,20.803125000000023
2007-05-05 04:00:00+00:00,127.1328125,160.6953125,294.453125,51.075927734375,4.603515625,287.828125,21.303125000000023
2007-05-05 05:00:00+00:00,74.83984375,72.75390625,294.859375,49.7685546875,5.072265625,147.59375,21.709375000000023
2007-05-05 06:00:00+00:00,19.1796875,55.2421875,294.71875,51.2508544921875,5.296875,74.421875,21.568750000000023
2007-05-05 07:00:00+00:00,0.59375,5.34375,294.40625,53.1080322265625,5.365234375,5.9375,21.256250000000023
2007-05-05 08:00:00+00:00,0.0,0.0,293.5,60.531005859375,5.08203125,0.0,20.350000000000023
2007-05-05 09:00:00+00:00,0.0,0.0,292.546875,66.53277587890625,4.9375,0.0,19.396875000000023
2007-05-05 10:00:00+00:00,0.0,0.0,292.140625,69.1109619140625,4.8125,0.0,18.990625000000023
2007-05-05 11:00:00+00:00,0.0,0.0,291.734375,71.002685546875,4.3828125,0.0,18.584375000000023
2007-05-05 12:00:00+00:00,0.0,0.0,291.390625,72.261962890625,4.02734375,0.0,18.240625000000023
2007-05-05 13:00:00+00:00,0.0,0.0,291.171875,72.544921875,3.69140625,0.0,18.021875000000023
2007-05-05 14:00:00+00:00,0.0,0.0,290.921875,72.864013671875,3.337890625,0.0,17.771875000000023
2007-05-05 15:00:00+00:00,0.0,0.0,290.53125,75.1923828125,3.5625,0.0,17.381250000000023
2007-05-05 16:00:00+00:00,0.0,0.0,290.453125,75.0167236328125,3.35546875,0.0,17.303125000000023
2007-05-05 17:00:00+00:00,0.0,0.0,290.390625,73.9814453125,3.158203125,0.0,17.240625000000023
2007-05-05 18:00:00+00:00,0.0,0.0,290.234375,73.42572021484375,2.986328125,0.0,17.084375000000023
2007-05-05 19:00:00+00:00,0.0,0.0,290.0,73.747314453125,2.85546875,0.0,16.850000000000023
2007-05-05 20:00:00+00:00,0.0,0.0,289.921875,73.79266357421875,2.6171875,0.0,16.771875000000023
2007-05-05 21:00:00+00:00,0.12109375,24.41015625,289.75,74.96978759765625,2.791015625,24.53125,16.600000000000023
2007-05-05 22:00:00+00:00,98.671875,84.453125,289.203125,74.81072998046875,3.126953125,183.125,16.053125000000023
2007-05-05 23:00:00+00:00,124.7109375,154.4140625,289.09375,69.74981689453125,3.412109375,279.125,15.943750000000023
2007-05-06 00:00:00+00:00,335.2109375,133.8203125,289.515625,62.23944091796875,3.40234375,469.03125,16.365625000000023
2007-05-06 01:00:00+00:00,363.484375,111.5625,290.265625,57.29522705078125,2.875,475.046875,17.115625000000023
2007-05-06 02:00:00+00:00,458.5078125,101.4296875,291.03125,52.46240234375,2.404296875,559.9375,17.881250000000023
2007-05-06 03:00:00+00:00,393.6484375,96.1015625,291.890625,48.12493896484375,1.859375,489.75,18.740625000000023
2007-05-06 04:00:00+00:00,270.26953125,113.02734375,292.53125,45.465576171875,1.93359375,383.296875,19.381250000000023
2007-05-06 05:00:00+00:00,137.00390625,97.32421875,293.0,43.31182861328125,2.1328125,234.328125,19.850000000000023
2007-05-06 06:00:00+00:00,13.5078125,45.9765625,293.140625,42.5458984375,1.98828125,59.484375,19.990625000000023
2007-05-06 07:00:00+00:00,0.0,1.90625,292.96875,43.17987060546875,1.77734375,1.90625,19.818750000000023
2007-05-06 08:00:00+00:00,0.0,0.0,292.75,43.6981201171875,1.61328125,0.0,19.600000000000023
2007-05-06 09:00:00+00:00,0.0,0.0,292.15625,47.6031494140625,1.5546875,0.0,19.006250000000023
2007-05-06 10:00:00+00:00,0.0,0.0,291.640625,52.2559814453125,2.2890625,0.0,18.490625000000023
2007-05-06 11:00:00+00:00,0.0,0.0,291.046875,55.96331787109375,2.392578125,0.0,17.896875000000023
2007-05-06 12:00:00+00:00,0.0,0.0,290.390625,59.61907958984375,2.33203125,0.0,17.240625000000023
2007-05-06 13:00:00+00:00,0.0,0.0,290.078125,61.3870849609375,1.6796875,0.0,16.928125000000023
2007-05-06 14:00:00+00:00,0.0,0.0,290.046875,60.6424560546875,1.3828125,0.0,16.896875000000023
2007-05-06 15:00:00+00:00,0.0,0.0,288.734375,65.14794921875,1.76953125,0.0,15.584375000000023
2007-05-06 16:00:00+00:00,0.0,0.0,288.3125,66.9578857421875,1.74609375,0.0,15.162500000000023
2007-05-06 17:00:00+00:00,0.0,0.0,287.890625,68.22857666015625,1.65625,0.0,14.740625000000023
2007-05-06 18:00:00+00:00,0.0,0.0,287.640625,68.34967041015625,1.712890625,0.0,14.490625000000023
2007-05-06 19:00:00+00:00,0.0,0.0,287.3125,68.7017822265625,1.5703125,0.0,14.162500000000023
2007-05-06 20:00:00+00:00,0.0,0.0,287.171875,68.11737060546875,1.552734375,0.0,14.021875000000023
2007-05-06 21:00:00+00:00,1.203125,20.6875,286.84375,68.26434326171875,1.603515625,21.890625,13.693750000000023
2007-05-06 22:00:00+00:00,96.953125,83.359375,286.90625,66.64312744140625,1.83203125,180.3125,13.756250000000023
2007-05-06 23:00:00+00:00,268.0859375,81.3203125,287.8125,60.69000244140625,2.205078125,349.40625,14.662500000000023
2007-05-07 00:00:00+00:00,61.55078125,128.87109375,289.265625,54.5125732421875,2.607421875,190.421875,16.115625000000023
2007-05-07 01:00:00+00:00,96.90625,291.140625,290.90625,49.7894287109375,3.322265625,388.046875,17.756250000000023
2007-05-07 02:00:00+00:00,179.8203125,259.6953125,292.765625,44.54486083984375,3.919921875,439.515625,19.615625000000023
2007-05-07 03:00:00+00:00,391.734375,98.234375,294.875,49.623779296875,5.673828125,489.96875,21.725000000000023
2007-05-07 04:00:00+00:00,261.265625,108.0,295.609375,46.95880126953125,5.88671875,369.265625,22.459375000000023
2007-05-07 05:00:00+00:00,107.9375,103.6875,296.09375,44.794677734375,6.2890625,211.625,22.943750000000023
2007-05-07 06:00:00+00:00,7.49609375,32.62890625,295.890625,44.837646484375,6.353515625,40.125,22.740625000000023
2007-05-07 07:00:00+00:00,0.0,4.5625,295.46875,45.38201904296875,6.126953125,4.5625,22.318750000000023
2007-05-07 08:00:00+00:00,0.0,0.0,295.25,46.43328857421875,4.677734375,0.0,22.100000000000023
2007-05-07 09:00:00+00:00,0.0,0.0,295.015625,45.62255859375,5.21484375,0.0,21.865625000000023
2007-05-07 10:00:00+00:00,0.0,0.0,294.65625,47.00982666015625,5.427734375,0.0,21.506250000000023
2007-05-07 11:00:00+00:00,0.0,0.0,294.234375,48.52520751953125,5.28125,0.0,21.084375000000023
2007-05-07 12:00:00+00:00,0.0,0.0,293.953125,48.8123779296875,5.021484375,0.0,20.803125000000023
2007-05-07 13:00:00+00:00,0.0,0.0,293.6875,49.75347900390625,5.03515625,0.0,20.537500000000023
2007-05-07 14:00:00+00:00,0.0,0.0,293.328125,50.82421875,5.13671875,0.0,20.178125000000023
2007-05-07 15:00:00+00:00,0.0,0.0,292.875,55.0218505859375,4.30859375,0.0,19.725000000000023
2007-05-07 16:00:00+00:00,0.0,0.0,292.671875,55.62982177734375,4.06640625,0.0,19.521875000000023
2007-05-07 17:00:00+00:00,0.0,0.0,292.203125,58.29876708984375,3.693359375,0.0,19.053125000000023
2007-05-07 18:00:00+00:00,0.0,0.0,291.515625,63.89471435546875,3.6015625,0.0,18.365625000000023
2007-05-07 19:00:00+00:00,0.0,0.0,289.421875,78.21356201171875,4.462890625,0.0,16.271875000000023
2007-05-07 20:00:00+00:00,0.0,0.0,288.34375,71.38909912109375,4.111328125,0.0,15.193750000000023
2007-05-07 21:00:00+00:00,1.90234375,14.17578125,288.421875,65.6627197265625,3.654296875,16.078125,15.271875000000023
2007-05-07 22:00:00+00:00,124.09375,70.046875,288.1875,61.67559814453125,3.37109375,194.140625,15.037500000000023
2007-05-07 23:00:00+00:00,289.9765625,69.0390625,288.171875,55.5069580078125,3.298828125,359.015625,15.021875000000023
2007-05-08 00:00:00+00:00,416.8515625,68.3046875,288.59375,48.407958984375,3.015625,485.15625,15.443750000000023
2007-05-08 01:00:00+00:00,499.23828125,64.57421875,289.1875,42.679443359375,2.607421875,563.8125,16.037500000000023
2007-05-08 02:00:00+00:00,523.84375,57.765625,289.734375,41.2164306640625,2.21484375,581.609375,16.584375000000023
2007-05-08 03:00:00+00:00,488.703125,50.234375,290.796875,38.50189208984375,2.39453125,538.9375,17.646875000000023
2007-05-08 04:00:00+00:00,400.84765625,40.57421875,291.671875,34.30731201171875,2.63671875,441.421875,18.521875000000023
2007-05-08 05:00:00+00:00,244.98046875,38.34765625,292.203125,32.8370361328125,3.064453125,283.328125,19.053125000000023
2007-05-08 06:00:00+00:00,89.3203125,22.9921875,292.28125,33.876708984375,3.494140625,112.3125,19.131250000000023
2007-05-08 07:00:00+00:00,2.01171875,2.20703125,291.953125,35.53436279296875,4.001953125,4.21875,18.803125000000023
2007-05-08 08:00:00+00:00,0.0,0.0,291.09375,38.41162109375,4.662109375,0.0,17.943750000000023
2007-05-08 09:00:00+00:00,0.0,0.0,290.28125,39.50555419921875,4.341796875,0.0,17.131250000000023
2007-05-08 10:00:00+00:00,0.0,0.0,289.703125,43.66839599609375,3.943359375,0.0,16.553125000000023
2007-05-08 11:00:00+00:00,0.0,0.0,289.09375,48.516357421875,3.697265625,0.0,15.943750000000023
2007-05-08 12:00:00+00:00,0.0,0.0,288.546875,51.878173828125,3.08984375,0.0,15.396875000000023
2007-05-08 13:00:00+00:00,0.0,0.0,288.046875,56.12359619140625,2.896484375,0.0,14.896875000000023
2007-05-08 14:00:00+00:00,0.0,0.0,287.53125,58.96588134765625,2.634765625,0.0,14.381250000000023
2007-05-08 15:00:00+00:00,0.0,0.0,286.828125,62.1839599609375,2.06640625,0.0,13.678125000000023
2007-05-08 16:00:00+00:00,0.0,0.0,286.484375,63.40869140625,2.318359375,0.0,13.334375000000023
2007-05-08 17:00:00+00:00,0.0,0.0,285.921875,65.88043212890625,2.384765625,0.0,12.771875000000023
2007-05-08 18:00:00+00:00,0.0,0.0,285.421875,67.604248046875,2.31640625,0.0,12.271875000000023
2007-05-08 19:00:00+00:00,0.0,0.0,285.25,67.531005859375,2.291015625,0.0,12.100000000000023
2007-05-08 20:00:00+00:00,0.0,0.0,285.296875,68.3719482421875,2.73046875,0.0,12.146875000000023
2007-05-08 21:00:00+00:00,6.171875,17.6875,285.109375,72.14208984375,2.658203125,23.859375,11.959375000000023
2007-05-08 22:00:00+00:00,7.87890625,63.83984375,285.078125,72.8896484375,2.939453125,71.71875,11.928125000000023
2007-05-08 23:00:00+00:00,34.01171875,135.20703125,285.390625,71.3758544921875,3.150390625,169.21875,12.240625000000023
2007-05-09 00:00:00+00:00,111.66796875,210.73828125,286.0,68.53070068359375,3.34375,322.40625,12.850000000000023
2007-05-09 01:00:00+00:00,304.30078125,174.74609375,287.03125,61.3905029296875,3.6484375,479.046875,13.881250000000023
2007-05-09 02:00:00+00:00,276.28125,174.90625,287.921875,55.5347900390625,3.98046875,451.1875,14.771875000000023
2007-05-09 03:00:00+00:00,319.53125,114.0,288.796875,50.3931884765625,4.275390625,433.53125,15.646875000000023
2007-05-09 04:00:00+00:00,192.7734375,117.9609375,289.078125,50.57598876953125,4.27734375,310.734375,15.928125000000023
2007-05-09 05:00:00+00:00,195.12890625,72.96484375,289.25,49.77911376953125,4.1953125,268.09375,16.100000000000023
2007-05-09 06:00:00+00:00,99.15625,18.796875,289.109375,50.04150390625,4.388671875,117.953125,15.959375000000023
2007-05-09 07:00:00+00:00,2.890625,0.453125,288.625,52.33551025390625,4.33984375,3.34375,15.475000000000023
2007-05-09 08:00:00+00:00,0.0,0.0,288.296875,53.6558837890625,3.810546875,0.0,15.146875000000023
2007-05-09 09:00:00+00:00,0.0,0.0,288.25,52.37493896484375,3.474609375,0.0,15.100000000000023
2007-05-09 10:00:00+00:00,0.0,0.0,288.09375,53.1612548828125,3.03125,0.0,14.943750000000023
2007-05-09 11:00:00+00:00,0.0,0.0,287.984375,54.557373046875,2.599609375,0.0,14.834375000000023
2007-05-09 12:00:00+00:00,0.0,0.0,287.859375,56.03106689453125,2.162109375,0.0,14.709375000000023
2007-05-09 13:00:00+00:00,0.0,0.0,287.734375,57.4815673828125,1.9375,0.0,14.584375000000023
2007-05-09 14:00:00+00:00,0.0,0.0,287.5625,59.412109375,1.68359375,0.0,14.412500000000023
2007-05-09 15:00:00+00:00,0.0,0.0,286.96875,65.3699951171875,1.16796875,0.0,13.818750000000023
2007-05-09 16:00:00+00:00,0.0,0.0,286.796875,68.4544677734375,1.201171875,0.0,13.646875000000023
2007-05-09 17:00:00+00:00,0.0,0.0,286.234375,75.59881591796875,1.54296875,0.0,13.084375000000023
2007-05-09 18:00:00+00:00,0.0,0.0,285.78125,82.8856201171875,1.65625,0.0,12.631250000000023
2007-05-09 19:00:00+00:00,0.0,0.0,285.796875,85.16082763671875,1.7734375,0.0,12.646875000000023
2007-05-09 20:00:00+00:00,0.0,0.0,285.859375,84.61328125,1.3984375,0.0,12.709375000000023
2007-05-09 21:00:00+00:00,3.53125,10.96875,285.078125,81.228271484375,1.50390625,14.5,11.928125000000023
2007-05-09 22:00:00+00:00,18.16796875,77.76953125,284.5625,83.09735107421875,1.6875,95.9375,11.412500000000023
2007-05-09 23:00:00+00:00,12.60546875,123.94140625,284.40625,85.8316650390625,1.689453125,136.546875,11.256250000000023
2007-05-10 00:00:00+00:00,163.87109375,187.20703125,284.9375,85.41448974609375,1.375,351.078125,11.787500000000023
2007-05-10 01:00:00+00:00,42.26171875,138.26953125,286.015625,79.99627685546875,1.197265625,180.53125,12.865625000000023
2007-05-10 02:00:00+00:00,328.2734375,194.8046875,287.03125,74.714111328125,1.505859375,523.078125,13.881250000000023
2007-05-10 03:00:00+00:00,322.62890625,133.21484375,287.90625,67.0567626953125,2.0625,455.84375,14.756250000000023
2007-05-10 04:00:00+00:00,146.87109375,98.78515625,288.4375,60.9853515625,1.64453125,245.65625,15.287500000000023
2007-05-10 05:00:00+00:00,206.42578125,71.96484375,288.875,57.241455078125,1.85546875,278.390625,15.725000000000023
2007-05-10 06:00:00+00:00,96.3203125,15.6796875,289.0625,56.387939453125,1.97265625,112.0,15.912500000000023
2007-05-10 07:00:00+00:00,3.0625,1.40625,289.046875,57.835205078125,2.0859375,4.46875,15.896875000000023
2007-05-10 08:00:00+00:00,0.0,0.0,288.890625,60.25250244140625,1.78125,0.0,15.740625000000023
2007-05-10 09:00:00+00:00,0.0,0.0,288.9375,60.25506591796875,1.66015625,0.0,15.787500000000023
2007-05-10 10:00:00+00:00,0.0,0.0,288.6875,62.0955810546875,1.3046875,0.0,15.537500000000023
2007-05-10 11:00:00+00:00,0.0,0.0,288.390625,63.3858642578125,0.875,0.0,15.240625000000023
2007-05-10 12:00:00+00:00,0.0,0.0,288.171875,64.1298828125,0.6328125,0.0,15.021875000000023
2007-05-10 13:00:00+00:00,0.0,0.0,287.953125,65.45880126953125,0.51953125,0.0,14.803125000000023
2007-05-10 14:00:00+00:00,0.0,0.0,287.765625,68.0380859375,1.125,0.0,14.615625000000023
2007-05-10 15:00:00+00:00,0.0,0.0,286.359375,71.9134521484375,1.212890625,0.0,13.209375000000023
2007-05-10 16:00:00+00:00,0.0,0.0,285.78125,74.86614990234375,1.181640625,0.0,12.631250000000023
2007-05-10 17:00:00+00:00,0.0,0.0,285.5,76.11517333984375,1.2578125,0.0,12.350000000000023
2007-05-10 18:00:00+00:00,0.0,0.0,285.390625,77.20281982421875,1.216796875,0.0,12.240625000000023
2007-05-10 19:00:00+00:00,0.0,0.0,285.421875,77.92950439453125,1.15625,0.0,12.271875000000023
2007-05-10 20:00:00+00:00,0.0,0.0,285.390625,80.03265380859375,1.15625,0.0,12.240625000000023
2007-05-10 21:00:00+00:00,0.0,10.609375,285.6875,77.26336669921875,1.134765625,10.609375,12.537500000000023
2007-05-10 22:00:00+00:00,1.32421875,80.06640625,285.90625,77.5799560546875,1.19140625,81.390625,12.756250000000023
2007-05-10 23:00:00+00:00,47.3125,164.359375,286.078125,79.11444091796875,1.06640625,211.671875,12.928125000000023
2007-05-11 00:00:00+00:00,35.46484375,176.50390625,286.328125,81.53692626953125,1.10546875,211.96875,13.178125000000023
2007-05-11 01:00:00+00:00,7.0078125,209.6640625,286.9375,80.6048583984375,1.259765625,216.671875,13.787500000000023
2007-05-11 02:00:00+00:00,169.55859375,163.17578125,287.359375,76.778076171875,0.931640625,332.734375,14.209375000000023
2007-05-11 03:00:00+00:00,386.7578125,93.0390625,288.53125,68.48388671875,0.30859375,479.796875,15.381250000000023
2007-05-11 04:00:00+00:00,362.8359375,55.3359375,289.3125,64.82373046875,0.6171875,418.171875,16.162500000000023
2007-05-11 05:00:00+00:00,243.53515625,31.19921875,289.96875,63.40289306640625,1.20703125,274.734375,16.818750000000023
2007-05-11 06:00:00+00:00,99.12109375,11.67578125,290.4375,61.7269287109375,1.203125,110.796875,17.287500000000023
2007-05-11 07:00:00+00:00,3.15625,0.8125,290.671875,60.942626953125,1.6015625,3.96875,17.521875000000023
2007-05-11 08:00:00+00:00,0.0,0.0,290.53125,61.7496337890625,1.67578125,0.0,17.381250000000023
2007-05-11 09:00:00+00:00,0.0,0.0,290.140625,63.83331298828125,1.91796875,0.0,16.990625000000023
2007-05-11 10:00:00+00:00,0.0,0.0,289.703125,67.34344482421875,1.888671875,0.0,16.553125000000023
2007-05-11 11:00:00+00:00,0.0,0.0,289.125,72.01007080078125,1.865234375,0.0,15.975000000000023
2007-05-11 12:00:00+00:00,0.0,0.0,288.46875,76.3983154296875,1.767578125,0.0,15.318750000000023
2007-05-11 13:00:00+00:00,0.0,0.0,287.84375,79.72052001953125,1.732421875,0.0,14.693750000000023
2007-05-11 14:00:00+00:00,0.0,0.0,287.1875,82.9403076171875,1.46875,0.0,14.037500000000023
2007-05-11 15:00:00+00:00,0.0,0.0,286.25,85.3167724609375,1.03515625,0.0,13.100000000000023
2007-05-11 16:00:00+00:00,0.0,0.0,285.6875,88.6295166015625,1.078125,0.0,12.537500000000023
2007-05-11 17:00:00+00:00,0.0,0.0,285.109375,92.02593994140625,1.20703125,0.0,11.959375000000023
2007-05-11 18:00:00+00:00,0.0,0.0,284.421875,95.24652099609375,1.357421875,0.0,11.271875000000023
2007-05-11 19:00:00+00:00,0.0,0.0,283.640625,98.1866455078125,1.13671875,0.0,10.490625000000023
2007-05-11 20:00:00+00:00,0.0,0.0,282.84375,99.88702392578125,1.15625,0.0,9.693750000000023
2007-05-11 21:00:00+00:00,0.0,14.046875,281.953125,99.37371826171875,1.244140625,14.046875,8.803125000000023
2007-05-11 22:00:00+00:00,0.25,82.5,281.53125,99.2598876953125,1.1796875,82.75,8.381250000000023
2007-05-11 23:00:00+00:00,11.203125,164.125,281.34375,99.01507568359375,1.220703125,175.328125,8.193750000000023
2007-05-12 00:00:00+00:00,39.56640625,238.30859375,281.828125,97.6014404296875,1.017578125,277.875,8.678125000000023
2007-05-12 01:00:00+00:00,260.06640625,215.62109375,282.578125,93.2127685546875,1.236328125,475.6875,9.428125000000023
2007-05-12 02:00:00+00:00,472.0234375,88.2578125,284.421875,82.52923583984375,1.34375,560.28125,11.271875000000023
2007-05-12 03:00:00+00:00,466.25,48.921875,287.21875,71.12725830078125,0.78125,515.171875,14.068750000000023
2007-05-12 04:00:00+00:00,369.0234375,44.0234375,289.09375,63.6209716796875,0.43359375,413.046875,15.943750000000023
2007-05-12 05:00:00+00:00,235.46875,35.453125,290.96875,56.80621337890625,0.35546875,270.921875,17.818750000000023
2007-05-12 06:00:00+00:00,82.80078125,19.33984375,293.296875,45.740966796875,0.494140625,102.140625,20.146875000000023
2007-05-12 07:00:00+00:00,1.06640625,1.90234375,295.0,34.9261474609375,2.25390625,2.96875,21.850000000000023
2007-05-12 08:00:00+00:00,0.0,0.0,294.546875,35.570556640625,2.51953125,0.0,21.396875000000023
2007-05-12 09:00:00+00:00,0.0,0.0,292.921875,51.97442626953125,1.009765625,0.0,19.771875000000023
2007-05-12 10:00:00+00:00,0.0,0.0,292.46875,52.90936279296875,0.607421875,0.0,19.318750000000023
2007-05-12 11:00:00+00:00,0.0,0.0,292.0625,53.4481201171875,0.390625,0.0,18.912500000000023
2007-05-12 12:00:00+00:00,0.0,0.0,291.453125,55.9560546875,0.841796875,0.0,18.303125000000023
2007-05-12 13:00:00+00:00,0.0,0.0,290.421875,62.1201171875,1.15625,0.0,17.271875000000023
2007-05-12 14:00:00+00:00,0.0,0.0,289.796875,62.60137939453125,1.20703125,0.0,16.646875000000023
2007-05-12 15:00:00+00:00,0.0,0.0,288.25,69.49371337890625,1.0078125,0.0,15.100000000000023
2007-05-12 16:00:00+00:00,0.0,0.0,288.140625,64.2340087890625,1.3984375,0.0,14.990625000000023
2007-05-12 17:00:00+00:00,0.0,0.0,287.453125,65.70306396484375,1.3828125,0.0,14.303125000000023
2007-05-12 18:00:00+00:00,0.0,0.0,286.9375,67.066650390625,1.41796875,0.0,13.787500000000023
2007-05-12 19:00:00+00:00,0.0,0.0,286.703125,66.55523681640625,1.458984375,0.0,13.553125000000023
2007-05-12 20:00:00+00:00,0.0,0.0,286.640625,64.64105224609375,1.453125,0.0,13.490625000000023
2007-05-12 21:00:00+00:00,7.6328125,19.1015625,286.171875,65.3267822265625,1.833984375,26.734375,13.021875000000023
2007-05-12 22:00:00+00:00,110.12890625,63.21484375,286.015625,63.97039794921875,1.77734375,173.34375,12.865625000000023
2007-05-12 23:00:00+00:00,239.80859375,81.97265625,286.328125,61.8848876953125,1.63671875,321.78125,13.178125000000023
2007-05-13 00:00:00+00:00,371.625,77.03125,287.65625,56.02777099609375,1.4140625,448.65625,14.506250000000023
2007-05-13 01:00:00+00:00,447.9921875,72.3203125,289.3125,50.70294189453125,1.056640625,520.3125,16.162500000000023
2007-05-13 02:00:00+00:00,443.359375,82.78125,291.953125,42.17669677734375,2.083984375,526.140625,18.803125000000023
2007-05-13 03:00:00+00:00,274.2578125,141.8359375,294.421875,41.87103271484375,3.818359375,416.09375,21.271875000000023
2007-05-13 04:00:00+00:00,225.0859375,127.0390625,294.984375,42.6842041015625,3.69140625,352.125,21.834375000000023
2007-05-13 05:00:00+00:00,148.4609375,81.1484375,295.171875,44.41796875,3.69140625,229.609375,22.021875000000023
2007-05-13 06:00:00+00:00,55.28515625,29.49609375,295.015625,47.37115478515625,4.001953125,84.78125,21.865625000000023
2007-05-13 07:00:00+00:00,0.44921875,1.62890625,294.296875,52.36285400390625,4.1484375,2.078125,21.146875000000023
2007-05-13 08:00:00+00:00,0.0,0.0,293.390625,59.2967529296875,3.947265625,0.0,20.240625000000023
2007-05-13 09:00:00+00:00,0.0,0.0,292.75,63.57464599609375,4.068359375,0.0,19.600000000000023
2007-05-13 10:00:00+00:00,0.0,0.0,292.015625,67.17864990234375,3.6796875,0.0,18.865625000000023
2007-05-13 11:00:00+00:00,0.0,0.0,291.5,69.81597900390625,3.05859375,0.0,18.350000000000023
2007-05-13 12:00:00+00:00,0.0,0.0,291.0625,72.23858642578125,2.611328125,0.0,17.912500000000023
2007-05-13 13:00:00+00:00,0.0,0.0,290.65625,74.446044921875,2.189453125,0.0,17.506250000000023
2007-05-13 14:00:00+00:00,0.0,0.0,290.34375,75.82861328125,2.005859375,0.0,17.193750000000023
2007-05-13 15:00:00+00:00,0.0,0.0,290.28125,72.85205078125,2.1171875,0.0,17.131250000000023
2007-05-13 16:00:00+00:00,0.0,0.0,290.140625,73.0819091796875,1.91015625,0.0,16.990625000000023
2007-05-13 17:00:00+00:00,0.0,0.0,289.96875,73.61480712890625,1.759765625,0.0,16.818750000000023
2007-05-13 18:00:00+00:00,0.0,0.0,289.8125,74.259765625,1.662109375,0.0,16.662500000000023
2007-05-13 19:00:00+00:00,0.0,0.0,289.625,74.70172119140625,1.54296875,0.0,16.475000000000023
2007-05-13 20:00:00+00:00,0.0,0.0,289.546875,74.2872314453125,1.55078125,0.0,16.396875000000023
2007-05-13 21:00:00+00:00,3.7265625,18.3671875,288.515625,79.0606689453125,1.3984375,22.09375,15.365625000000023
2007-05-13 22:00:00+00:00,93.5625,66.984375,288.421875,78.70086669921875,1.369140625,160.546875,15.271875000000023
2007-05-13 23:00:00+00:00,239.796875,76.140625,288.75,76.38995361328125,1.1875,315.9375,15.600000000000023
2007-05-14 00:00:00+00:00,354.99609375,76.72265625,289.921875,69.48858642578125,1.4453125,431.71875,16.771875000000023
2007-05-14 01:00:00+00:00,422.3828125,78.7578125,291.890625,59.70245361328125,1.68359375,501.140625,18.740625000000023
2007-05-14 02:00:00+00:00,448.19140625,71.10546875,294.359375,48.467529296875,2.623046875,519.296875,21.209375000000023
2007-05-14 03:00:00+00:00,313.71875,118.828125,294.96875,51.10614013671875,3.525390625,432.546875,21.818750000000023
2007-05-14 04:00:00+00:00,102.98046875,144.22265625,295.5625,49.3074951171875,3.69921875,247.203125,22.412500000000023
2007-05-14 05:00:00+00:00,157.6640625,78.8828125,295.84375,49.91583251953125,3.51171875,236.546875,22.693750000000023
2007-05-14 06:00:00+00:00,72.1015625,19.5859375,296.09375,50.42596435546875,3.5625,91.6875,22.943750000000023
2007-05-14 07:00:00+00:00,0.875,1.46875,295.84375,51.5968017578125,3.44921875,2.34375,22.693750000000023
2007-05-14 08:00:00+00:00,0.0,0.0,295.234375,54.0538330078125,3.19140625,0.0,22.084375000000023
2007-05-14 09:00:00+00:00,0.0,0.0,294.53125,56.33404541015625,2.837890625,0.0,21.381250000000023
2007-05-14 10:00:00+00:00,0.0,0.0,293.953125,58.084228515625,2.486328125,0.0,20.803125000000023
2007-05-14 11:00:00+00:00,0.0,0.0,293.421875,59.30548095703125,2.1640625,0.0,20.271875000000023
2007-05-14 12:00:00+00:00,0.0,0.0,293.015625,59.5045166015625,2.111328125,0.0,19.865625000000023
2007-05-14 13:00:00+00:00,0.0,0.0,292.703125,59.321533203125,2.208984375,0.0,19.553125000000023
2007-05-14 14:00:00+00:00,0.0,0.0,292.4375,59.10150146484375,2.333984375,0.0,19.287500000000023
2007-05-14 15:00:00+00:00,0.0,0.0,291.875,59.418212890625,2.73828125,0.0,18.725000000000023
2007-05-14 16:00:00+00:00,0.0,0.0,291.671875,58.82904052734375,2.55078125,0.0,18.521875000000023
2007-05-14 17:00:00+00:00,0.0,0.0,291.40625,58.83013916015625,2.501953125,0.0,18.256250000000023
2007-05-14 18:00:00+00:00,0.0,0.0,291.109375,59.14007568359375,2.095703125,0.0,17.959375000000023
2007-05-14 19:00:00+00:00,0.0,0.0,290.921875,59.5068359375,1.99609375,0.0,17.771875000000023
2007-05-14 20:00:00+00:00,0.0,0.0,290.84375,59.531005859375,2.1171875,0.0,17.693750000000023
2007-05-14 21:00:00+00:00,1.453125,19.0,290.265625,64.45440673828125,2.326171875,20.453125,17.115625000000023
2007-05-14 22:00:00+00:00,53.7265625,85.6328125,290.3125,62.84832763671875,2.380859375,139.359375,17.162500000000023
2007-05-14 23:00:00+00:00,22.984375,122.8125,290.609375,61.13067626953125,2.5,145.796875,17.459375000000023
2007-05-15 00:00:00+00:00,101.8515625,221.0546875,291.375,58.07000732421875,2.50390625,322.90625,18.225000000000023
2007-05-15 01:00:00+00:00,61.39453125,223.58984375,292.640625,53.7850341796875,2.220703125,284.984375,19.490625000000023
2007-05-15 02:00:00+00:00,16.05078125,225.41796875,293.515625,50.161865234375,2.29296875,241.46875,20.365625000000023
2007-05-15 03:00:00+00:00,43.90234375,107.78515625,294.703125,50.10479736328125,3.75390625,151.6875,21.553125000000023
2007-05-15 04:00:00+00:00,33.85546875,211.69140625,294.9375,50.40509033203125,3.69140625,245.546875,21.787500000000023
2007-05-15 05:00:00+00:00,28.65625,132.625,295.34375,49.8101806640625,3.328125,161.28125,22.193750000000023
2007-05-15 06:00:00+00:00,1.48046875,34.58203125,295.53125,49.57550048828125,3.62890625,36.0625,22.381250000000023
2007-05-15 07:00:00+00:00,0.0,0.953125,295.03125,51.1343994140625,4.0625,0.953125,21.881250000000023
2007-05-15 08:00:00+00:00,0.0,0.0,293.875,58.19073486328125,3.76953125,0.0,20.725000000000023
2007-05-15 09:00:00+00:00,0.0,0.0,292.25,70.5843505859375,3.66015625,0.0,19.100000000000023
2007-05-15 10:00:00+00:00,0.0,0.0,291.328125,77.16265869140625,2.869140625,0.0,18.178125000000023
2007-05-15 11:00:00+00:00,0.0,0.0,290.75,83.48602294921875,2.4609375,0.0,17.600000000000023
2007-05-15 12:00:00+00:00,0.0,0.0,290.296875,87.52960205078125,1.966796875,0.0,17.146875000000023
2007-05-15 13:00:00+00:00,0.0,0.0,290.09375,89.12908935546875,2.20703125,0.0,16.943750000000023
2007-05-15 14:00:00+00:00,0.0,0.0,289.953125,88.85028076171875,2.390625,0.0,16.803125000000023
2007-05-15 15:00:00+00:00,0.0,0.0,289.5625,90.56597900390625,2.099609375,0.0,16.412500000000023
2007-05-15 16:00:00+00:00,0.0,0.0,289.40625,90.21435546875,2.341796875,0.0,16.256250000000023
2007-05-15 17:00:00+00:00,0.0,0.0,289.296875,89.72137451171875,2.322265625,0.0,16.146875000000023
2007-05-15 18:00:00+00:00,0.0,0.0,289.578125,86.773681640625,2.501953125,0.0,16.428125000000023
2007-05-15 19:00:00+00:00,0.0,0.0,289.5625,85.46533203125,2.76171875,0.0,16.412500000000023
2007-05-15 20:00:00+00:00,0.0,0.0,289.21875,86.61273193359375,2.47265625,0.0,16.068750000000023
2007-05-15 21:00:00+00:00,6.3203125,15.6953125,288.859375,86.82635498046875,2.28125,22.015625,15.709375000000023
2007-05-15 22:00:00+00:00,87.46484375,64.94140625,288.625,88.00146484375,2.318359375,152.40625,15.475000000000023
2007-05-15 23:00:00+00:00,232.59765625,78.07421875,288.890625,87.2012939453125,2.314453125,310.671875,15.740625000000023
2007-05-16 00:00:00+00:00,316.3984375,93.2109375,289.640625,85.19482421875,2.416015625,409.609375,16.490625000000023
2007-05-16 01:00:00+00:00,404.53125,88.75,290.828125,79.121826171875,3.0625,493.28125,17.678125000000023
2007-05-16 02:00:00+00:00,367.5390625,105.1015625,291.921875,71.5234375,3.212890625,472.640625,18.771875000000023
2007-05-16 03:00:00+00:00,381.21875,87.125,293.421875,64.01373291015625,3.6015625,468.34375,20.271875000000023
2007-05-16 04:00:00+00:00,313.65234375,64.03515625,294.265625,57.98199462890625,3.408203125,377.6875,21.115625000000023
2007-05-16 05:00:00+00:00,144.3046875,62.9453125,294.734375,55.67181396484375,3.365234375,207.25,21.584375000000023
2007-05-16 06:00:00+00:00,59.1796875,27.6015625,294.796875,54.98291015625,3.640625,86.78125,21.646875000000023
2007-05-16 07:00:00+00:00,0.3984375,1.3828125,294.28125,56.93743896484375,3.728515625,1.78125,21.131250000000023
2007-05-16 08:00:00+00:00,0.0,0.0,293.65625,61.3743896484375,3.5703125,0.0,20.506250000000023
2007-05-16 09:00:00+00:00,0.0,0.0,293.09375,67.45965576171875,3.09375,0.0,19.943750000000023
2007-05-16 10:00:00+00:00,0.0,0.0,292.65625,70.9078369140625,2.58203125,0.0,19.506250000000023
2007-05-16 11:00:00+00:00,0.0,0.0,292.1875,72.9163818359375,1.970703125,0.0,19.037500000000023
2007-05-16 12:00:00+00:00,0.0,0.0,291.671875,74.50054931640625,1.537109375,0.0,18.521875000000023
2007-05-16 13:00:00+00:00,0.0,0.0,291.21875,75.71209716796875,1.068359375,0.0,18.068750000000023
2007-05-16 14:00:00+00:00,0.0,0.0,290.796875,76.96484375,1.041015625,0.0,17.646875000000023
2007-05-16 15:00:00+00:00,0.0,0.0,290.046875,78.72930908203125,1.259765625,0.0,16.896875000000023
2007-05-16 16:00:00+00:00,0.0,0.0,289.65625,79.96533203125,1.54296875,0.0,16.506250000000023
2007-05-16 17:00:00+00:00,0.0,0.0,289.390625,80.04705810546875,1.388671875,0.0,16.240625000000023
2007-05-16 18:00:00+00:00,0.0,0.0,288.65625,83.22265625,0.69140625,0.0,15.506250000000023
2007-05-16 19:00:00+00:00,0.0,0.0,288.515625,84.211181640625,0.771484375,0.0,15.365625000000023
2007-05-16 20:00:00+00:00,0.0,0.0,288.140625,86.57562255859375,0.802734375,0.0,14.990625000000023
2007-05-16 21:00:00+00:00,3.34375,16.5,287.453125,86.8048095703125,0.44140625,19.84375,14.303125000000023
2007-05-16 22:00:00+00:00,32.9609375,85.4140625,287.9375,84.04779052734375,0.9140625,118.375,14.787500000000023
2007-05-16 23:00:00+00:00,83.73828125,147.55859375,288.09375,83.4317626953125,0.939453125,231.296875,14.943750000000023
2007-05-17 00:00:00+00:00,179.546875,168.296875,288.8125,79.28857421875,0.66796875,347.84375,15.662500000000023
2007-05-17 01:00:00+00:00,42.2734375,191.1171875,289.78125,75.12286376953125,1.2890625,233.390625,16.631250000000023
2007-05-17 02:00:00+00:00,1.80859375,131.42578125,291.328125,68.52978515625,1.42578125,133.234375,18.178125000000023
2007-05-17 03:00:00+00:00,34.0859375,219.0234375,291.6875,71.82598876953125,2.341796875,253.109375,18.537500000000023
2007-05-17 04:00:00+00:00,5.93359375,145.87890625,292.390625,67.9844970703125,2.078125,151.8125,19.240625000000023
2007-05-17 05:00:00+00:00,0.8828125,97.9609375,292.671875,65.90545654296875,1.822265625,98.84375,19.521875000000023
2007-05-17 06:00:00+00:00,19.3046875,44.1640625,292.859375,64.3419189453125,2.251953125,63.46875,19.709375000000023
2007-05-17 07:00:00+00:00,0.015625,0.65625,292.78125,65.23187255859375,3.0234375,0.671875,19.631250000000023
2007-05-17 08:00:00+00:00,0.0,0.0,292.53125,66.61993408203125,3.46484375,0.0,19.381250000000023
2007-05-17 09:00:00+00:00,0.0,0.0,291.15625,72.83221435546875,3.6953125,0.0,18.006250000000023
2007-05-17 10:00:00+00:00,0.0,0.0,290.890625,73.55535888671875,3.837890625,0.0,17.740625000000023
2007-05-17 11:00:00+00:00,0.0,0.0,290.6875,76.12200927734375,3.626953125,0.0,17.537500000000023
2007-05-17 12:00:00+00:00,0.0,0.0,290.328125,78.9339599609375,2.880859375,0.0,17.178125000000023
2007-05-17 13:00:00+00:00,0.0,0.0,290.171875,78.7900390625,2.875,0.0,17.021875000000023
2007-05-17 14:00:00+00:00,0.0,0.0,290.0,80.33807373046875,3.005859375,0.0,16.850000000000023
2007-05-17 15:00:00+00:00,0.0,0.0,289.890625,77.82373046875,2.79296875,0.0,16.740625000000023
2007-05-17 16:00:00+00:00,0.0,0.0,289.640625,79.47979736328125,2.263671875,0.0,16.490625000000023
2007-05-17 17:00:00+00:00,0.0,0.0,289.203125,82.41424560546875,1.943359375,0.0,16.053125000000023
2007-05-17 18:00:00+00:00,0.0,0.0,288.625,86.26287841796875,1.7265625,0.0,15.475000000000023
2007-05-17 19:00:00+00:00,0.0,0.0,288.234375,88.46588134765625,1.54296875,0.0,15.084375000000023
2007-05-17 20:00:00+00:00,0.0,0.0,288.109375,87.99981689453125,1.330078125,0.0,14.959375000000023
2007-05-17 21:00:00+00:00,0.0,3.453125,287.390625,94.5699462890625,1.353515625,3.453125,14.240625000000023
2007-05-17 22:00:00+00:00,0.0,14.015625,287.203125,95.20965576171875,1.28125,14.015625,14.053125000000023
2007-05-17 23:00:00+00:00,1.7109375,101.4609375,287.171875,94.78704833984375,1.1484375,103.171875,14.021875000000023
2007-05-18 00:00:00+00:00,0.921875,121.0625,287.15625,94.7015380859375,0.853515625,121.984375,14.006250000000023
2007-05-18 01:00:00+00:00,0.0390625,96.6796875,287.3125,93.755859375,1.099609375,96.71875,14.162500000000023
2007-05-18 02:00:00+00:00,1.046875,103.75,287.59375,90.705810546875,1.5703125,104.796875,14.443750000000023
2007-05-18 03:00:00+00:00,0.0078125,66.9140625,287.875,87.146484375,2.42578125,66.921875,14.725000000000023
2007-05-18 04:00:00+00:00,12.3515625,137.0390625,288.015625,87.1165771484375,3.015625,149.390625,14.865625000000023
2007-05-18 05:00:00+00:00,57.26953125,107.44921875,288.3125,86.42138671875,3.421875,164.71875,15.162500000000023
2007-05-18 06:00:00+00:00,22.3828125,3.8515625,288.609375,82.37969970703125,3.673828125,26.234375,15.459375000000023
2007-05-18 07:00:00+00:00,0.01171875,0.73828125,289.03125,80.60430908203125,3.267578125,0.75,15.881250000000023
2007-05-18 08:00:00+00:00,0.0,0.0,288.96875,79.5369873046875,3.8125,0.0,15.818750000000023
2007-05-18 09:00:00+00:00,0.0,0.0,288.6875,79.001708984375,3.47265625,0.0,15.537500000000023
2007-05-18 10:00:00+00:00,0.0,0.0,288.328125,80.46490478515625,3.109375,0.0,15.178125000000023
2007-05-18 11:00:00+00:00,0.0,0.0,287.921875,81.64202880859375,2.783203125,0.0,14.771875000000023
2007-05-18 12:00:00+00:00,0.0,0.0,287.515625,82.46966552734375,2.470703125,0.0,14.365625000000023
2007-05-18 13:00:00+00:00,0.0,0.0,287.109375,83.22711181640625,1.970703125,0.0,13.959375000000023
2007-05-18 14:00:00+00:00,0.0,0.0,286.734375,83.15386962890625,1.8125,0.0,13.584375000000023
2007-05-18 15:00:00+00:00,0.0,0.0,286.359375,81.674560546875,1.849609375,0.0,13.209375000000023
2007-05-18 16:00:00+00:00,0.0,0.0,286.125,80.72149658203125,2.09765625,0.0,12.975000000000023
2007-05-18 17:00:00+00:00,0.0,0.0,285.984375,79.94189453125,2.25,0.0,12.834375000000023
2007-05-18 18:00:00+00:00,0.0,0.0,285.734375,80.23681640625,2.365234375,0.0,12.584375000000023
2007-05-18 19:00:00+00:00,0.0,0.0,285.640625,80.04583740234375,2.5703125,0.0,12.490625000000023
2007-05-18 20:00:00+00:00,0.0,0.0,285.53125,80.732666015625,2.529296875,0.0,12.381250000000023
2007-05-18 21:00:00+00:00,6.16015625,14.12109375,285.265625,82.00347900390625,3.3203125,20.28125,12.115625000000023
2007-05-18 22:00:00+00:00,100.1328125,56.2734375,285.703125,79.67999267578125,3.8828125,156.40625,12.553125000000023
2007-05-18 23:00:00+00:00,242.87109375,68.05078125,286.3125,77.0458984375,4.04296875,310.921875,13.162500000000023
2007-05-19 00:00:00+00:00,336.7421875,79.1328125,287.390625,72.502685546875,4.46484375,415.875,14.240625000000023
2007-05-19 01:00:00+00:00,102.02734375,141.01953125,288.6875,66.0853271484375,5.41796875,243.046875,15.537500000000023
2007-05-19 02:00:00+00:00,144.70703125,98.08984375,289.546875,61.46673583984375,5.720703125,242.796875,16.396875000000023
2007-05-19 03:00:00+00:00,197.58203125,99.27734375,290.265625,60.288330078125,6.419921875,296.859375,17.115625000000023
2007-05-19 04:00:00+00:00,122.62890625,64.05859375,290.8125,55.8983154296875,6.46484375,186.6875,17.662500000000023
2007-05-19 05:00:00+00:00,103.80078125,67.65234375,291.171875,50.86541748046875,6.17578125,171.453125,18.021875000000023
2007-05-19 06:00:00+00:00,17.171875,31.359375,290.65625,56.593994140625,6.349609375,48.53125,17.506250000000023
2007-05-19 07:00:00+00:00,0.0,0.484375,289.28125,70.1812744140625,5.4609375,0.484375,16.131250000000023
2007-05-19 08:00:00+00:00,0.0,0.0,289.0,64.646240234375,5.1328125,0.0,15.850000000000023
2007-05-19 09:00:00+00:00,0.0,0.0,288.65625,60.242919921875,5.638671875,0.0,15.506250000000023
2007-05-19 10:00:00+00:00,0.0,0.0,287.984375,60.49969482421875,5.900390625,0.0,14.834375000000023
2007-05-19 11:00:00+00:00,0.0,0.0,287.609375,60.6571044921875,5.150390625,0.0,14.459375000000023
2007-05-19 12:00:00+00:00,0.0,0.0,287.234375,63.24420166015625,4.400390625,0.0,14.084375000000023
2007-05-19 13:00:00+00:00,0.0,0.0,286.84375,67.54705810546875,3.955078125,0.0,13.693750000000023
2007-05-19 14:00:00+00:00,0.0,0.0,286.625,68.96246337890625,3.7890625,0.0,13.475000000000023
2007-05-19 15:00:00+00:00,0.0,0.0,286.078125,68.53302001953125,3.513671875,0.0,12.928125000000023
2007-05-19 16:00:00+00:00,0.0,0.0,285.6875,70.53033447265625,3.431640625,0.0,12.537500000000023
2007-05-19 17:00:00+00:00,0.0,0.0,285.34375,72.46282958984375,3.056640625,0.0,12.193750000000023
2007-05-19 18:00:00+00:00,0.0,0.0,285.015625,74.47222900390625,2.921875,0.0,11.865625000000023
2007-05-19 19:00:00+00:00,0.0,0.0,284.9375,75.18841552734375,2.947265625,0.0,11.787500000000023
2007-05-19 20:00:00+00:00,0.0,0.0,285.109375,73.6292724609375,2.99609375,0.0,11.959375000000023
2007-05-19 21:00:00+00:00,2.1640625,13.9765625,285.0625,74.6341552734375,3.529296875,16.140625,11.912500000000023
2007-05-19 22:00:00+00:00,87.48046875,63.89453125,285.109375,75.171142578125,3.666015625,151.375,11.959375000000023
2007-05-19 23:00:00+00:00,232.4375,73.84375,285.4375,74.6640625,3.63671875,306.28125,12.287500000000023
2007-05-20 00:00:00+00:00,355.828125,70.25,286.34375,70.38812255859375,3.646484375,426.078125,13.193750000000023
2007-05-20 01:00:00+00:00,301.546875,91.640625,287.640625,61.8231201171875,4.5546875,393.1875,14.490625000000023
2007-05-20 02:00:00+00:00,150.9375,142.515625,288.71875,52.02642822265625,4.48828125,293.453125,15.568750000000023
2007-05-20 03:00:00+00:00,168.57421875,151.69140625,289.453125,51.4488525390625,5.05859375,320.265625,16.303125000000023
2007-05-20 04:00:00+00:00,112.68359375,130.19140625,289.71875,51.15936279296875,5.46484375,242.875,16.568750000000023
2007-05-20 05:00:00+00:00,50.7734375,40.3203125,289.609375,52.2962646484375,5.5234375,91.09375,16.459375000000023
2007-05-20 06:00:00+00:00,24.8515625,25.6484375,289.109375,56.71392822265625,5.583984375,50.5,15.959375000000023
2007-05-20 07:00:00+00:00,0.015625,0.8125,288.421875,61.55609130859375,5.529296875,0.828125,15.271875000000023
2007-05-20 08:00:00+00:00,0.0,0.0,288.1875,62.9454345703125,5.498046875,0.0,15.037500000000023
2007-05-20 09:00:00+00:00,0.0,0.0,287.671875,65.39019775390625,5.546875,0.0,14.521875000000023
2007-05-20 10:00:00+00:00,0.0,0.0,287.3125,67.86846923828125,5.19140625,0.0,14.162500000000023
2007-05-20 11:00:00+00:00,0.0,0.0,287.265625,64.89508056640625,5.25,0.0,14.115625000000023
2007-05-20 12:00:00+00:00,0.0,0.0,287.078125,64.37060546875,5.1875,0.0,13.928125000000023
2007-05-20 13:00:00+00:00,0.0,0.0,287.03125,63.8675537109375,5.50390625,0.0,13.881250000000023
2007-05-20 14:00:00+00:00,0.0,0.0,286.890625,64.4578857421875,5.96875,0.0,13.740625000000023
2007-05-20 15:00:00+00:00,0.0,0.0,286.6875,59.30902099609375,6.126953125,0.0,13.537500000000023
2007-05-20 16:00:00+00:00,0.0,0.0,286.65625,59.22174072265625,6.25,0.0,13.506250000000023
2007-05-20 17:00:00+00:00,0.0,0.0,286.515625,60.588623046875,5.990234375,0.0,13.365625000000023
2007-05-20 18:00:00+00:00,0.0,0.0,286.359375,63.3663330078125,6.533203125,0.0,13.209375000000023
2007-05-20 19:00:00+00:00,0.0,0.0,286.4375,64.50421142578125,6.376953125,0.0,13.287500000000023
2007-05-20 20:00:00+00:00,0.0,0.0,286.34375,66.4024658203125,6.64453125,0.0,13.193750000000023
2007-05-20 21:00:00+00:00,2.80859375,13.83203125,286.5625,66.47283935546875,6.900390625,16.640625,13.412500000000023
2007-05-20 22:00:00+00:00,75.3984375,65.1328125,286.5,67.0947265625,6.255859375,140.53125,13.350000000000023
2007-05-20 23:00:00+00:00,122.04296875,106.84765625,286.65625,68.00006103515625,6.0625,228.890625,13.506250000000023
2007-05-21 00:00:00+00:00,27.61328125,0.0,286.859375,70.3486328125,6.005859375,14.53125,13.709375000000023
2007-05-21 01:00:00+00:00,43.75390625,197.30859375,286.984375,70.53021240234375,4.908203125,241.0625,13.834375000000023
2007-05-21 02:00:00+00:00,349.98828125,136.10546875,287.4375,68.7178955078125,4.921875,486.09375,14.287500000000023
2007-05-21 03:00:00+00:00,79.8984375,97.9609375,288.765625,55.301025390625,6.341796875,177.859375,15.615625000000023
2007-05-21 04:00:00+00:00,6.703125,159.640625,288.234375,55.12371826171875,5.33984375,166.34375,15.084375000000023
2007-05-21 05:00:00+00:00,0.58203125,98.99609375,288.421875,52.78466796875,4.533203125,99.578125,15.271875000000023
2007-05-21 06:00:00+00:00,6.76171875,44.81640625,288.390625,52.830810546875,3.892578125,51.578125,15.240625000000023
2007-05-21 07:00:00+00:00,0.0,0.796875,288.171875,52.7283935546875,4.095703125,0.796875,15.021875000000023
2007-05-21 08:00:00+00:00,0.0,0.0,287.46875,56.99908447265625,4.626953125,0.0,14.318750000000023
2007-05-21 09:00:00+00:00,0.0,0.0,286.21875,60.33477783203125,4.75390625,0.0,13.068750000000023
2007-05-21 10:00:00+00:00,0.0,0.0,285.671875,60.364013671875,5.0,0.0,12.521875000000023
2007-05-21 11:00:00+00:00,0.0,0.0,285.25,62.082275390625,5.484375,0.0,12.100000000000023
2007-05-21 12:00:00+00:00,0.0,0.0,284.375,60.8629150390625,6.123046875,0.0,11.225000000000023
2007-05-21 13:00:00+00:00,0.0,0.0,283.984375,62.80279541015625,5.958984375,0.0,10.834375000000023
2007-05-21 14:00:00+00:00,0.0,0.0,283.578125,64.45849609375,5.51953125,0.0,10.428125000000023
2007-05-21 15:00:00+00:00,0.0,0.0,283.015625,66.430908203125,5.212890625,0.0,9.865625000000023
2007-05-21 16:00:00+00:00,0.0,0.0,282.859375,67.85382080078125,5.3515625,0.0,9.709375000000023
2007-05-21 17:00:00+00:00,0.0,0.0,282.734375,69.27325439453125,5.05078125,0.0,9.584375000000023
2007-05-21 18:00:00+00:00,0.0,0.0,282.546875,70.23590087890625,4.767578125,0.0,9.396875000000023
2007-05-21 19:00:00+00:00,0.0,0.0,282.375,71.48834228515625,4.615234375,0.0,9.225000000000023
2007-05-21 20:00:00+00:00,0.0,0.0,282.296875,72.705810546875,4.6015625,0.0,9.146875000000023
2007-05-21 21:00:00+00:00,1.109375,11.25,282.34375,71.57830810546875,4.509765625,12.359375,9.193750000000023
2007-05-21 22:00:00+00:00,28.69921875,72.80078125,282.71875,71.05926513671875,4.255859375,101.5,9.568750000000023
2007-05-21 23:00:00+00:00,131.59765625,123.85546875,283.28125,69.45294189453125,3.94140625,255.453125,10.131250000000023
2007-05-22 00:00:00+00:00,339.7109375,86.6328125,284.265625,65.14007568359375,3.8984375,426.34375,11.115625000000023
2007-05-22 01:00:00+00:00,340.8046875,56.7578125,285.625,59.5289306640625,4.576171875,397.5625,12.475000000000023
2007-05-22 02:00:00+00:00,89.88671875,153.39453125,286.8125,53.61724853515625,5.228515625,243.28125,13.662500000000023
2007-05-22 03:00:00+00:00,38.63671875,113.84765625,287.65625,46.94805908203125,5.37890625,152.484375,14.506250000000023
2007-05-22 04:00:00+00:00,27.43359375,161.09765625,287.96875,43.622314453125,5.189453125,188.53125,14.818750000000023
2007-05-22 05:00:00+00:00,28.9765625,99.4453125,288.203125,44.45526123046875,5.142578125,128.421875,15.053125000000023
2007-05-22 06:00:00+00:00,30.29296875,24.34765625,288.03125,48.8619384765625,5.12109375,54.640625,14.881250000000023
2007-05-22 07:00:00+00:00,0.0234375,0.6015625,287.84375,52.46142578125,4.662109375,0.625,14.693750000000023
2007-05-22 08:00:00+00:00,0.0,0.0,287.53125,55.42205810546875,4.333984375,0.0,14.381250000000023
2007-05-22 09:00:00+00:00,0.0,0.0,287.234375,59.03375244140625,4.091796875,0.0,14.084375000000023
2007-05-22 10:00:00+00:00,0.0,0.0,286.765625,62.46527099609375,4.076171875,0.0,13.615625000000023
2007-05-22 11:00:00+00:00,0.0,0.0,286.515625,65.43231201171875,3.970703125,0.0,13.365625000000023
2007-05-22 12:00:00+00:00,0.0,0.0,286.203125,68.3829345703125,3.75390625,0.0,13.053125000000023
2007-05-22 13:00:00+00:00,0.0,0.0,286.03125,69.1268310546875,3.587890625,0.0,12.881250000000023
2007-05-22 14:00:00+00:00,0.0,0.0,285.90625,69.94097900390625,3.625,0.0,12.756250000000023
2007-05-22 15:00:00+00:00,0.0,0.0,285.1875,74.705322265625,4.068359375,0.0,12.037500000000023
2007-05-22 16:00:00+00:00,0.0,0.0,285.09375,76.47979736328125,3.9765625,0.0,11.943750000000023
2007-05-22 17:00:00+00:00,0.0,0.0,285.046875,77.09637451171875,3.75,0.0,11.896875000000023
2007-05-22 18:00:00+00:00,0.0,0.0,284.96875,76.8809814453125,3.64453125,0.0,11.818750000000023
2007-05-22 19:00:00+00:00,0.0,0.0,284.875,76.6700439453125,3.6328125,0.0,11.725000000000023
2007-05-22 20:00:00+00:00,0.0,0.0,284.875,76.2972412109375,3.646484375,0.0,11.725000000000023
2007-05-22 21:00:00+00:00,4.5390625,11.6015625,284.890625,77.16973876953125,3.5078125,16.140625,11.740625000000023
2007-05-22 22:00:00+00:00,90.90625,53.390625,284.796875,77.70745849609375,3.44921875,144.296875,11.646875000000023
2007-05-22 23:00:00+00:00,228.14453125,66.65234375,285.140625,76.1910400390625,3.236328125,294.796875,11.990625000000023
2007-05-23 00:00:00+00:00,295.484375,87.359375,286.15625,71.85797119140625,3.42578125,382.84375,13.006250000000023
2007-05-23 01:00:00+00:00,170.5625,120.28125,287.703125,64.92364501953125,3.63671875,290.84375,14.553125000000023
2007-05-23 02:00:00+00:00,103.2109375,185.9453125,288.875,58.5655517578125,4.08984375,289.15625,15.725000000000023
2007-05-23 03:00:00+00:00,10.7578125,106.3359375,290.3125,51.11627197265625,5.373046875,117.09375,17.162500000000023
2007-05-23 04:00:00+00:00,59.53125,129.046875,290.625,50.3702392578125,5.3125,188.578125,17.475000000000023
2007-05-23 05:00:00+00:00,9.32421875,33.66015625,290.859375,48.8951416015625,5.150390625,42.984375,17.709375000000023
2007-05-23 06:00:00+00:00,7.97265625,12.96484375,290.703125,49.37158203125,4.58984375,20.9375,17.553125000000023
2007-05-23 07:00:00+00:00,0.0,0.546875,290.328125,51.69921875,4.369140625,0.546875,17.178125000000023
2007-05-23 08:00:00+00:00,0.0,0.0,289.515625,57.8248291015625,4.345703125,0.0,16.365625000000023
2007-05-23 09:00:00+00:00,0.0,0.0,288.84375,62.9842529296875,3.95703125,0.0,15.693750000000023
2007-05-23 10:00:00+00:00,0.0,0.0,288.515625,65.7596435546875,3.8828125,0.0,15.365625000000023
2007-05-23 11:00:00+00:00,0.0,0.0,288.34375,66.5203857421875,3.775390625,0.0,15.193750000000023
2007-05-23 12:00:00+00:00,0.0,0.0,288.109375,67.15631103515625,3.8046875,0.0,14.959375000000023
2007-05-23 13:00:00+00:00,0.0,0.0,287.703125,68.602294921875,3.748046875,0.0,14.553125000000023
2007-05-23 14:00:00+00:00,0.0,0.0,287.390625,69.41595458984375,3.6484375,0.0,14.240625000000023
2007-05-23 15:00:00+00:00,0.0,0.0,286.703125,69.3123779296875,4.0,0.0,13.553125000000023
2007-05-23 16:00:00+00:00,0.0,0.0,286.234375,70.58251953125,3.98046875,0.0,13.084375000000023
2007-05-23 17:00:00+00:00,0.0,0.0,285.859375,71.04644775390625,4.08203125,0.0,12.709375000000023
2007-05-23 18:00:00+00:00,0.0,0.0,285.421875,71.86676025390625,4.19921875,0.0,12.271875000000023
2007-05-23 19:00:00+00:00,0.0,0.0,284.953125,73.1173095703125,4.3828125,0.0,11.803125000000023
2007-05-23 20:00:00+00:00,0.0,0.0,284.546875,73.96856689453125,4.521484375,0.0,11.396875000000023
2007-05-23 21:00:00+00:00,4.1015625,11.3984375,284.546875,71.92767333984375,4.52734375,15.5,11.396875000000023
2007-05-23 22:00:00+00:00,91.6796875,52.6953125,284.296875,71.0296630859375,4.353515625,144.375,11.146875000000023
2007-05-23 23:00:00+00:00,231.28515625,65.48046875,284.515625,68.688720703125,4.263671875,296.765625,11.365625000000023
2007-05-24 00:00:00+00:00,347.4296875,67.0078125,285.6875,62.708251953125,4.625,414.4375,12.537500000000023
2007-05-24 01:00:00+00:00,419.5703125,66.2109375,287.703125,54.5345458984375,4.79296875,485.78125,14.553125000000023
2007-05-24 02:00:00+00:00,441.20703125,60.58984375,289.78125,47.44512939453125,5.6640625,501.796875,16.631250000000023
2007-05-24 03:00:00+00:00,402.47265625,56.35546875,291.46875,43.27130126953125,7.01171875,458.828125,18.318750000000023
2007-05-24 04:00:00+00:00,325.86328125,45.13671875,292.5,37.13250732421875,7.6171875,371.0,19.350000000000023
2007-05-24 05:00:00+00:00,189.6015625,38.1171875,292.703125,35.6778564453125,7.43359375,227.71875,19.553125000000023
2007-05-24 06:00:00+00:00,64.8515625,11.9453125,292.359375,38.08831787109375,7.212890625,76.796875,19.209375000000023
2007-05-24 07:00:00+00:00,0.12890625,0.44921875,291.53125,42.197021484375,6.763671875,0.578125,18.381250000000023
2007-05-24 08:00:00+00:00,0.0,0.0,290.640625,46.29736328125,6.19140625,0.0,17.490625000000023
2007-05-24 09:00:00+00:00,0.0,0.0,289.84375,49.285400390625,6.306640625,0.0,16.693750000000023
2007-05-24 10:00:00+00:00,0.0,0.0,289.3125,50.66162109375,5.826171875,0.0,16.162500000000023
2007-05-24 11:00:00+00:00,0.0,0.0,288.859375,52.0137939453125,5.43359375,0.0,15.709375000000023
2007-05-24 12:00:00+00:00,0.0,0.0,288.4375,53.38800048828125,5.533203125,0.0,15.287500000000023
2007-05-24 13:00:00+00:00,0.0,0.0,288.25,53.54351806640625,5.2578125,0.0,15.100000000000023
2007-05-24 14:00:00+00:00,0.0,0.0,288.046875,53.4085693359375,4.595703125,0.0,14.896875000000023
2007-05-24 15:00:00+00:00,0.0,0.0,287.40625,53.75042724609375,4.94140625,0.0,14.256250000000023
2007-05-24 16:00:00+00:00,0.0,0.0,287.21875,54.48516845703125,4.67578125,0.0,14.068750000000023
2007-05-24 17:00:00+00:00,0.0,0.0,286.78125,57.10675048828125,4.732421875,0.0,13.631250000000023
2007-05-24 18:00:00+00:00,0.0,0.0,286.3125,59.4522705078125,4.71875,0.0,13.162500000000023
2007-05-24 19:00:00+00:00,0.0,0.0,285.84375,61.46142578125,4.6640625,0.0,12.693750000000023
2007-05-24 20:00:00+00:00,0.0,0.0,285.5,62.7698974609375,4.59765625,0.0,12.350000000000023
2007-05-24 21:00:00+00:00,2.49609375,11.51953125,285.328125,60.591552734375,4.92578125,14.015625,12.178125000000023
2007-05-24 22:00:00+00:00,71.00390625,61.63671875,285.015625,61.65594482421875,4.955078125,132.640625,11.865625000000023
2007-05-24 23:00:00+00:00,213.15625,74.109375,285.140625,61.22802734375,4.998046875,287.265625,11.990625000000023
2007-05-25 00:00:00+00:00,330.6640625,73.3359375,286.390625,55.75439453125,4.9453125,404.0,13.240625000000023
2007-05-25 01:00:00+00:00,389.9296875,80.3203125,288.03125,49.59552001953125,5.095703125,470.25,14.881250000000023
2007-05-25 02:00:00+00:00,416.98828125,72.37109375,289.25,46.9320068359375,5.3515625,489.359375,16.100000000000023
2007-05-25 03:00:00+00:00,387.546875,61.140625,291.0,43.78375244140625,5.755859375,448.6875,17.850000000000023
2007-05-25 04:00:00+00:00,308.0625,49.546875,291.90625,41.9788818359375,5.6484375,357.609375,18.756250000000023
2007-05-25 05:00:00+00:00,173.609375,43.234375,292.609375,40.2720947265625,5.654296875,216.84375,19.459375000000023
2007-05-25 06:00:00+00:00,49.46875,18.25,292.4375,42.14508056640625,5.654296875,67.71875,19.287500000000023
2007-05-25 07:00:00+00:00,0.02734375,0.48828125,291.390625,48.33721923828125,5.76953125,0.515625,18.240625000000023
2007-05-25 08:00:00+00:00,0.0,0.0,290.15625,56.23974609375,5.5546875,0.0,17.006250000000023
2007-05-25 09:00:00+00:00,0.0,0.0,289.734375,55.3778076171875,5.345703125,0.0,16.584375000000023
2007-05-25 10:00:00+00:00,0.0,0.0,289.546875,55.323974609375,5.001953125,0.0,16.396875000000023
2007-05-25 11:00:00+00:00,0.0,0.0,289.25,55.65972900390625,4.98828125,0.0,16.100000000000023
2007-05-25 12:00:00+00:00,0.0,0.0,288.796875,57.0093994140625,5.02734375,0.0,15.646875000000023
2007-05-25 13:00:00+00:00,0.0,0.0,288.296875,58.38470458984375,4.671875,0.0,15.146875000000023
2007-05-25 14:00:00+00:00,0.0,0.0,287.796875,59.9171142578125,4.2265625,0.0,14.646875000000023
2007-05-25 15:00:00+00:00,0.0,0.0,287.1875,58.7840576171875,4.658203125,0.0,14.037500000000023
2007-05-25 16:00:00+00:00,0.0,0.0,286.859375,58.93048095703125,4.34375,0.0,13.709375000000023
2007-05-25 17:00:00+00:00,0.0,0.0,286.5,59.75738525390625,4.125,0.0,13.350000000000023
2007-05-25 18:00:00+00:00,0.0,0.0,286.046875,61.3994140625,3.533203125,0.0,12.896875000000023
2007-05-25 19:00:00+00:00,0.0,0.0,285.703125,62.3648681640625,3.505859375,0.0,12.553125000000023
2007-05-25 20:00:00+00:00,0.0,0.0,285.4375,63.05767822265625,3.693359375,0.0,12.287500000000023
2007-05-25 21:00:00+00:00,3.84375,10.78125,284.890625,62.74053955078125,3.55859375,14.625,11.740625000000023
2007-05-25 22:00:00+00:00,84.1015625,56.4609375,284.703125,62.47735595703125,3.447265625,140.5625,11.553125000000023
2007-05-25 23:00:00+00:00,214.60546875,76.58203125,285.046875,60.221435546875,3.447265625,291.1875,11.896875000000023
2007-05-26 00:00:00+00:00,340.390625,75.296875,286.21875,55.53961181640625,3.73046875,415.6875,13.068750000000023
2007-05-26 01:00:00+00:00,427.203125,65.953125,287.890625,49.49761962890625,4.384765625,493.15625,14.740625000000023
2007-05-26 02:00:00+00:00,453.75390625,57.82421875,289.515625,43.6279296875,4.9375,511.578125,16.365625000000023
2007-05-26 03:00:00+00:00,419.06640625,48.76171875,291.34375,42.90509033203125,5.04296875,467.828125,18.193750000000023
2007-05-26 04:00:00+00:00,334.4765625,39.1171875,292.03125,40.6729736328125,5.00390625,373.59375,18.881250000000023
2007-05-26 05:00:00+00:00,209.40625,27.03125,292.296875,39.773681640625,4.73828125,236.4375,19.146875000000023
2007-05-26 06:00:00+00:00,70.578125,6.53125,292.046875,41.322021484375,4.662109375,77.109375,18.896875000000023
2007-05-26 07:00:00+00:00,0.1171875,0.3203125,291.265625,44.52496337890625,4.5625,0.4375,18.115625000000023
2007-05-26 08:00:00+00:00,0.0,0.0,290.28125,49.6539306640625,4.189453125,0.0,17.131250000000023
2007-05-26 09:00:00+00:00,0.0,0.0,289.421875,54.851318359375,3.689453125,0.0,16.271875000000023
2007-05-26 10:00:00+00:00,0.0,0.0,288.78125,57.24920654296875,3.296875,0.0,15.631250000000023
2007-05-26 11:00:00+00:00,0.0,0.0,288.375,56.83258056640625,3.00390625,0.0,15.225000000000023
2007-05-26 12:00:00+00:00,0.0,0.0,287.984375,56.912353515625,3.150390625,0.0,14.834375000000023
2007-05-26 13:00:00+00:00,0.0,0.0,287.640625,57.50335693359375,3.216796875,0.0,14.490625000000023
2007-05-26 14:00:00+00:00,0.0,0.0,287.265625,58.6025390625,3.125,0.0,14.115625000000023
2007-05-26 15:00:00+00:00,0.0,0.0,286.09375,64.0126953125,3.298828125,0.0,12.943750000000023
2007-05-26 16:00:00+00:00,0.0,0.0,285.6875,65.26885986328125,3.044921875,0.0,12.537500000000023
2007-05-26 17:00:00+00:00,0.0,0.0,285.296875,66.52288818359375,3.59375,0.0,12.146875000000023
2007-05-26 18:00:00+00:00,0.0,0.0,285.203125,65.969482421875,4.0234375,0.0,12.053125000000023
2007-05-26 19:00:00+00:00,0.0,0.0,285.15625,65.225341796875,3.869140625,0.0,12.006250000000023
2007-05-26 20:00:00+00:00,0.0,0.0,285.078125,65.0556640625,4.125,0.0,11.928125000000023
2007-05-26 21:00:00+00:00,4.0546875,10.5234375,284.671875,66.9774169921875,4.3515625,14.578125,11.521875000000023
2007-05-26 22:00:00+00:00,95.12890625,50.99609375,284.75,65.9625244140625,4.76953125,146.125,11.600000000000023
2007-05-26 23:00:00+00:00,202.34375,82.078125,285.421875,62.34747314453125,5.041015625,284.421875,12.271875000000023
2007-05-27 00:00:00+00:00,337.50390625,78.74609375,286.75,57.9534912109375,4.90234375,416.25,13.600000000000023
2007-05-27 01:00:00+00:00,425.92578125,64.55859375,288.578125,51.25762939453125,4.91015625,490.484375,15.428125000000023
2007-05-27 02:00:00+00:00,447.5390625,57.2734375,289.96875,45.0684814453125,5.8515625,504.8125,16.818750000000023
2007-05-27 03:00:00+00:00,416.2421875,49.3828125,291.609375,40.09698486328125,6.98828125,465.625,18.459375000000023
2007-05-27 04:00:00+00:00,323.13671875,45.00390625,292.296875,36.9879150390625,7.220703125,368.140625,19.146875000000023
2007-05-27 05:00:00+00:00,200.40625,31.390625,292.40625,37.20343017578125,6.484375,231.796875,19.256250000000023
2007-05-27 06:00:00+00:00,57.25390625,12.46484375,291.875,40.749755859375,6.65625,69.71875,18.725000000000023
2007-05-27 07:00:00+00:00,0.02734375,0.34765625,291.140625,45.2022705078125,6.42578125,0.375,17.990625000000023
2007-05-27 08:00:00+00:00,0.0,0.0,290.296875,50.15057373046875,5.990234375,0.0,17.146875000000023
2007-05-27 09:00:00+00:00,0.0,0.0,289.9375,48.24188232421875,5.5625,0.0,16.787500000000023
2007-05-27 10:00:00+00:00,0.0,0.0,289.671875,47.440673828125,5.056640625,0.0,16.521875000000023
2007-05-27 11:00:00+00:00,0.0,0.0,289.59375,47.08245849609375,5.140625,0.0,16.443750000000023
2007-05-27 12:00:00+00:00,0.0,0.0,289.65625,46.50244140625,4.982421875,0.0,16.506250000000023
2007-05-27 13:00:00+00:00,0.0,0.0,289.6875,46.32049560546875,4.970703125,0.0,16.537500000000023
2007-05-27 14:00:00+00:00,0.0,0.0,289.734375,46.75311279296875,5.28515625,0.0,16.584375000000023
2007-05-27 15:00:00+00:00,0.0,0.0,289.765625,48.013671875,5.408203125,0.0,16.615625000000023
2007-05-27 16:00:00+00:00,0.0,0.0,289.546875,50.67547607421875,5.28515625,0.0,16.396875000000023
2007-05-27 17:00:00+00:00,0.0,0.0,289.421875,52.5906982421875,5.033203125,0.0,16.271875000000023
2007-05-27 18:00:00+00:00,0.0,0.0,289.390625,53.58740234375,4.947265625,0.0,16.240625000000023
2007-05-27 19:00:00+00:00,0.0,0.0,289.3125,54.74188232421875,5.041015625,0.0,16.162500000000023
2007-05-27 20:00:00+00:00,0.0,0.0,289.09375,56.7685546875,4.849609375,0.0,15.943750000000023
2007-05-27 21:00:00+00:00,0.0,1.46875,289.046875,57.3587646484375,4.880859375,1.46875,15.896875000000023
2007-05-27 22:00:00+00:00,0.0,13.90625,288.984375,58.5048828125,4.8046875,13.90625,15.834375000000023
2007-05-27 23:00:00+00:00,0.0,47.140625,289.09375,58.94378662109375,4.697265625,47.140625,15.943750000000023
2007-05-28 00:00:00+00:00,0.0,45.15625,289.171875,59.6070556640625,5.40625,45.15625,16.021875000000023
2007-05-28 01:00:00+00:00,0.0,36.65625,289.515625,57.876953125,4.666015625,36.65625,16.365625000000023
2007-05-28 02:00:00+00:00,0.0,41.375,290.25,54.587646484375,4.39453125,41.375,17.100000000000023
2007-05-28 03:00:00+00:00,62.203125,207.75,290.6875,58.00286865234375,5.28125,269.953125,17.537500000000023
2007-05-28 04:00:00+00:00,21.79296875,106.94140625,291.28125,56.549072265625,5.509765625,128.734375,18.131250000000023
2007-05-28 05:00:00+00:00,120.0859375,80.8515625,291.625,56.60931396484375,6.126953125,200.9375,18.475000000000023
2007-05-28 06:00:00+00:00,43.515625,17.703125,292.15625,56.5604248046875,6.40625,61.21875,19.006250000000023
2007-05-28 07:00:00+00:00,0.0078125,0.2578125,292.109375,57.68353271484375,6.31640625,0.265625,18.959375000000023
2007-05-28 08:00:00+00:00,0.0,0.0,291.8125,59.0650634765625,6.443359375,0.0,18.662500000000023
2007-05-28 09:00:00+00:00,0.0,0.0,291.296875,60.02313232421875,6.263671875,0.0,18.146875000000023
2007-05-28 10:00:00+00:00,0.0,0.0,291.265625,59.042724609375,6.20703125,0.0,18.115625000000023
2007-05-28 11:00:00+00:00,0.0,0.0,291.03125,59.02642822265625,5.880859375,0.0,17.881250000000023
2007-05-28 12:00:00+00:00,0.0,0.0,290.84375,58.49627685546875,6.322265625,0.0,17.693750000000023
2007-05-28 13:00:00+00:00,0.0,0.0,290.515625,59.34881591796875,6.59375,0.0,17.365625000000023
2007-05-28 14:00:00+00:00,0.0,0.0,290.34375,60.65472412109375,6.64453125,0.0,17.193750000000023
2007-05-28 15:00:00+00:00,0.0,0.0,290.34375,59.82366943359375,6.14453125,0.0,17.193750000000023
2007-05-28 16:00:00+00:00,0.0,0.0,290.1875,60.34967041015625,6.2578125,0.0,17.037500000000023
2007-05-28 17:00:00+00:00,0.0,0.0,290.0,62.179443359375,6.556640625,0.0,16.850000000000023
2007-05-28 18:00:00+00:00,0.0,0.0,289.859375,64.3857421875,6.798828125,0.0,16.709375000000023
2007-05-28 19:00:00+00:00,0.0,0.0,289.875,65.42059326171875,6.72265625,0.0,16.725000000000023
2007-05-28 20:00:00+00:00,0.0,0.0,289.8125,65.849365234375,6.662109375,0.0,16.662500000000023
2007-05-28 21:00:00+00:00,1.44140625,9.23046875,290.171875,64.3380126953125,7.34375,10.671875,17.021875000000023
2007-05-28 22:00:00+00:00,63.015625,57.953125,290.296875,62.2127685546875,7.125,120.96875,17.146875000000023
2007-05-28 23:00:00+00:00,152.84765625,96.58984375,290.75,58.52667236328125,7.095703125,249.4375,17.600000000000023
2007-05-29 00:00:00+00:00,98.3828125,143.2265625,291.640625,55.0765380859375,7.138671875,241.609375,18.490625000000023
2007-05-29 01:00:00+00:00,234.58203125,174.79296875,292.546875,52.6536865234375,7.568359375,409.375,19.396875000000023
2007-05-29 02:00:00+00:00,294.640625,137.40625,293.96875,47.14117431640625,7.60546875,432.046875,20.818750000000023
2007-05-29 03:00:00+00:00,88.84375,182.0,294.703125,46.1129150390625,8.8125,270.84375,21.553125000000023
2007-05-29 04:00:00+00:00,7.19921875,98.26953125,293.9375,51.60504150390625,11.533203125,105.46875,20.787500000000023
2007-05-29 05:00:00+00:00,0.0,19.5,291.84375,68.43829345703125,9.642578125,19.5,18.693750000000023
2007-05-29 06:00:00+00:00,0.0,20.921875,290.34375,76.320556640625,8.173828125,20.921875,17.193750000000023
2007-05-29 07:00:00+00:00,0.0,0.015625,289.21875,75.740478515625,6.935546875,0.015625,16.068750000000023
2007-05-29 08:00:00+00:00,0.0,0.0,288.625,72.449951171875,5.94921875,0.0,15.475000000000023
2007-05-29 09:00:00+00:00,0.0,0.0,287.671875,75.9351806640625,5.166015625,0.0,14.521875000000023
2007-05-29 10:00:00+00:00,0.0,0.0,287.234375,68.3426513671875,4.640625,0.0,14.084375000000023
2007-05-29 11:00:00+00:00,0.0,0.0,286.4375,67.22332763671875,4.701171875,0.0,13.287500000000023
2007-05-29 12:00:00+00:00,0.0,0.0,285.75,67.58831787109375,4.203125,0.0,12.600000000000023
2007-05-29 13:00:00+00:00,0.0,0.0,285.453125,67.78411865234375,3.462890625,0.0,12.303125000000023
2007-05-29 14:00:00+00:00,0.0,0.0,285.140625,66.102783203125,4.21484375,0.0,11.990625000000023
2007-05-29 15:00:00+00:00,0.0,0.0,284.578125,68.72900390625,5.41015625,0.0,11.428125000000023
2007-05-29 16:00:00+00:00,0.0,0.0,284.296875,67.74664306640625,5.087890625,0.0,11.146875000000023
2007-05-29 17:00:00+00:00,0.0,0.0,282.46875,73.295166015625,5.970703125,0.0,9.318750000000023
2007-05-29 18:00:00+00:00,0.0,0.0,281.953125,83.3079833984375,4.998046875,0.0,8.803125000000023
2007-05-29 19:00:00+00:00,0.0,0.0,282.671875,77.18658447265625,5.3515625,0.0,9.521875000000023
2007-05-29 20:00:00+00:00,0.0,0.0,282.625,74.16680908203125,5.3203125,0.0,9.475000000000023
2007-05-29 21:00:00+00:00,2.359375,8.78125,281.953125,71.654296875,4.546875,11.140625,8.803125000000023
2007-05-29 22:00:00+00:00,83.31640625,50.13671875,282.046875,67.95343017578125,4.109375,133.453125,8.896875000000023
2007-05-29 23:00:00+00:00,220.36328125,63.43359375,282.390625,66.21868896484375,3.810546875,283.796875,9.240625000000023
2007-05-30 00:00:00+00:00,294.41015625,82.71484375,283.359375,62.42840576171875,3.98046875,377.125,10.209375000000023
2007-05-30 01:00:00+00:00,344.80078125,97.30859375,284.53125,58.9471435546875,4.29296875,442.109375,11.381250000000023
2007-05-30 02:00:00+00:00,370.8359375,72.4765625,285.703125,53.70361328125,4.908203125,443.3125,12.553125000000023
2007-05-30 03:00:00+00:00,312.70703125,89.04296875,286.546875,48.3922119140625,5.01953125,401.75,13.396875000000023
2007-05-30 04:00:00+00:00,190.69921875,101.47265625,287.25,45.35943603515625,5.41796875,292.171875,14.100000000000023
2007-05-30 05:00:00+00:00,32.43359375,66.59765625,287.59375,44.881591796875,5.8359375,99.03125,14.443750000000023
2007-05-30 06:00:00+00:00,33.38671875,26.17578125,287.5,43.87109375,5.86328125,59.5625,14.350000000000023
2007-05-30 07:00:00+00:00,0.00390625,0.21484375,287.046875,45.50537109375,5.74609375,0.21875,13.896875000000023
2007-05-30 08:00:00+00:00,0.0,0.0,286.25,52.75604248046875,5.33984375,0.0,13.100000000000023
2007-05-30 09:00:00+00:00,0.0,0.0,285.5625,58.847900390625,5.35546875,0.0,12.412500000000023
2007-05-30 10:00:00+00:00,0.0,0.0,285.15625,62.59234619140625,5.45703125,0.0,12.006250000000023
2007-05-30 11:00:00+00:00,0.0,0.0,284.859375,64.7509765625,5.615234375,0.0,11.709375000000023
2007-05-30 12:00:00+00:00,0.0,0.0,284.5625,66.34326171875,5.71484375,0.0,11.412500000000023
2007-05-30 13:00:00+00:00,0.0,0.0,284.234375,67.24285888671875,5.94140625,0.0,11.084375000000023
2007-05-30 14:00:00+00:00,0.0,0.0,283.984375,67.7528076171875,6.056640625,0.0,10.834375000000023
2007-05-30 15:00:00+00:00,0.0,0.0,283.65625,67.1722412109375,6.513671875,0.0,10.506250000000023
2007-05-30 16:00:00+00:00,0.0,0.0,283.484375,67.43817138671875,6.310546875,0.0,10.334375000000023
2007-05-30 17:00:00+00:00,0.0,0.0,283.640625,66.2613525390625,6.458984375,0.0,10.490625000000023
2007-05-30 18:00:00+00:00,0.0,0.0,283.59375,66.29443359375,6.876953125,0.0,10.443750000000023
2007-05-30 19:00:00+00:00,0.0,0.0,283.421875,67.1943359375,7.23828125,0.0,10.271875000000023
2007-05-30 20:00:00+00:00,0.0,0.0,283.265625,68.28460693359375,7.25,0.0,10.115625000000023
2007-05-30 21:00:00+00:00,0.0546875,1.9609375,282.875,70.948974609375,7.7109375,2.015625,9.725000000000023
2007-05-30 22:00:00+00:00,2.8203125,37.5546875,282.859375,71.71539306640625,7.61328125,40.375,9.709375000000023
2007-05-30 23:00:00+00:00,1.9609375,33.8671875,282.953125,73.77703857421875,7.298828125,35.828125,9.803125000000023
2007-05-31 00:00:00+00:00,0.0,25.0,282.859375,79.8623046875,6.048828125,25.0,9.709375000000023
2007-05-31 01:00:00+00:00,157.92578125,193.63671875,283.875,74.1639404296875,5.228515625,351.5625,10.725000000000023
2007-05-31 02:00:00+00:00,173.51171875,168.91015625,285.234375,70.5902099609375,4.8984375,342.421875,12.084375000000023
2007-05-31 03:00:00+00:00,317.4140625,88.6328125,286.53125,67.529052734375,5.12890625,406.046875,13.381250000000023
2007-05-31 04:00:00+00:00,46.953125,0.0,288.046875,60.152099609375,5.162109375,24.890625,14.896875000000023
2007-05-31 05:00:00+00:00,0.31640625,73.40234375,287.875,63.260498046875,4.90234375,73.71875,14.725000000000023
2007-05-31 06:00:00+00:00,6.23046875,21.14453125,287.328125,70.46246337890625,4.126953125,27.375,14.178125000000023
2007-05-31 07:00:00+00:00,0.0,0.125,286.96875,72.9698486328125,3.9609375,0.125,13.818750000000023
2007-05-31 08:00:00+00:00,0.0,0.0,286.484375,74.25274658203125,4.041015625,0.0,13.334375000000023
2007-05-31 09:00:00+00:00,0.0,0.0,285.4375,79.5360107421875,3.287109375,0.0,12.287500000000023
2007-05-31 10:00:00+00:00,0.0,0.0,284.796875,83.0107421875,2.49609375,0.0,11.646875000000023
2007-05-31 11:00:00+00:00,0.0,0.0,284.125,86.7752685546875,2.01953125,0.0,10.975000000000023
2007-05-31 12:00:00+00:00,0.0,0.0,283.703125,88.393798828125,1.412109375,0.0,10.553125000000023
2007-05-31 13:00:00+00:00,0.0,0.0,283.421875,89.00445556640625,1.109375,0.0,10.271875000000023
2007-05-31 14:00:00+00:00,0.0,0.0,283.375,88.47430419921875,1.712890625,0.0,10.225000000000023
2007-05-31 15:00:00+00:00,0.0,0.0,283.5625,82.28546142578125,1.533203125,0.0,10.412500000000023
2007-05-31 16:00:00+00:00,0.0,0.0,283.4375,81.5045166015625,1.591796875,0.0,10.287500000000023
2007-05-31 17:00:00+00:00,0.0,0.0,283.265625,80.82562255859375,1.482421875,0.0,10.115625000000023
2007-05-31 18:00:00+00:00,0.0,0.0,282.875,81.652587890625,1.41796875,0.0,9.725000000000023
2007-05-31 19:00:00+00:00,0.0,0.0,282.234375,84.1956787109375,1.244140625,0.0,9.084375000000023
2007-05-31 20:00:00+00:00,0.0,0.0,281.953125,85.10723876953125,1.076171875,0.0,8.803125000000023
2007-05-31 21:00:00+00:00,2.41015625,8.23046875,281.265625,84.80096435546875,1.259765625,10.640625,8.115625000000023
2007-05-31 22:00:00+00:00,83.4921875,47.7265625,280.96875,85.3536376953125,1.453125,131.21875,7.818750000000023
2007-05-31 23:00:00+00:00,222.8828125,60.8359375,281.109375,83.40325927734375,1.189453125,283.71875,7.959375000000023
2007-06-01 00:00:00+00:00,339.46484375,62.50390625,281.859375,78.31719970703125,0.931640625,401.96875,8.709375000000023
2007-06-01 01:00:00+00:00,408.2265625,63.7421875,282.921875,72.18804931640625,0.853515625,471.96875,9.771875000000023
2007-06-01 02:00:00+00:00,417.0,67.046875,284.15625,63.29754638671875,0.921875,484.046875,11.006250000000023
2007-06-01 03:00:00+00:00,373.7890625,66.2578125,285.8125,46.1240234375,0.90625,440.046875,12.662500000000023
2007-06-01 04:00:00+00:00,262.07421875,73.59765625,286.390625,41.0821533203125,1.01171875,335.671875,13.240625000000023
2007-06-01 05:00:00+00:00,163.828125,48.0625,286.734375,39.87432861328125,0.884765625,211.890625,13.584375000000023
2007-06-01 06:00:00+00:00,51.765625,11.875,287.046875,39.74505615234375,0.931640625,63.640625,13.896875000000023
2007-06-01 07:00:00+00:00,0.0078125,0.1484375,287.171875,40.4764404296875,1.013671875,0.15625,14.021875000000023
2007-06-01 08:00:00+00:00,0.0,0.0,287.171875,41.87384033203125,1.35546875,0.0,14.021875000000023
2007-06-01 09:00:00+00:00,0.0,0.0,286.9375,47.955810546875,2.607421875,0.0,13.787500000000023
2007-06-01 10:00:00+00:00,0.0,0.0,286.421875,56.02703857421875,3.171875,0.0,13.271875000000023
2007-06-01 11:00:00+00:00,0.0,0.0,285.96875,57.410888671875,3.216796875,0.0,12.818750000000023
2007-06-01 12:00:00+00:00,0.0,0.0,285.484375,58.3763427734375,3.076171875,0.0,12.334375000000023
2007-06-01 13:00:00+00:00,0.0,0.0,285.078125,58.860107421875,2.92578125,0.0,11.928125000000023
2007-06-01 14:00:00+00:00,0.0,0.0,284.78125,61.729736328125,3.181640625,0.0,11.631250000000023
2007-06-01 15:00:00+00:00,0.0,0.0,283.4375,71.603759765625,2.220703125,0.0,10.287500000000023
2007-06-01 16:00:00+00:00,0.0,0.0,282.78125,81.37884521484375,1.837890625,0.0,9.631250000000023
2007-06-01 17:00:00+00:00,0.0,0.0,282.78125,85.87811279296875,2.046875,0.0,9.631250000000023
2007-06-01 18:00:00+00:00,0.0,0.0,282.96875,85.3316650390625,2.443359375,0.0,9.818750000000023
2007-06-01 19:00:00+00:00,0.0,0.0,283.015625,86.01416015625,2.43359375,0.0,9.865625000000023
2007-06-01 20:00:00+00:00,0.0,0.0,283.4375,83.89691162109375,2.498046875,0.0,10.287500000000023
2007-06-01 21:00:00+00:00,0.0,4.34375,283.625,82.5289306640625,2.287109375,4.34375,10.475000000000023
2007-06-01 22:00:00+00:00,14.98828125,46.24609375,283.5625,84.80694580078125,2.14453125,61.234375,10.412500000000023
2007-06-01 23:00:00+00:00,49.125,71.5625,283.84375,83.45947265625,1.69140625,120.6875,10.693750000000023
2007-06-02 00:00:00+00:00,44.5703125,53.1484375,283.734375,87.09503173828125,1.48046875,97.71875,10.584375000000023
2007-06-02 01:00:00+00:00,71.6796875,129.9453125,284.0625,84.61370849609375,1.236328125,201.625,10.912500000000023
2007-06-02 02:00:00+00:00,176.171875,165.828125,284.53125,74.37335205078125,1.001953125,342.0,11.381250000000023
2007-06-02 03:00:00+00:00,357.42578125,75.29296875,285.28125,70.2926025390625,0.89453125,432.71875,12.131250000000023
2007-06-02 04:00:00+00:00,310.6328125,43.0234375,285.84375,68.00665283203125,0.46875,353.65625,12.693750000000023
2007-06-02 05:00:00+00:00,192.484375,27.109375,286.53125,64.0997314453125,0.662109375,219.59375,13.381250000000023
2007-06-02 06:00:00+00:00,42.609375,7.28125,287.6875,50.26983642578125,1.060546875,49.890625,14.537500000000023
2007-06-02 07:00:00+00:00,0.0,0.0625,288.203125,43.02215576171875,1.61328125,0.0625,15.053125000000023
2007-06-02 08:00:00+00:00,0.0,0.0,288.03125,43.39532470703125,2.126953125,0.0,14.881250000000023
2007-06-02 09:00:00+00:00,0.0,0.0,287.5625,45.44976806640625,2.697265625,0.0,14.412500000000023
2007-06-02 10:00:00+00:00,0.0,0.0,286.734375,51.697998046875,2.91015625,0.0,13.584375000000023
2007-06-02 11:00:00+00:00,0.0,0.0,285.9375,57.714599609375,2.595703125,0.0,12.787500000000023
2007-06-02 12:00:00+00:00,0.0,0.0,285.421875,60.33514404296875,2.5078125,0.0,12.271875000000023
2007-06-02 13:00:00+00:00,0.0,0.0,285.0625,62.165283203125,2.5078125,0.0,11.912500000000023
2007-06-02 14:00:00+00:00,0.0,0.0,284.765625,63.4842529296875,2.4921875,0.0,11.615625000000023
2007-06-02 15:00:00+00:00,0.0,0.0,283.734375,64.40313720703125,2.365234375,0.0,10.584375000000023
2007-06-02 16:00:00+00:00,0.0,0.0,283.53125,64.54583740234375,2.068359375,0.0,10.381250000000023
2007-06-02 17:00:00+00:00,0.0,0.0,283.1875,65.9525146484375,1.943359375,0.0,10.037500000000023
2007-06-02 18:00:00+00:00,0.0,0.0,282.890625,67.1412353515625,1.81640625,0.0,9.740625000000023
2007-06-02 19:00:00+00:00,0.0,0.0,282.53125,68.65057373046875,1.783203125,0.0,9.381250000000023
2007-06-02 20:00:00+00:00,0.0,0.0,281.953125,71.4443359375,1.8125,0.0,8.803125000000023
2007-06-02 21:00:00+00:00,1.0546875,7.3046875,282.078125,71.7530517578125,1.97265625,8.359375,8.928125000000023
2007-06-02 22:00:00+00:00,40.0546875,53.9921875,281.890625,72.33740234375,2.009765625,94.046875,8.740625000000023
2007-06-02 23:00:00+00:00,195.8203125,72.8359375,282.015625,71.7906494140625,1.783203125,268.65625,8.865625000000023
2007-06-03 00:00:00+00:00,324.62109375,64.84765625,282.6875,69.45953369140625,1.51171875,389.46875,9.537500000000023
2007-06-03 01:00:00+00:00,399.5,61.578125,283.6875,66.375732421875,1.455078125,461.078125,10.537500000000023
2007-06-03 02:00:00+00:00,423.7109375,55.8046875,285.015625,62.96893310546875,1.697265625,479.515625,11.865625000000023
2007-06-03 03:00:00+00:00,248.91796875,22.87890625,287.234375,52.231201171875,2.92578125,271.796875,14.084375000000023
2007-06-03 04:00:00+00:00,70.26171875,134.16015625,288.125,44.2314453125,3.19921875,204.421875,14.975000000000023
2007-06-03 05:00:00+00:00,106.8984375,81.8203125,288.375,42.49853515625,3.373046875,188.71875,15.225000000000023
2007-06-03 06:00:00+00:00,40.34765625,13.18359375,288.25,44.244140625,3.2890625,53.53125,15.100000000000023
2007-06-03 07:00:00+00:00,0.0,0.078125,287.9375,47.6441650390625,3.396484375,0.078125,14.787500000000023
2007-06-03 08:00:00+00:00,0.0,0.0,287.046875,55.42767333984375,3.365234375,0.0,13.896875000000023
2007-06-03 09:00:00+00:00,0.0,0.0,286.171875,63.59490966796875,3.0,0.0,13.021875000000023
2007-06-03 10:00:00+00:00,0.0,0.0,285.75,66.98583984375,2.626953125,0.0,12.600000000000023
2007-06-03 11:00:00+00:00,0.0,0.0,285.25,69.46588134765625,2.228515625,0.0,12.100000000000023
2007-06-03 12:00:00+00:00,0.0,0.0,284.640625,73.1676025390625,1.75,0.0,11.490625000000023
2007-06-03 13:00:00+00:00,0.0,0.0,284.203125,76.06475830078125,1.478515625,0.0,11.053125000000023
2007-06-03 14:00:00+00:00,0.0,0.0,283.84375,78.103515625,1.41796875,0.0,10.693750000000023
2007-06-03 15:00:00+00:00,0.0,0.0,283.078125,76.698486328125,1.46484375,0.0,9.928125000000023
2007-06-03 16:00:00+00:00,0.0,0.0,282.734375,78.2569580078125,1.337890625,0.0,9.584375000000023
2007-06-03 17:00:00+00:00,0.0,0.0,282.359375,80.95562744140625,1.275390625,0.0,9.209375000000023
2007-06-03 18:00:00+00:00,0.0,0.0,281.96875,85.8134765625,1.1796875,0.0,8.818750000000023
2007-06-03 19:00:00+00:00,0.0,0.0,281.625,90.585693359375,1.400390625,0.0,8.475000000000023
2007-06-03 20:00:00+00:00,0.0,0.0,281.453125,92.63604736328125,1.30859375,0.0,8.303125000000023
2007-06-03 21:00:00+00:00,0.25,4.609375,281.375,87.665283203125,1.0390625,4.859375,8.225000000000023
2007-06-03 22:00:00+00:00,7.01171875,48.72265625,281.21875,88.5374755859375,1.15234375,55.734375,8.068750000000023
2007-06-03 23:00:00+00:00,144.421875,104.84375,281.25,88.24310302734375,1.048828125,249.265625,8.100000000000023
2007-06-04 00:00:00+00:00,295.03125,81.59375,281.625,86.495849609375,1.041015625,376.625,8.475000000000023
2007-06-04 01:00:00+00:00,270.49609375,113.44140625,282.296875,84.2501220703125,1.1171875,383.9375,9.146875000000023
2007-06-04 02:00:00+00:00,247.4296875,156.7421875,283.265625,81.98260498046875,1.318359375,404.171875,10.115625000000023
2007-06-04 03:00:00+00:00,313.28125,65.953125,284.578125,77.59307861328125,1.5234375,379.234375,11.428125000000023
2007-06-04 04:00:00+00:00,193.953125,32.0,285.265625,73.66876220703125,1.66015625,225.953125,12.115625000000023
2007-06-04 05:00:00+00:00,167.83203125,45.29296875,285.625,72.02923583984375,1.984375,213.125,12.475000000000023
2007-06-04 06:00:00+00:00,46.54296875,5.03515625,285.796875,70.69146728515625,1.994140625,51.578125,12.646875000000023
2007-06-04 07:00:00+00:00,0.0,0.078125,285.734375,69.8865966796875,1.525390625,0.078125,12.584375000000023
2007-06-04 08:00:00+00:00,0.0,0.0,285.515625,71.43267822265625,0.6875,0.0,12.365625000000023
2007-06-04 09:00:00+00:00,0.0,0.0,285.609375,71.10516357421875,1.892578125,0.0,12.459375000000023
2007-06-04 10:00:00+00:00,0.0,0.0,285.328125,73.3544921875,1.818359375,0.0,12.178125000000023
2007-06-04 11:00:00+00:00,0.0,0.0,284.953125,76.88555908203125,1.49609375,0.0,11.803125000000023
2007-06-04 12:00:00+00:00,0.0,0.0,284.484375,79.9119873046875,0.9921875,0.0,11.334375000000023
2007-06-04 13:00:00+00:00,0.0,0.0,283.875,83.2509765625,0.61328125,0.0,10.725000000000023
2007-06-04 14:00:00+00:00,0.0,0.0,283.40625,85.87823486328125,0.447265625,0.0,10.256250000000023
2007-06-04 15:00:00+00:00,0.0,0.0,282.703125,88.76885986328125,0.732421875,0.0,9.553125000000023
2007-06-04 16:00:00+00:00,0.0,0.0,282.890625,88.7449951171875,0.98046875,0.0,9.740625000000023
2007-06-04 17:00:00+00:00,0.0,0.0,282.703125,90.739501953125,0.90234375,0.0,9.553125000000023
2007-06-04 18:00:00+00:00,0.0,0.0,282.53125,90.8839111328125,0.78125,0.0,9.381250000000023
2007-06-04 19:00:00+00:00,0.0,0.0,282.421875,88.546142578125,0.6640625,0.0,9.271875000000023
2007-06-04 20:00:00+00:00,0.0,0.0,281.6875,89.612548828125,0.728515625,0.0,8.537500000000023
2007-06-04 21:00:00+00:00,0.0703125,4.3984375,281.4375,91.5970458984375,0.919921875,4.46875,8.287500000000023
2007-06-04 22:00:00+00:00,4.984375,58.734375,281.296875,91.7479248046875,1.017578125,63.71875,8.146875000000023
2007-06-04 23:00:00+00:00,68.453125,107.765625,281.46875,90.08819580078125,1.15234375,176.21875,8.318750000000023
2007-06-05 00:00:00+00:00,103.9765625,126.9453125,281.859375,86.42706298828125,1.083984375,230.921875,8.709375000000023
2007-06-05 01:00:00+00:00,247.296875,149.96875,282.515625,80.900390625,0.931640625,397.265625,9.365625000000023
2007-06-05 02:00:00+00:00,284.7578125,128.9765625,283.265625,77.40625,0.751953125,413.734375,10.115625000000023
2007-06-05 03:00:00+00:00,372.8984375,62.9296875,284.421875,74.993896484375,0.390625,435.828125,11.271875000000023
2007-06-05 04:00:00+00:00,212.37109375,71.55078125,285.53125,70.0706787109375,0.884765625,283.921875,12.381250000000023
2007-06-05 05:00:00+00:00,117.2421875,53.5078125,286.703125,64.66766357421875,2.12890625,170.75,13.553125000000023
2007-06-05 06:00:00+00:00,30.609375,16.765625,287.109375,60.81854248046875,2.7890625,47.375,13.959375000000023
2007-06-05 07:00:00+00:00,0.0,0.0625,287.046875,58.52099609375,3.314453125,0.0625,13.896875000000023
2007-06-05 08:00:00+00:00,0.0,0.0,286.640625,59.631591796875,3.220703125,0.0,13.490625000000023
2007-06-05 09:00:00+00:00,0.0,0.0,286.171875,64.7474365234375,2.328125,0.0,13.021875000000023
2007-06-05 10:00:00+00:00,0.0,0.0,285.65625,71.25970458984375,2.275390625,0.0,12.506250000000023
2007-06-05 11:00:00+00:00,0.0,0.0,285.3125,75.85125732421875,1.763671875,0.0,12.162500000000023
2007-06-05 12:00:00+00:00,0.0,0.0,285.0625,80.0772705078125,1.33203125,0.0,11.912500000000023
2007-06-05 13:00:00+00:00,0.0,0.0,284.53125,86.38128662109375,1.353515625,0.0,11.381250000000023
2007-06-05 14:00:00+00:00,0.0,0.0,284.078125,91.6533203125,1.28125,0.0,10.928125000000023
2007-06-05 15:00:00+00:00,0.0,0.0,284.03125,83.85223388671875,1.357421875,0.0,10.881250000000023
2007-06-05 16:00:00+00:00,0.0,0.0,283.828125,84.095458984375,1.216796875,0.0,10.678125000000023
2007-06-05 17:00:00+00:00,0.0,0.0,283.671875,85.76336669921875,1.087890625,0.0,10.521875000000023
2007-06-05 18:00:00+00:00,0.0,0.0,283.328125,89.282958984375,1.09375,0.0,10.178125000000023
2007-06-05 19:00:00+00:00,0.0,0.0,283.21875,90.3585205078125,1.3984375,0.0,10.068750000000023
2007-06-05 20:00:00+00:00,0.0,0.0,283.234375,90.4158935546875,1.287109375,0.0,10.084375000000023
2007-06-05 21:00:00+00:00,0.03125,4.703125,283.234375,87.27593994140625,1.265625,4.734375,10.084375000000023
2007-06-05 22:00:00+00:00,8.859375,66.984375,283.1875,87.30804443359375,1.09765625,75.84375,10.037500000000023
2007-06-05 23:00:00+00:00,5.75390625,78.40234375,283.203125,87.79327392578125,0.955078125,84.15625,10.053125000000023
2007-06-06 00:00:00+00:00,1.484375,112.390625,283.328125,88.71868896484375,1.376953125,113.875,10.178125000000023
2007-06-06 01:00:00+00:00,8.6484375,196.9921875,283.5625,88.66082763671875,1.705078125,205.640625,10.412500000000023
2007-06-06 02:00:00+00:00,22.14453125,179.83984375,284.078125,88.49725341796875,1.404296875,201.984375,10.928125000000023
2007-06-06 03:00:00+00:00,170.38671875,163.95703125,285.578125,82.2235107421875,1.275390625,334.34375,12.428125000000023
2007-06-06 04:00:00+00:00,27.0546875,128.6015625,286.90625,69.93359375,2.140625,155.65625,13.756250000000023
2007-06-06 05:00:00+00:00,69.41015625,84.63671875,287.4375,61.54095458984375,3.353515625,154.046875,14.287500000000023
2007-06-06 06:00:00+00:00,21.37890625,23.65234375,287.203125,61.6114501953125,4.0390625,45.03125,14.053125000000023
2007-06-06 07:00:00+00:00,0.0,0.046875,286.5,64.631103515625,4.0703125,0.046875,13.350000000000023
2007-06-06 08:00:00+00:00,0.0,0.0,285.96875,67.3138427734375,4.189453125,0.0,12.818750000000023
2007-06-06 09:00:00+00:00,0.0,0.0,286.359375,64.339599609375,3.33984375,0.0,13.209375000000023
2007-06-06 10:00:00+00:00,0.0,0.0,286.609375,64.1304931640625,2.427734375,0.0,13.459375000000023
2007-06-06 11:00:00+00:00,0.0,0.0,286.5625,67.54400634765625,2.66015625,0.0,13.412500000000023
2007-06-06 12:00:00+00:00,0.0,0.0,286.3125,69.906005859375,3.14453125,0.0,13.162500000000023
2007-06-06 13:00:00+00:00,0.0,0.0,285.703125,73.8587646484375,3.359375,0.0,12.553125000000023
2007-06-06 14:00:00+00:00,0.0,0.0,285.5625,72.82489013671875,2.947265625,0.0,12.412500000000023
2007-06-06 15:00:00+00:00,0.0,0.0,285.328125,72.27490234375,2.255859375,0.0,12.178125000000023
2007-06-06 16:00:00+00:00,0.0,0.0,285.046875,73.41229248046875,2.12890625,0.0,11.896875000000023
2007-06-06 17:00:00+00:00,0.0,0.0,284.828125,75.7919921875,2.189453125,0.0,11.678125000000023
2007-06-06 18:00:00+00:00,0.0,0.0,284.796875,76.07598876953125,2.349609375,0.0,11.646875000000023
2007-06-06 19:00:00+00:00,0.0,0.0,284.703125,75.557373046875,2.2578125,0.0,11.553125000000023
2007-06-06 20:00:00+00:00,0.0,0.0,284.3125,76.8978271484375,2.078125,0.0,11.162500000000023
2007-06-06 21:00:00+00:00,0.71875,5.96875,283.59375,82.30999755859375,1.720703125,6.6875,10.443750000000023
2007-06-06 22:00:00+00:00,60.8046875,48.9296875,283.046875,85.060302734375,1.3984375,109.734375,9.896875000000023
2007-06-06 23:00:00+00:00,188.07421875,70.25390625,283.125,84.9610595703125,1.28515625,258.328125,9.975000000000023
2007-06-07 00:00:00+00:00,312.9609375,68.2265625,284.015625,80.426513671875,1.78515625,381.1875,10.865625000000023
2007-06-07 01:00:00+00:00,289.4296875,102.7578125,285.296875,76.744140625,2.861328125,392.1875,12.146875000000023
2007-06-07 02:00:00+00:00,243.98046875,148.42578125,286.265625,72.6212158203125,3.77734375,392.40625,13.115625000000023
2007-06-07 03:00:00+00:00,306.2265625,83.7890625,287.296875,67.17437744140625,4.552734375,390.015625,14.146875000000023
2007-06-07 04:00:00+00:00,231.15234375,73.34765625,288.484375,57.7669677734375,4.994140625,304.5,15.334375000000023
2007-06-07 05:00:00+00:00,60.02734375,76.37890625,288.765625,54.2562255859375,5.0859375,136.40625,15.615625000000023
2007-06-07 06:00:00+00:00,16.9296875,28.1171875,288.6875,52.69189453125,5.01953125,45.046875,15.537500000000023
2007-06-07 07:00:00+00:00,0.0,0.046875,288.1875,53.29443359375,5.0703125,0.046875,15.037500000000023
2007-06-07 08:00:00+00:00,0.0,0.0,287.375,55.20684814453125,5.150390625,0.0,14.225000000000023
2007-06-07 09:00:00+00:00,0.0,0.0,286.15625,63.66119384765625,4.73828125,0.0,13.006250000000023
2007-06-07 10:00:00+00:00,0.0,0.0,285.546875,65.39703369140625,4.546875,0.0,12.396875000000023
2007-06-07 11:00:00+00:00,0.0,0.0,285.09375,67.20159912109375,4.111328125,0.0,11.943750000000023
2007-06-07 12:00:00+00:00,0.0,0.0,284.53125,70.05279541015625,3.572265625,0.0,11.381250000000023
2007-06-07 13:00:00+00:00,0.0,0.0,284.109375,72.82476806640625,3.3828125,0.0,10.959375000000023
2007-06-07 14:00:00+00:00,0.0,0.0,283.765625,75.03411865234375,3.138671875,0.0,10.615625000000023
2007-06-07 15:00:00+00:00,0.0,0.0,283.671875,77.8162841796875,3.09375,0.0,10.521875000000023
2007-06-07 16:00:00+00:00,0.0,0.0,283.234375,78.905517578125,2.640625,0.0,10.084375000000023
2007-06-07 17:00:00+00:00,0.0,0.0,283.046875,78.98681640625,2.2578125,0.0,9.896875000000023
2007-06-07 18:00:00+00:00,0.0,0.0,282.90625,78.72821044921875,2.125,0.0,9.756250000000023
2007-06-07 19:00:00+00:00,0.0,0.0,282.6875,78.59722900390625,1.7890625,0.0,9.537500000000023
2007-06-07 20:00:00+00:00,0.0,0.0,282.46875,78.4071044921875,1.591796875,0.0,9.318750000000023
2007-06-07 21:00:00+00:00,0.76171875,5.75390625,281.890625,80.494384765625,1.966796875,6.515625,8.740625000000023
2007-06-07 22:00:00+00:00,66.96875,47.40625,281.734375,79.8756103515625,2.125,114.375,8.584375000000023
2007-06-07 23:00:00+00:00,151.31640625,78.44921875,281.609375,80.7723388671875,2.48046875,229.765625,8.459375000000023
2007-06-08 00:00:00+00:00,296.82421875,78.59765625,282.4375,77.2728271484375,2.814453125,375.421875,9.287500000000023
2007-06-08 01:00:00+00:00,376.703125,67.609375,283.859375,67.46002197265625,3.125,444.3125,10.709375000000023
2007-06-08 02:00:00+00:00,369.6328125,74.9609375,285.4375,57.68878173828125,4.25390625,444.59375,12.287500000000023
2007-06-08 03:00:00+00:00,320.0234375,80.5078125,286.828125,53.325927734375,4.78515625,400.53125,13.678125000000023
2007-06-08 04:00:00+00:00,225.94921875,71.34765625,287.375,50.18951416015625,5.166015625,297.296875,14.225000000000023
2007-06-08 05:00:00+00:00,103.484375,66.078125,287.4375,49.702392578125,4.97265625,169.5625,14.287500000000023
2007-06-08 06:00:00+00:00,21.4296875,16.6484375,287.203125,51.39190673828125,4.5390625,38.078125,14.053125000000023
2007-06-08 07:00:00+00:00,0.0,0.046875,286.84375,53.23516845703125,4.232421875,0.046875,13.693750000000023
2007-06-08 08:00:00+00:00,0.0,0.0,286.015625,57.0999755859375,4.333984375,0.0,12.865625000000023
2007-06-08 09:00:00+00:00,0.0,0.0,285.65625,62.43115234375,4.005859375,0.0,12.506250000000023
2007-06-08 10:00:00+00:00,0.0,0.0,284.796875,66.2901611328125,3.787109375,0.0,11.646875000000023
2007-06-08 11:00:00+00:00,0.0,0.0,283.90625,71.32232666015625,3.501953125,0.0,10.756250000000023
2007-06-08 12:00:00+00:00,0.0,0.0,283.359375,77.690185546875,2.626953125,0.0,10.209375000000023
2007-06-08 13:00:00+00:00,0.0,0.0,283.5625,81.50048828125,2.671875,0.0,10.412500000000023
2007-06-08 14:00:00+00:00,0.0,0.0,283.890625,82.93927001953125,2.529296875,0.0,10.740625000000023
2007-06-08 15:00:00+00:00,0.0,0.0,283.109375,89.6136474609375,2.361328125,0.0,9.959375000000023
2007-06-08 16:00:00+00:00,0.0,0.0,283.34375,91.5101318359375,2.40234375,0.0,10.193750000000023
2007-06-08 17:00:00+00:00,0.0,0.0,283.765625,89.70733642578125,2.619140625,0.0,10.615625000000023
2007-06-08 18:00:00+00:00,0.0,0.0,283.71875,88.52667236328125,2.779296875,0.0,10.568750000000023
2007-06-08 19:00:00+00:00,0.0,0.0,283.5,89.06842041015625,2.958984375,0.0,10.350000000000023
2007-06-08 20:00:00+00:00,0.0,0.0,283.3125,89.52825927734375,2.89453125,0.0,10.162500000000023
2007-06-08 21:00:00+00:00,0.15625,3.671875,282.96875,90.91729736328125,2.779296875,3.828125,9.818750000000023
2007-06-08 22:00:00+00:00,6.50390625,48.02734375,283.203125,90.88677978515625,2.748046875,54.53125,10.053125000000023
2007-06-08 23:00:00+00:00,50.22265625,111.55859375,283.671875,89.74798583984375,2.828125,161.78125,10.521875000000023
2007-06-09 00:00:00+00:00,58.92578125,123.62109375,284.40625,86.279052734375,2.76953125,182.546875,11.256250000000023
2007-06-09 01:00:00+00:00,187.6953125,185.8046875,285.234375,80.4901123046875,2.72265625,373.5,12.084375000000023
2007-06-09 02:00:00+00:00,347.15625,101.546875,286.390625,71.5618896484375,3.025390625,448.703125,13.240625000000023
2007-06-09 03:00:00+00:00,381.51953125,47.73046875,287.828125,60.4554443359375,3.65625,429.25,14.678125000000023
2007-06-09 04:00:00+00:00,296.07421875,40.53515625,288.6875,53.29266357421875,3.94140625,336.609375,15.537500000000023
2007-06-09 05:00:00+00:00,148.1015625,34.2578125,288.984375,51.71142578125,4.20703125,182.359375,15.834375000000023
2007-06-09 06:00:00+00:00,20.93359375,12.89453125,288.828125,52.92706298828125,4.396484375,33.828125,15.678125000000023
2007-06-09 07:00:00+00:00,0.0,0.03125,288.390625,53.63568115234375,4.138671875,0.03125,15.240625000000023
2007-06-09 08:00:00+00:00,0.0,0.0,287.65625,61.68798828125,4.009765625,0.0,14.506250000000023
2007-06-09 09:00:00+00:00,0.0,0.0,286.578125,71.3077392578125,3.712890625,0.0,13.428125000000023
2007-06-09 10:00:00+00:00,0.0,0.0,285.6875,75.154052734375,3.228515625,0.0,12.537500000000023
2007-06-09 11:00:00+00:00,0.0,0.0,284.890625,77.6251220703125,2.6171875,0.0,11.740625000000023
2007-06-09 12:00:00+00:00,0.0,0.0,284.390625,79.35247802734375,1.716796875,0.0,11.240625000000023
2007-06-09 13:00:00+00:00,0.0,0.0,283.984375,81.376953125,0.94140625,0.0,10.834375000000023
2007-06-09 14:00:00+00:00,0.0,0.0,283.3125,85.51458740234375,0.86328125,0.0,10.162500000000023
2007-06-09 15:00:00+00:00,0.0,0.0,283.09375,87.479248046875,1.392578125,0.0,9.943750000000023
2007-06-09 16:00:00+00:00,0.0,0.0,282.578125,90.2254638671875,1.46484375,0.0,9.428125000000023
2007-06-09 17:00:00+00:00,0.0,0.0,282.046875,92.3343505859375,1.353515625,0.0,8.896875000000023
2007-06-09 18:00:00+00:00,0.0,0.0,281.4375,94.0579833984375,1.21875,0.0,8.287500000000023
2007-06-09 19:00:00+00:00,0.0,0.0,280.796875,95.44158935546875,1.20703125,0.0,7.646875000000023
2007-06-09 20:00:00+00:00,0.0,0.0,280.40625,95.01513671875,1.443359375,0.0,7.256250000000023
2007-06-09 21:00:00+00:00,0.6328125,5.7109375,280.125,82.28857421875,1.53125,6.34375,6.975000000000023
2007-06-09 22:00:00+00:00,55.1796875,51.9921875,280.25,79.13433837890625,1.626953125,107.171875,7.100000000000023
2007-06-09 23:00:00+00:00,186.85546875,69.83203125,280.6875,76.893798828125,1.666015625,256.6875,7.537500000000023
2007-06-10 00:00:00+00:00,262.84375,94.015625,281.90625,72.23907470703125,1.88671875,356.859375,8.756250000000023
2007-06-10 01:00:00+00:00,350.54296875,89.55078125,283.390625,67.23388671875,1.978515625,440.09375,10.240625000000023
2007-06-10 02:00:00+00:00,346.08203125,97.66796875,285.09375,62.49468994140625,2.158203125,443.75,11.943750000000023
2007-06-10 03:00:00+00:00,264.44921875,114.58203125,287.671875,54.51495361328125,2.88671875,379.03125,14.521875000000023
2007-06-10 04:00:00+00:00,189.984375,71.640625,288.78125,49.26116943359375,2.857421875,261.625,15.631250000000023
2007-06-10 05:00:00+00:00,129.9375,57.15625,289.265625,45.44927978515625,2.921875,187.09375,16.115625000000023
2007-06-10 06:00:00+00:00,13.609375,25.140625,289.234375,45.566650390625,2.712890625,38.75,16.084375000000023
2007-06-10 07:00:00+00:00,0.0,0.015625,288.703125,49.10577392578125,2.85546875,0.015625,15.553125000000023
2007-06-10 08:00:00+00:00,0.0,0.0,288.03125,52.943603515625,2.990234375,0.0,14.881250000000023
2007-06-10 09:00:00+00:00,0.0,0.0,287.015625,55.87481689453125,1.751953125,0.0,13.865625000000023
2007-06-10 10:00:00+00:00,0.0,0.0,286.640625,55.888427734375,1.736328125,0.0,13.490625000000023
2007-06-10 11:00:00+00:00,0.0,0.0,286.125,57.00146484375,1.76953125,0.0,12.975000000000023
2007-06-10 12:00:00+00:00,0.0,0.0,285.578125,59.9700927734375,1.83984375,0.0,12.428125000000023
2007-06-10 13:00:00+00:00,0.0,0.0,285.109375,63.6878662109375,1.7890625,0.0,11.959375000000023
2007-06-10 14:00:00+00:00,0.0,0.0,284.640625,67.35003662109375,1.69140625,0.0,11.490625000000023
2007-06-10 15:00:00+00:00,0.0,0.0,284.46875,72.145751953125,1.796875,0.0,11.318750000000023
2007-06-10 16:00:00+00:00,0.0,0.0,284.125,75.5157470703125,1.658203125,0.0,10.975000000000023
2007-06-10 17:00:00+00:00,0.0,0.0,283.9375,78.7830810546875,1.8125,0.0,10.787500000000023
2007-06-10 18:00:00+00:00,0.0,0.0,283.8125,80.3333740234375,2.169921875,0.0,10.662500000000023
2007-06-10 19:00:00+00:00,0.0,0.0,283.328125,83.71514892578125,2.447265625,0.0,10.178125000000023
2007-06-10 20:00:00+00:00,0.0,0.0,282.65625,91.20477294921875,1.896484375,0.0,9.506250000000023
2007-06-10 21:00:00+00:00,0.0,1.96875,283.625,91.138916015625,4.033203125,1.96875,10.475000000000023
2007-06-10 22:00:00+00:00,0.0,27.78125,283.3125,90.697021484375,3.728515625,27.78125,10.162500000000023
2007-06-10 23:00:00+00:00,0.08984375,62.14453125,283.21875,87.69537353515625,2.48046875,62.234375,10.068750000000023
2007-06-11 00:00:00+00:00,4.1796875,51.7265625,283.734375,79.330322265625,1.337890625,55.90625,10.584375000000023
2007-06-11 01:00:00+00:00,4.71875,146.203125,284.59375,63.5537109375,2.15234375,150.921875,11.443750000000023
2007-06-11 02:00:00+00:00,32.7890625,194.3359375,285.078125,53.155029296875,3.357421875,227.125,11.928125000000023
2007-06-11 03:00:00+00:00,10.97265625,156.08984375,285.546875,49.88507080078125,3.966796875,167.0625,12.396875000000023
2007-06-11 04:00:00+00:00,146.3671875,145.0859375,285.640625,51.298583984375,4.49609375,291.453125,12.490625000000023
2007-06-11 05:00:00+00:00,21.3515625,65.5234375,285.640625,53.052001953125,4.79296875,86.875,12.490625000000023
2007-06-11 06:00:00+00:00,9.4609375,23.6171875,285.34375,54.6441650390625,4.841796875,33.078125,12.193750000000023
2007-06-11 07:00:00+00:00,0.0,0.03125,284.921875,56.469970703125,4.296875,0.03125,11.771875000000023
2007-06-11 08:00:00+00:00,0.0,0.0,284.28125,61.12054443359375,3.94921875,0.0,11.131250000000023
2007-06-11 09:00:00+00:00,0.0,0.0,283.1875,77.24493408203125,3.037109375,0.0,10.037500000000023
2007-06-11 10:00:00+00:00,0.0,0.0,282.6875,81.48382568359375,2.9609375,0.0,9.537500000000023
2007-06-11 11:00:00+00:00,0.0,0.0,282.28125,83.8609619140625,2.728515625,0.0,9.131250000000023
2007-06-11 12:00:00+00:00,0.0,0.0,281.96875,86.1239013671875,2.599609375,0.0,8.818750000000023
2007-06-11 13:00:00+00:00,0.0,0.0,281.71875,88.244873046875,2.41796875,0.0,8.568750000000023
2007-06-11 14:00:00+00:00,0.0,0.0,281.625,89.50592041015625,2.4140625,0.0,8.475000000000023
2007-06-11 15:00:00+00:00,0.0,0.0,281.328125,91.952880859375,3.224609375,0.0,8.178125000000023
2007-06-11 16:00:00+00:00,0.0,0.0,281.296875,92.119140625,3.123046875,0.0,8.146875000000023
2007-06-11 17:00:00+00:00,0.0,0.0,281.1875,92.07513427734375,3.162109375,0.0,8.037500000000023
2007-06-11 18:00:00+00:00,0.0,0.0,281.1875,90.75079345703125,3.064453125,0.0,8.037500000000023
2007-06-11 19:00:00+00:00,0.0,0.0,281.1875,89.451904296875,2.806640625,0.0,8.037500000000023
2007-06-11 20:00:00+00:00,0.0,0.0,280.9375,89.8935546875,2.564453125,0.0,7.787500000000023
2007-06-11 21:00:00+00:00,0.0,1.671875,281.09375,89.0648193359375,3.16015625,1.671875,7.943750000000023
2007-06-11 22:00:00+00:00,20.61328125,57.79296875,281.265625,88.17236328125,2.94921875,78.40625,8.115625000000023
2007-06-11 23:00:00+00:00,99.60546875,109.55078125,281.3125,86.55615234375,3.03515625,209.15625,8.162500000000023
2007-06-12 00:00:00+00:00,84.5,109.015625,281.953125,81.81280517578125,2.970703125,193.515625,8.803125000000023
2007-06-12 01:00:00+00:00,43.17578125,191.63671875,282.859375,79.590576171875,3.28515625,234.8125,9.709375000000023
2007-06-12 02:00:00+00:00,133.59375,218.5,283.625,78.17901611328125,4.087890625,352.09375,10.475000000000023
2007-06-12 03:00:00+00:00,187.58984375,104.91015625,284.25,73.2808837890625,4.46484375,292.5,11.100000000000023
2007-06-12 04:00:00+00:00,176.35546875,85.83203125,284.328125,75.5299072265625,4.318359375,262.1875,11.178125000000023
2007-06-12 05:00:00+00:00,29.4296875,0.0,284.34375,75.9136962890625,4.5625,17.640625,11.193750000000023
2007-06-12 06:00:00+00:00,10.640625,1.390625,284.5625,70.97900390625,3.857421875,12.03125,11.412500000000023
2007-06-12 07:00:00+00:00,0.0,0.03125,285.140625,62.20745849609375,3.314453125,0.03125,11.990625000000023
2007-06-12 08:00:00+00:00,0.0,0.0,284.78125,61.804931640625,3.544921875,0.0,11.631250000000023
2007-06-12 09:00:00+00:00,0.0,0.0,283.625,69.9808349609375,3.607421875,0.0,10.475000000000023
2007-06-12 10:00:00+00:00,0.0,0.0,283.078125,73.4422607421875,3.333984375,0.0,9.928125000000023
2007-06-12 11:00:00+00:00,0.0,0.0,282.65625,74.63800048828125,3.4375,0.0,9.506250000000023
2007-06-12 12:00:00+00:00,0.0,0.0,282.296875,75.14324951171875,3.078125,0.0,9.146875000000023
2007-06-12 13:00:00+00:00,0.0,0.0,282.1875,75.8079833984375,3.107421875,0.0,9.037500000000023
2007-06-12 14:00:00+00:00,0.0,0.0,282.1875,75.9239501953125,3.341796875,0.0,9.037500000000023
2007-06-12 15:00:00+00:00,0.0,0.0,281.734375,81.3651123046875,3.494140625,0.0,8.584375000000023
2007-06-12 16:00:00+00:00,0.0,0.0,281.96875,81.832275390625,3.9609375,0.0,8.818750000000023
2007-06-12 17:00:00+00:00,0.0,0.0,282.09375,83.12359619140625,4.56640625,0.0,8.943750000000023
2007-06-12 18:00:00+00:00,0.0,0.0,282.25,85.6243896484375,4.51171875,0.0,9.100000000000023
2007-06-12 19:00:00+00:00,0.0,0.0,282.109375,91.90289306640625,3.640625,0.0,8.959375000000023
2007-06-12 20:00:00+00:00,0.0,0.0,282.421875,89.4000244140625,2.7109375,0.0,9.271875000000023
2007-06-12 21:00:00+00:00,0.0,3.34375,283.125,73.2952880859375,2.564453125,3.34375,9.975000000000023
2007-06-12 22:00:00+00:00,5.0078125,66.1015625,283.609375,61.668701171875,2.748046875,71.109375,10.459375000000023
2007-06-12 23:00:00+00:00,10.03125,100.46875,284.046875,55.114501953125,2.94921875,110.5,10.896875000000023
2007-06-13 00:00:00+00:00,61.8046875,145.6953125,284.171875,54.70538330078125,3.1875,207.5,11.021875000000023
2007-06-13 01:00:00+00:00,213.84375,163.09375,284.328125,57.46978759765625,4.033203125,376.9375,11.178125000000023
2007-06-13 02:00:00+00:00,115.7421875,191.5078125,284.96875,52.093994140625,5.1015625,307.25,11.818750000000023
2007-06-13 03:00:00+00:00,189.1015625,122.2890625,285.15625,55.16375732421875,5.392578125,311.390625,12.006250000000023
2007-06-13 04:00:00+00:00,69.953125,40.578125,284.875,59.4722900390625,5.48828125,110.53125,11.725000000000023
2007-06-13 05:00:00+00:00,58.32421875,80.48828125,284.640625,59.3304443359375,5.15625,138.8125,11.490625000000023
2007-06-13 06:00:00+00:00,7.08203125,30.23046875,284.84375,52.6895751953125,4.91015625,37.3125,11.693750000000023
2007-06-13 07:00:00+00:00,0.0,0.015625,284.65625,53.219482421875,4.849609375,0.015625,11.506250000000023
2007-06-13 08:00:00+00:00,0.0,0.0,284.453125,52.2294921875,4.30078125,0.0,11.303125000000023
2007-06-13 09:00:00+00:00,0.0,0.0,283.9375,52.4017333984375,3.30078125,0.0,10.787500000000023
2007-06-13 10:00:00+00:00,0.0,0.0,283.53125,53.9287109375,2.890625,0.0,10.381250000000023
2007-06-13 11:00:00+00:00,0.0,0.0,283.25,57.78515625,2.599609375,0.0,10.100000000000023
2007-06-13 12:00:00+00:00,0.0,0.0,283.0,61.09088134765625,2.3203125,0.0,9.850000000000023
2007-06-13 13:00:00+00:00,0.0,0.0,282.796875,62.75811767578125,1.97265625,0.0,9.646875000000023
2007-06-13 14:00:00+00:00,0.0,0.0,282.625,62.80615234375,1.638671875,0.0,9.475000000000023
2007-06-13 15:00:00+00:00,0.0,0.0,281.375,68.95208740234375,1.373046875,0.0,8.225000000000023
2007-06-13 16:00:00+00:00,0.0,0.0,281.09375,67.76849365234375,1.265625,0.0,7.943750000000023
2007-06-13 17:00:00+00:00,0.0,0.0,280.890625,67.00250244140625,0.841796875,0.0,7.740625000000023
2007-06-13 18:00:00+00:00,0.0,0.0,280.84375,66.77923583984375,0.96484375,0.0,7.693750000000023
2007-06-13 19:00:00+00:00,0.0,0.0,280.796875,66.754638671875,1.01953125,0.0,7.646875000000023
2007-06-13 20:00:00+00:00,0.0,0.0,280.875,64.92218017578125,1.275390625,0.0,7.725000000000023
2007-06-13 21:00:00+00:00,0.171875,3.59375,278.328125,82.0003662109375,0.962890625,3.765625,5.178125000000023
2007-06-13 22:00:00+00:00,22.84765625,55.08984375,278.34375,82.6878662109375,1.515625,77.9375,5.193750000000023
2007-06-13 23:00:00+00:00,105.68359375,89.47265625,278.84375,79.68548583984375,1.345703125,195.15625,5.693750000000023
2007-06-14 00:00:00+00:00,116.16015625,140.29296875,280.21875,72.66754150390625,1.69921875,256.453125,7.068750000000023
2007-06-14 01:00:00+00:00,82.1953125,161.7421875,281.484375,68.01080322265625,1.90625,243.9375,8.334375000000023
2007-06-14 02:00:00+00:00,153.4296875,168.8984375,282.578125,65.41937255859375,2.263671875,322.328125,9.428125000000023
2007-06-14 03:00:00+00:00,66.02734375,203.48828125,283.453125,68.19366455078125,2.857421875,269.515625,10.303125000000023
2007-06-14 04:00:00+00:00,99.02734375,72.87890625,284.578125,59.977294921875,3.708984375,171.90625,11.428125000000023
2007-06-14 05:00:00+00:00,76.02734375,72.87890625,285.234375,56.745361328125,3.990234375,148.90625,12.084375000000023
2007-06-14 06:00:00+00:00,19.0234375,18.4453125,285.671875,53.36895751953125,3.474609375,37.46875,12.521875000000023
2007-06-14 07:00:00+00:00,0.0,0.015625,285.5,54.65997314453125,3.521484375,0.015625,12.350000000000023
2007-06-14 08:00:00+00:00,0.0,0.0,285.203125,54.42572021484375,3.537109375,0.0,12.053125000000023
2007-06-14 09:00:00+00:00,0.0,0.0,284.515625,66.7568359375,3.712890625,0.0,11.365625000000023
2007-06-14 10:00:00+00:00,0.0,0.0,284.03125,69.63360595703125,3.6328125,0.0,10.881250000000023
2007-06-14 11:00:00+00:00,0.0,0.0,283.375,73.73284912109375,3.63671875,0.0,10.225000000000023
2007-06-14 12:00:00+00:00,0.0,0.0,282.875,75.44781494140625,3.5625,0.0,9.725000000000023
2007-06-14 13:00:00+00:00,0.0,0.0,282.359375,77.11724853515625,3.31640625,0.0,9.209375000000023
2007-06-14 14:00:00+00:00,0.0,0.0,281.984375,78.09967041015625,2.806640625,0.0,8.834375000000023
2007-06-14 15:00:00+00:00,0.0,0.0,280.25,85.9339599609375,1.58203125,0.0,7.100000000000023
2007-06-14 16:00:00+00:00,0.0,0.0,279.859375,87.98095703125,1.43359375,0.0,6.709375000000023
2007-06-14 17:00:00+00:00,0.0,0.0,278.921875,93.82879638671875,0.9453125,0.0,5.771875000000023
2007-06-14 18:00:00+00:00,0.0,0.0,278.078125,96.64093017578125,0.345703125,0.0,4.928125000000023
2007-06-14 19:00:00+00:00,0.0,0.0,277.53125,97.68853759765625,0.345703125,0.0,4.381250000000023
2007-06-14 20:00:00+00:00,0.0,0.0,276.90625,98.785400390625,0.798828125,0.0,3.7562500000000227
2007-06-14 21:00:00+00:00,0.0,3.28125,276.296875,99.995849609375,1.591796875,3.28125,3.1468750000000227
2007-06-14 22:00:00+00:00,0.63671875,54.64453125,275.953125,99.42144775390625,1.560546875,55.28125,2.8031250000000227
2007-06-14 23:00:00+00:00,16.7578125,121.2734375,276.078125,99.12799072265625,1.236328125,138.03125,2.9281250000000227
2007-06-15 00:00:00+00:00,19.5859375,179.9765625,276.0625,98.76220703125,1.22265625,199.5625,2.9125000000000227
2007-06-15 01:00:00+00:00,18.28515625,192.08984375,276.359375,98.4442138671875,0.8671875,210.375,3.2093750000000227
2007-06-15 02:00:00+00:00,40.140625,245.875,276.671875,98.10601806640625,0.66796875,286.015625,3.5218750000000227
2007-06-15 03:00:00+00:00,18.65234375,183.67578125,277.25,97.5947265625,0.771484375,202.328125,4.100000000000023
2007-06-15 04:00:00+00:00,30.76953125,162.05859375,277.9375,95.7520751953125,0.80078125,192.828125,4.787500000000023
2007-06-15 05:00:00+00:00,63.5703125,86.5703125,278.75,93.0360107421875,0.640625,150.140625,5.600000000000023
2007-06-15 06:00:00+00:00,46.015625,14.765625,280.015625,88.4290771484375,0.576171875,60.78125,6.865625000000023
2007-06-15 07:00:00+00:00,0.0,0.03125,281.25,82.37652587890625,1.236328125,0.03125,8.100000000000023
2007-06-15 08:00:00+00:00,0.0,0.0,281.984375,79.236083984375,1.345703125,0.0,8.834375000000023
2007-06-15 09:00:00+00:00,0.0,0.0,282.171875,88.3345947265625,1.1484375,0.0,9.021875000000023
2007-06-15 10:00:00+00:00,0.0,0.0,282.15625,93.30450439453125,0.75,0.0,9.006250000000023
2007-06-15 11:00:00+00:00,0.0,0.0,281.515625,96.46044921875,0.859375,0.0,8.365625000000023
2007-06-15 12:00:00+00:00,0.0,0.0,281.15625,95.9215087890625,1.212890625,0.0,8.006250000000023
2007-06-15 13:00:00+00:00,0.0,0.0,280.40625,97.2430419921875,0.75,0.0,7.256250000000023
2007-06-15 14:00:00+00:00,0.0,0.0,280.5625,97.58544921875,1.27734375,0.0,7.412500000000023
2007-06-15 15:00:00+00:00,0.0,0.0,279.640625,100.15411376953125,0.447265625,0.0,6.490625000000023
2007-06-15 16:00:00+00:00,0.0,0.0,280.3125,100.38958740234375,0.951171875,0.0,7.162500000000023
2007-06-15 17:00:00+00:00,0.0,0.0,280.421875,100.1502685546875,0.970703125,0.0,7.271875000000023
2007-06-15 18:00:00+00:00,0.0,0.0,280.515625,100.25927734375,1.126953125,0.0,7.365625000000023
2007-06-15 19:00:00+00:00,0.0,0.0,280.671875,100.03485107421875,1.185546875,0.0,7.521875000000023
2007-06-15 20:00:00+00:00,0.0,0.0,280.671875,100.1234130859375,1.126953125,0.0,7.521875000000023
2007-06-15 21:00:00+00:00,0.0,1.84375,280.578125,99.66497802734375,1.126953125,1.84375,7.428125000000023
2007-06-15 22:00:00+00:00,0.24609375,41.84765625,280.703125,99.03778076171875,0.880859375,42.09375,7.553125000000023
2007-06-15 23:00:00+00:00,8.60546875,90.86328125,280.890625,98.12506103515625,0.841796875,99.46875,7.740625000000023
2007-06-16 00:00:00+00:00,5.9921875,151.8203125,281.25,95.6134033203125,0.880859375,157.8125,8.100000000000023
2007-06-16 01:00:00+00:00,14.75390625,146.08984375,281.65625,92.7266845703125,1.056640625,160.84375,8.506250000000023
2007-06-16 02:00:00+00:00,118.6328125,136.9453125,282.0,90.0218505859375,1.126953125,255.578125,8.850000000000023
2007-06-16 03:00:00+00:00,41.06640625,146.66796875,282.859375,86.89849853515625,0.970703125,187.734375,9.709375000000023
2007-06-16 04:00:00+00:00,64.8359375,135.6796875,283.125,85.52191162109375,1.091796875,200.515625,9.975000000000023
2007-06-16 05:00:00+00:00,7.65625,75.5,283.609375,83.15386962890625,1.064453125,83.15625,10.459375000000023
2007-06-16 06:00:00+00:00,3.1953125,20.0703125,283.8125,83.07342529296875,0.73828125,23.265625,10.662500000000023
2007-06-16 07:00:00+00:00,0.0,0.015625,284.046875,81.8643798828125,0.7890625,0.015625,10.896875000000023
2007-06-16 08:00:00+00:00,0.0,0.0,284.171875,81.5736083984375,1.5625,0.0,11.021875000000023
2007-06-16 09:00:00+00:00,0.0,0.0,284.1875,79.476318359375,1.099609375,0.0,11.037500000000023
2007-06-16 10:00:00+00:00,0.0,0.0,284.109375,80.0517578125,0.90625,0.0,10.959375000000023
2007-06-16 11:00:00+00:00,0.0,0.0,284.125,80.46002197265625,0.625,0.0,10.975000000000023
2007-06-16 12:00:00+00:00,0.0,0.0,284.0,81.39715576171875,0.5078125,0.0,10.850000000000023
2007-06-16 13:00:00+00:00,0.0,0.0,283.859375,82.51153564453125,0.53125,0.0,10.709375000000023
2007-06-16 14:00:00+00:00,0.0,0.0,283.5625,85.595947265625,0.46875,0.0,10.412500000000023
2007-06-16 15:00:00+00:00,0.0,0.0,282.09375,88.44329833984375,0.939453125,0.0,8.943750000000023
2007-06-16 16:00:00+00:00,0.0,0.0,281.734375,90.04034423828125,1.16796875,0.0,8.584375000000023
2007-06-16 17:00:00+00:00,0.0,0.0,281.46875,90.6229248046875,0.89453125,0.0,8.318750000000023
2007-06-16 18:00:00+00:00,0.0,0.0,281.25,92.4951171875,0.66015625,0.0,8.100000000000023
2007-06-16 19:00:00+00:00,0.0,0.0,281.234375,93.7008056640625,0.83984375,0.0,8.084375000000023
2007-06-16 20:00:00+00:00,0.0,0.0,281.359375,93.6280517578125,0.673828125,0.0,8.209375000000023
2007-06-16 21:00:00+00:00,0.0,1.984375,281.75,91.3616943359375,0.43359375,1.984375,8.600000000000023
2007-06-16 22:00:00+00:00,7.81640625,49.01171875,281.625,92.24407958984375,0.39453125,56.828125,8.475000000000023
2007-06-16 23:00:00+00:00,11.05859375,60.37890625,281.546875,93.10357666015625,0.376953125,71.4375,8.396875000000023
2007-06-17 00:00:00+00:00,25.7578125,160.6171875,281.6875,93.5546875,0.494140625,186.375,8.537500000000023
2007-06-17 01:00:00+00:00,33.92578125,220.98046875,282.1875,92.43804931640625,0.89453125,254.90625,9.037500000000023
2007-06-17 02:00:00+00:00,6.59375,87.53125,282.875,91.395263671875,0.783203125,94.125,9.725000000000023
2007-06-17 03:00:00+00:00,7.25,99.390625,283.609375,92.53912353515625,1.484375,106.640625,10.459375000000023
2007-06-17 04:00:00+00:00,31.7734375,164.5859375,285.0,79.90692138671875,4.31640625,196.359375,11.850000000000023
2007-06-17 05:00:00+00:00,33.515625,75.109375,284.78125,76.6470947265625,5.220703125,108.625,11.631250000000023
2007-06-17 06:00:00+00:00,5.74609375,20.42578125,284.109375,80.466796875,4.765625,26.171875,10.959375000000023
2007-06-17 07:00:00+00:00,0.0,0.015625,283.625,81.4580078125,4.00390625,0.015625,10.475000000000023
2007-06-17 08:00:00+00:00,0.0,0.0,283.828125,72.54443359375,2.8671875,0.0,10.678125000000023
2007-06-17 09:00:00+00:00,0.0,0.0,283.515625,71.89276123046875,2.33203125,0.0,10.365625000000023
2007-06-17 10:00:00+00:00,0.0,0.0,283.4375,68.1346435546875,2.48828125,0.0,10.287500000000023
2007-06-17 11:00:00+00:00,0.0,0.0,283.265625,64.247802734375,3.169921875,0.0,10.115625000000023
2007-06-17 12:00:00+00:00,0.0,0.0,283.109375,63.5577392578125,3.205078125,0.0,9.959375000000023
2007-06-17 13:00:00+00:00,0.0,0.0,283.0,61.931884765625,2.865234375,0.0,9.850000000000023
2007-06-17 14:00:00+00:00,0.0,0.0,282.859375,61.03546142578125,2.5625,0.0,9.709375000000023
2007-06-17 15:00:00+00:00,0.0,0.0,282.15625,63.633056640625,2.4609375,0.0,9.006250000000023
2007-06-17 16:00:00+00:00,0.0,0.0,282.0625,61.98638916015625,2.5390625,0.0,8.912500000000023
2007-06-17 17:00:00+00:00,0.0,0.0,281.828125,61.0333251953125,2.751953125,0.0,8.678125000000023
2007-06-17 18:00:00+00:00,0.0,0.0,281.625,60.43365478515625,2.736328125,0.0,8.475000000000023
2007-06-17 19:00:00+00:00,0.0,0.0,281.40625,61.17425537109375,2.298828125,0.0,8.256250000000023
2007-06-17 20:00:00+00:00,0.0,0.0,281.15625,62.8214111328125,1.859375,0.0,8.006250000000023
2007-06-17 21:00:00+00:00,0.3125,4.109375,279.984375,71.48297119140625,1.552734375,4.421875,6.834375000000023
2007-06-17 22:00:00+00:00,47.82421875,47.53515625,279.4375,74.52935791015625,1.162109375,95.359375,6.287500000000023
2007-06-17 23:00:00+00:00,32.0,88.578125,278.703125,77.92791748046875,0.4765625,120.578125,5.553125000000023
2007-06-18 00:00:00+00:00,36.44140625,171.48046875,280.453125,70.07025146484375,0.544921875,207.921875,7.303125000000023
2007-06-18 01:00:00+00:00,32.359375,176.890625,281.21875,69.67779541015625,1.314453125,209.25,8.068750000000023
2007-06-18 02:00:00+00:00,7.5390625,122.7734375,281.671875,71.91448974609375,1.90234375,130.3125,8.521875000000023
2007-06-18 03:00:00+00:00,30.55859375,233.14453125,282.015625,71.1956787109375,2.755859375,263.703125,8.865625000000023
2007-06-18 04:00:00+00:00,92.68359375,139.14453125,282.5,66.87945556640625,2.55078125,231.828125,9.350000000000023
2007-06-18 05:00:00+00:00,86.6171875,77.4296875,282.984375,60.47845458984375,2.599609375,164.046875,9.834375000000023
2007-06-18 06:00:00+00:00,25.1640625,23.5390625,283.53125,53.63580322265625,2.98046875,48.703125,10.381250000000023
2007-06-18 07:00:00+00:00,0.0,0.046875,283.640625,50.7396240234375,3.259765625,0.046875,10.490625000000023
2007-06-18 08:00:00+00:00,0.0,0.0,283.421875,56.37286376953125,3.087890625,0.0,10.271875000000023
2007-06-18 09:00:00+00:00,0.0,0.0,282.71875,59.70953369140625,3.232421875,0.0,9.568750000000023
2007-06-18 10:00:00+00:00,0.0,0.0,282.265625,54.8162841796875,3.69140625,0.0,9.115625000000023
2007-06-18 11:00:00+00:00,0.0,0.0,281.625,57.04986572265625,3.193359375,0.0,8.475000000000023
2007-06-18 12:00:00+00:00,0.0,0.0,281.203125,60.264892578125,3.349609375,0.0,8.053125000000023
2007-06-18 13:00:00+00:00,0.0,0.0,281.078125,64.73223876953125,3.33203125,0.0,7.928125000000023
2007-06-18 14:00:00+00:00,0.0,0.0,281.046875,67.2799072265625,2.923828125,0.0,7.896875000000023
2007-06-18 15:00:00+00:00,0.0,0.0,279.6875,76.09869384765625,2.65234375,0.0,6.537500000000023
2007-06-18 16:00:00+00:00,0.0,0.0,280.0,76.132080078125,2.955078125,0.0,6.850000000000023
2007-06-18 17:00:00+00:00,0.0,0.0,280.4375,77.0595703125,3.439453125,0.0,7.287500000000023
2007-06-18 18:00:00+00:00,0.0,0.0,280.875,77.586181640625,3.880859375,0.0,7.725000000000023
2007-06-18 19:00:00+00:00,0.0,0.0,281.375,75.45343017578125,4.369140625,0.0,8.225000000000023
2007-06-18 20:00:00+00:00,0.0,0.0,281.78125,73.1435546875,4.447265625,0.0,8.631250000000023
2007-06-18 21:00:00+00:00,0.0,2.65625,281.71875,74.54119873046875,4.572265625,2.65625,8.568750000000023
2007-06-18 22:00:00+00:00,0.23828125,15.74609375,282.234375,71.67340087890625,4.921875,15.984375,9.084375000000023
2007-06-18 23:00:00+00:00,0.01171875,48.30078125,282.671875,69.8712158203125,4.98046875,48.3125,9.521875000000023
2007-06-19 00:00:00+00:00,2.37890625,104.08984375,283.28125,67.9957275390625,5.20703125,106.46875,10.131250000000023
2007-06-19 01:00:00+00:00,39.96484375,167.97265625,283.875,66.1510009765625,5.92578125,207.9375,10.725000000000023
2007-06-19 02:00:00+00:00,181.39453125,183.65234375,283.984375,67.18878173828125,7.037109375,365.046875,10.834375000000023
2007-06-19 03:00:00+00:00,77.28125,174.484375,284.71875,66.849609375,7.23828125,251.765625,11.568750000000023
2007-06-19 04:00:00+00:00,74.59375,144.1875,284.703125,67.91082763671875,7.099609375,218.78125,11.553125000000023
2007-06-19 05:00:00+00:00,8.30078125,47.05859375,284.65625,68.7930908203125,6.716796875,55.359375,11.506250000000023
2007-06-19 06:00:00+00:00,0.0,18.546875,284.515625,69.21148681640625,6.41796875,18.546875,11.365625000000023
2007-06-19 07:00:00+00:00,0.0,0.03125,284.5625,67.13055419921875,6.134765625,0.03125,11.412500000000023
2007-06-19 08:00:00+00:00,0.0,0.0,284.390625,67.220458984375,5.5234375,0.0,11.240625000000023
2007-06-19 09:00:00+00:00,0.0,0.0,283.375,77.598388671875,4.845703125,0.0,10.225000000000023
2007-06-19 10:00:00+00:00,0.0,0.0,282.96875,80.29583740234375,4.56640625,0.0,9.818750000000023
2007-06-19 11:00:00+00:00,0.0,0.0,282.703125,81.26470947265625,4.271484375,0.0,9.553125000000023
2007-06-19 12:00:00+00:00,0.0,0.0,282.375,81.834228515625,4.158203125,0.0,9.225000000000023
2007-06-19 13:00:00+00:00,0.0,0.0,282.25,80.3330078125,3.880859375,0.0,9.100000000000023
2007-06-19 14:00:00+00:00,0.0,0.0,282.375,74.42047119140625,3.341796875,0.0,9.225000000000023
2007-06-19 15:00:00+00:00,0.0,0.0,282.1875,76.83453369140625,2.92578125,0.0,9.037500000000023
2007-06-19 16:00:00+00:00,0.0,0.0,282.53125,66.22119140625,3.03125,0.0,9.381250000000023
2007-06-19 17:00:00+00:00,0.0,0.0,282.484375,64.34234619140625,3.12890625,0.0,9.334375000000023
2007-06-19 18:00:00+00:00,0.0,0.0,282.515625,66.2322998046875,3.322265625,0.0,9.365625000000023
2007-06-19 19:00:00+00:00,0.0,0.0,282.515625,66.610107421875,3.623046875,0.0,9.365625000000023
2007-06-19 20:00:00+00:00,0.0,0.0,282.5625,65.2564697265625,2.857421875,0.0,9.412500000000023
2007-06-19 21:00:00+00:00,0.0,1.9375,282.234375,65.72119140625,2.3203125,1.9375,9.084375000000023
2007-06-19 22:00:00+00:00,1.25,45.859375,280.84375,83.6151123046875,3.22265625,47.109375,7.693750000000023
2007-06-19 23:00:00+00:00,4.16015625,96.77734375,280.625,85.3079833984375,3.673828125,100.9375,7.475000000000023
2007-06-20 00:00:00+00:00,6.9140625,165.6953125,280.875,87.1370849609375,3.796875,172.609375,7.725000000000023
2007-06-20 01:00:00+00:00,167.21875,165.484375,281.859375,83.830078125,3.28125,332.703125,8.709375000000023
2007-06-20 02:00:00+00:00,102.98046875,30.50390625,283.0,72.57794189453125,4.27734375,133.484375,9.850000000000023
2007-06-20 03:00:00+00:00,131.7734375,152.3046875,283.640625,68.55364990234375,4.556640625,284.078125,10.490625000000023
2007-06-20 04:00:00+00:00,90.734375,114.75,284.0,67.7442626953125,5.048828125,205.484375,10.850000000000023
2007-06-20 05:00:00+00:00,71.703125,87.6875,283.625,73.32037353515625,5.564453125,159.390625,10.475000000000023
2007-06-20 06:00:00+00:00,26.0859375,11.6484375,283.625,71.61328125,4.724609375,37.734375,10.475000000000023
2007-06-20 07:00:00+00:00,0.0,0.046875,283.609375,70.08642578125,4.2421875,0.046875,10.459375000000023
2007-06-20 08:00:00+00:00,0.0,0.0,283.28125,71.51202392578125,3.955078125,0.0,10.131250000000023
2007-06-20 09:00:00+00:00,0.0,0.0,282.515625,74.1231689453125,4.125,0.0,9.365625000000023
2007-06-20 10:00:00+00:00,0.0,0.0,282.203125,77.18896484375,4.06640625,0.0,9.053125000000023
2007-06-20 11:00:00+00:00,0.0,0.0,281.984375,78.2069091796875,4.15625,0.0,8.834375000000023
2007-06-20 12:00:00+00:00,0.0,0.0,281.765625,79.3995361328125,4.19140625,0.0,8.615625000000023
2007-06-20 13:00:00+00:00,0.0,0.0,281.8125,80.2177734375,4.451171875,0.0,8.662500000000023
2007-06-20 14:00:00+00:00,0.0,0.0,281.8125,83.2406005859375,4.9375,0.0,8.662500000000023
2007-06-20 15:00:00+00:00,0.0,0.0,282.28125,85.61663818359375,5.62109375,0.0,9.131250000000023
2007-06-20 16:00:00+00:00,0.0,0.0,282.640625,88.08270263671875,5.294921875,0.0,9.490625000000023
2007-06-20 17:00:00+00:00,0.0,0.0,282.625,89.79339599609375,4.685546875,0.0,9.475000000000023
2007-06-20 18:00:00+00:00,0.0,0.0,283.046875,80.71923828125,4.78125,0.0,9.896875000000023
2007-06-20 19:00:00+00:00,0.0,0.0,282.953125,76.771240234375,4.70703125,0.0,9.803125000000023
2007-06-20 20:00:00+00:00,0.0,0.0,282.84375,73.00054931640625,4.375,0.0,9.693750000000023
2007-06-20 21:00:00+00:00,0.01953125,2.79296875,282.90625,67.45770263671875,4.173828125,2.8125,9.756250000000023
2007-06-20 22:00:00+00:00,31.08203125,45.66796875,282.71875,63.30047607421875,4.421875,76.75,9.568750000000023
2007-06-20 23:00:00+00:00,167.98046875,72.20703125,282.5,60.09588623046875,4.78125,240.1875,9.350000000000023
2007-06-21 00:00:00+00:00,236.44140625,97.63671875,283.0,54.31634521484375,4.90625,334.078125,9.850000000000023
2007-06-21 01:00:00+00:00,235.6796875,141.3359375,283.46875,47.52783203125,6.318359375,377.015625,10.318750000000023
2007-06-21 02:00:00+00:00,325.15625,94.953125,283.515625,45.48626708984375,6.345703125,420.109375,10.365625000000023
2007-06-21 03:00:00+00:00,40.37890625,92.77734375,283.78125,45.236328125,5.947265625,133.15625,10.631250000000023
2007-06-21 04:00:00+00:00,40.84765625,128.02734375,283.734375,44.3104248046875,5.884765625,168.875,10.584375000000023
2007-06-21 05:00:00+00:00,112.71484375,80.03515625,283.65625,43.74737548828125,5.81640625,192.75,10.506250000000023
2007-06-21 06:00:00+00:00,43.26953125,12.58984375,283.5,43.446044921875,5.564453125,55.859375,10.350000000000023
2007-06-21 07:00:00+00:00,0.0,0.046875,283.046875,43.976806640625,5.078125,0.046875,9.896875000000023
2007-06-21 08:00:00+00:00,0.0,0.0,282.625,45.6038818359375,4.45703125,0.0,9.475000000000023
2007-06-21 09:00:00+00:00,0.0,0.0,282.3125,48.21502685546875,3.5546875,0.0,9.162500000000023
2007-06-21 10:00:00+00:00,0.0,0.0,282.015625,49.634033203125,3.208984375,0.0,8.865625000000023
2007-06-21 11:00:00+00:00,0.0,0.0,281.96875,50.84075927734375,2.9296875,0.0,8.818750000000023
2007-06-21 12:00:00+00:00,0.0,0.0,281.734375,54.57940673828125,2.431640625,0.0,8.584375000000023
2007-06-21 13:00:00+00:00,0.0,0.0,281.71875,57.3924560546875,2.3046875,0.0,8.568750000000023
2007-06-21 14:00:00+00:00,0.0,0.0,281.8125,58.7230224609375,2.328125,0.0,8.662500000000023
2007-06-21 15:00:00+00:00,0.0,0.0,279.734375,70.94390869140625,0.912109375,0.0,6.584375000000023
2007-06-21 16:00:00+00:00,0.0,0.0,280.28125,74.5125732421875,0.66015625,0.0,7.131250000000023
2007-06-21 17:00:00+00:00,0.0,0.0,280.34375,78.6502685546875,0.732421875,0.0,7.193750000000023
2007-06-21 18:00:00+00:00,0.0,0.0,280.15625,83.21795654296875,0.90625,0.0,7.006250000000023
2007-06-21 19:00:00+00:00,0.0,0.0,280.0,87.6627197265625,1.056640625,0.0,6.850000000000023
2007-06-21 20:00:00+00:00,0.0,0.0,280.03125,87.6573486328125,1.45703125,0.0,6.881250000000023
2007-06-21 21:00:00+00:00,0.0,1.171875,280.28125,78.80517578125,1.23046875,1.171875,7.131250000000023
2007-06-21 22:00:00+00:00,0.0,32.359375,280.671875,76.86541748046875,1.6796875,32.359375,7.521875000000023
2007-06-21 23:00:00+00:00,1.62890625,64.76171875,280.5,80.2022705078125,1.533203125,66.390625,7.350000000000023
2007-06-22 00:00:00+00:00,6.67578125,86.12109375,280.59375,82.89569091796875,1.732421875,92.796875,7.443750000000023
2007-06-22 01:00:00+00:00,6.296875,131.890625,280.890625,85.14288330078125,1.7421875,138.1875,7.740625000000023
2007-06-22 02:00:00+00:00,72.87890625,156.43359375,281.609375,85.295654296875,1.78515625,229.3125,8.459375000000023
2007-06-22 03:00:00+00:00,40.453125,70.015625,283.3125,72.27783203125,1.17578125,110.46875,10.162500000000023
2007-06-22 04:00:00+00:00,93.80078125,160.23046875,284.34375,71.32391357421875,2.240234375,254.03125,11.193750000000023
2007-06-22 05:00:00+00:00,111.40234375,67.70703125,284.859375,70.0010986328125,2.984375,179.109375,11.709375000000023
2007-06-22 06:00:00+00:00,19.125,22.34375,285.15625,69.6475830078125,3.271484375,41.46875,12.006250000000023
2007-06-22 07:00:00+00:00,0.0,0.0625,285.25,70.40118408203125,3.20703125,0.0625,12.100000000000023
2007-06-22 08:00:00+00:00,0.0,0.0,285.203125,73.065673828125,3.05078125,0.0,12.053125000000023
2007-06-22 09:00:00+00:00,0.0,0.0,285.0,72.5709228515625,2.27734375,0.0,11.850000000000023
2007-06-22 10:00:00+00:00,0.0,0.0,284.78125,76.11126708984375,1.990234375,0.0,11.631250000000023
2007-06-22 11:00:00+00:00,0.0,0.0,284.5,79.74237060546875,1.54296875,0.0,11.350000000000023
2007-06-22 12:00:00+00:00,0.0,0.0,284.21875,81.9520263671875,1.22265625,0.0,11.068750000000023
2007-06-22 13:00:00+00:00,0.0,0.0,283.875,83.51971435546875,1.470703125,0.0,10.725000000000023
2007-06-22 14:00:00+00:00,0.0,0.0,283.515625,84.178466796875,1.427734375,0.0,10.365625000000023
2007-06-22 15:00:00+00:00,0.0,0.0,283.171875,81.2098388671875,1.384765625,0.0,10.021875000000023
2007-06-22 16:00:00+00:00,0.0,0.0,282.625,83.923583984375,1.314453125,0.0,9.475000000000023
2007-06-22 17:00:00+00:00,0.0,0.0,282.234375,86.78857421875,1.259765625,0.0,9.084375000000023
2007-06-22 18:00:00+00:00,0.0,0.0,282.0,89.13568115234375,1.0625,0.0,8.850000000000023
2007-06-22 19:00:00+00:00,0.0,0.0,281.84375,91.018310546875,1.10546875,0.0,8.693750000000023
2007-06-22 20:00:00+00:00,0.0,0.0,281.765625,91.82928466796875,1.1328125,0.0,8.615625000000023
2007-06-22 21:00:00+00:00,0.0,2.71875,282.171875,85.0040283203125,1.15234375,2.71875,9.021875000000023
2007-06-22 22:00:00+00:00,0.1953125,19.1953125,281.796875,87.35247802734375,1.13671875,19.390625,8.646875000000023
2007-06-22 23:00:00+00:00,0.015625,64.140625,281.609375,89.37518310546875,1.107421875,64.15625,8.459375000000023
2007-06-23 00:00:00+00:00,2.1015625,132.6484375,281.6875,89.74462890625,1.28515625,134.75,8.537500000000023
2007-06-23 01:00:00+00:00,8.5546875,156.5078125,281.921875,89.2078857421875,1.298828125,165.0625,8.771875000000023
2007-06-23 02:00:00+00:00,30.328125,192.296875,282.265625,87.6422119140625,1.083984375,222.625,9.115625000000023
2007-06-23 03:00:00+00:00,143.73828125,154.48046875,283.875,73.99688720703125,0.251953125,298.21875,10.725000000000023
2007-06-23 04:00:00+00:00,31.1796875,133.0390625,284.453125,71.47442626953125,0.251953125,164.21875,11.303125000000023
2007-06-23 05:00:00+00:00,70.8828125,85.9140625,284.90625,69.40740966796875,0.67578125,156.796875,11.756250000000023
2007-06-23 06:00:00+00:00,33.0546875,16.5078125,285.1875,67.6217041015625,0.740234375,49.5625,12.037500000000023
2007-06-23 07:00:00+00:00,0.0,0.046875,285.25,66.83203125,0.689453125,0.046875,12.100000000000023
2007-06-23 08:00:00+00:00,0.0,0.0,285.25,66.50537109375,0.74609375,0.0,12.100000000000023
2007-06-23 09:00:00+00:00,0.0,0.0,284.953125,63.7119140625,0.791015625,0.0,11.803125000000023
2007-06-23 10:00:00+00:00,0.0,0.0,284.765625,63.7587890625,1.21875,0.0,11.615625000000023
2007-06-23 11:00:00+00:00,0.0,0.0,284.53125,63.20751953125,1.37890625,0.0,11.381250000000023
2007-06-23 12:00:00+00:00,0.0,0.0,284.265625,62.415771484375,1.525390625,0.0,11.115625000000023
2007-06-23 13:00:00+00:00,0.0,0.0,283.984375,63.4619140625,1.74609375,0.0,10.834375000000023
2007-06-23 14:00:00+00:00,0.0,0.0,283.609375,64.4163818359375,1.8984375,0.0,10.459375000000023
2007-06-23 15:00:00+00:00,0.0,0.0,282.875,68.9713134765625,1.39453125,0.0,9.725000000000023
2007-06-23 16:00:00+00:00,0.0,0.0,282.625,68.6029052734375,1.1875,0.0,9.475000000000023
2007-06-23 17:00:00+00:00,0.0,0.0,282.203125,70.26318359375,1.3984375,0.0,9.053125000000023
2007-06-23 18:00:00+00:00,0.0,0.0,281.53125,74.2235107421875,1.44921875,0.0,8.381250000000023
2007-06-23 19:00:00+00:00,0.0,0.0,280.765625,76.7509765625,1.626953125,0.0,7.615625000000023
2007-06-23 20:00:00+00:00,0.0,0.0,280.15625,76.2496337890625,1.7734375,0.0,7.006250000000023
2007-06-23 21:00:00+00:00,0.171875,3.625,278.484375,75.4808349609375,2.419921875,3.796875,5.334375000000023
2007-06-23 22:00:00+00:00,60.6328125,42.1640625,278.125,73.76190185546875,2.5078125,102.796875,4.975000000000023
2007-06-23 23:00:00+00:00,196.2890625,58.3515625,278.03125,71.70538330078125,2.609375,254.640625,4.881250000000023
2007-06-24 00:00:00+00:00,314.3515625,62.1171875,278.6875,67.128173828125,2.875,376.46875,5.537500000000023
2007-06-24 01:00:00+00:00,390.38671875,61.28515625,279.953125,63.10870361328125,3.25390625,451.671875,6.803125000000023
2007-06-24 02:00:00+00:00,414.12109375,58.47265625,281.296875,59.54705810546875,4.40625,472.59375,8.146875000000023
2007-06-24 03:00:00+00:00,394.76953125,46.46484375,283.234375,53.4112548828125,4.1953125,441.234375,10.084375000000023
2007-06-24 04:00:00+00:00,304.80078125,43.82421875,283.703125,51.8543701171875,4.22265625,348.625,10.553125000000023
2007-06-24 05:00:00+00:00,181.1640625,33.6484375,284.28125,50.31378173828125,4.162109375,214.8125,11.131250000000023
2007-06-24 06:00:00+00:00,47.92578125,12.73046875,284.578125,49.7266845703125,3.978515625,60.65625,11.428125000000023
2007-06-24 07:00:00+00:00,0.0,0.109375,284.328125,52.7779541015625,3.830078125,0.109375,11.178125000000023
2007-06-24 08:00:00+00:00,0.0,0.0,283.75,55.94512939453125,3.232421875,0.0,10.600000000000023
2007-06-24 09:00:00+00:00,0.0,0.0,283.953125,55.223876953125,2.44140625,0.0,10.803125000000023
2007-06-24 10:00:00+00:00,0.0,0.0,283.296875,57.1636962890625,2.2265625,0.0,10.146875000000023
2007-06-24 11:00:00+00:00,0.0,0.0,282.71875,58.54229736328125,2.224609375,0.0,9.568750000000023
2007-06-24 12:00:00+00:00,0.0,0.0,282.28125,59.14031982421875,2.095703125,0.0,9.131250000000023
2007-06-24 13:00:00+00:00,0.0,0.0,282.0625,58.11328125,1.857421875,0.0,8.912500000000023
2007-06-24 14:00:00+00:00,0.0,0.0,281.765625,57.11376953125,1.564453125,0.0,8.615625000000023
2007-06-24 15:00:00+00:00,0.0,0.0,281.4375,52.34814453125,1.78125,0.0,8.287500000000023
2007-06-24 16:00:00+00:00,0.0,0.0,281.1875,51.962890625,1.701171875,0.0,8.037500000000023
2007-06-24 17:00:00+00:00,0.0,0.0,280.6875,53.04437255859375,1.49609375,0.0,7.537500000000023
2007-06-24 18:00:00+00:00,0.0,0.0,279.53125,56.68231201171875,1.15625,0.0,6.381250000000023
2007-06-24 19:00:00+00:00,0.0,0.0,278.328125,61.10943603515625,1.041015625,0.0,5.178125000000023
2007-06-24 20:00:00+00:00,0.0,0.0,279.1875,56.9638671875,1.259765625,0.0,6.037500000000023
2007-06-24 21:00:00+00:00,0.0,2.453125,280.15625,54.731689453125,1.712890625,2.453125,7.006250000000023
2007-06-24 22:00:00+00:00,11.6640625,60.2578125,280.75,49.55889892578125,2.25390625,71.921875,7.600000000000023
2007-06-24 23:00:00+00:00,57.0,127.71875,281.296875,45.6182861328125,2.470703125,184.71875,8.146875000000023
2007-06-25 00:00:00+00:00,106.765625,170.078125,282.03125,44.116455078125,2.365234375,276.84375,8.881250000000023
2007-06-25 01:00:00+00:00,243.76171875,128.05078125,283.0625,44.560791015625,2.109375,371.8125,9.912500000000023
2007-06-25 02:00:00+00:00,364.1796875,87.5078125,284.53125,45.8167724609375,2.115234375,451.6875,11.381250000000023
2007-06-25 03:00:00+00:00,380.5859375,48.2734375,286.515625,48.6378173828125,3.244140625,428.859375,13.365625000000023
2007-06-25 04:00:00+00:00,302.859375,39.265625,287.609375,42.01580810546875,3.55078125,342.125,14.459375000000023
2007-06-25 05:00:00+00:00,96.09375,47.265625,287.890625,40.973876953125,3.958984375,143.359375,14.740625000000023
2007-06-25 06:00:00+00:00,18.359375,25.9375,287.6875,41.851806640625,3.97265625,44.296875,14.537500000000023
2007-06-25 07:00:00+00:00,0.0,0.09375,287.21875,43.7950439453125,3.806640625,0.09375,14.068750000000023
2007-06-25 08:00:00+00:00,0.0,0.0,286.625,47.32940673828125,3.25,0.0,13.475000000000023
2007-06-25 09:00:00+00:00,0.0,0.0,285.859375,49.8563232421875,2.76171875,0.0,12.709375000000023
2007-06-25 10:00:00+00:00,0.0,0.0,285.09375,54.57611083984375,2.470703125,0.0,11.943750000000023
2007-06-25 11:00:00+00:00,0.0,0.0,284.203125,58.37005615234375,2.34375,0.0,11.053125000000023
2007-06-25 12:00:00+00:00,0.0,0.0,283.4375,61.15045166015625,2.25,0.0,10.287500000000023
2007-06-25 13:00:00+00:00,0.0,0.0,282.890625,62.27197265625,2.158203125,0.0,9.740625000000023
2007-06-25 14:00:00+00:00,0.0,0.0,282.453125,63.08856201171875,2.0625,0.0,9.303125000000023
2007-06-25 15:00:00+00:00,0.0,0.0,282.15625,59.106201171875,1.966796875,0.0,9.006250000000023
2007-06-25 16:00:00+00:00,0.0,0.0,281.8125,58.98358154296875,1.658203125,0.0,8.662500000000023
2007-06-25 17:00:00+00:00,0.0,0.0,281.375,59.77862548828125,1.666015625,0.0,8.225000000000023
2007-06-25 18:00:00+00:00,0.0,0.0,280.984375,60.786865234375,2.005859375,0.0,7.834375000000023
2007-06-25 19:00:00+00:00,0.0,0.0,280.734375,61.61285400390625,2.107421875,0.0,7.584375000000023
2007-06-25 20:00:00+00:00,0.0,0.0,280.75,62.0462646484375,1.833984375,0.0,7.600000000000023
2007-06-25 21:00:00+00:00,0.0,2.21875,280.8125,65.59381103515625,1.556640625,2.21875,7.662500000000023
2007-06-25 22:00:00+00:00,6.890625,53.390625,280.765625,66.08819580078125,1.54296875,60.28125,7.615625000000023
2007-06-25 23:00:00+00:00,112.015625,101.234375,280.671875,67.2933349609375,1.5625,213.25,7.521875000000023
2007-06-26 00:00:00+00:00,174.8828125,136.7578125,281.046875,66.70489501953125,1.4140625,311.640625,7.896875000000023
2007-06-26 01:00:00+00:00,338.625,93.8125,281.890625,63.39508056640625,1.0078125,432.4375,8.740625000000023
2007-06-26 02:00:00+00:00,382.3515625,69.7890625,282.734375,59.43060302734375,0.7421875,452.140625,9.584375000000023
2007-06-26 03:00:00+00:00,60.66796875,170.70703125,283.296875,61.31805419921875,1.453125,231.375,10.146875000000023
2007-06-26 04:00:00+00:00,17.953125,55.71875,283.734375,62.7679443359375,1.341796875,73.671875,10.584375000000023
2007-06-26 05:00:00+00:00,112.34765625,80.15234375,284.078125,65.96484375,1.62109375,192.5,10.928125000000023
2007-06-26 06:00:00+00:00,43.984375,14.203125,284.34375,70.35791015625,2.1171875,58.1875,11.193750000000023
2007-06-26 07:00:00+00:00,0.00390625,0.12109375,284.359375,72.9534912109375,2.416015625,0.125,11.209375000000023
2007-06-26 08:00:00+00:00,0.0,0.0,284.15625,75.4158935546875,2.634765625,0.0,11.006250000000023
2007-06-26 09:00:00+00:00,0.0,0.0,284.4375,77.72674560546875,2.935546875,0.0,11.287500000000023
2007-06-26 10:00:00+00:00,0.0,0.0,283.84375,83.8380126953125,3.57421875,0.0,10.693750000000023
2007-06-26 11:00:00+00:00,0.0,0.0,283.671875,85.67840576171875,3.693359375,0.0,10.521875000000023
2007-06-26 12:00:00+00:00,0.0,0.0,283.828125,85.7860107421875,4.1328125,0.0,10.678125000000023
2007-06-26 13:00:00+00:00,0.0,0.0,284.265625,78.6607666015625,4.52734375,0.0,11.115625000000023
2007-06-26 14:00:00+00:00,0.0,0.0,284.34375,75.9910888671875,5.384765625,0.0,11.193750000000023
2007-06-26 15:00:00+00:00,0.0,0.0,284.25,79.240234375,4.875,0.0,11.100000000000023
2007-06-26 16:00:00+00:00,0.0,0.0,284.515625,73.472900390625,5.193359375,0.0,11.365625000000023
2007-06-26 17:00:00+00:00,0.0,0.0,284.6875,68.68548583984375,5.900390625,0.0,11.537500000000023
2007-06-26 18:00:00+00:00,0.0,0.0,284.421875,73.14208984375,6.09765625,0.0,11.271875000000023
2007-06-26 19:00:00+00:00,0.0,0.0,284.015625,83.55987548828125,6.173828125,0.0,10.865625000000023
2007-06-26 20:00:00+00:00,0.0,0.0,284.03125,84.45233154296875,6.0078125,0.0,10.881250000000023
2007-06-26 21:00:00+00:00,0.0,0.96875,284.46875,73.66217041015625,6.26953125,0.96875,11.318750000000023
2007-06-26 22:00:00+00:00,0.0,21.125,283.984375,80.3983154296875,6.486328125,21.125,10.834375000000023
2007-06-26 23:00:00+00:00,0.0,63.359375,284.390625,76.29022216796875,8.134765625,63.359375,11.240625000000023
2007-06-27 00:00:00+00:00,0.0,19.125,283.96875,83.0911865234375,8.484375,19.125,10.818750000000023
2007-06-27 01:00:00+00:00,0.0,89.0625,283.765625,85.4171142578125,8.478515625,89.0625,10.615625000000023
2007-06-27 02:00:00+00:00,0.0,58.21875,284.125,89.423095703125,8.1953125,58.21875,10.975000000000023
2007-06-27 03:00:00+00:00,0.0,21.0625,284.28125,88.58935546875,8.521484375,21.0625,11.131250000000023
2007-06-27 04:00:00+00:00,0.0,35.28125,284.328125,88.6839599609375,8.8046875,35.28125,11.178125000000023
2007-06-27 05:00:00+00:00,0.0,23.203125,284.46875,89.2698974609375,8.455078125,23.203125,11.318750000000023
2007-06-27 06:00:00+00:00,0.0,10.234375,284.78125,88.66229248046875,8.009765625,10.234375,11.631250000000023
2007-06-27 07:00:00+00:00,0.0,0.03125,284.78125,86.5048828125,8.53125,0.03125,11.631250000000023
2007-06-27 08:00:00+00:00,0.0,0.0,284.671875,88.1435546875,8.28125,0.0,11.521875000000023
2007-06-27 09:00:00+00:00,0.0,0.0,284.625,87.5885009765625,8.0390625,0.0,11.475000000000023
2007-06-27 10:00:00+00:00,0.0,0.0,284.703125,87.8009033203125,8.033203125,0.0,11.553125000000023
2007-06-27 11:00:00+00:00,0.0,0.0,284.828125,86.20751953125,7.984375,0.0,11.678125000000023
2007-06-27 12:00:00+00:00,0.0,0.0,284.828125,85.6990966796875,7.7578125,0.0,11.678125000000023
2007-06-27 13:00:00+00:00,0.0,0.0,284.75,87.096923828125,7.25,0.0,11.600000000000023
2007-06-27 14:00:00+00:00,0.0,0.0,284.859375,87.27178955078125,7.201171875,0.0,11.709375000000023
2007-06-27 15:00:00+00:00,0.0,0.0,284.875,87.4410400390625,6.7734375,0.0,11.725000000000023
2007-06-27 16:00:00+00:00,0.0,0.0,284.765625,88.3309326171875,6.4609375,0.0,11.615625000000023
2007-06-27 17:00:00+00:00,0.0,0.0,284.8125,89.359375,6.224609375,0.0,11.662500000000023
2007-06-27 18:00:00+00:00,0.0,0.0,284.859375,88.8009033203125,5.75,0.0,11.709375000000023
2007-06-27 19:00:00+00:00,0.0,0.0,284.890625,87.80560302734375,5.498046875,0.0,11.740625000000023
2007-06-27 20:00:00+00:00,0.0,0.0,285.0625,85.199462890625,5.1796875,0.0,11.912500000000023
2007-06-27 21:00:00+00:00,0.0,2.765625,285.328125,82.92401123046875,5.189453125,2.765625,12.178125000000023
2007-06-27 22:00:00+00:00,18.60546875,52.97265625,285.09375,83.059326171875,4.919921875,71.578125,11.943750000000023
2007-06-27 23:00:00+00:00,62.43359375,87.69140625,285.109375,81.8145751953125,4.52734375,150.125,11.959375000000023
2007-06-28 00:00:00+00:00,174.9375,103.3125,285.453125,79.676025390625,4.302734375,278.25,12.303125000000023
2007-06-28 01:00:00+00:00,292.77734375,102.00390625,286.03125,74.25103759765625,5.470703125,394.78125,12.881250000000023
2007-06-28 02:00:00+00:00,256.3515625,76.6171875,286.78125,66.96038818359375,5.83984375,332.96875,13.631250000000023
2007-06-28 03:00:00+00:00,271.8671875,60.9921875,287.5,62.248779296875,5.67578125,332.859375,14.350000000000023
2007-06-28 04:00:00+00:00,194.7734375,75.8984375,287.578125,61.5045166015625,5.537109375,270.671875,14.428125000000023
2007-06-28 05:00:00+00:00,134.74609375,53.34765625,287.640625,59.440185546875,5.3515625,188.09375,14.490625000000023
2007-06-28 06:00:00+00:00,30.484375,21.125,287.59375,59.14605712890625,5.341796875,51.609375,14.443750000000023
2007-06-28 07:00:00+00:00,0.0,0.1875,287.078125,61.8248291015625,4.8828125,0.1875,13.928125000000023
2007-06-28 08:00:00+00:00,0.0,0.0,286.421875,66.10650634765625,4.125,0.0,13.271875000000023
2007-06-28 09:00:00+00:00,0.0,0.0,285.796875,74.06280517578125,3.345703125,0.0,12.646875000000023
2007-06-28 10:00:00+00:00,0.0,0.0,285.359375,77.0560302734375,2.923828125,0.0,12.209375000000023
2007-06-28 11:00:00+00:00,0.0,0.0,285.09375,77.78302001953125,2.431640625,0.0,11.943750000000023
2007-06-28 12:00:00+00:00,0.0,0.0,284.75,80.76165771484375,2.171875,0.0,11.600000000000023
2007-06-28 13:00:00+00:00,0.0,0.0,284.109375,91.3348388671875,1.98828125,0.0,10.959375000000023
2007-06-28 14:00:00+00:00,0.0,0.0,284.0,89.9822998046875,1.419921875,0.0,10.850000000000023
2007-06-28 15:00:00+00:00,0.0,0.0,282.6875,92.240966796875,2.857421875,0.0,9.537500000000023
2007-06-28 16:00:00+00:00,0.0,0.0,282.484375,88.236083984375,3.42578125,0.0,9.334375000000023
2007-06-28 17:00:00+00:00,0.0,0.0,282.578125,86.3065185546875,3.67578125,0.0,9.428125000000023
2007-06-28 18:00:00+00:00,0.0,0.0,282.53125,85.27545166015625,2.978515625,0.0,9.381250000000023
2007-06-28 19:00:00+00:00,0.0,0.0,282.328125,83.21533203125,3.220703125,0.0,9.178125000000023
2007-06-28 20:00:00+00:00,0.0,0.0,282.09375,82.69512939453125,2.52734375,0.0,8.943750000000023
2007-06-28 21:00:00+00:00,0.0,1.265625,282.03125,81.140869140625,2.5078125,1.265625,8.881250000000023
2007-06-28 22:00:00+00:00,0.0,32.203125,281.921875,80.34881591796875,2.21484375,32.203125,8.771875000000023
2007-06-28 23:00:00+00:00,17.29296875,126.03515625,281.859375,79.67144775390625,2.787109375,143.328125,8.709375000000023
2007-06-29 00:00:00+00:00,143.703125,152.796875,282.046875,79.51751708984375,2.78125,296.5,8.896875000000023
2007-06-29 01:00:00+00:00,47.375,189.875,282.5625,78.26593017578125,2.564453125,237.25,9.412500000000023
2007-06-29 02:00:00+00:00,148.72265625,226.08984375,283.15625,75.49664306640625,2.080078125,374.8125,10.006250000000023
2007-06-29 03:00:00+00:00,70.77734375,203.62890625,284.453125,66.8587646484375,3.10546875,274.40625,11.303125000000023
2007-06-29 04:00:00+00:00,41.9296875,164.2734375,285.265625,58.065673828125,3.736328125,206.203125,12.115625000000023
2007-06-29 05:00:00+00:00,3.38671875,34.11328125,285.96875,58.22515869140625,2.869140625,37.5,12.818750000000023
2007-06-29 06:00:00+00:00,0.0,15.96875,286.140625,60.99285888671875,2.984375,15.96875,12.990625000000023
2007-06-29 07:00:00+00:00,0.0,0.09375,285.375,69.4625244140625,3.267578125,0.09375,12.225000000000023
2007-06-29 08:00:00+00:00,0.0,0.0,284.53125,80.8472900390625,3.576171875,0.0,11.381250000000023
2007-06-29 09:00:00+00:00,0.0,0.0,284.03125,82.03594970703125,4.251953125,0.0,10.881250000000023
2007-06-29 10:00:00+00:00,0.0,0.0,284.953125,77.337158203125,4.4609375,0.0,11.803125000000023
2007-06-29 11:00:00+00:00,0.0,0.0,284.515625,81.48455810546875,4.861328125,0.0,11.365625000000023
2007-06-29 12:00:00+00:00,0.0,0.0,283.9375,83.2667236328125,4.443359375,0.0,10.787500000000023
2007-06-29 13:00:00+00:00,0.0,0.0,283.46875,83.20355224609375,4.130859375,0.0,10.318750000000023
2007-06-29 14:00:00+00:00,0.0,0.0,283.046875,83.42327880859375,4.158203125,0.0,9.896875000000023
2007-06-29 15:00:00+00:00,0.0,0.0,282.65625,82.16497802734375,3.947265625,0.0,9.506250000000023
2007-06-29 16:00:00+00:00,0.0,0.0,282.40625,81.40167236328125,3.708984375,0.0,9.256250000000023
2007-06-29 17:00:00+00:00,0.0,0.0,282.140625,82.783935546875,3.759765625,0.0,8.990625000000023
2007-06-29 18:00:00+00:00,0.0,0.0,282.03125,84.63507080078125,4.013671875,0.0,8.881250000000023
2007-06-29 19:00:00+00:00,0.0,0.0,282.046875,84.91033935546875,4.318359375,0.0,8.896875000000023
2007-06-29 20:00:00+00:00,0.0,0.0,281.9375,84.4520263671875,4.234375,0.0,8.787500000000023
2007-06-29 21:00:00+00:00,0.09375,3.3125,281.625,84.471923828125,4.06640625,3.40625,8.475000000000023
2007-06-29 22:00:00+00:00,56.2265625,41.8046875,281.46875,82.890380859375,3.9375,98.03125,8.318750000000023
2007-06-29 23:00:00+00:00,187.14453125,58.62109375,281.5,81.40509033203125,3.787109375,245.765625,8.350000000000023
2007-06-30 00:00:00+00:00,304.2109375,62.5078125,282.1875,78.0474853515625,3.91015625,366.71875,9.037500000000023
2007-06-30 01:00:00+00:00,380.1015625,60.6484375,283.515625,72.5458984375,4.50390625,440.75,10.365625000000023
2007-06-30 02:00:00+00:00,372.859375,67.203125,284.65625,64.3634033203125,5.8984375,440.0625,11.506250000000023
2007-06-30 03:00:00+00:00,311.83984375,91.20703125,285.328125,60.23431396484375,5.755859375,403.046875,12.178125000000023
2007-06-30 04:00:00+00:00,262.03125,51.734375,285.765625,56.830078125,5.3828125,313.765625,12.615625000000023
2007-06-30 05:00:00+00:00,162.34375,31.984375,286.15625,53.8953857421875,5.49609375,194.328125,13.006250000000023
2007-06-30 06:00:00+00:00,30.984375,5.796875,285.90625,55.5537109375,5.73046875,36.78125,12.756250000000023
2007-06-30 07:00:00+00:00,0.0,0.21875,285.296875,58.68365478515625,5.3203125,0.21875,12.146875000000023
2007-06-30 08:00:00+00:00,0.0,0.0,284.890625,62.0401611328125,4.212890625,0.0,11.740625000000023
2007-06-30 09:00:00+00:00,0.0,0.0,284.4375,65.9666748046875,4.03125,0.0,11.287500000000023
2007-06-30 10:00:00+00:00,0.0,0.0,284.015625,67.47711181640625,3.521484375,0.0,10.865625000000023
2007-06-30 11:00:00+00:00,0.0,0.0,283.6875,67.52362060546875,3.302734375,0.0,10.537500000000023
2007-06-30 12:00:00+00:00,0.0,0.0,283.5625,67.19329833984375,3.509765625,0.0,10.412500000000023
2007-06-30 13:00:00+00:00,0.0,0.0,283.140625,71.9913330078125,3.298828125,0.0,9.990625000000023
2007-06-30 14:00:00+00:00,0.0,0.0,283.25,70.388916015625,2.884765625,0.0,10.100000000000023
2007-06-30 15:00:00+00:00,0.0,0.0,282.515625,82.52789306640625,2.96875,0.0,9.365625000000023
2007-06-30 16:00:00+00:00,0.0,0.0,282.34375,85.309814453125,3.01171875,0.0,9.193750000000023
2007-06-30 17:00:00+00:00,0.0,0.0,282.84375,81.253173828125,3.056640625,0.0,9.693750000000023
2007-06-30 18:00:00+00:00,0.0,0.0,283.65625,75.1575927734375,3.109375,0.0,10.506250000000023
2007-06-30 19:00:00+00:00,0.0,0.0,283.5,75.58251953125,3.3125,0.0,10.350000000000023
2007-06-30 20:00:00+00:00,0.0,0.0,283.453125,75.63232421875,3.33203125,0.0,10.303125000000023
2007-06-30 21:00:00+00:00,0.0,1.578125,283.5,76.13330078125,3.9609375,1.578125,10.350000000000023
2007-06-30 22:00:00+00:00,46.88671875,45.14453125,283.375,76.7083740234375,3.810546875,92.03125,10.225000000000023
2007-06-30 23:00:00+00:00,167.109375,67.15625,283.390625,75.9827880859375,3.55078125,234.265625,10.240625000000023
2007-07-01 00:00:00+00:00,210.03515625,109.07421875,283.984375,73.56512451171875,3.255859375,319.109375,10.834375000000023
2007-07-01 01:00:00+00:00,205.8203125,160.8984375,285.015625,70.28466796875,3.23046875,366.71875,11.865625000000023
2007-07-01 02:00:00+00:00,78.41796875,180.36328125,286.140625,65.839111328125,3.91015625,258.78125,12.990625000000023
2007-07-01 03:00:00+00:00,3.7734375,84.1796875,286.546875,63.93304443359375,4.61328125,87.953125,13.396875000000023
2007-07-01 04:00:00+00:00,12.34765625,59.79296875,286.515625,66.78131103515625,4.47265625,72.140625,13.365625000000023
2007-07-01 05:00:00+00:00,1.21875,68.421875,286.21875,71.07122802734375,3.943359375,69.640625,13.068750000000023
2007-07-01 06:00:00+00:00,0.0078125,14.7578125,286.078125,73.095703125,3.85546875,14.765625,12.928125000000023
2007-07-01 07:00:00+00:00,0.0,0.140625,285.515625,78.2884521484375,4.248046875,0.140625,12.365625000000023
2007-07-01 08:00:00+00:00,0.0,0.0,285.71875,75.85968017578125,4.009765625,0.0,12.568750000000023
2007-07-01 09:00:00+00:00,0.0,0.0,285.1875,77.040283203125,4.408203125,0.0,12.037500000000023
2007-07-01 10:00:00+00:00,0.0,0.0,285.03125,77.635009765625,4.208984375,0.0,11.881250000000023
2007-07-01 11:00:00+00:00,0.0,0.0,284.75,79.2264404296875,4.091796875,0.0,11.600000000000023
2007-07-01 12:00:00+00:00,0.0,0.0,284.5625,79.67694091796875,3.666015625,0.0,11.412500000000023
2007-07-01 13:00:00+00:00,0.0,0.0,284.375,78.698974609375,3.771484375,0.0,11.225000000000023
2007-07-01 14:00:00+00:00,0.0,0.0,284.484375,73.35052490234375,4.109375,0.0,11.334375000000023
2007-07-01 15:00:00+00:00,0.0,0.0,284.203125,74.60882568359375,3.943359375,0.0,11.053125000000023
2007-07-01 16:00:00+00:00,0.0,0.0,283.734375,76.46270751953125,3.55859375,0.0,10.584375000000023
2007-07-01 17:00:00+00:00,0.0,0.0,283.34375,75.8798828125,3.12109375,0.0,10.193750000000023
2007-07-01 18:00:00+00:00,0.0,0.0,283.015625,74.46917724609375,2.865234375,0.0,9.865625000000023
2007-07-01 19:00:00+00:00,0.0,0.0,282.671875,74.672607421875,2.751953125,0.0,9.521875000000023
2007-07-01 20:00:00+00:00,0.0,0.0,282.4375,74.60595703125,2.939453125,0.0,9.287500000000023
2007-07-01 21:00:00+00:00,0.0,2.203125,282.046875,74.996337890625,2.546875,2.203125,8.896875000000023
2007-07-01 22:00:00+00:00,0.2265625,27.9453125,282.0625,74.68603515625,2.591796875,28.171875,8.912500000000023
2007-07-01 23:00:00+00:00,26.90234375,107.67578125,282.375,71.326416015625,2.91015625,134.578125,9.225000000000023
2007-07-02 00:00:00+00:00,85.30078125,137.96484375,283.0,65.8699951171875,3.525390625,223.265625,9.850000000000023
2007-07-02 01:00:00+00:00,131.1015625,182.8984375,283.78125,60.6396484375,3.666015625,314.0,10.631250000000023
2007-07-02 02:00:00+00:00,141.45703125,201.55859375,284.75,56.07025146484375,3.962890625,343.015625,11.600000000000023
2007-07-02 03:00:00+00:00,56.8359375,116.8203125,285.75,56.432861328125,5.046875,173.65625,12.600000000000023
2007-07-02 04:00:00+00:00,13.13671875,163.09765625,285.65625,60.12445068359375,5.279296875,176.234375,12.506250000000023
2007-07-02 05:00:00+00:00,23.359375,89.328125,285.484375,61.0626220703125,5.81640625,112.6875,12.334375000000023
2007-07-02 06:00:00+00:00,10.97265625,32.77734375,285.375,63.982421875,5.87890625,43.75,12.225000000000023
2007-07-02 07:00:00+00:00,0.0,0.171875,285.375,68.13916015625,5.595703125,0.171875,12.225000000000023
2007-07-02 08:00:00+00:00,0.0,0.0,284.875,77.14093017578125,5.669921875,0.0,11.725000000000023
2007-07-02 09:00:00+00:00,0.0,0.0,285.1875,70.71099853515625,6.484375,0.0,12.037500000000023
2007-07-02 10:00:00+00:00,0.0,0.0,285.28125,71.8441162109375,6.783203125,0.0,12.131250000000023
2007-07-02 11:00:00+00:00,0.0,0.0,284.890625,77.40301513671875,7.16015625,0.0,11.740625000000023
2007-07-02 12:00:00+00:00,0.0,0.0,285.15625,77.74237060546875,6.9375,0.0,12.006250000000023
2007-07-02 13:00:00+00:00,0.0,0.0,285.28125,79.20440673828125,5.716796875,0.0,12.131250000000023
2007-07-02 14:00:00+00:00,0.0,0.0,285.46875,80.204345703125,4.193359375,0.0,12.318750000000023
2007-07-02 15:00:00+00:00,0.0,0.0,285.0625,79.5792236328125,4.14453125,0.0,11.912500000000023
2007-07-02 16:00:00+00:00,0.0,0.0,285.375,75.8131103515625,4.1328125,0.0,12.225000000000023
2007-07-02 17:00:00+00:00,0.0,0.0,285.34375,74.355712890625,3.830078125,0.0,12.193750000000023
2007-07-02 18:00:00+00:00,0.0,0.0,285.15625,74.82940673828125,3.54296875,0.0,12.006250000000023
2007-07-02 19:00:00+00:00,0.0,0.0,285.0625,73.7401123046875,3.55859375,0.0,11.912500000000023
2007-07-02 20:00:00+00:00,0.0,0.0,284.953125,71.783203125,3.654296875,0.0,11.803125000000023
2007-07-02 21:00:00+00:00,0.07421875,3.39453125,284.296875,73.41424560546875,3.23046875,3.46875,11.146875000000023
2007-07-02 22:00:00+00:00,55.23828125,43.10546875,283.859375,75.571044921875,3.103515625,98.34375,10.709375000000023
2007-07-02 23:00:00+00:00,181.30859375,63.58203125,283.6875,77.1448974609375,3.15625,244.890625,10.537500000000023
2007-07-03 00:00:00+00:00,306.0546875,66.5078125,284.25,74.9346923828125,3.1953125,372.5625,11.100000000000023
2007-07-03 01:00:00+00:00,377.83203125,66.26171875,285.5,69.76361083984375,3.654296875,444.09375,12.350000000000023
2007-07-03 02:00:00+00:00,414.5390625,59.3828125,286.953125,61.33074951171875,3.80078125,473.921875,13.803125000000023
2007-07-03 03:00:00+00:00,393.12890625,50.35546875,288.3125,51.48187255859375,4.25390625,443.484375,15.162500000000023
2007-07-03 04:00:00+00:00,313.36328125,41.58984375,288.890625,51.23956298828125,4.79296875,354.953125,15.740625000000023
2007-07-03 05:00:00+00:00,195.40234375,29.30078125,289.296875,48.06475830078125,4.697265625,224.703125,16.146875000000023
2007-07-03 06:00:00+00:00,65.39453125,8.07421875,289.28125,46.05877685546875,4.763671875,73.46875,16.131250000000023
2007-07-03 07:00:00+00:00,0.1015625,0.3203125,288.5,50.85833740234375,5.09375,0.421875,15.350000000000023
2007-07-03 08:00:00+00:00,0.0,0.0,287.203125,61.2198486328125,5.177734375,0.0,14.053125000000023
2007-07-03 09:00:00+00:00,0.0,0.0,285.828125,63.95166015625,4.9453125,0.0,12.678125000000023
2007-07-03 10:00:00+00:00,0.0,0.0,285.53125,67.70306396484375,4.73046875,0.0,12.381250000000023
2007-07-03 11:00:00+00:00,0.0,0.0,285.46875,70.9300537109375,4.54296875,0.0,12.318750000000023
2007-07-03 12:00:00+00:00,0.0,0.0,285.40625,70.21539306640625,4.20703125,0.0,12.256250000000023
2007-07-03 13:00:00+00:00,0.0,0.0,285.34375,69.33221435546875,4.12109375,0.0,12.193750000000023
2007-07-03 14:00:00+00:00,0.0,0.0,285.25,70.23590087890625,4.1796875,0.0,12.100000000000023
2007-07-03 15:00:00+00:00,0.0,0.0,285.75,71.65301513671875,4.58984375,0.0,12.600000000000023
2007-07-03 16:00:00+00:00,0.0,0.0,286.015625,70.5889892578125,4.744140625,0.0,12.865625000000023
2007-07-03 17:00:00+00:00,0.0,0.0,286.3125,68.2109375,5.548828125,0.0,13.162500000000023
2007-07-03 18:00:00+00:00,0.0,0.0,286.171875,69.793701171875,5.642578125,0.0,13.021875000000023
2007-07-03 19:00:00+00:00,0.0,0.0,285.84375,74.0374755859375,5.876953125,0.0,12.693750000000023
2007-07-03 20:00:00+00:00,0.0,0.0,285.53125,78.07373046875,4.83984375,0.0,12.381250000000023
2007-07-03 21:00:00+00:00,0.0,2.671875,284.890625,83.18048095703125,4.5,2.671875,11.740625000000023
2007-07-03 22:00:00+00:00,19.59765625,42.19921875,285.125,78.77288818359375,3.72265625,61.796875,11.975000000000023
2007-07-03 23:00:00+00:00,11.578125,19.359375,285.109375,74.36248779296875,3.779296875,30.9375,11.959375000000023
2007-07-04 00:00:00+00:00,5.58203125,161.66796875,285.15625,72.42694091796875,4.341796875,167.25,12.006250000000023
2007-07-04 01:00:00+00:00,1.8359375,112.5703125,285.625,69.72808837890625,5.0859375,114.40625,12.475000000000023
2007-07-04 02:00:00+00:00,56.1171875,203.0703125,285.828125,65.75909423828125,5.72265625,259.1875,12.678125000000023
2007-07-04 03:00:00+00:00,259.21484375,138.30078125,286.5,62.29620361328125,6.392578125,397.515625,13.350000000000023
2007-07-04 04:00:00+00:00,292.33203125,55.88671875,287.046875,56.782958984375,6.953125,348.21875,13.896875000000023
2007-07-04 05:00:00+00:00,154.0390625,40.7890625,287.390625,54.46533203125,5.62890625,194.828125,14.240625000000023
2007-07-04 06:00:00+00:00,24.078125,20.921875,287.625,52.57977294921875,4.6875,45.0,14.475000000000023
2007-07-04 07:00:00+00:00,0.0,0.5,287.453125,52.4124755859375,4.033203125,0.5,14.303125000000023
2007-07-04 08:00:00+00:00,0.0,0.0,287.28125,52.343994140625,3.12109375,0.0,14.131250000000023
2007-07-04 09:00:00+00:00,0.0,0.0,286.671875,53.538818359375,3.0234375,0.0,13.521875000000023
2007-07-04 10:00:00+00:00,0.0,0.0,285.9375,58.05859375,3.26171875,0.0,12.787500000000023
2007-07-04 11:00:00+00:00,0.0,0.0,285.171875,64.94097900390625,4.08203125,0.0,12.021875000000023
2007-07-04 12:00:00+00:00,0.0,0.0,284.390625,74.54345703125,3.443359375,0.0,11.240625000000023
2007-07-04 13:00:00+00:00,0.0,0.0,284.28125,76.21319580078125,3.841796875,0.0,11.131250000000023
2007-07-04 14:00:00+00:00,0.0,0.0,284.359375,74.986572265625,4.814453125,0.0,11.209375000000023
2007-07-04 15:00:00+00:00,0.0,0.0,283.921875,76.0506591796875,4.728515625,0.0,10.771875000000023
2007-07-04 16:00:00+00:00,0.0,0.0,283.84375,76.62835693359375,4.68359375,0.0,10.693750000000023
2007-07-04 17:00:00+00:00,0.0,0.0,283.609375,76.99102783203125,4.861328125,0.0,10.459375000000023
2007-07-04 18:00:00+00:00,0.0,0.0,283.390625,76.0120849609375,4.57421875,0.0,10.240625000000023
2007-07-04 19:00:00+00:00,0.0,0.0,283.21875,77.56097412109375,4.369140625,0.0,10.068750000000023
2007-07-04 20:00:00+00:00,0.0,0.0,283.1875,74.80609130859375,4.65625,0.0,10.037500000000023
2007-07-04 21:00:00+00:00,0.0,0.984375,282.703125,73.5069580078125,3.70703125,0.984375,9.553125000000023
2007-07-04 22:00:00+00:00,0.6875,47.09375,281.953125,77.46514892578125,2.896484375,47.78125,8.803125000000023
2007-07-04 23:00:00+00:00,2.234375,67.609375,281.53125,82.3282470703125,2.09375,69.84375,8.381250000000023
2007-07-05 00:00:00+00:00,104.25390625,160.51171875,281.5,84.317626953125,1.4140625,264.765625,8.350000000000023
2007-07-05 01:00:00+00:00,32.203125,185.875,281.546875,86.58270263671875,0.3984375,218.078125,8.396875000000023
2007-07-05 02:00:00+00:00,147.375,186.921875,281.984375,86.3031005859375,0.5703125,334.296875,8.834375000000023
2007-07-05 03:00:00+00:00,203.20703125,147.32421875,282.125,81.6583251953125,0.708984375,350.53125,8.975000000000023
2007-07-05 04:00:00+00:00,49.83203125,72.66796875,283.625,80.085693359375,2.208984375,122.5,10.475000000000023
2007-07-05 05:00:00+00:00,1.4296875,39.8046875,283.875,81.97589111328125,6.91015625,41.234375,10.725000000000023
2007-07-05 06:00:00+00:00,0.0,7.640625,283.125,80.663818359375,7.09375,7.640625,9.975000000000023
2007-07-05 07:00:00+00:00,0.0,0.0625,282.8125,82.33575439453125,4.865234375,0.0625,9.662500000000023
2007-07-05 08:00:00+00:00,0.0,0.0,282.671875,84.9136962890625,3.8359375,0.0,9.521875000000023
2007-07-05 09:00:00+00:00,0.0,0.0,283.046875,81.4334716796875,4.025390625,0.0,9.896875000000023
2007-07-05 10:00:00+00:00,0.0,0.0,283.0,81.91900634765625,4.33984375,0.0,9.850000000000023
2007-07-05 11:00:00+00:00,0.0,0.0,282.578125,83.08233642578125,4.30078125,0.0,9.428125000000023
2007-07-05 12:00:00+00:00,0.0,0.0,282.078125,84.0947265625,3.796875,0.0,8.928125000000023
2007-07-05 13:00:00+00:00,0.0,0.0,281.640625,85.36383056640625,2.970703125,0.0,8.490625000000023
2007-07-05 14:00:00+00:00,0.0,0.0,281.28125,86.63092041015625,2.267578125,0.0,8.131250000000023
2007-07-05 15:00:00+00:00,0.0,0.0,280.890625,87.3687744140625,2.2734375,0.0,7.740625000000023
2007-07-05 16:00:00+00:00,0.0,0.0,280.609375,87.50762939453125,2.16796875,0.0,7.459375000000023
2007-07-05 17:00:00+00:00,0.0,0.0,280.265625,87.7584228515625,1.947265625,0.0,7.115625000000023
2007-07-05 18:00:00+00:00,0.0,0.0,280.0,87.41363525390625,1.873046875,0.0,6.850000000000023
2007-07-05 19:00:00+00:00,0.0,0.0,279.71875,86.70379638671875,1.853515625,0.0,6.568750000000023
2007-07-05 20:00:00+00:00,0.0,0.0,279.6875,83.7470703125,2.06640625,0.0,6.537500000000023
2007-07-05 21:00:00+00:00,0.15625,3.578125,279.40625,80.94036865234375,2.5625,3.734375,6.256250000000023
2007-07-05 22:00:00+00:00,59.2578125,41.8828125,279.1875,80.7640380859375,3.158203125,101.140625,6.037500000000023
2007-07-05 23:00:00+00:00,181.30859375,64.20703125,278.953125,81.8660888671875,3.830078125,245.515625,5.803125000000023
2007-07-06 00:00:00+00:00,57.546875,150.09375,279.640625,80.75677490234375,4.625,207.640625,6.490625000000023
2007-07-06 01:00:00+00:00,4.44921875,48.45703125,280.546875,79.9805908203125,5.21484375,52.90625,7.396875000000023
2007-07-06 02:00:00+00:00,51.23046875,212.62890625,281.296875,74.71563720703125,5.91796875,263.859375,8.146875000000023
2007-07-06 03:00:00+00:00,12.1640625,67.7421875,282.8125,67.9305419921875,6.09765625,79.90625,9.662500000000023
2007-07-06 04:00:00+00:00,0.8046875,129.6015625,283.171875,65.7728271484375,5.1796875,130.40625,10.021875000000023
2007-07-06 05:00:00+00:00,0.046875,39.078125,282.859375,70.93695068359375,5.255859375,39.125,9.709375000000023
2007-07-06 06:00:00+00:00,0.0,9.34375,282.578125,76.44610595703125,4.62109375,9.34375,9.428125000000023
2007-07-06 07:00:00+00:00,0.0,0.15625,282.296875,80.24755859375,4.203125,0.15625,9.146875000000023
2007-07-06 08:00:00+00:00,0.0,0.0,282.140625,80.809814453125,4.001953125,0.0,8.990625000000023
2007-07-06 09:00:00+00:00,0.0,0.0,282.1875,79.31494140625,3.3203125,0.0,9.037500000000023
2007-07-06 10:00:00+00:00,0.0,0.0,282.078125,79.2802734375,2.849609375,0.0,8.928125000000023
2007-07-06 11:00:00+00:00,0.0,0.0,282.078125,79.3148193359375,2.1640625,0.0,8.928125000000023
2007-07-06 12:00:00+00:00,0.0,0.0,282.078125,79.9000244140625,2.142578125,0.0,8.928125000000023
2007-07-06 13:00:00+00:00,0.0,0.0,282.015625,81.32257080078125,2.095703125,0.0,8.865625000000023
2007-07-06 14:00:00+00:00,0.0,0.0,281.921875,82.15435791015625,2.158203125,0.0,8.771875000000023
2007-07-06 15:00:00+00:00,0.0,0.0,280.953125,84.6575927734375,2.302734375,0.0,7.803125000000023
2007-07-06 16:00:00+00:00,0.0,0.0,280.78125,83.99652099609375,2.1328125,0.0,7.631250000000023
2007-07-06 17:00:00+00:00,0.0,0.0,280.71875,82.03338623046875,2.1484375,0.0,7.568750000000023
2007-07-06 18:00:00+00:00,0.0,0.0,280.5625,81.38140869140625,2.203125,0.0,7.412500000000023
2007-07-06 19:00:00+00:00,0.0,0.0,280.46875,81.4140625,2.234375,0.0,7.318750000000023
2007-07-06 20:00:00+00:00,0.0,0.0,280.328125,81.25494384765625,2.08203125,0.0,7.178125000000023
2007-07-06 21:00:00+00:00,0.01171875,2.78515625,279.703125,82.57427978515625,1.4140625,2.796875,6.553125000000023
2007-07-06 22:00:00+00:00,8.1796875,43.5234375,279.59375,83.01251220703125,1.13671875,51.703125,6.443750000000023
2007-07-06 23:00:00+00:00,48.4296875,128.8359375,279.453125,84.12896728515625,0.783203125,177.265625,6.303125000000023
2007-07-07 00:00:00+00:00,136.66796875,153.78515625,279.734375,83.0604248046875,0.5234375,290.453125,6.584375000000023
2007-07-07 01:00:00+00:00,337.2109375,104.0859375,280.1875,82.73565673828125,0.97265625,441.296875,7.037500000000023
2007-07-07 02:00:00+00:00,110.06640625,116.35546875,281.171875,78.5767822265625,1.404296875,226.421875,8.021875000000023
2007-07-07 03:00:00+00:00,8.0078125,127.3671875,281.5,81.26513671875,2.193359375,135.375,8.350000000000023
2007-07-07 04:00:00+00:00,0.77734375,114.00390625,281.71875,81.71282958984375,2.35546875,114.78125,8.568750000000023
2007-07-07 05:00:00+00:00,0.0078125,66.2890625,281.796875,82.94488525390625,2.798828125,66.296875,8.646875000000023
2007-07-07 06:00:00+00:00,0.0,21.421875,281.765625,86.80474853515625,3.291015625,21.421875,8.615625000000023
2007-07-07 07:00:00+00:00,0.0,0.1875,281.765625,90.5609130859375,2.77734375,0.1875,8.615625000000023
2007-07-07 08:00:00+00:00,0.0,0.0,281.921875,92.57525634765625,2.01171875,0.0,8.771875000000023
2007-07-07 09:00:00+00:00,0.0,0.0,281.734375,93.81597900390625,2.677734375,0.0,8.584375000000023
2007-07-07 10:00:00+00:00,0.0,0.0,281.640625,93.9747314453125,2.666015625,0.0,8.490625000000023
2007-07-07 11:00:00+00:00,0.0,0.0,281.609375,94.820556640625,2.1953125,0.0,8.459375000000023
2007-07-07 12:00:00+00:00,0.0,0.0,281.96875,96.106689453125,1.4609375,0.0,8.818750000000023
2007-07-07 13:00:00+00:00,0.0,0.0,282.375,96.0125732421875,1.19140625,0.0,9.225000000000023
2007-07-07 14:00:00+00:00,0.0,0.0,282.40625,95.7568359375,1.408203125,0.0,9.256250000000023
2007-07-07 15:00:00+00:00,0.0,0.0,282.171875,96.47003173828125,1.888671875,0.0,9.021875000000023
2007-07-07 16:00:00+00:00,0.0,0.0,282.1875,94.69818115234375,2.15234375,0.0,9.037500000000023
2007-07-07 17:00:00+00:00,0.0,0.0,282.0,94.33306884765625,2.529296875,0.0,8.850000000000023
2007-07-07 18:00:00+00:00,0.0,0.0,281.75,95.6641845703125,2.541015625,0.0,8.600000000000023
2007-07-07 19:00:00+00:00,0.0,0.0,281.953125,94.32562255859375,3.017578125,0.0,8.803125000000023
2007-07-07 20:00:00+00:00,0.0,0.0,282.3125,91.86981201171875,3.400390625,0.0,9.162500000000023
2007-07-07 21:00:00+00:00,0.0,2.6875,281.59375,94.18804931640625,2.693359375,2.6875,8.443750000000023
2007-07-07 22:00:00+00:00,45.65625,48.28125,281.953125,92.33197021484375,2.935546875,93.9375,8.803125000000023
2007-07-07 23:00:00+00:00,160.5703125,75.4140625,282.078125,91.12408447265625,2.9375,235.984375,8.928125000000023
2007-07-08 00:00:00+00:00,234.28125,101.90625,282.765625,88.47576904296875,3.173828125,336.1875,9.615625000000023
2007-07-08 01:00:00+00:00,255.6640625,118.2109375,283.953125,83.29083251953125,3.5859375,373.875,10.803125000000023
2007-07-08 02:00:00+00:00,194.3046875,128.3203125,285.09375,72.58697509765625,4.60546875,322.625,11.943750000000023
2007-07-08 03:00:00+00:00,292.8671875,73.3203125,285.53125,72.468994140625,4.45703125,366.1875,12.381250000000023
2007-07-08 04:00:00+00:00,260.6796875,71.3828125,286.203125,64.344482421875,5.1875,332.0625,13.053125000000023
2007-07-08 05:00:00+00:00,181.5546875,35.1171875,286.515625,59.404541015625,5.201171875,216.671875,13.365625000000023
2007-07-08 06:00:00+00:00,61.703125,9.78125,286.640625,55.8653564453125,4.890625,71.484375,13.490625000000023
2007-07-08 07:00:00+00:00,0.1640625,0.6640625,286.40625,55.7791748046875,4.345703125,0.828125,13.256250000000023
2007-07-08 08:00:00+00:00,0.0,0.0,285.8125,59.34912109375,3.779296875,0.0,12.662500000000023
2007-07-08 09:00:00+00:00,0.0,0.0,284.921875,65.84173583984375,3.765625,0.0,11.771875000000023
2007-07-08 10:00:00+00:00,0.0,0.0,284.375,69.403564453125,3.44921875,0.0,11.225000000000023
2007-07-08 11:00:00+00:00,0.0,0.0,283.828125,73.25567626953125,3.076171875,0.0,10.678125000000023
2007-07-08 12:00:00+00:00,0.0,0.0,283.375,77.60601806640625,2.841796875,0.0,10.225000000000023
2007-07-08 13:00:00+00:00,0.0,0.0,283.0625,82.28106689453125,2.986328125,0.0,9.912500000000023
2007-07-08 14:00:00+00:00,0.0,0.0,282.71875,87.765625,3.1640625,0.0,9.568750000000023
2007-07-08 15:00:00+00:00,0.0,0.0,282.65625,89.8680419921875,2.837890625,0.0,9.506250000000023
2007-07-08 16:00:00+00:00,0.0,0.0,282.46875,91.27825927734375,2.8203125,0.0,9.318750000000023
2007-07-08 17:00:00+00:00,0.0,0.0,282.40625,90.36822509765625,2.802734375,0.0,9.256250000000023
2007-07-08 18:00:00+00:00,0.0,0.0,282.28125,88.48419189453125,2.923828125,0.0,9.131250000000023
2007-07-08 19:00:00+00:00,0.0,0.0,282.125,86.97900390625,2.771484375,0.0,8.975000000000023
2007-07-08 20:00:00+00:00,0.0,0.0,281.84375,86.89044189453125,2.63671875,0.0,8.693750000000023
2007-07-08 21:00:00+00:00,0.22265625,3.87109375,281.34375,88.755615234375,2.412109375,4.09375,8.193750000000023
2007-07-08 22:00:00+00:00,60.4296875,42.9765625,280.9375,89.29730224609375,2.09765625,103.40625,7.787500000000023
2007-07-08 23:00:00+00:00,195.22265625,59.51171875,280.921875,88.86175537109375,2.046875,254.734375,7.771875000000023
2007-07-09 00:00:00+00:00,316.71875,63.390625,281.6875,84.69781494140625,1.95703125,380.109375,8.537500000000023
2007-07-09 01:00:00+00:00,397.28125,60.5625,283.140625,77.8262939453125,2.306640625,457.84375,9.990625000000023
2007-07-09 02:00:00+00:00,420.8125,57.125,284.953125,69.48443603515625,2.826171875,477.9375,11.803125000000023
2007-07-09 03:00:00+00:00,391.8125,51.96875,286.640625,62.49627685546875,3.9453125,443.78125,13.490625000000023
2007-07-09 04:00:00+00:00,274.34765625,54.41796875,287.703125,52.27496337890625,3.923828125,328.765625,14.553125000000023
2007-07-09 05:00:00+00:00,185.921875,40.09375,288.125,48.58843994140625,4.0390625,226.015625,14.975000000000023
2007-07-09 06:00:00+00:00,64.53515625,8.80859375,287.953125,50.00323486328125,4.232421875,73.34375,14.803125000000023
2007-07-09 07:00:00+00:00,0.23046875,0.76953125,287.328125,55.26654052734375,4.30859375,1.0,14.178125000000023
2007-07-09 08:00:00+00:00,0.0,0.0,286.484375,61.2503662109375,4.244140625,0.0,13.334375000000023
2007-07-09 09:00:00+00:00,0.0,0.0,285.546875,66.57598876953125,4.1953125,0.0,12.396875000000023
2007-07-09 10:00:00+00:00,0.0,0.0,284.734375,69.55712890625,4.255859375,0.0,11.584375000000023
2007-07-09 11:00:00+00:00,0.0,0.0,283.921875,72.47772216796875,4.083984375,0.0,10.771875000000023
2007-07-09 12:00:00+00:00,0.0,0.0,283.296875,74.15582275390625,4.03125,0.0,10.146875000000023
2007-07-09 13:00:00+00:00,0.0,0.0,282.96875,74.13287353515625,3.7890625,0.0,9.818750000000023
2007-07-09 14:00:00+00:00,0.0,0.0,282.546875,75.223876953125,3.3671875,0.0,9.396875000000023
2007-07-09 15:00:00+00:00,0.0,0.0,281.75,79.31292724609375,2.69921875,0.0,8.600000000000023
2007-07-09 16:00:00+00:00,0.0,0.0,281.28125,81.23419189453125,1.900390625,0.0,8.131250000000023
2007-07-09 17:00:00+00:00,0.0,0.0,280.578125,84.8018798828125,1.146484375,0.0,7.428125000000023
2007-07-09 18:00:00+00:00,0.0,0.0,279.21875,93.05767822265625,0.5625,0.0,6.068750000000023
2007-07-09 19:00:00+00:00,0.0,0.0,278.328125,95.75164794921875,0.380859375,0.0,5.178125000000023
2007-07-09 20:00:00+00:00,0.0,0.0,277.609375,96.572021484375,0.26953125,0.0,4.459375000000023
2007-07-09 21:00:00+00:00,0.1640625,3.9140625,277.96875,98.24029541015625,1.24609375,4.078125,4.818750000000023
2007-07-09 22:00:00+00:00,6.01171875,50.92578125,277.4375,100.3155517578125,1.193359375,56.9375,4.287500000000023
2007-07-09 23:00:00+00:00,4.515625,105.171875,277.703125,100.33941650390625,1.06640625,109.6875,4.553125000000023
2007-07-10 00:00:00+00:00,2.2578125,120.7578125,277.953125,99.45208740234375,1.09765625,123.015625,4.803125000000023
2007-07-10 01:00:00+00:00,120.11328125,138.15234375,278.0625,99.07879638671875,0.92578125,258.265625,4.912500000000023
2007-07-10 02:00:00+00:00,28.109375,145.78125,278.15625,97.64569091796875,0.98046875,173.890625,5.006250000000023
2007-07-10 03:00:00+00:00,80.234375,194.828125,279.53125,91.08502197265625,1.34375,275.0625,6.381250000000023
2007-07-10 04:00:00+00:00,285.5,86.96875,280.46875,84.59161376953125,1.17578125,372.46875,7.318750000000023
2007-07-10 05:00:00+00:00,216.26953125,26.15234375,281.859375,77.70721435546875,1.283203125,242.421875,8.709375000000023
2007-07-10 06:00:00+00:00,79.1171875,7.3203125,283.375,71.39056396484375,1.3984375,86.4375,10.225000000000023
2007-07-10 07:00:00+00:00,0.5234375,0.6328125,284.65625,63.95538330078125,1.66015625,1.15625,11.506250000000023
2007-07-10 08:00:00+00:00,0.0,0.0,285.25,58.234619140625,1.7421875,0.0,12.100000000000023
2007-07-10 09:00:00+00:00,0.0,0.0,283.796875,69.66522216796875,0.798828125,0.0,10.646875000000023
2007-07-10 10:00:00+00:00,0.0,0.0,283.046875,71.78057861328125,0.419921875,0.0,9.896875000000023
2007-07-10 11:00:00+00:00,0.0,0.0,282.21875,75.423583984375,0.517578125,0.0,9.068750000000023
2007-07-10 12:00:00+00:00,0.0,0.0,282.078125,78.4871826171875,0.6328125,0.0,8.928125000000023
2007-07-10 13:00:00+00:00,0.0,0.0,280.78125,87.7200927734375,0.380859375,0.0,7.631250000000023
2007-07-10 14:00:00+00:00,0.0,0.0,281.109375,83.69195556640625,1.236328125,0.0,7.959375000000023
2007-07-10 15:00:00+00:00,0.0,0.0,280.71875,83.9117431640625,1.396484375,0.0,7.568750000000023
2007-07-10 16:00:00+00:00,0.0,0.0,280.34375,83.16571044921875,1.3125,0.0,7.193750000000023
2007-07-10 17:00:00+00:00,0.0,0.0,279.46875,87.11053466796875,1.228515625,0.0,6.318750000000023
2007-07-10 18:00:00+00:00,0.0,0.0,278.828125,88.58868408203125,1.22265625,0.0,5.678125000000023
2007-07-10 19:00:00+00:00,0.0,0.0,278.84375,86.2880859375,1.3984375,0.0,5.693750000000023
2007-07-10 20:00:00+00:00,0.0,0.0,278.71875,85.1912841796875,1.65625,0.0,5.568750000000023
2007-07-10 21:00:00+00:00,0.328125,4.1875,277.6875,89.0670166015625,1.482421875,4.515625,4.537500000000023
2007-07-10 22:00:00+00:00,63.31640625,43.32421875,277.4375,88.497314453125,1.591796875,106.640625,4.287500000000023
2007-07-10 23:00:00+00:00,199.5859375,59.3515625,277.78125,85.13128662109375,1.71875,258.9375,4.631250000000023
2007-07-11 00:00:00+00:00,320.4296875,63.0859375,278.765625,77.70928955078125,1.859375,383.515625,5.615625000000023
2007-07-11 01:00:00+00:00,399.0703125,60.6796875,280.75,67.0322265625,1.9453125,459.75,7.600000000000023
2007-07-11 02:00:00+00:00,300.671875,121.46875,282.953125,59.25701904296875,1.9765625,422.140625,9.803125000000023
2007-07-11 03:00:00+00:00,245.53125,112.203125,285.25,57.18408203125,2.8984375,357.734375,12.100000000000023
2007-07-11 04:00:00+00:00,38.59375,120.3125,285.625,58.5089111328125,3.5078125,158.90625,12.475000000000023
2007-07-11 05:00:00+00:00,66.796875,70.90625,285.625,57.54888916015625,3.232421875,137.703125,12.475000000000023
2007-07-11 06:00:00+00:00,45.35546875,15.67578125,285.90625,53.99658203125,3.255859375,61.03125,12.756250000000023
2007-07-11 07:00:00+00:00,0.171875,0.859375,285.71875,55.4666748046875,2.99609375,1.03125,12.568750000000023
2007-07-11 08:00:00+00:00,0.0,0.0,285.3125,59.5032958984375,2.728515625,0.0,12.162500000000023
2007-07-11 09:00:00+00:00,0.0,0.0,283.875,72.88385009765625,3.001953125,0.0,10.725000000000023
2007-07-11 10:00:00+00:00,0.0,0.0,283.40625,75.59527587890625,2.88671875,0.0,10.256250000000023
2007-07-11 11:00:00+00:00,0.0,0.0,283.015625,76.38427734375,2.4609375,0.0,9.865625000000023
2007-07-11 12:00:00+00:00,0.0,0.0,282.703125,76.58551025390625,1.986328125,0.0,9.553125000000023
2007-07-11 13:00:00+00:00,0.0,0.0,282.078125,84.6302490234375,2.224609375,0.0,8.928125000000023
2007-07-11 14:00:00+00:00,0.0,0.0,282.171875,83.81353759765625,2.947265625,0.0,9.021875000000023
2007-07-11 15:00:00+00:00,0.0,0.0,281.828125,86.42034912109375,2.44140625,0.0,8.678125000000023
2007-07-11 16:00:00+00:00,0.0,0.0,282.015625,82.7421875,2.400390625,0.0,8.865625000000023
2007-07-11 17:00:00+00:00,0.0,0.0,281.953125,80.1568603515625,2.1953125,0.0,8.803125000000023
2007-07-11 18:00:00+00:00,0.0,0.0,281.703125,81.4713134765625,1.740234375,0.0,8.553125000000023
2007-07-11 19:00:00+00:00,0.0,0.0,281.46875,83.06439208984375,1.462890625,0.0,8.318750000000023
2007-07-11 20:00:00+00:00,0.0,0.0,281.1875,85.43963623046875,1.404296875,0.0,8.037500000000023
2007-07-11 21:00:00+00:00,0.0,0.921875,280.71875,94.85760498046875,2.00390625,0.921875,7.568750000000023
2007-07-11 22:00:00+00:00,2.0625,33.71875,280.796875,94.85443115234375,2.37890625,35.78125,7.646875000000023
2007-07-11 23:00:00+00:00,9.52734375,46.48828125,280.875,92.47271728515625,2.759765625,56.015625,7.725000000000023
2007-07-12 00:00:00+00:00,33.5234375,195.5859375,280.796875,90.79364013671875,2.595703125,229.109375,7.646875000000023
2007-07-12 01:00:00+00:00,17.5625,207.90625,281.390625,89.314208984375,2.46875,225.46875,8.240625000000023
2007-07-12 02:00:00+00:00,301.16015625,143.16796875,282.484375,86.299072265625,2.736328125,444.328125,9.334375000000023
2007-07-12 03:00:00+00:00,296.5546875,47.9453125,284.265625,77.2071533203125,4.2734375,344.5,11.115625000000023
2007-07-12 04:00:00+00:00,95.5234375,111.0390625,284.171875,78.14569091796875,4.818359375,206.5625,11.021875000000023
2007-07-12 05:00:00+00:00,26.4296875,102.6484375,284.484375,73.17303466796875,4.15234375,129.078125,11.334375000000023
2007-07-12 06:00:00+00:00,8.41015625,15.30859375,284.765625,70.10797119140625,3.689453125,23.71875,11.615625000000023
2007-07-12 07:00:00+00:00,0.05078125,1.08984375,285.015625,64.63909912109375,3.34375,1.140625,11.865625000000023
2007-07-12 08:00:00+00:00,0.0,0.0,284.65625,67.03533935546875,2.8671875,0.0,11.506250000000023
2007-07-12 09:00:00+00:00,0.0,0.0,283.734375,76.14013671875,2.544921875,0.0,10.584375000000023
2007-07-12 10:00:00+00:00,0.0,0.0,283.359375,80.07623291015625,2.15234375,0.0,10.209375000000023
2007-07-12 11:00:00+00:00,0.0,0.0,283.21875,81.158447265625,2.0078125,0.0,10.068750000000023
2007-07-12 12:00:00+00:00,0.0,0.0,282.546875,85.52587890625,2.21875,0.0,9.396875000000023
2007-07-12 13:00:00+00:00,0.0,0.0,282.09375,85.815673828125,2.42578125,0.0,8.943750000000023
2007-07-12 14:00:00+00:00,0.0,0.0,281.6875,88.66937255859375,2.78515625,0.0,8.537500000000023
2007-07-12 15:00:00+00:00,0.0,0.0,281.171875,89.6602783203125,2.72265625,0.0,8.021875000000023
2007-07-12 16:00:00+00:00,0.0,0.0,280.6875,90.72442626953125,2.955078125,0.0,7.537500000000023
2007-07-12 17:00:00+00:00,0.0,0.0,280.515625,93.268798828125,2.904296875,0.0,7.365625000000023
2007-07-12 18:00:00+00:00,0.0,0.0,280.4375,93.8026123046875,2.74609375,0.0,7.287500000000023
2007-07-12 19:00:00+00:00,0.0,0.0,280.421875,93.50299072265625,2.796875,0.0,7.271875000000023
2007-07-12 20:00:00+00:00,0.0,0.0,280.546875,93.472412109375,2.748046875,0.0,7.396875000000023
2007-07-12 21:00:00+00:00,0.01171875,2.78515625,280.625,94.9078369140625,2.615234375,2.796875,7.475000000000023
2007-07-12 22:00:00+00:00,7.89453125,45.91796875,280.515625,93.8653564453125,2.703125,53.8125,7.365625000000023
2007-07-12 23:00:00+00:00,42.50390625,130.40234375,280.4375,91.4210205078125,2.8984375,172.90625,7.287500000000023
2007-07-13 00:00:00+00:00,207.234375,133.046875,280.78125,87.50689697265625,2.876953125,340.28125,7.631250000000023
2007-07-13 01:00:00+00:00,283.71875,126.1875,281.875,82.66461181640625,3.0703125,409.90625,8.725000000000023
2007-07-13 02:00:00+00:00,222.45703125,122.73046875,283.21875,77.25689697265625,3.91796875,345.1875,10.068750000000023
2007-07-13 03:00:00+00:00,181.7421875,92.5703125,283.875,74.82464599609375,4.90625,274.3125,10.725000000000023
2007-07-13 04:00:00+00:00,42.09375,42.296875,283.671875,77.85040283203125,4.935546875,84.390625,10.521875000000023
2007-07-13 05:00:00+00:00,2.25,55.125,283.109375,81.57037353515625,4.8828125,57.375,9.959375000000023
2007-07-13 06:00:00+00:00,5.6640625,39.8671875,283.046875,80.14276123046875,4.41796875,45.53125,9.896875000000023
2007-07-13 07:00:00+00:00,0.0,0.734375,283.53125,72.67156982421875,3.734375,0.734375,10.381250000000023
2007-07-13 08:00:00+00:00,0.0,0.0,283.59375,66.13140869140625,3.75,0.0,10.443750000000023
2007-07-13 09:00:00+00:00,0.0,0.0,283.25,65.25872802734375,3.48046875,0.0,10.100000000000023
2007-07-13 10:00:00+00:00,0.0,0.0,282.6875,71.43878173828125,3.369140625,0.0,9.537500000000023
2007-07-13 11:00:00+00:00,0.0,0.0,282.015625,77.512939453125,3.44140625,0.0,8.865625000000023
2007-07-13 12:00:00+00:00,0.0,0.0,281.671875,77.76416015625,3.064453125,0.0,8.521875000000023
2007-07-13 13:00:00+00:00,0.0,0.0,281.390625,80.15618896484375,2.91015625,0.0,8.240625000000023
2007-07-13 14:00:00+00:00,0.0,0.0,281.25,81.1334228515625,2.779296875,0.0,8.100000000000023
2007-07-13 15:00:00+00:00,0.0,0.0,280.765625,81.46978759765625,3.419921875,0.0,7.615625000000023
2007-07-13 16:00:00+00:00,0.0,0.0,280.546875,85.11773681640625,3.50390625,0.0,7.396875000000023
2007-07-13 17:00:00+00:00,0.0,0.0,280.359375,89.60760498046875,4.015625,0.0,7.209375000000023
2007-07-13 18:00:00+00:00,0.0,0.0,280.515625,93.43206787109375,3.513671875,0.0,7.365625000000023
2007-07-13 19:00:00+00:00,0.0,0.0,280.71875,91.048583984375,2.474609375,0.0,7.568750000000023
2007-07-13 20:00:00+00:00,0.0,0.0,281.015625,84.10198974609375,2.220703125,0.0,7.865625000000023
2007-07-13 21:00:00+00:00,0.0,1.5,280.953125,81.33392333984375,1.994140625,1.5,7.803125000000023
2007-07-13 22:00:00+00:00,11.1796875,37.1640625,280.96875,78.37890625,1.37109375,48.34375,7.818750000000023
2007-07-13 23:00:00+00:00,97.40625,101.875,281.171875,71.5595703125,1.28125,199.28125,8.021875000000023
2007-07-14 00:00:00+00:00,52.734375,149.984375,281.921875,67.64581298828125,1.357421875,202.71875,8.771875000000023
2007-07-14 01:00:00+00:00,16.0625,146.921875,282.859375,64.1038818359375,1.435546875,162.984375,9.709375000000023
2007-07-14 02:00:00+00:00,62.3984375,188.6484375,283.59375,60.86077880859375,1.849609375,251.046875,10.443750000000023
2007-07-14 03:00:00+00:00,198.94921875,131.45703125,284.15625,56.827880859375,3.28125,330.40625,11.006250000000023
2007-07-14 04:00:00+00:00,107.76953125,160.27734375,284.6875,51.42205810546875,3.59765625,268.046875,11.537500000000023
2007-07-14 05:00:00+00:00,128.2265625,75.4765625,284.9375,47.0220947265625,3.91015625,203.703125,11.787500000000023
2007-07-14 06:00:00+00:00,69.76953125,18.85546875,284.890625,46.8660888671875,3.9609375,88.625,11.740625000000023
2007-07-14 07:00:00+00:00,0.98828125,1.01171875,284.65625,47.24676513671875,3.775390625,2.0,11.506250000000023
2007-07-14 08:00:00+00:00,0.0,0.0,284.375,48.28839111328125,3.51171875,0.0,11.225000000000023
2007-07-14 09:00:00+00:00,0.0,0.0,283.796875,58.21075439453125,2.42578125,0.0,10.646875000000023
2007-07-14 10:00:00+00:00,0.0,0.0,283.171875,64.42864990234375,2.17578125,0.0,10.021875000000023
2007-07-14 11:00:00+00:00,0.0,0.0,282.546875,71.90069580078125,2.396484375,0.0,9.396875000000023
2007-07-14 12:00:00+00:00,0.0,0.0,282.0625,77.4278564453125,2.525390625,0.0,8.912500000000023
2007-07-14 13:00:00+00:00,0.0,0.0,281.515625,81.33929443359375,2.244140625,0.0,8.365625000000023
2007-07-14 14:00:00+00:00,0.0,0.0,280.765625,86.05853271484375,1.916015625,0.0,7.615625000000023
2007-07-14 15:00:00+00:00,0.0,0.0,279.765625,87.730224609375,1.759765625,0.0,6.615625000000023
2007-07-14 16:00:00+00:00,0.0,0.0,279.40625,87.22857666015625,1.51171875,0.0,6.256250000000023
2007-07-14 17:00:00+00:00,0.0,0.0,279.03125,88.55535888671875,1.587890625,0.0,5.881250000000023
2007-07-14 18:00:00+00:00,0.0,0.0,278.796875,88.98712158203125,1.49609375,0.0,5.646875000000023
2007-07-14 19:00:00+00:00,0.0,0.0,278.546875,90.2816162109375,1.318359375,0.0,5.396875000000023
2007-07-14 20:00:00+00:00,0.0,0.0,278.296875,90.99139404296875,1.4453125,0.0,5.146875000000023
2007-07-14 21:00:00+00:00,0.00390625,4.08984375,278.859375,86.95208740234375,1.326171875,4.09375,5.709375000000023
2007-07-14 22:00:00+00:00,18.65625,51.140625,278.828125,85.510986328125,1.189453125,69.796875,5.678125000000023
2007-07-14 23:00:00+00:00,134.29296875,85.44140625,279.15625,82.9700927734375,1.2578125,219.734375,6.006250000000023
2007-07-15 00:00:00+00:00,137.453125,151.703125,279.828125,78.3436279296875,1.39453125,289.15625,6.678125000000023
2007-07-15 01:00:00+00:00,195.68359375,144.84765625,280.765625,72.34930419921875,1.46875,340.53125,7.615625000000023
2007-07-15 02:00:00+00:00,251.16015625,140.73046875,281.8125,68.3746337890625,1.12890625,391.890625,8.662500000000023
2007-07-15 03:00:00+00:00,77.14453125,217.40234375,283.984375,57.1357421875,2.3828125,294.546875,10.834375000000023
2007-07-15 04:00:00+00:00,278.0859375,90.6328125,284.78125,50.00372314453125,2.390625,368.71875,11.631250000000023
2007-07-15 05:00:00+00:00,113.76171875,64.47265625,285.25,46.3946533203125,2.376953125,178.234375,12.100000000000023
2007-07-15 06:00:00+00:00,38.66796875,20.94140625,285.4375,45.01544189453125,2.267578125,59.609375,12.287500000000023
2007-07-15 07:00:00+00:00,0.32421875,1.48828125,285.328125,44.646240234375,2.2578125,1.8125,12.178125000000023
2007-07-15 08:00:00+00:00,0.0,0.0,285.140625,44.63629150390625,2.21484375,0.0,11.990625000000023
2007-07-15 09:00:00+00:00,0.0,0.0,284.484375,46.0137939453125,1.810546875,0.0,11.334375000000023
2007-07-15 10:00:00+00:00,0.0,0.0,284.109375,47.05194091796875,1.8515625,0.0,10.959375000000023
2007-07-15 11:00:00+00:00,0.0,0.0,283.578125,50.14471435546875,2.28125,0.0,10.428125000000023
2007-07-15 12:00:00+00:00,0.0,0.0,282.921875,53.51629638671875,2.599609375,0.0,9.771875000000023
2007-07-15 13:00:00+00:00,0.0,0.0,282.71875,52.05035400390625,2.322265625,0.0,9.568750000000023
2007-07-15 14:00:00+00:00,0.0,0.0,282.53125,49.66259765625,2.505859375,0.0,9.381250000000023
2007-07-15 15:00:00+00:00,0.0,0.0,281.453125,53.70098876953125,2.421875,0.0,8.303125000000023
2007-07-15 16:00:00+00:00,0.0,0.0,280.859375,55.74761962890625,2.513671875,0.0,7.709375000000023
2007-07-15 17:00:00+00:00,0.0,0.0,280.296875,58.04815673828125,2.740234375,0.0,7.146875000000023
2007-07-15 18:00:00+00:00,0.0,0.0,280.046875,59.50823974609375,3.044921875,0.0,6.896875000000023
2007-07-15 19:00:00+00:00,0.0,0.0,279.984375,60.98516845703125,3.4140625,0.0,6.834375000000023
2007-07-15 20:00:00+00:00,0.0,0.0,280.0625,64.76007080078125,3.517578125,0.0,6.912500000000023
2007-07-15 21:00:00+00:00,0.5625,5.015625,279.625,72.54058837890625,3.865234375,5.578125,6.475000000000023
2007-07-15 22:00:00+00:00,66.3359375,45.3828125,279.265625,76.81463623046875,4.05859375,111.71875,6.115625000000023
2007-07-15 23:00:00+00:00,189.1796875,67.4453125,279.25,78.30908203125,4.1171875,256.625,6.100000000000023
2007-07-16 00:00:00+00:00,318.0078125,71.5390625,280.140625,75.02813720703125,4.328125,389.546875,6.990625000000023
2007-07-16 01:00:00+00:00,395.859375,70.203125,281.578125,69.19232177734375,4.53125,466.0625,8.428125000000023
2007-07-16 02:00:00+00:00,392.42578125,81.52734375,283.125,63.70904541015625,4.849609375,473.953125,9.975000000000023
2007-07-16 03:00:00+00:00,363.4296875,74.2421875,284.71875,59.0982666015625,5.548828125,437.671875,11.568750000000023
2007-07-16 04:00:00+00:00,295.83984375,63.56640625,285.515625,56.13665771484375,5.51953125,359.40625,12.365625000000023
2007-07-16 05:00:00+00:00,156.14453125,58.35546875,285.90625,55.36895751953125,5.7265625,214.5,12.756250000000023
2007-07-16 06:00:00+00:00,35.94921875,29.72265625,286.09375,54.00238037109375,5.654296875,65.671875,12.943750000000023
2007-07-16 07:00:00+00:00,0.296875,1.9375,285.53125,57.91070556640625,5.70703125,2.234375,12.381250000000023
2007-07-16 08:00:00+00:00,0.0,0.0,284.59375,62.913818359375,5.0078125,0.0,11.443750000000023
2007-07-16 09:00:00+00:00,0.0,0.0,283.3125,67.86273193359375,5.28125,0.0,10.162500000000023
2007-07-16 10:00:00+00:00,0.0,0.0,282.71875,67.6177978515625,5.32421875,0.0,9.568750000000023
2007-07-16 11:00:00+00:00,0.0,0.0,282.4375,66.69439697265625,5.03125,0.0,9.287500000000023
2007-07-16 12:00:00+00:00,0.0,0.0,282.140625,67.5821533203125,5.197265625,0.0,8.990625000000023
2007-07-16 13:00:00+00:00,0.0,0.0,281.953125,66.2481689453125,5.392578125,0.0,8.803125000000023
2007-07-16 14:00:00+00:00,0.0,0.0,281.859375,62.02960205078125,5.47265625,0.0,8.709375000000023
2007-07-16 15:00:00+00:00,0.0,0.0,282.21875,55.21649169921875,6.119140625,0.0,9.068750000000023
2007-07-16 16:00:00+00:00,0.0,0.0,282.140625,53.51983642578125,6.37109375,0.0,8.990625000000023
2007-07-16 17:00:00+00:00,0.0,0.0,282.0,53.56927490234375,6.3515625,0.0,8.850000000000023
2007-07-16 18:00:00+00:00,0.0,0.0,281.765625,55.22003173828125,7.541015625,0.0,8.615625000000023
2007-07-16 19:00:00+00:00,0.0,0.0,281.59375,56.87042236328125,7.7890625,0.0,8.443750000000023
2007-07-16 20:00:00+00:00,0.0,0.0,281.546875,56.8702392578125,7.78125,0.0,8.396875000000023
2007-07-16 21:00:00+00:00,0.2109375,3.5859375,281.5,55.45001220703125,8.12890625,3.796875,8.350000000000023
2007-07-16 22:00:00+00:00,7.0,48.234375,281.375,56.35980224609375,7.765625,55.234375,8.225000000000023
2007-07-16 23:00:00+00:00,3.953125,37.171875,281.09375,60.31707763671875,7.1328125,41.125,7.943750000000023
2007-07-17 00:00:00+00:00,0.0,42.328125,280.84375,64.8328857421875,7.19140625,42.328125,7.693750000000023
2007-07-17 01:00:00+00:00,0.0,31.8125,279.921875,75.7879638671875,6.875,31.8125,6.771875000000023
2007-07-17 02:00:00+00:00,0.0,22.78125,279.375,78.96563720703125,5.646484375,22.78125,6.225000000000023
2007-07-17 03:00:00+00:00,0.0,83.140625,279.609375,78.75555419921875,4.248046875,83.140625,6.459375000000023
2007-07-17 04:00:00+00:00,19.03125,164.140625,280.203125,74.0909423828125,3.8359375,183.171875,7.053125000000023
2007-07-17 05:00:00+00:00,2.046875,60.25,281.078125,75.415771484375,3.21484375,62.296875,7.928125000000023
2007-07-17 06:00:00+00:00,0.00390625,39.18359375,281.40625,72.6148681640625,3.97265625,39.1875,8.256250000000023
2007-07-17 07:00:00+00:00,0.0,1.171875,281.125,73.69757080078125,4.0703125,1.171875,7.975000000000023
2007-07-17 08:00:00+00:00,0.0,0.0,280.8125,75.99591064453125,3.861328125,0.0,7.662500000000023
2007-07-17 09:00:00+00:00,0.0,0.0,280.046875,77.8564453125,4.625,0.0,6.896875000000023
2007-07-17 10:00:00+00:00,0.0,0.0,279.921875,77.048583984375,4.72265625,0.0,6.771875000000023
2007-07-17 11:00:00+00:00,0.0,0.0,279.765625,77.15924072265625,4.822265625,0.0,6.615625000000023
2007-07-17 12:00:00+00:00,0.0,0.0,279.515625,78.8392333984375,4.94140625,0.0,6.365625000000023
2007-07-17 13:00:00+00:00,0.0,0.0,279.25,79.61248779296875,4.7421875,0.0,6.100000000000023
2007-07-17 14:00:00+00:00,0.0,0.0,278.984375,81.6226806640625,4.533203125,0.0,5.834375000000023
2007-07-17 15:00:00+00:00,0.0,0.0,278.53125,81.522216796875,4.4140625,0.0,5.381250000000023
2007-07-17 16:00:00+00:00,0.0,0.0,278.65625,81.25433349609375,4.689453125,0.0,5.506250000000023
2007-07-17 17:00:00+00:00,0.0,0.0,278.65625,82.536376953125,4.42578125,0.0,5.506250000000023
2007-07-17 18:00:00+00:00,0.0,0.0,278.671875,84.13055419921875,4.048828125,0.0,5.521875000000023
2007-07-17 19:00:00+00:00,0.0,0.0,278.609375,82.89971923828125,3.5625,0.0,5.459375000000023
2007-07-17 20:00:00+00:00,0.0,0.0,278.59375,81.018310546875,3.203125,0.0,5.443750000000023
2007-07-17 21:00:00+00:00,0.08203125,4.76171875,278.453125,79.04718017578125,3.37890625,4.84375,5.303125000000023
2007-07-17 22:00:00+00:00,4.95703125,47.93359375,278.59375,77.95758056640625,3.220703125,52.890625,5.443750000000023
2007-07-17 23:00:00+00:00,28.375,109.0625,278.96875,77.18060302734375,3.005859375,137.4375,5.818750000000023
2007-07-18 00:00:00+00:00,9.38671875,89.98828125,279.640625,76.011474609375,3.009765625,99.375,6.490625000000023
2007-07-18 01:00:00+00:00,0.21484375,130.30078125,280.71875,73.84771728515625,3.01171875,130.515625,7.568750000000023
2007-07-18 02:00:00+00:00,17.640625,105.71875,281.75,67.7816162109375,4.044921875,123.359375,8.600000000000023
2007-07-18 03:00:00+00:00,33.3359375,202.1015625,281.828125,69.75286865234375,4.99609375,235.4375,8.678125000000023
2007-07-18 04:00:00+00:00,105.67578125,157.05859375,282.609375,63.9063720703125,5.12890625,262.734375,9.459375000000023
2007-07-18 05:00:00+00:00,38.94140625,57.40234375,283.328125,58.8604736328125,5.060546875,96.34375,10.178125000000023
2007-07-18 06:00:00+00:00,2.33984375,36.83203125,283.46875,57.94195556640625,4.953125,39.171875,10.318750000000023
2007-07-18 07:00:00+00:00,0.0,2.078125,283.375,57.27471923828125,4.783203125,2.078125,10.225000000000023
2007-07-18 08:00:00+00:00,0.0,0.0,283.25,58.0135498046875,4.626953125,0.0,10.100000000000023
2007-07-18 09:00:00+00:00,0.0,0.0,282.09375,72.354736328125,4.189453125,0.0,8.943750000000023
2007-07-18 10:00:00+00:00,0.0,0.0,282.03125,72.385498046875,3.703125,0.0,8.881250000000023
2007-07-18 11:00:00+00:00,0.0,0.0,281.8125,75.01495361328125,3.298828125,0.0,8.662500000000023
2007-07-18 12:00:00+00:00,0.0,0.0,281.1875,79.1771240234375,3.412109375,0.0,8.037500000000023
2007-07-18 13:00:00+00:00,0.0,0.0,280.921875,82.47119140625,3.201171875,0.0,7.771875000000023
2007-07-18 14:00:00+00:00,0.0,0.0,280.765625,85.3953857421875,2.962890625,0.0,7.615625000000023
2007-07-18 15:00:00+00:00,0.0,0.0,279.890625,87.12872314453125,3.2265625,0.0,6.740625000000023
2007-07-18 16:00:00+00:00,0.0,0.0,280.046875,87.38720703125,3.08203125,0.0,6.896875000000023
2007-07-18 17:00:00+00:00,0.0,0.0,280.140625,87.88165283203125,3.1640625,0.0,6.990625000000023
2007-07-18 18:00:00+00:00,0.0,0.0,280.109375,89.0533447265625,2.884765625,0.0,6.959375000000023
2007-07-18 19:00:00+00:00,0.0,0.0,280.234375,86.51580810546875,2.982421875,0.0,7.084375000000023
2007-07-18 20:00:00+00:00,0.0,0.0,280.21875,86.48956298828125,2.740234375,0.0,7.068750000000023
2007-07-18 21:00:00+00:00,0.0,2.171875,279.640625,90.76116943359375,2.6640625,2.171875,6.490625000000023
2007-07-18 22:00:00+00:00,9.98046875,69.55078125,279.65625,93.580810546875,2.619140625,79.53125,6.506250000000023
2007-07-18 23:00:00+00:00,19.8359375,66.7890625,279.96875,92.08099365234375,2.58984375,86.625,6.818750000000023
2007-07-19 00:00:00+00:00,52.6796875,154.7578125,280.3125,90.569091796875,2.80859375,207.4375,7.162500000000023
2007-07-19 01:00:00+00:00,52.54296875,191.20703125,281.078125,88.39263916015625,3.087890625,243.75,7.928125000000023
2007-07-19 02:00:00+00:00,72.87890625,223.80859375,282.015625,86.73516845703125,2.794921875,296.6875,8.865625000000023
2007-07-19 03:00:00+00:00,51.73046875,213.03515625,283.5625,77.42486572265625,4.154296875,264.765625,10.412500000000023
2007-07-19 04:00:00+00:00,30.47265625,118.08984375,284.5,67.50384521484375,4.10546875,148.5625,11.350000000000023
2007-07-19 05:00:00+00:00,88.17578125,108.08984375,284.96875,61.92376708984375,4.337890625,196.265625,11.818750000000023
2007-07-19 06:00:00+00:00,41.421875,33.359375,284.96875,63.10797119140625,4.271484375,74.78125,11.818750000000023
2007-07-19 07:00:00+00:00,0.58203125,2.18359375,284.9375,62.65631103515625,3.859375,2.765625,11.787500000000023
2007-07-19 08:00:00+00:00,0.0,0.0,284.71875,65.07666015625,3.328125,0.0,11.568750000000023
2007-07-19 09:00:00+00:00,0.0,0.0,284.09375,71.43780517578125,3.001953125,0.0,10.943750000000023
2007-07-19 10:00:00+00:00,0.0,0.0,284.0625,71.4959716796875,2.708984375,0.0,10.912500000000023
2007-07-19 11:00:00+00:00,0.0,0.0,283.90625,71.54290771484375,2.6015625,0.0,10.756250000000023
2007-07-19 12:00:00+00:00,0.0,0.0,283.765625,72.13720703125,2.34765625,0.0,10.615625000000023
2007-07-19 13:00:00+00:00,0.0,0.0,283.515625,74.72210693359375,1.875,0.0,10.365625000000023
2007-07-19 14:00:00+00:00,0.0,0.0,283.125,78.2041015625,1.55078125,0.0,9.975000000000023
2007-07-19 15:00:00+00:00,0.0,0.0,281.796875,84.6605224609375,0.841796875,0.0,8.646875000000023
2007-07-19 16:00:00+00:00,0.0,0.0,281.421875,87.13226318359375,0.509765625,0.0,8.271875000000023
2007-07-19 17:00:00+00:00,0.0,0.0,281.25,88.27154541015625,0.73828125,0.0,8.100000000000023
2007-07-19 18:00:00+00:00,0.0,0.0,280.734375,89.18756103515625,0.951171875,0.0,7.584375000000023
2007-07-19 19:00:00+00:00,0.0,0.0,280.40625,89.801513671875,1.02734375,0.0,7.256250000000023
2007-07-19 20:00:00+00:00,0.0,0.0,280.140625,90.0028076171875,1.197265625,0.0,6.990625000000023
2007-07-19 21:00:00+00:00,0.171875,5.5625,279.234375,94.92718505859375,1.546875,5.734375,6.084375000000023
2007-07-19 22:00:00+00:00,18.7578125,50.8515625,279.15625,95.12567138671875,1.72265625,69.609375,6.006250000000023
2007-07-19 23:00:00+00:00,82.28515625,132.69921875,279.34375,94.68206787109375,1.453125,214.984375,6.193750000000023
2007-07-20 00:00:00+00:00,199.09375,148.234375,279.90625,91.78076171875,1.478515625,347.328125,6.756250000000023
2007-07-20 01:00:00+00:00,238.70703125,154.46484375,280.6875,88.49609375,1.162109375,393.171875,7.537500000000023
2007-07-20 02:00:00+00:00,47.859375,160.5625,281.5625,85.749267578125,1.107421875,208.421875,8.412500000000023
2007-07-20 03:00:00+00:00,141.40625,218.703125,283.015625,86.47637939453125,1.62109375,360.109375,9.865625000000023
2007-07-20 04:00:00+00:00,24.10546875,79.59765625,283.796875,81.325927734375,2.037109375,103.703125,10.646875000000023
2007-07-20 05:00:00+00:00,0.03515625,71.44921875,284.046875,78.58013916015625,2.14453125,71.484375,10.896875000000023
2007-07-20 06:00:00+00:00,10.0390625,24.6328125,284.015625,78.6993408203125,2.578125,34.671875,10.865625000000023
2007-07-20 07:00:00+00:00,0.05078125,0.91796875,283.75,81.7001953125,2.640625,0.96875,10.600000000000023
2007-07-20 08:00:00+00:00,0.0,0.0,283.734375,82.0255126953125,1.9609375,0.0,10.584375000000023
2007-07-20 09:00:00+00:00,0.0,0.0,283.96875,78.1986083984375,2.078125,0.0,10.818750000000023
2007-07-20 10:00:00+00:00,0.0,0.0,283.6875,80.4788818359375,1.873046875,0.0,10.537500000000023
2007-07-20 11:00:00+00:00,0.0,0.0,283.421875,81.53125,1.482421875,0.0,10.271875000000023
2007-07-20 12:00:00+00:00,0.0,0.0,283.140625,82.86273193359375,1.15234375,0.0,9.990625000000023
2007-07-20 13:00:00+00:00,0.0,0.0,282.578125,85.961181640625,0.927734375,0.0,9.428125000000023
2007-07-20 14:00:00+00:00,0.0,0.0,282.15625,88.33038330078125,0.63671875,0.0,9.006250000000023
2007-07-20 15:00:00+00:00,0.0,0.0,279.515625,95.93609619140625,0.39453125,0.0,6.365625000000023
2007-07-20 16:00:00+00:00,0.0,0.0,278.859375,92.9761962890625,0.33203125,0.0,5.709375000000023
2007-07-20 17:00:00+00:00,0.0,0.0,278.34375,99.572265625,0.99609375,0.0,5.193750000000023
2007-07-20 18:00:00+00:00,0.0,0.0,277.890625,100.38275146484375,0.869140625,0.0,4.740625000000023
2007-07-20 19:00:00+00:00,0.0,0.0,277.421875,100.2890625,1.169921875,0.0,4.271875000000023
2007-07-20 20:00:00+00:00,0.0,0.0,277.359375,99.839599609375,1.2890625,0.0,4.209375000000023
2007-07-20 21:00:00+00:00,0.0,4.578125,276.90625,99.66864013671875,1.525390625,4.578125,3.7562500000000227
2007-07-20 22:00:00+00:00,0.00390625,30.91796875,277.171875,99.73046875,1.298828125,30.921875,4.021875000000023
2007-07-20 23:00:00+00:00,0.328125,120.703125,277.390625,99.61907958984375,1.076171875,121.03125,4.240625000000023
2007-07-21 00:00:00+00:00,7.83984375,182.48828125,277.640625,98.9608154296875,1.33203125,190.328125,4.490625000000023
2007-07-21 01:00:00+00:00,12.73828125,201.94921875,278.046875,96.40167236328125,1.369140625,214.6875,4.896875000000023
2007-07-21 02:00:00+00:00,77.1328125,248.1640625,278.484375,93.15948486328125,1.412109375,325.296875,5.334375000000023
2007-07-21 03:00:00+00:00,19.61328125,175.10546875,279.125,92.08489990234375,1.265625,194.71875,5.975000000000023
2007-07-21 04:00:00+00:00,89.10546875,188.09765625,279.640625,89.08935546875,0.8125,277.203125,6.490625000000023
2007-07-21 05:00:00+00:00,107.09765625,101.12109375,280.359375,84.46282958984375,0.59765625,208.21875,7.209375000000023
2007-07-21 06:00:00+00:00,31.25390625,49.23046875,281.234375,80.958740234375,0.9921875,80.484375,8.084375000000023
2007-07-21 07:00:00+00:00,0.609375,3.09375,281.71875,80.0986328125,0.837890625,3.703125,8.568750000000023
2007-07-21 08:00:00+00:00,0.0,0.0,282.328125,77.99053955078125,1.337890625,0.0,9.178125000000023
2007-07-21 09:00:00+00:00,0.0,0.0,282.90625,78.53375244140625,1.486328125,0.0,9.756250000000023
2007-07-21 10:00:00+00:00,0.0,0.0,282.96875,78.84686279296875,0.912109375,0.0,9.818750000000023
2007-07-21 11:00:00+00:00,0.0,0.0,282.578125,80.90386962890625,0.90234375,0.0,9.428125000000023
2007-07-21 12:00:00+00:00,0.0,0.0,282.234375,81.71600341796875,1.09765625,0.0,9.084375000000023
2007-07-21 13:00:00+00:00,0.0,0.0,281.9375,77.4771728515625,1.3125,0.0,8.787500000000023
2007-07-21 14:00:00+00:00,0.0,0.0,281.421875,72.170654296875,1.4375,0.0,8.271875000000023
2007-07-21 15:00:00+00:00,0.0,0.0,279.609375,87.94476318359375,1.162109375,0.0,6.459375000000023
2007-07-21 16:00:00+00:00,0.0,0.0,278.484375,92.02392578125,1.197265625,0.0,5.334375000000023
2007-07-21 17:00:00+00:00,0.0,0.0,278.828125,83.57952880859375,1.666015625,0.0,5.678125000000023
2007-07-21 18:00:00+00:00,0.0,0.0,278.421875,80.4427490234375,1.75,0.0,5.271875000000023
2007-07-21 19:00:00+00:00,0.0,0.0,278.09375,80.6246337890625,1.8203125,0.0,4.943750000000023
2007-07-21 20:00:00+00:00,0.0,0.0,277.734375,82.57305908203125,1.814453125,0.0,4.584375000000023
2007-07-21 21:00:00+00:00,1.52734375,6.87890625,276.96875,84.18963623046875,2.03515625,8.40625,3.8187500000000227
2007-07-21 22:00:00+00:00,78.6953125,48.3828125,276.46875,86.44061279296875,1.71875,127.078125,3.3187500000000227
2007-07-21 23:00:00+00:00,222.54296875,64.33203125,276.78125,84.6761474609375,1.69140625,286.875,3.6312500000000227
2007-07-22 00:00:00+00:00,352.41015625,68.21484375,277.65625,79.7418212890625,1.666015625,420.625,4.506250000000023
2007-07-22 01:00:00+00:00,435.9609375,66.0546875,279.171875,72.5533447265625,1.564453125,502.015625,6.021875000000023
2007-07-22 02:00:00+00:00,464.59375,61.765625,281.015625,64.879638671875,1.623046875,526.359375,7.865625000000023
2007-07-22 03:00:00+00:00,425.2734375,63.4609375,284.65625,49.4256591796875,3.90625,488.734375,11.506250000000023
2007-07-22 04:00:00+00:00,355.0859375,50.0859375,285.703125,44.42852783203125,4.404296875,405.171875,12.553125000000023
2007-07-22 05:00:00+00:00,240.7265625,32.4296875,286.109375,45.22161865234375,4.474609375,273.15625,12.959375000000023
2007-07-22 06:00:00+00:00,95.0625,15.375,286.1875,44.26605224609375,4.25,110.4375,13.037500000000023
2007-07-22 07:00:00+00:00,2.11328125,2.08984375,285.546875,48.46673583984375,4.095703125,4.203125,12.396875000000023
2007-07-22 08:00:00+00:00,0.0,0.0,284.859375,51.53955078125,4.15625,0.0,11.709375000000023
2007-07-22 09:00:00+00:00,0.0,0.0,284.5,55.6361083984375,3.287109375,0.0,11.350000000000023
2007-07-22 10:00:00+00:00,0.0,0.0,283.859375,59.03765869140625,2.8125,0.0,10.709375000000023
2007-07-22 11:00:00+00:00,0.0,0.0,283.203125,62.0775146484375,2.470703125,0.0,10.053125000000023
2007-07-22 12:00:00+00:00,0.0,0.0,282.71875,63.92559814453125,2.1875,0.0,9.568750000000023
2007-07-22 13:00:00+00:00,0.0,0.0,282.46875,64.0830078125,2.12890625,0.0,9.318750000000023
2007-07-22 14:00:00+00:00,0.0,0.0,282.34375,63.25311279296875,2.515625,0.0,9.193750000000023
2007-07-22 15:00:00+00:00,0.0,0.0,281.3125,67.10125732421875,2.490234375,0.0,8.162500000000023
2007-07-22 16:00:00+00:00,0.0,0.0,281.1875,66.110595703125,2.89453125,0.0,8.037500000000023
2007-07-22 17:00:00+00:00,0.0,0.0,281.0,66.50018310546875,2.4609375,0.0,7.850000000000023
2007-07-22 18:00:00+00:00,0.0,0.0,280.78125,67.38531494140625,2.318359375,0.0,7.631250000000023
2007-07-22 19:00:00+00:00,0.0,0.0,280.671875,67.863525390625,2.533203125,0.0,7.521875000000023
2007-07-22 20:00:00+00:00,0.0,0.0,280.578125,68.18548583984375,2.62109375,0.0,7.428125000000023
2007-07-22 21:00:00+00:00,1.65625,7.265625,279.734375,72.857177734375,2.640625,8.921875,6.584375000000023
2007-07-22 22:00:00+00:00,81.22265625,48.41796875,279.65625,72.55291748046875,2.8984375,129.640625,6.506250000000023
2007-07-22 23:00:00+00:00,226.33203125,63.15234375,280.140625,69.21026611328125,2.94921875,289.484375,6.990625000000023
2007-07-23 00:00:00+00:00,356.1171875,66.0859375,281.421875,62.71075439453125,2.90234375,422.203125,8.271875000000023
2007-07-23 01:00:00+00:00,440.1015625,62.4140625,283.28125,53.78753662109375,3.396484375,502.515625,10.131250000000023
2007-07-23 02:00:00+00:00,467.390625,58.765625,285.15625,44.06231689453125,5.041015625,526.15625,12.006250000000023
2007-07-23 03:00:00+00:00,397.65625,75.015625,286.8125,43.97076416015625,5.44921875,472.671875,13.662500000000023
2007-07-23 04:00:00+00:00,319.28515625,67.21484375,287.546875,41.45166015625,5.30859375,386.5,14.396875000000023
2007-07-23 05:00:00+00:00,195.140625,54.765625,287.8125,41.622802734375,5.44140625,249.90625,14.662500000000023
2007-07-23 06:00:00+00:00,22.1796875,43.2578125,287.75,42.6217041015625,5.34375,65.4375,14.600000000000023
2007-07-23 07:00:00+00:00,0.0078125,2.7265625,287.25,45.7054443359375,5.345703125,2.734375,14.100000000000023
2007-07-23 08:00:00+00:00,0.0,0.0,286.546875,50.63323974609375,5.03515625,0.0,13.396875000000023
2007-07-23 09:00:00+00:00,0.0,0.0,286.015625,56.35626220703125,4.33203125,0.0,12.865625000000023
2007-07-23 10:00:00+00:00,0.0,0.0,285.625,57.33013916015625,4.2109375,0.0,12.475000000000023
2007-07-23 11:00:00+00:00,0.0,0.0,285.421875,57.5379638671875,4.0,0.0,12.271875000000023
2007-07-23 12:00:00+00:00,0.0,0.0,285.1875,58.87091064453125,4.296875,0.0,12.037500000000023
2007-07-23 13:00:00+00:00,0.0,0.0,285.015625,60.0867919921875,3.970703125,0.0,11.865625000000023
2007-07-23 14:00:00+00:00,0.0,0.0,284.875,61.16839599609375,3.5,0.0,11.725000000000023
2007-07-23 15:00:00+00:00,0.0,0.0,284.421875,61.51275634765625,3.837890625,0.0,11.271875000000023
2007-07-23 16:00:00+00:00,0.0,0.0,284.25,61.62847900390625,3.900390625,0.0,11.100000000000023
2007-07-23 17:00:00+00:00,0.0,0.0,283.96875,62.5469970703125,4.55859375,0.0,10.818750000000023
2007-07-23 18:00:00+00:00,0.0,0.0,283.8125,62.63958740234375,4.701171875,0.0,10.662500000000023
2007-07-23 19:00:00+00:00,0.0,0.0,283.96875,59.84259033203125,3.9921875,0.0,10.818750000000023
2007-07-23 20:00:00+00:00,0.0,0.0,283.765625,59.650634765625,2.869140625,0.0,10.615625000000023
2007-07-23 21:00:00+00:00,0.11328125,4.41796875,283.40625,62.5626220703125,3.818359375,4.53125,10.256250000000023
2007-07-23 22:00:00+00:00,21.375,75.59375,283.234375,62.23809814453125,4.533203125,96.96875,10.084375000000023
2007-07-23 23:00:00+00:00,16.66796875,122.66015625,283.75,57.50384521484375,4.125,139.328125,10.600000000000023
2007-07-24 00:00:00+00:00,179.26953125,179.52734375,284.265625,56.20538330078125,4.94140625,358.796875,11.115625000000023
2007-07-24 01:00:00+00:00,316.875,137.84375,285.71875,50.28289794921875,5.3828125,454.71875,12.568750000000023
2007-07-24 02:00:00+00:00,434.96484375,83.84765625,287.40625,42.69464111328125,5.1875,518.8125,14.256250000000023
2007-07-24 03:00:00+00:00,440.6640625,55.3671875,288.9375,40.69635009765625,6.064453125,496.03125,15.787500000000023
2007-07-24 04:00:00+00:00,361.9140625,44.8359375,289.609375,39.03125,5.787109375,406.75,16.459375000000023
2007-07-24 05:00:00+00:00,239.6796875,33.8828125,290.015625,38.820556640625,5.56640625,273.5625,16.865625000000023
2007-07-24 06:00:00+00:00,96.55859375,16.20703125,289.953125,41.0216064453125,5.625,112.765625,16.803125000000023
2007-07-24 07:00:00+00:00,3.578125,1.5625,289.453125,44.8291015625,5.439453125,5.140625,16.303125000000023
2007-07-24 08:00:00+00:00,0.0,0.0,288.625,49.0133056640625,5.12890625,0.0,15.475000000000023
2007-07-24 09:00:00+00:00,0.0,0.0,287.71875,50.971923828125,4.875,0.0,14.568750000000023
2007-07-24 10:00:00+00:00,0.0,0.0,287.0,54.54779052734375,5.09765625,0.0,13.850000000000023
2007-07-24 11:00:00+00:00,0.0,0.0,286.59375,56.523681640625,5.177734375,0.0,13.443750000000023
2007-07-24 12:00:00+00:00,0.0,0.0,286.40625,57.87701416015625,5.00390625,0.0,13.256250000000023
2007-07-24 13:00:00+00:00,0.0,0.0,286.25,58.684326171875,4.779296875,0.0,13.100000000000023
2007-07-24 14:00:00+00:00,0.0,0.0,286.109375,58.99273681640625,4.736328125,0.0,12.959375000000023
2007-07-24 15:00:00+00:00,0.0,0.0,285.671875,58.0548095703125,4.736328125,0.0,12.521875000000023
2007-07-24 16:00:00+00:00,0.0,0.0,285.453125,58.3759765625,4.8046875,0.0,12.303125000000023
2007-07-24 17:00:00+00:00,0.0,0.0,285.25,58.54827880859375,4.716796875,0.0,12.100000000000023
2007-07-24 18:00:00+00:00,0.0,0.0,285.015625,58.49310302734375,4.572265625,0.0,11.865625000000023
2007-07-24 19:00:00+00:00,0.0,0.0,284.921875,58.0277099609375,4.654296875,0.0,11.771875000000023
2007-07-24 20:00:00+00:00,0.0,0.0,284.5,60.14697265625,4.64453125,0.0,11.350000000000023
2007-07-24 21:00:00+00:00,1.34765625,7.77734375,284.078125,62.3582763671875,4.70703125,9.125,10.928125000000023
2007-07-24 22:00:00+00:00,69.0703125,55.0859375,283.953125,62.146484375,4.748046875,124.15625,10.803125000000023
2007-07-24 23:00:00+00:00,206.86328125,74.18359375,284.4375,59.31329345703125,4.681640625,281.046875,11.287500000000023
2007-07-25 00:00:00+00:00,336.0,76.828125,285.734375,54.02740478515625,4.82421875,412.828125,12.584375000000023
2007-07-25 01:00:00+00:00,410.453125,79.71875,287.375,48.27239990234375,5.185546875,490.171875,14.225000000000023
2007-07-25 02:00:00+00:00,452.2265625,68.6484375,288.90625,44.27532958984375,5.34765625,520.875,15.756250000000023
2007-07-25 03:00:00+00:00,426.1875,61.765625,290.4375,42.62738037109375,5.771484375,487.953125,17.287500000000023
2007-07-25 04:00:00+00:00,301.3984375,77.2578125,291.453125,39.525390625,6.158203125,378.65625,18.303125000000023
2007-07-25 05:00:00+00:00,115.3203125,97.3359375,291.484375,40.39599609375,6.095703125,212.65625,18.334375000000023
2007-07-25 06:00:00+00:00,55.84375,44.96875,291.140625,42.46783447265625,6.00390625,100.8125,17.990625000000023
2007-07-25 07:00:00+00:00,1.94921875,3.23828125,290.6875,45.04034423828125,5.92578125,5.1875,17.537500000000023
2007-07-25 08:00:00+00:00,0.0,0.0,289.828125,49.6724853515625,6.07421875,0.0,16.678125000000023
2007-07-25 09:00:00+00:00,0.0,0.0,289.25,52.1513671875,5.830078125,0.0,16.100000000000023
2007-07-25 10:00:00+00:00,0.0,0.0,288.875,53.06475830078125,5.826171875,0.0,15.725000000000023
2007-07-25 11:00:00+00:00,0.0,0.0,288.609375,53.534423828125,5.517578125,0.0,15.459375000000023
2007-07-25 12:00:00+00:00,0.0,0.0,288.484375,53.0986328125,5.5546875,0.0,15.334375000000023
2007-07-25 13:00:00+00:00,0.0,0.0,288.359375,51.91571044921875,5.73828125,0.0,15.209375000000023
2007-07-25 14:00:00+00:00,0.0,0.0,288.390625,50.03961181640625,5.70703125,0.0,15.240625000000023
2007-07-25 15:00:00+00:00,0.0,0.0,288.5625,49.71978759765625,5.703125,0.0,15.412500000000023
2007-07-25 16:00:00+00:00,0.0,0.0,288.328125,49.13818359375,5.98046875,0.0,15.178125000000023
2007-07-25 17:00:00+00:00,0.0,0.0,288.09375,49.49249267578125,6.119140625,0.0,14.943750000000023
2007-07-25 18:00:00+00:00,0.0,0.0,287.65625,50.91253662109375,6.158203125,0.0,14.506250000000023
2007-07-25 19:00:00+00:00,0.0,0.0,287.375,51.18707275390625,5.8125,0.0,14.225000000000023
2007-07-25 20:00:00+00:00,0.0,0.0,286.96875,53.00054931640625,5.529296875,0.0,13.818750000000023
2007-07-25 21:00:00+00:00,0.0703125,1.7890625,286.65625,59.7596435546875,5.162109375,1.859375,13.506250000000023
2007-07-25 22:00:00+00:00,0.7421875,37.1171875,286.265625,58.80316162109375,5.740234375,37.859375,13.115625000000023
2007-07-25 23:00:00+00:00,67.11328125,143.76171875,286.40625,58.4302978515625,5.63671875,210.875,13.256250000000023
2007-07-26 00:00:00+00:00,187.7890625,161.3671875,286.5,61.27532958984375,5.333984375,349.15625,13.350000000000023
2007-07-26 01:00:00+00:00,364.36328125,113.41796875,287.46875,54.853759765625,5.564453125,477.78125,14.318750000000023
2007-07-26 02:00:00+00:00,376.1796875,104.2734375,288.5,52.01416015625,5.904296875,480.453125,15.350000000000023
2007-07-26 03:00:00+00:00,277.16015625,148.24609375,289.078125,57.41259765625,5.9765625,425.40625,15.928125000000023
2007-07-26 04:00:00+00:00,42.2265625,0.0,289.265625,59.36871337890625,6.73828125,7.578125,16.115625000000023
2007-07-26 05:00:00+00:00,11.3359375,111.6328125,288.1875,66.67083740234375,5.439453125,122.96875,15.037500000000023
2007-07-26 06:00:00+00:00,15.94921875,61.53515625,287.78125,67.47406005859375,4.787109375,77.484375,14.631250000000023
2007-07-26 07:00:00+00:00,0.51171875,4.70703125,287.59375,67.36895751953125,4.580078125,5.21875,14.443750000000023
2007-07-26 08:00:00+00:00,0.0,0.0,287.21875,68.16961669921875,4.42578125,0.0,14.068750000000023
2007-07-26 09:00:00+00:00,0.0,0.0,287.40625,64.598388671875,4.51171875,0.0,14.256250000000023
2007-07-26 10:00:00+00:00,0.0,0.0,287.234375,65.71649169921875,4.197265625,0.0,14.084375000000023
2007-07-26 11:00:00+00:00,0.0,0.0,287.078125,66.867431640625,4.78125,0.0,13.928125000000023
2007-07-26 12:00:00+00:00,0.0,0.0,286.84375,67.722900390625,4.658203125,0.0,13.693750000000023
2007-07-26 13:00:00+00:00,0.0,0.0,286.65625,68.4610595703125,4.564453125,0.0,13.506250000000023
2007-07-26 14:00:00+00:00,0.0,0.0,286.546875,69.86273193359375,4.419921875,0.0,13.396875000000023
2007-07-26 15:00:00+00:00,0.0,0.0,285.828125,71.53143310546875,4.408203125,0.0,12.678125000000023
2007-07-26 16:00:00+00:00,0.0,0.0,285.390625,74.4603271484375,4.50390625,0.0,12.240625000000023
2007-07-26 17:00:00+00:00,0.0,0.0,285.078125,75.4471435546875,4.259765625,0.0,11.928125000000023
2007-07-26 18:00:00+00:00,0.0,0.0,284.796875,75.96185302734375,4.06640625,0.0,11.646875000000023
2007-07-26 19:00:00+00:00,0.0,0.0,284.4375,76.6837158203125,4.00390625,0.0,11.287500000000023
2007-07-26 20:00:00+00:00,0.0,0.0,284.0,78.36676025390625,4.125,0.0,10.850000000000023
2007-07-26 21:00:00+00:00,1.78515625,8.57421875,283.375,79.41387939453125,4.890625,10.359375,10.225000000000023
2007-07-26 22:00:00+00:00,67.8828125,56.0390625,283.109375,79.990966796875,5.4296875,123.921875,9.959375000000023
2007-07-26 23:00:00+00:00,160.25,100.0,283.3125,76.972900390625,5.4609375,260.25,10.162500000000023
2007-07-27 00:00:00+00:00,37.828125,1.546875,284.09375,71.41790771484375,5.25390625,39.375,10.943750000000023
2007-07-27 01:00:00+00:00,57.51171875,126.50390625,284.65625,70.5992431640625,5.009765625,184.015625,11.506250000000023
2007-07-27 02:00:00+00:00,201.44921875,221.81640625,285.953125,65.19586181640625,4.787109375,423.265625,12.803125000000023
2007-07-27 03:00:00+00:00,237.08984375,164.72265625,287.59375,54.73321533203125,5.875,401.8125,14.443750000000023
2007-07-27 04:00:00+00:00,44.16015625,92.24609375,287.9375,57.03729248046875,5.740234375,136.40625,14.787500000000023
2007-07-27 05:00:00+00:00,149.58984375,101.16015625,287.859375,59.3643798828125,5.177734375,250.75,14.709375000000023
2007-07-27 06:00:00+00:00,27.765625,21.546875,287.46875,63.037353515625,4.701171875,49.3125,14.318750000000023
2007-07-27 07:00:00+00:00,0.51953125,3.08984375,287.390625,65.65789794921875,4.5078125,3.609375,14.240625000000023
2007-07-27 08:00:00+00:00,0.0,0.0,286.28125,76.31988525390625,4.12890625,0.0,13.131250000000023
2007-07-27 09:00:00+00:00,0.0,0.0,285.609375,72.686767578125,4.126953125,0.0,12.459375000000023
2007-07-27 10:00:00+00:00,0.0,0.0,285.125,73.446533203125,3.8515625,0.0,11.975000000000023
2007-07-27 11:00:00+00:00,0.0,0.0,284.6875,74.9312744140625,3.666015625,0.0,11.537500000000023
2007-07-27 12:00:00+00:00,0.0,0.0,284.265625,75.35211181640625,3.814453125,0.0,11.115625000000023
2007-07-27 13:00:00+00:00,0.0,0.0,283.859375,75.894287109375,4.001953125,0.0,10.709375000000023
2007-07-27 14:00:00+00:00,0.0,0.0,283.53125,77.2305908203125,4.146484375,0.0,10.381250000000023
2007-07-27 15:00:00+00:00,0.0,0.0,283.203125,78.3701171875,4.01171875,0.0,10.053125000000023
2007-07-27 16:00:00+00:00,0.0,0.0,282.96875,77.9180908203125,3.873046875,0.0,9.818750000000023
2007-07-27 17:00:00+00:00,0.0,0.0,282.8125,77.866455078125,3.884765625,0.0,9.662500000000023
2007-07-27 18:00:00+00:00,0.0,0.0,282.8125,78.86663818359375,3.875,0.0,9.662500000000023
2007-07-27 19:00:00+00:00,0.0,0.0,282.703125,80.08245849609375,3.75,0.0,9.553125000000023
2007-07-27 20:00:00+00:00,0.0,0.0,282.625,80.62603759765625,3.755859375,0.0,9.475000000000023
2007-07-27 21:00:00+00:00,1.81640625,8.90234375,282.21875,81.6087646484375,3.73828125,10.71875,9.068750000000023
2007-07-27 22:00:00+00:00,45.8125,50.40625,282.140625,82.09576416015625,3.640625,96.21875,8.990625000000023
2007-07-27 23:00:00+00:00,97.703125,130.109375,282.40625,81.29559326171875,3.68359375,227.8125,9.256250000000023
2007-07-28 00:00:00+00:00,101.4609375,173.2578125,283.203125,77.99505615234375,3.771484375,274.71875,10.053125000000023
2007-07-28 01:00:00+00:00,339.203125,143.1875,284.125,72.972900390625,3.947265625,482.390625,10.975000000000023
2007-07-28 02:00:00+00:00,343.7890625,103.0078125,285.21875,61.500732421875,4.462890625,446.796875,12.068750000000023
2007-07-28 03:00:00+00:00,275.57421875,82.26953125,285.796875,59.28955078125,4.263671875,357.84375,12.646875000000023
2007-07-28 04:00:00+00:00,261.37890625,90.55859375,286.015625,59.00408935546875,3.65234375,351.9375,12.865625000000023
2007-07-28 05:00:00+00:00,191.29296875,66.39453125,286.5625,53.82781982421875,2.79296875,257.6875,13.412500000000023
2007-07-28 06:00:00+00:00,40.44921875,27.45703125,286.828125,51.59405517578125,2.662109375,67.90625,13.678125000000023
2007-07-28 07:00:00+00:00,0.16015625,2.83984375,286.53125,54.031005859375,2.65234375,3.0,13.381250000000023
2007-07-28 08:00:00+00:00,0.0,0.0,286.265625,56.0155029296875,2.568359375,0.0,13.115625000000023
2007-07-28 09:00:00+00:00,0.0,0.0,286.40625,56.4771728515625,2.841796875,0.0,13.256250000000023
2007-07-28 10:00:00+00:00,0.0,0.0,286.03125,57.3824462890625,2.58203125,0.0,12.881250000000023
2007-07-28 11:00:00+00:00,0.0,0.0,285.28125,61.68194580078125,2.7578125,0.0,12.131250000000023
2007-07-28 12:00:00+00:00,0.0,0.0,284.828125,63.80316162109375,1.8671875,0.0,11.678125000000023
2007-07-28 13:00:00+00:00,0.0,0.0,284.453125,66.838623046875,1.783203125,0.0,11.303125000000023
2007-07-28 14:00:00+00:00,0.0,0.0,284.03125,68.88409423828125,1.7109375,0.0,10.881250000000023
2007-07-28 15:00:00+00:00,0.0,0.0,282.3125,67.9190673828125,1.349609375,0.0,9.162500000000023
2007-07-28 16:00:00+00:00,0.0,0.0,281.96875,68.79705810546875,1.67578125,0.0,8.818750000000023
2007-07-28 17:00:00+00:00,0.0,0.0,281.65625,69.22222900390625,1.55078125,0.0,8.506250000000023
2007-07-28 18:00:00+00:00,0.0,0.0,281.359375,69.81231689453125,1.64453125,0.0,8.209375000000023
2007-07-28 19:00:00+00:00,0.0,0.0,281.109375,71.66302490234375,1.875,0.0,7.959375000000023
2007-07-28 20:00:00+00:00,0.0,0.0,280.96875,73.9613037109375,1.94921875,0.0,7.818750000000023
2007-07-28 21:00:00+00:00,0.0,9.53125,280.5625,75.6781005859375,2.380859375,9.53125,7.412500000000023
2007-07-28 22:00:00+00:00,0.0234375,40.8671875,280.53125,76.34954833984375,2.404296875,40.890625,7.381250000000023
2007-07-28 23:00:00+00:00,0.109375,115.34375,280.8125,75.3487548828125,2.43359375,115.453125,7.662500000000023
2007-07-29 00:00:00+00:00,70.1484375,231.4296875,281.40625,72.64532470703125,2.57421875,301.578125,8.256250000000023
2007-07-29 01:00:00+00:00,184.96875,227.3125,282.578125,66.72052001953125,2.93359375,412.28125,9.428125000000023
2007-07-29 02:00:00+00:00,111.76171875,229.03515625,284.0,60.2584228515625,3.48046875,340.796875,10.850000000000023
2007-07-29 03:00:00+00:00,166.0859375,238.3046875,284.671875,60.864013671875,4.220703125,404.390625,11.521875000000023
2007-07-29 04:00:00+00:00,86.75390625,197.55859375,285.546875,57.72137451171875,4.1875,284.3125,12.396875000000023
2007-07-29 05:00:00+00:00,29.453125,146.203125,285.890625,56.83447265625,4.251953125,175.65625,12.740625000000023
2007-07-29 06:00:00+00:00,4.5859375,65.0546875,286.078125,57.650146484375,4.095703125,69.640625,12.928125000000023
2007-07-29 07:00:00+00:00,0.0,3.21875,286.046875,59.1031494140625,3.62890625,3.21875,12.896875000000023
2007-07-29 08:00:00+00:00,0.0,0.0,285.5625,61.81341552734375,3.59375,0.0,12.412500000000023
2007-07-29 09:00:00+00:00,0.0,0.0,284.1875,69.25628662109375,3.365234375,0.0,11.037500000000023
2007-07-29 10:00:00+00:00,0.0,0.0,283.53125,73.13873291015625,3.298828125,0.0,10.381250000000023
2007-07-29 11:00:00+00:00,0.0,0.0,283.25,74.74237060546875,2.939453125,0.0,10.100000000000023
2007-07-29 12:00:00+00:00,0.0,0.0,283.046875,76.05438232421875,2.333984375,0.0,9.896875000000023
2007-07-29 13:00:00+00:00,0.0,0.0,282.8125,78.5186767578125,2.37890625,0.0,9.662500000000023
2007-07-29 14:00:00+00:00,0.0,0.0,282.59375,80.09149169921875,2.333984375,0.0,9.443750000000023
2007-07-29 15:00:00+00:00,0.0,0.0,282.203125,81.421875,2.326171875,0.0,9.053125000000023
2007-07-29 16:00:00+00:00,0.0,0.0,282.03125,82.93634033203125,2.501953125,0.0,8.881250000000023
2007-07-29 17:00:00+00:00,0.0,0.0,281.9375,83.620849609375,2.53125,0.0,8.787500000000023
2007-07-29 18:00:00+00:00,0.0,0.0,281.8125,84.3363037109375,2.40625,0.0,8.662500000000023
2007-07-29 19:00:00+00:00,0.0,0.0,281.796875,84.39154052734375,2.380859375,0.0,8.646875000000023
2007-07-29 20:00:00+00:00,0.0,0.0,281.625,88.099609375,2.40625,0.0,8.475000000000023
2007-07-29 21:00:00+00:00,0.0,3.765625,282.09375,91.68853759765625,2.41015625,3.765625,8.943750000000023
2007-07-29 22:00:00+00:00,0.0,23.34375,282.28125,92.92694091796875,2.04296875,23.34375,9.131250000000023
2007-07-29 23:00:00+00:00,8.2734375,144.9140625,282.703125,94.2728271484375,1.650390625,153.1875,9.553125000000023
2007-07-30 00:00:00+00:00,4.0390625,111.2265625,283.671875,92.53143310546875,1.97265625,115.265625,10.521875000000023
2007-07-30 01:00:00+00:00,45.56640625,249.10546875,284.390625,88.096923828125,2.236328125,294.671875,11.240625000000023
2007-07-30 02:00:00+00:00,190.4140625,192.3828125,285.625,79.94580078125,2.25,382.796875,12.475000000000023
2007-07-30 03:00:00+00:00,48.64453125,102.87109375,286.328125,70.08587646484375,2.77734375,151.515625,13.178125000000023
2007-07-30 04:00:00+00:00,274.03515625,132.23046875,286.734375,65.95733642578125,2.056640625,406.265625,13.584375000000023
2007-07-30 05:00:00+00:00,81.4609375,54.4140625,287.4375,60.47021484375,1.849609375,135.875,14.287500000000023
2007-07-30 06:00:00+00:00,7.27734375,51.89453125,287.6875,57.45562744140625,1.90234375,59.171875,14.537500000000023
2007-07-30 07:00:00+00:00,0.421875,5.890625,287.609375,55.9991455078125,1.921875,6.3125,14.459375000000023
2007-07-30 08:00:00+00:00,0.0,0.0,287.21875,57.50091552734375,1.62890625,0.0,14.068750000000023
2007-07-30 09:00:00+00:00,0.0,0.0,286.171875,67.55859375,1.275390625,0.0,13.021875000000023
2007-07-30 10:00:00+00:00,0.0,0.0,285.84375,70.36688232421875,1.404296875,0.0,12.693750000000023
2007-07-30 11:00:00+00:00,0.0,0.0,285.4375,74.45025634765625,1.42578125,0.0,12.287500000000023
2007-07-30 12:00:00+00:00,0.0,0.0,284.953125,78.2120361328125,1.73046875,0.0,11.803125000000023
2007-07-30 13:00:00+00:00,0.0,0.0,284.421875,80.360595703125,1.685546875,0.0,11.271875000000023
2007-07-30 14:00:00+00:00,0.0,0.0,283.90625,80.97064208984375,1.66015625,0.0,10.756250000000023
2007-07-30 15:00:00+00:00,0.0,0.0,284.171875,78.17852783203125,1.798828125,0.0,11.021875000000023
2007-07-30 16:00:00+00:00,0.0,0.0,283.96875,75.83258056640625,1.857421875,0.0,10.818750000000023
2007-07-30 17:00:00+00:00,0.0,0.0,284.0625,73.49298095703125,1.7890625,0.0,10.912500000000023
2007-07-30 18:00:00+00:00,0.0,0.0,283.765625,77.7596435546875,2.046875,0.0,10.615625000000023
2007-07-30 19:00:00+00:00,0.0,0.0,283.34375,81.5665283203125,2.25,0.0,10.193750000000023
2007-07-30 20:00:00+00:00,0.0,0.0,282.84375,82.95306396484375,2.693359375,0.0,9.693750000000023
2007-07-30 21:00:00+00:00,0.19140625,10.74609375,282.40625,81.51580810546875,2.58984375,10.9375,9.256250000000023
2007-07-30 22:00:00+00:00,7.21875,74.09375,282.25,83.47198486328125,3.08203125,81.3125,9.100000000000023
2007-07-30 23:00:00+00:00,22.9140625,124.0546875,282.515625,84.39849853515625,3.9453125,146.96875,9.365625000000023
2007-07-31 00:00:00+00:00,77.0390625,198.1484375,283.484375,78.20538330078125,4.533203125,275.1875,10.334375000000023
2007-07-31 01:00:00+00:00,245.34375,168.265625,284.53125,71.14410400390625,5.755859375,413.609375,11.381250000000023
2007-07-31 02:00:00+00:00,203.046875,177.65625,285.1875,68.2559814453125,7.099609375,380.703125,12.037500000000023
2007-07-31 03:00:00+00:00,201.12109375,197.72265625,285.984375,58.1785888671875,7.53515625,398.84375,12.834375000000023
2007-07-31 04:00:00+00:00,325.73828125,91.10546875,286.421875,56.185791015625,7.78125,416.84375,13.271875000000023
2007-07-31 05:00:00+00:00,189.3515625,69.0703125,286.9375,54.78228759765625,8.28125,258.421875,13.787500000000023
2007-07-31 06:00:00+00:00,39.5390625,52.4609375,286.921875,55.7454833984375,8.2890625,92.0,13.771875000000023
2007-07-31 07:00:00+00:00,1.63671875,6.05078125,286.125,59.755126953125,8.2890625,7.6875,12.975000000000023
2007-07-31 08:00:00+00:00,0.0,0.0,285.65625,61.47686767578125,8.1640625,0.0,12.506250000000023
2007-07-31 09:00:00+00:00,0.0,0.0,285.15625,64.0560302734375,9.205078125,0.0,12.006250000000023
2007-07-31 10:00:00+00:00,0.0,0.0,284.875,64.86798095703125,9.3828125,0.0,11.725000000000023
2007-07-31 11:00:00+00:00,0.0,0.0,284.984375,64.95892333984375,8.89453125,0.0,11.834375000000023
2007-07-31 12:00:00+00:00,0.0,0.0,284.9375,68.23553466796875,7.970703125,0.0,11.787500000000023
2007-07-31 13:00:00+00:00,0.0,0.0,284.90625,70.54534912109375,7.125,0.0,11.756250000000023
2007-07-31 14:00:00+00:00,0.0,0.0,284.921875,73.06292724609375,7.001953125,0.0,11.771875000000023
2007-07-31 15:00:00+00:00,0.0,0.0,284.546875,74.07525634765625,7.7578125,0.0,11.396875000000023
2007-07-31 16:00:00+00:00,0.0,0.0,284.296875,77.5828857421875,7.044921875,0.0,11.146875000000023
2007-07-31 17:00:00+00:00,0.0,0.0,284.359375,77.0711669921875,6.650390625,0.0,11.209375000000023
2007-07-31 18:00:00+00:00,0.0,0.0,284.3125,78.44036865234375,5.6328125,0.0,11.162500000000023
2007-07-31 19:00:00+00:00,0.0,0.0,284.359375,79.0052490234375,4.90234375,0.0,11.209375000000023
2007-07-31 20:00:00+00:00,0.0,0.0,284.21875,79.4678955078125,4.541015625,0.0,11.068750000000023
2007-07-31 21:00:00+00:00,2.9765625,11.1015625,283.59375,80.77130126953125,5.05078125,14.078125,10.443750000000023
2007-07-31 22:00:00+00:00,86.06640625,57.58984375,283.4375,81.58685302734375,5.10546875,143.65625,10.287500000000023
2007-07-31 23:00:00+00:00,229.4296875,73.7890625,283.796875,80.14202880859375,5.0625,303.21875,10.646875000000023
2007-08-01 00:00:00+00:00,357.31640625,79.29296875,284.640625,76.93017578125,4.82421875,436.609375,11.490625000000023
2007-08-01 01:00:00+00:00,422.99609375,85.91015625,286.03125,70.51129150390625,4.89453125,508.90625,12.881250000000023
2007-08-01 02:00:00+00:00,274.9296875,144.1171875,287.1875,62.78326416015625,5.45703125,419.046875,14.037500000000023
2007-08-01 03:00:00+00:00,250.15625,114.734375,288.078125,58.43804931640625,6.265625,364.890625,14.928125000000023
2007-08-01 04:00:00+00:00,199.58203125,125.83984375,288.921875,52.6610107421875,6.197265625,325.421875,15.771875000000023
2007-08-01 05:00:00+00:00,127.96875,98.765625,289.578125,49.69976806640625,6.19140625,226.734375,16.428125000000023
2007-08-01 06:00:00+00:00,38.0078125,43.1640625,289.125,56.547607421875,6.314453125,81.171875,15.975000000000023
2007-08-01 07:00:00+00:00,2.8359375,5.6328125,288.828125,56.6497802734375,6.0078125,8.46875,15.678125000000023
2007-08-01 08:00:00+00:00,0.0,0.0,288.484375,59.265625,5.19921875,0.0,15.334375000000023
2007-08-01 09:00:00+00:00,0.0,0.0,287.984375,63.192138671875,5.494140625,0.0,14.834375000000023
2007-08-01 10:00:00+00:00,0.0,0.0,287.4375,63.75933837890625,5.34375,0.0,14.287500000000023
2007-08-01 11:00:00+00:00,0.0,0.0,286.9375,63.4984130859375,5.1328125,0.0,13.787500000000023
2007-08-01 12:00:00+00:00,0.0,0.0,286.5,63.1051025390625,5.009765625,0.0,13.350000000000023
2007-08-01 13:00:00+00:00,0.0,0.0,286.078125,63.5439453125,5.087890625,0.0,12.928125000000023
2007-08-01 14:00:00+00:00,0.0,0.0,285.796875,63.2679443359375,5.169921875,0.0,12.646875000000023
2007-08-01 15:00:00+00:00,0.0,0.0,285.28125,63.19598388671875,5.255859375,0.0,12.131250000000023
2007-08-01 16:00:00+00:00,0.0,0.0,284.9375,63.21868896484375,4.94140625,0.0,11.787500000000023
2007-08-01 17:00:00+00:00,0.0,0.0,284.65625,63.09405517578125,4.90625,0.0,11.506250000000023
2007-08-01 18:00:00+00:00,0.0,0.0,284.359375,63.10107421875,4.9375,0.0,11.209375000000023
2007-08-01 19:00:00+00:00,0.0,0.0,284.046875,63.13848876953125,4.974609375,0.0,10.896875000000023
2007-08-01 20:00:00+00:00,0.0,0.0,283.890625,62.3863525390625,5.201171875,0.0,10.740625000000023
2007-08-01 21:00:00+00:00,0.54296875,11.83203125,283.5,62.98236083984375,5.953125,12.375,10.350000000000023
2007-08-01 22:00:00+00:00,49.43359375,73.00390625,283.140625,64.608642578125,5.85546875,122.4375,9.990625000000023
2007-08-01 23:00:00+00:00,59.09375,137.484375,283.3125,63.24267578125,5.46875,196.578125,10.162500000000023
2007-08-02 00:00:00+00:00,15.06640625,121.96484375,284.421875,56.768310546875,5.287109375,137.03125,11.271875000000023
2007-08-02 01:00:00+00:00,2.48046875,90.03515625,285.828125,51.32427978515625,4.685546875,92.515625,12.678125000000023
2007-08-02 02:00:00+00:00,4.03515625,215.05859375,286.5,54.35040283203125,5.783203125,219.09375,13.350000000000023
2007-08-02 03:00:00+00:00,10.9296875,143.9921875,286.25,60.5665283203125,6.69140625,154.921875,13.100000000000023
2007-08-02 04:00:00+00:00,282.0,132.703125,286.3125,62.4912109375,5.978515625,414.703125,13.162500000000023
2007-08-02 05:00:00+00:00,230.35546875,52.92578125,287.390625,58.4442138671875,5.591796875,283.28125,14.240625000000023
2007-08-02 06:00:00+00:00,29.88671875,0.0,288.078125,50.23626708984375,5.96484375,9.515625,14.928125000000023
2007-08-02 07:00:00+00:00,4.78515625,5.79296875,287.71875,52.379638671875,5.619140625,10.578125,14.568750000000023
2007-08-02 08:00:00+00:00,0.0,0.0,286.96875,57.46771240234375,5.3828125,0.0,13.818750000000023
2007-08-02 09:00:00+00:00,0.0,0.0,286.109375,61.70758056640625,4.748046875,0.0,12.959375000000023
2007-08-02 10:00:00+00:00,0.0,0.0,285.4375,64.81494140625,3.947265625,0.0,12.287500000000023
2007-08-02 11:00:00+00:00,0.0,0.0,284.953125,64.66461181640625,3.77734375,0.0,11.803125000000023
2007-08-02 12:00:00+00:00,0.0,0.0,284.375,65.65362548828125,3.484375,0.0,11.225000000000023
2007-08-02 13:00:00+00:00,0.0,0.0,283.859375,67.05029296875,3.55859375,0.0,10.709375000000023
2007-08-02 14:00:00+00:00,0.0,0.0,283.4375,67.82537841796875,3.67578125,0.0,10.287500000000023
2007-08-02 15:00:00+00:00,0.0,0.0,282.859375,69.7293701171875,3.451171875,0.0,9.709375000000023
2007-08-02 16:00:00+00:00,0.0,0.0,282.609375,70.80780029296875,3.51953125,0.0,9.459375000000023
2007-08-02 17:00:00+00:00,0.0,0.0,282.21875,72.92742919921875,3.3203125,0.0,9.068750000000023
2007-08-02 18:00:00+00:00,0.0,0.0,281.765625,75.45660400390625,2.98046875,0.0,8.615625000000023
2007-08-02 19:00:00+00:00,0.0,0.0,281.46875,77.14373779296875,2.888671875,0.0,8.318750000000023
2007-08-02 20:00:00+00:00,0.0,0.0,281.1875,77.82244873046875,2.763671875,0.0,8.037500000000023
2007-08-02 21:00:00+00:00,2.8828125,11.3828125,281.203125,73.43121337890625,2.982421875,14.265625,8.053125000000023
2007-08-02 22:00:00+00:00,36.75390625,62.24609375,281.171875,72.0294189453125,3.125,99.0,8.021875000000023
2007-08-02 23:00:00+00:00,137.359375,94.5625,281.453125,70.23004150390625,3.4921875,231.921875,8.303125000000023
2007-08-03 00:00:00+00:00,296.53515625,92.27734375,282.0625,67.459716796875,4.615234375,388.8125,8.912500000000023
2007-08-03 01:00:00+00:00,216.58203125,41.94921875,283.0,56.5252685546875,5.388671875,258.53125,9.850000000000023
2007-08-03 02:00:00+00:00,126.03515625,237.99609375,283.375,55.531005859375,5.6875,364.03125,10.225000000000023
2007-08-03 03:00:00+00:00,32.8203125,210.2421875,283.65625,50.16961669921875,6.00390625,243.0625,10.506250000000023
2007-08-03 04:00:00+00:00,199.8125,111.171875,283.640625,52.13665771484375,6.0078125,310.984375,10.490625000000023
2007-08-03 05:00:00+00:00,132.11328125,109.15234375,283.9375,51.93804931640625,6.1484375,241.265625,10.787500000000023
2007-08-03 06:00:00+00:00,19.17578125,48.99609375,283.6875,52.9189453125,6.134765625,68.171875,10.537500000000023
2007-08-03 07:00:00+00:00,1.625,5.625,283.265625,55.13934326171875,5.91796875,7.25,10.115625000000023
2007-08-03 08:00:00+00:00,0.0,0.0,282.796875,59.541015625,6.0625,0.0,9.646875000000023
2007-08-03 09:00:00+00:00,0.0,0.0,281.921875,69.86053466796875,4.908203125,0.0,8.771875000000023
2007-08-03 10:00:00+00:00,0.0,0.0,281.484375,71.09735107421875,4.22265625,0.0,8.334375000000023
2007-08-03 11:00:00+00:00,0.0,0.0,281.359375,71.38543701171875,4.146484375,0.0,8.209375000000023
2007-08-03 12:00:00+00:00,0.0,0.0,281.234375,72.25286865234375,4.22265625,0.0,8.084375000000023
2007-08-03 13:00:00+00:00,0.0,0.0,280.9375,74.2188720703125,4.25390625,0.0,7.787500000000023
2007-08-03 14:00:00+00:00,0.0,0.0,280.734375,75.893798828125,4.326171875,0.0,7.584375000000023
2007-08-03 15:00:00+00:00,0.0,0.0,279.5625,80.0628662109375,3.7890625,0.0,6.412500000000023
2007-08-03 16:00:00+00:00,0.0,0.0,279.546875,81.310791015625,3.5703125,0.0,6.396875000000023
2007-08-03 17:00:00+00:00,0.0,0.0,279.46875,82.51654052734375,3.46875,0.0,6.318750000000023
2007-08-03 18:00:00+00:00,0.0,0.0,279.578125,82.15167236328125,3.33203125,0.0,6.428125000000023
2007-08-03 19:00:00+00:00,0.0,0.0,279.609375,81.15447998046875,3.380859375,0.0,6.459375000000023
2007-08-03 20:00:00+00:00,0.0,0.0,279.59375,80.67572021484375,3.3359375,0.0,6.443750000000023
2007-08-03 21:00:00+00:00,1.2109375,8.5390625,278.96875,77.6854248046875,2.943359375,9.75,5.818750000000023
2007-08-03 22:00:00+00:00,3.80859375,49.61328125,279.171875,75.83709716796875,3.0,53.421875,6.021875000000023
2007-08-03 23:00:00+00:00,49.37109375,170.01953125,279.5625,73.90673828125,3.05078125,219.390625,6.412500000000023
2007-08-04 00:00:00+00:00,201.51171875,189.06640625,280.65625,69.724853515625,3.056640625,390.578125,7.506250000000023
2007-08-04 01:00:00+00:00,88.87109375,203.14453125,282.390625,64.50958251953125,3.626953125,292.015625,9.240625000000023
2007-08-04 02:00:00+00:00,87.6875,242.296875,283.796875,59.727783203125,4.5,329.984375,10.646875000000023
2007-08-04 03:00:00+00:00,8.10546875,204.55078125,284.78125,55.59930419921875,4.517578125,212.65625,11.631250000000023
2007-08-04 04:00:00+00:00,3.0546875,100.9765625,285.46875,54.53240966796875,5.154296875,104.03125,12.318750000000023
2007-08-04 05:00:00+00:00,15.40625,105.78125,285.890625,53.2347412109375,5.1328125,121.1875,12.740625000000023
2007-08-04 06:00:00+00:00,11.4140625,66.5234375,286.1875,52.4866943359375,5.41796875,77.9375,13.037500000000023
2007-08-04 07:00:00+00:00,0.70703125,7.02734375,286.0625,55.54107666015625,5.40625,7.734375,12.912500000000023
2007-08-04 08:00:00+00:00,0.0,0.0,285.75,59.12451171875,5.283203125,0.0,12.600000000000023
2007-08-04 09:00:00+00:00,0.0,0.0,285.203125,63.05621337890625,5.86328125,0.0,12.053125000000023
2007-08-04 10:00:00+00:00,0.0,0.0,284.671875,72.34429931640625,5.96484375,0.0,11.521875000000023
2007-08-04 11:00:00+00:00,0.0,0.0,284.328125,79.6685791015625,5.955078125,0.0,11.178125000000023
2007-08-04 12:00:00+00:00,0.0,0.0,284.15625,81.63861083984375,5.466796875,0.0,11.006250000000023
2007-08-04 13:00:00+00:00,0.0,0.0,283.609375,82.95050048828125,5.234375,0.0,10.459375000000023
2007-08-04 14:00:00+00:00,0.0,0.0,283.109375,80.138671875,4.861328125,0.0,9.959375000000023
2007-08-04 15:00:00+00:00,0.0,0.0,282.609375,83.47784423828125,3.689453125,0.0,9.459375000000023
2007-08-04 16:00:00+00:00,0.0,0.0,282.46875,81.61676025390625,3.626953125,0.0,9.318750000000023
2007-08-04 17:00:00+00:00,0.0,0.0,282.25,79.014404296875,3.701171875,0.0,9.100000000000023
2007-08-04 18:00:00+00:00,0.0,0.0,282.140625,78.3232421875,3.6171875,0.0,8.990625000000023
2007-08-04 19:00:00+00:00,0.0,0.0,282.171875,77.78424072265625,3.67578125,0.0,9.021875000000023
2007-08-04 20:00:00+00:00,0.0,0.0,282.1875,77.4747314453125,3.5625,0.0,9.037500000000023
2007-08-04 21:00:00+00:00,4.23046875,12.59765625,281.671875,79.312255859375,3.6015625,16.828125,8.521875000000023
2007-08-04 22:00:00+00:00,28.98046875,57.19140625,281.578125,79.455810546875,3.48046875,86.171875,8.428125000000023
2007-08-04 23:00:00+00:00,41.8359375,111.2578125,281.9375,78.50311279296875,3.505859375,153.09375,8.787500000000023
2007-08-05 00:00:00+00:00,107.34765625,207.24609375,282.671875,77.2650146484375,3.509765625,314.59375,9.521875000000023
2007-08-05 01:00:00+00:00,411.60546875,124.95703125,283.90625,74.24212646484375,3.751953125,536.5625,10.756250000000023
2007-08-05 02:00:00+00:00,289.74609375,141.06640625,285.5625,64.5084228515625,4.68359375,430.8125,12.412500000000023
2007-08-05 03:00:00+00:00,218.46875,112.375,286.890625,55.37750244140625,5.013671875,330.84375,13.740625000000023
2007-08-05 04:00:00+00:00,284.078125,93.515625,287.046875,57.1395263671875,5.01953125,377.59375,13.896875000000023
2007-08-05 05:00:00+00:00,42.6953125,84.7109375,287.265625,58.1641845703125,5.345703125,127.40625,14.115625000000023
2007-08-05 06:00:00+00:00,15.02734375,22.62890625,286.6875,65.5369873046875,5.515625,37.65625,13.537500000000023
2007-08-05 07:00:00+00:00,0.515625,4.84375,286.21875,64.55621337890625,5.53125,5.359375,13.068750000000023
2007-08-05 08:00:00+00:00,0.0,0.0,285.890625,67.39654541015625,4.345703125,0.0,12.740625000000023
2007-08-05 09:00:00+00:00,0.0,0.0,285.390625,71.638916015625,4.345703125,0.0,12.240625000000023
2007-08-05 10:00:00+00:00,0.0,0.0,285.171875,72.8624267578125,4.11328125,0.0,12.021875000000023
2007-08-05 11:00:00+00:00,0.0,0.0,284.8125,75.4166259765625,4.14453125,0.0,11.662500000000023
2007-08-05 12:00:00+00:00,0.0,0.0,284.578125,78.34759521484375,4.03515625,0.0,11.428125000000023
2007-08-05 13:00:00+00:00,0.0,0.0,284.421875,81.09375,3.875,0.0,11.271875000000023
2007-08-05 14:00:00+00:00,0.0,0.0,284.140625,84.08660888671875,3.669921875,0.0,10.990625000000023
2007-08-05 15:00:00+00:00,0.0,0.0,283.765625,87.07440185546875,3.349609375,0.0,10.615625000000023
2007-08-05 16:00:00+00:00,0.0,0.0,283.5,89.123291015625,3.033203125,0.0,10.350000000000023
2007-08-05 17:00:00+00:00,0.0,0.0,283.28125,90.82781982421875,2.9375,0.0,10.131250000000023
2007-08-05 18:00:00+00:00,0.0,0.0,283.21875,91.55908203125,3.126953125,0.0,10.068750000000023
2007-08-05 19:00:00+00:00,0.0,0.0,283.109375,91.668701171875,3.0,0.0,9.959375000000023
2007-08-05 20:00:00+00:00,0.0,0.0,282.96875,91.05511474609375,2.845703125,0.0,9.818750000000023
2007-08-05 21:00:00+00:00,0.00390625,11.26171875,283.21875,90.04534912109375,3.001953125,11.265625,10.068750000000023
2007-08-05 22:00:00+00:00,11.02734375,84.84765625,283.4375,89.18994140625,2.75390625,95.875,10.287500000000023
2007-08-05 23:00:00+00:00,11.8125,112.5,283.828125,87.19610595703125,2.40234375,124.3125,10.678125000000023
2007-08-06 00:00:00+00:00,16.54296875,226.33203125,284.421875,84.8853759765625,2.439453125,242.875,11.271875000000023
2007-08-06 01:00:00+00:00,219.3984375,235.1640625,285.484375,79.9090576171875,3.255859375,454.5625,12.334375000000023
2007-08-06 02:00:00+00:00,210.6015625,161.9921875,286.609375,71.87615966796875,4.033203125,372.59375,13.459375000000023
2007-08-06 03:00:00+00:00,81.83984375,180.86328125,287.71875,64.85382080078125,3.96484375,262.703125,14.568750000000023
2007-08-06 04:00:00+00:00,258.703125,129.640625,288.09375,61.82720947265625,3.73046875,388.34375,14.943750000000023
2007-08-06 05:00:00+00:00,198.10546875,77.00390625,288.75,57.37103271484375,3.359375,275.109375,15.600000000000023
2007-08-06 06:00:00+00:00,99.33984375,34.83203125,289.34375,52.41632080078125,3.310546875,134.171875,16.193750000000023
2007-08-06 07:00:00+00:00,10.0078125,3.0546875,289.3125,52.3760986328125,3.3203125,13.0625,16.162500000000023
2007-08-06 08:00:00+00:00,0.0,0.0,288.875,54.1627197265625,3.0,0.0,15.725000000000023
2007-08-06 09:00:00+00:00,0.0,0.0,288.3125,57.57379150390625,2.466796875,0.0,15.162500000000023
2007-08-06 10:00:00+00:00,0.0,0.0,288.109375,58.828857421875,2.021484375,0.0,14.959375000000023
2007-08-06 11:00:00+00:00,0.0,0.0,287.71875,60.34222412109375,2.38671875,0.0,14.568750000000023
2007-08-06 12:00:00+00:00,0.0,0.0,286.9375,62.368408203125,2.64453125,0.0,13.787500000000023
2007-08-06 13:00:00+00:00,0.0,0.0,286.125,65.210205078125,2.609375,0.0,12.975000000000023
2007-08-06 14:00:00+00:00,0.0,0.0,285.5,67.02044677734375,2.55859375,0.0,12.350000000000023
2007-08-06 15:00:00+00:00,0.0,0.0,284.40625,69.68939208984375,2.81640625,0.0,11.256250000000023
2007-08-06 16:00:00+00:00,0.0,0.0,283.953125,70.76080322265625,3.140625,0.0,10.803125000000023
2007-08-06 17:00:00+00:00,0.0,0.0,283.609375,71.47735595703125,3.251953125,0.0,10.459375000000023
2007-08-06 18:00:00+00:00,0.0,0.0,283.4375,72.39434814453125,3.291015625,0.0,10.287500000000023
2007-08-06 19:00:00+00:00,0.0,0.0,283.03125,75.6671142578125,3.345703125,0.0,9.881250000000023
2007-08-06 20:00:00+00:00,0.0,0.0,282.53125,79.54931640625,3.375,0.0,9.381250000000023
2007-08-06 21:00:00+00:00,8.51953125,14.68359375,281.90625,80.47247314453125,3.630859375,23.203125,8.756250000000023
2007-08-06 22:00:00+00:00,108.234375,57.796875,281.203125,82.80975341796875,3.875,166.03125,8.053125000000023
2007-08-06 23:00:00+00:00,250.203125,77.421875,281.453125,80.775390625,4.125,327.625,8.303125000000023
2007-08-07 00:00:00+00:00,367.015625,87.140625,282.890625,73.20672607421875,5.294921875,454.15625,9.740625000000023
2007-08-07 01:00:00+00:00,472.6328125,77.5703125,284.453125,65.946533203125,6.30078125,550.203125,11.303125000000023
2007-08-07 02:00:00+00:00,501.671875,67.109375,285.4375,61.1319580078125,6.98046875,568.78125,12.287500000000023
2007-08-07 03:00:00+00:00,462.08984375,65.37890625,287.578125,54.95166015625,7.546875,527.46875,14.428125000000023
2007-08-07 04:00:00+00:00,369.9609375,66.9140625,288.5,52.6121826171875,7.69140625,436.875,15.350000000000023
2007-08-07 05:00:00+00:00,258.59375,50.1875,289.65625,49.16705322265625,7.927734375,308.78125,16.506250000000023
2007-08-07 06:00:00+00:00,115.8671875,27.5703125,290.40625,41.768798828125,7.986328125,143.4375,17.256250000000023
2007-08-07 07:00:00+00:00,8.35546875,4.47265625,290.03125,42.96929931640625,7.619140625,12.828125,16.881250000000023
2007-08-07 08:00:00+00:00,0.0,0.0,289.34375,46.24359130859375,6.873046875,0.0,16.193750000000023
2007-08-07 09:00:00+00:00,0.0,0.0,288.375,51.3416748046875,7.08203125,0.0,15.225000000000023
2007-08-07 10:00:00+00:00,0.0,0.0,287.90625,51.98358154296875,7.09375,0.0,14.756250000000023
2007-08-07 11:00:00+00:00,0.0,0.0,287.421875,52.49383544921875,7.09375,0.0,14.271875000000023
2007-08-07 12:00:00+00:00,0.0,0.0,287.0625,52.46221923828125,6.7578125,0.0,13.912500000000023
2007-08-07 13:00:00+00:00,0.0,0.0,286.625,53.5809326171875,6.66015625,0.0,13.475000000000023
2007-08-07 14:00:00+00:00,0.0,0.0,286.1875,55.09710693359375,6.390625,0.0,13.037500000000023
2007-08-07 15:00:00+00:00,0.0,0.0,285.53125,58.57891845703125,6.017578125,0.0,12.381250000000023
2007-08-07 16:00:00+00:00,0.0,0.0,285.0625,59.8614501953125,5.662109375,0.0,11.912500000000023
2007-08-07 17:00:00+00:00,0.0,0.0,284.59375,61.5364990234375,5.27734375,0.0,11.443750000000023
2007-08-07 18:00:00+00:00,0.0,0.0,284.21875,62.82568359375,5.240234375,0.0,11.068750000000023
2007-08-07 19:00:00+00:00,0.0,0.0,283.953125,64.1409912109375,4.7734375,0.0,10.803125000000023
2007-08-07 20:00:00+00:00,0.0,0.0,283.734375,65.52081298828125,4.361328125,0.0,10.584375000000023
2007-08-07 21:00:00+00:00,2.98828125,16.98046875,283.453125,66.86212158203125,4.6171875,19.96875,10.303125000000023
2007-08-07 22:00:00+00:00,17.7578125,41.8984375,283.0,68.7635498046875,4.50390625,59.65625,9.850000000000023
2007-08-07 23:00:00+00:00,224.69921875,102.33203125,283.03125,69.69293212890625,4.73828125,327.03125,9.881250000000023
2007-08-08 00:00:00+00:00,387.00390625,78.32421875,284.1875,67.36865234375,4.404296875,465.328125,11.037500000000023
2007-08-08 01:00:00+00:00,475.203125,75.96875,286.046875,64.22064208984375,4.458984375,551.171875,12.896875000000023
2007-08-08 02:00:00+00:00,495.58203125,75.94921875,287.90625,57.1839599609375,5.322265625,571.53125,14.756250000000023
2007-08-08 03:00:00+00:00,375.265625,106.5625,289.140625,47.69915771484375,5.306640625,481.828125,15.990625000000023
2007-08-08 04:00:00+00:00,209.62890625,117.57421875,290.171875,38.5059814453125,5.75,327.203125,17.021875000000023
2007-08-08 05:00:00+00:00,221.734375,82.828125,290.375,37.21075439453125,6.109375,304.5625,17.225000000000023
2007-08-08 06:00:00+00:00,116.66015625,29.24609375,290.328125,39.70977783203125,6.529296875,145.90625,17.178125000000023
2007-08-08 07:00:00+00:00,9.0625,2.765625,289.8125,43.37579345703125,6.724609375,11.828125,16.662500000000023
2007-08-08 08:00:00+00:00,0.0,0.0,289.421875,43.63983154296875,6.267578125,0.0,16.271875000000023
2007-08-08 09:00:00+00:00,0.0,0.0,288.421875,50.306884765625,6.19921875,0.0,15.271875000000023
2007-08-08 10:00:00+00:00,0.0,0.0,287.78125,53.64007568359375,6.611328125,0.0,14.631250000000023
2007-08-08 11:00:00+00:00,0.0,0.0,287.5625,54.44769287109375,6.267578125,0.0,14.412500000000023
2007-08-08 12:00:00+00:00,0.0,0.0,287.25,56.2774658203125,6.2421875,0.0,14.100000000000023
2007-08-08 13:00:00+00:00,0.0,0.0,286.90625,58.09259033203125,6.40234375,0.0,13.756250000000023
2007-08-08 14:00:00+00:00,0.0,0.0,286.484375,60.98553466796875,6.166015625,0.0,13.334375000000023
2007-08-08 15:00:00+00:00,0.0,0.0,286.046875,60.84661865234375,6.447265625,0.0,12.896875000000023
2007-08-08 16:00:00+00:00,0.0,0.0,285.84375,63.52294921875,6.130859375,0.0,12.693750000000023
2007-08-08 17:00:00+00:00,0.0,0.0,285.65625,66.26385498046875,6.08203125,0.0,12.506250000000023
2007-08-08 18:00:00+00:00,0.0,0.0,285.609375,67.81500244140625,5.58984375,0.0,12.459375000000023
2007-08-08 19:00:00+00:00,0.0,0.0,285.65625,68.59185791015625,5.591796875,0.0,12.506250000000023
2007-08-08 20:00:00+00:00,0.0,0.0,285.640625,68.94915771484375,5.94140625,0.0,12.490625000000023
2007-08-08 21:00:00+00:00,0.87890625,17.94921875,284.875,70.88922119140625,6.375,18.828125,11.725000000000023
2007-08-08 22:00:00+00:00,63.9296875,86.3515625,284.8125,71.5916748046875,6.04296875,150.28125,11.662500000000023
2007-08-08 23:00:00+00:00,203.421875,102.15625,285.1875,70.40924072265625,5.927734375,305.578125,12.037500000000023
2007-08-09 00:00:00+00:00,100.22265625,141.55859375,286.046875,66.8934326171875,5.7734375,241.78125,12.896875000000023
2007-08-09 01:00:00+00:00,17.8984375,152.4609375,286.921875,63.60174560546875,5.841796875,170.359375,13.771875000000023
2007-08-09 02:00:00+00:00,71.3671875,133.1640625,287.421875,59.93572998046875,7.525390625,204.53125,14.271875000000023
2007-08-09 03:00:00+00:00,87.8984375,212.6171875,289.125,53.88995361328125,7.470703125,300.515625,15.975000000000023
2007-08-09 04:00:00+00:00,108.015625,102.421875,289.59375,54.72369384765625,7.498046875,210.4375,16.443750000000023
2007-08-09 05:00:00+00:00,19.26171875,31.26953125,289.734375,57.58599853515625,7.951171875,50.53125,16.584375000000023
2007-08-09 06:00:00+00:00,63.9453125,54.2578125,289.796875,57.26898193359375,7.205078125,118.203125,16.646875000000023
2007-08-09 07:00:00+00:00,3.8828125,7.8828125,289.765625,57.15960693359375,6.51953125,11.765625,16.615625000000023
2007-08-09 08:00:00+00:00,0.0,0.0,289.359375,59.2613525390625,5.966796875,0.0,16.209375000000023
2007-08-09 09:00:00+00:00,0.0,0.0,288.796875,61.003662109375,5.96875,0.0,15.646875000000023
2007-08-09 10:00:00+00:00,0.0,0.0,288.546875,59.143310546875,5.74609375,0.0,15.396875000000023
2007-08-09 11:00:00+00:00,0.0,0.0,288.1875,59.16552734375,6.078125,0.0,15.037500000000023
2007-08-09 12:00:00+00:00,0.0,0.0,287.984375,59.16693115234375,6.189453125,0.0,14.834375000000023
2007-08-09 13:00:00+00:00,0.0,0.0,287.640625,58.4097900390625,5.66796875,0.0,14.490625000000023
2007-08-09 14:00:00+00:00,0.0,0.0,287.4375,58.84185791015625,5.435546875,0.0,14.287500000000023
2007-08-09 15:00:00+00:00,0.0,0.0,286.453125,65.73931884765625,6.216796875,0.0,13.303125000000023
2007-08-09 16:00:00+00:00,0.0,0.0,286.28125,67.67474365234375,6.453125,0.0,13.131250000000023
2007-08-09 17:00:00+00:00,0.0,0.0,286.25,66.127197265625,6.080078125,0.0,13.100000000000023
2007-08-09 18:00:00+00:00,0.0,0.0,285.90625,65.36578369140625,5.66015625,0.0,12.756250000000023
2007-08-09 19:00:00+00:00,0.0,0.0,285.828125,60.9228515625,5.6484375,0.0,12.678125000000023
2007-08-09 20:00:00+00:00,0.0,0.0,285.59375,62.27166748046875,5.537109375,0.0,12.443750000000023
2007-08-09 21:00:00+00:00,7.6875,17.484375,284.765625,67.69940185546875,5.96484375,25.171875,11.615625000000023
2007-08-09 22:00:00+00:00,24.328125,78.828125,284.65625,68.71734619140625,6.267578125,103.15625,11.506250000000023
2007-08-09 23:00:00+00:00,62.3515625,136.4765625,284.953125,66.72613525390625,6.498046875,198.828125,11.803125000000023
2007-08-10 00:00:00+00:00,295.91015625,153.07421875,285.8125,60.9349365234375,6.859375,448.984375,12.662500000000023
2007-08-10 01:00:00+00:00,167.60546875,230.08203125,287.15625,54.30169677734375,7.08203125,397.6875,14.006250000000023
2007-08-10 02:00:00+00:00,22.75,87.28125,288.40625,51.3553466796875,7.33203125,110.03125,15.256250000000023
2007-08-10 03:00:00+00:00,0.19921875,71.39453125,288.875,52.00830078125,7.4296875,71.59375,15.725000000000023
2007-08-10 04:00:00+00:00,34.87109375,173.59765625,289.28125,49.935302734375,7.56640625,208.46875,16.131250000000023
2007-08-10 05:00:00+00:00,30.15625,172.4375,289.9375,48.07470703125,7.537109375,202.59375,16.787500000000023
2007-08-10 06:00:00+00:00,62.2109375,67.2578125,290.421875,47.5374755859375,7.439453125,129.46875,17.271875000000023
2007-08-10 07:00:00+00:00,5.84375,7.078125,290.5625,48.65374755859375,7.6640625,12.921875,17.412500000000023
2007-08-10 08:00:00+00:00,0.0,0.0,290.234375,52.954833984375,7.3203125,0.0,17.084375000000023
2007-08-10 09:00:00+00:00,0.0,0.0,289.875,51.74127197265625,7.072265625,0.0,16.725000000000023
2007-08-10 10:00:00+00:00,0.0,0.0,290.15625,48.11407470703125,6.763671875,0.0,17.006250000000023
2007-08-10 11:00:00+00:00,0.0,0.0,290.328125,44.2506103515625,7.0390625,0.0,17.178125000000023
2007-08-10 12:00:00+00:00,0.0,0.0,290.09375,42.2138671875,6.900390625,0.0,16.943750000000023
2007-08-10 13:00:00+00:00,0.0,0.0,289.90625,40.33892822265625,7.060546875,0.0,16.756250000000023
2007-08-10 14:00:00+00:00,0.0,0.0,289.484375,42.1636962890625,6.8515625,0.0,16.334375000000023
2007-08-10 15:00:00+00:00,0.0,0.0,289.40625,42.2957763671875,7.28515625,0.0,16.256250000000023
2007-08-10 16:00:00+00:00,0.0,0.0,288.78125,50.3380126953125,7.20703125,0.0,15.631250000000023
2007-08-10 17:00:00+00:00,0.0,0.0,288.390625,57.329833984375,6.607421875,0.0,15.240625000000023
2007-08-10 18:00:00+00:00,0.0,0.0,287.625,67.20440673828125,4.83984375,0.0,14.475000000000023
2007-08-10 19:00:00+00:00,0.0,0.0,286.21875,86.5609130859375,2.693359375,0.0,13.068750000000023
2007-08-10 20:00:00+00:00,0.0,0.0,286.046875,90.07049560546875,2.697265625,0.0,12.896875000000023
2007-08-10 21:00:00+00:00,0.0,3.65625,286.0,91.450927734375,2.71875,3.65625,12.850000000000023
2007-08-10 22:00:00+00:00,28.921875,102.828125,286.171875,88.89617919921875,2.990234375,131.75,13.021875000000023
2007-08-10 23:00:00+00:00,53.3359375,142.1328125,287.515625,71.718505859375,4.49609375,195.46875,14.365625000000023
2007-08-11 00:00:00+00:00,278.984375,157.171875,287.421875,75.86383056640625,3.568359375,436.15625,14.271875000000023
2007-08-11 01:00:00+00:00,163.2421875,131.2578125,288.453125,66.87567138671875,5.6015625,294.5,15.303125000000023
2007-08-11 02:00:00+00:00,122.27734375,239.39453125,289.0625,57.49102783203125,5.724609375,361.671875,15.912500000000023
2007-08-11 03:00:00+00:00,35.5234375,28.7890625,289.75,53.733642578125,6.0,64.3125,16.600000000000023
2007-08-11 04:00:00+00:00,6.16015625,18.90234375,289.625,55.3690185546875,5.576171875,25.0625,16.475000000000023
2007-08-11 05:00:00+00:00,6.08984375,81.67578125,289.84375,51.3795166015625,6.197265625,87.765625,16.693750000000023
2007-08-11 06:00:00+00:00,2.90625,22.90625,289.640625,52.58319091796875,5.224609375,25.8125,16.490625000000023
2007-08-11 07:00:00+00:00,0.0078125,3.0859375,289.15625,57.3712158203125,5.017578125,3.09375,16.006250000000023
2007-08-11 08:00:00+00:00,0.0,0.0,288.21875,66.03521728515625,4.751953125,0.0,15.068750000000023
2007-08-11 09:00:00+00:00,0.0,0.0,287.375,74.23236083984375,3.857421875,0.0,14.225000000000023
2007-08-11 10:00:00+00:00,0.0,0.0,286.609375,81.9014892578125,2.740234375,0.0,13.459375000000023
2007-08-11 11:00:00+00:00,0.0,0.0,285.59375,89.421142578125,2.65625,0.0,12.443750000000023
2007-08-11 12:00:00+00:00,0.0,0.0,284.796875,89.23419189453125,2.8515625,0.0,11.646875000000023
2007-08-11 13:00:00+00:00,0.0,0.0,284.28125,90.92401123046875,2.02734375,0.0,11.131250000000023
2007-08-11 14:00:00+00:00,0.0,0.0,284.28125,91.88641357421875,1.548828125,0.0,11.131250000000023
2007-08-11 15:00:00+00:00,0.0,0.0,283.984375,91.80267333984375,1.873046875,0.0,10.834375000000023
2007-08-11 16:00:00+00:00,0.0,0.0,283.71875,89.987548828125,2.326171875,0.0,10.568750000000023
2007-08-11 17:00:00+00:00,0.0,0.0,283.25,89.54693603515625,2.42578125,0.0,10.100000000000023
2007-08-11 18:00:00+00:00,0.0,0.0,282.65625,90.9144287109375,2.28515625,0.0,9.506250000000023
2007-08-11 19:00:00+00:00,0.0,0.0,282.09375,92.02484130859375,2.384765625,0.0,8.943750000000023
2007-08-11 20:00:00+00:00,0.0,0.0,281.734375,92.5357666015625,2.314453125,0.0,8.584375000000023
2007-08-11 21:00:00+00:00,4.88671875,16.89453125,281.40625,93.22882080078125,2.1171875,21.78125,8.256250000000023
2007-08-11 22:00:00+00:00,78.6171875,85.7265625,281.375,92.23382568359375,2.107421875,164.34375,8.225000000000023
2007-08-11 23:00:00+00:00,180.67578125,121.41796875,281.609375,89.47259521484375,2.17578125,302.09375,8.459375000000023
2007-08-12 00:00:00+00:00,136.58203125,166.71484375,282.0,83.73193359375,2.4609375,303.296875,8.850000000000023
2007-08-12 01:00:00+00:00,132.01171875,211.36328125,282.34375,79.86322021484375,2.193359375,343.375,9.193750000000023
2007-08-12 02:00:00+00:00,91.12109375,250.58203125,282.90625,72.1533203125,2.251953125,341.703125,9.756250000000023
2007-08-12 03:00:00+00:00,27.09765625,176.02734375,283.359375,72.5950927734375,3.3984375,203.125,10.209375000000023
2007-08-12 04:00:00+00:00,109.14453125,240.23046875,283.578125,68.70794677734375,3.365234375,349.375,10.428125000000023
2007-08-12 05:00:00+00:00,32.3359375,91.3671875,284.171875,63.650634765625,2.921875,123.703125,11.021875000000023
2007-08-12 06:00:00+00:00,49.09765625,68.73046875,284.0,64.30999755859375,2.947265625,117.828125,10.850000000000023
2007-08-12 07:00:00+00:00,3.171875,11.296875,283.921875,63.16705322265625,2.837890625,14.46875,10.771875000000023
2007-08-12 08:00:00+00:00,0.0,0.0,283.5,65.8172607421875,2.99609375,0.0,10.350000000000023
2007-08-12 09:00:00+00:00,0.0,0.0,282.96875,67.84405517578125,2.87890625,0.0,9.818750000000023
2007-08-12 10:00:00+00:00,0.0,0.0,283.25,69.400634765625,1.39453125,0.0,10.100000000000023
2007-08-12 11:00:00+00:00,0.0,0.0,283.203125,70.89581298828125,1.73828125,0.0,10.053125000000023
2007-08-12 12:00:00+00:00,0.0,0.0,282.796875,72.7154541015625,2.369140625,0.0,9.646875000000023
2007-08-12 13:00:00+00:00,0.0,0.0,282.359375,75.6898193359375,2.11328125,0.0,9.209375000000023
2007-08-12 14:00:00+00:00,0.0,0.0,281.75,80.9049072265625,2.158203125,0.0,8.600000000000023
2007-08-12 15:00:00+00:00,0.0,0.0,280.015625,84.24871826171875,2.0703125,0.0,6.865625000000023
2007-08-12 16:00:00+00:00,0.0,0.0,279.546875,85.17291259765625,1.96875,0.0,6.396875000000023
2007-08-12 17:00:00+00:00,0.0,0.0,279.1875,85.520751953125,1.947265625,0.0,6.037500000000023
2007-08-12 18:00:00+00:00,0.0,0.0,278.859375,86.05120849609375,1.884765625,0.0,5.709375000000023
2007-08-12 19:00:00+00:00,0.0,0.0,278.5625,86.9095458984375,2.0,0.0,5.412500000000023
2007-08-12 20:00:00+00:00,0.0,0.0,278.3125,88.589111328125,2.0625,0.0,5.162500000000023
2007-08-12 21:00:00+00:00,0.078125,11.78125,277.59375,89.264892578125,1.916015625,11.859375,4.443750000000023
2007-08-12 22:00:00+00:00,65.98828125,88.58984375,277.625,88.316650390625,1.6328125,154.578125,4.475000000000023
2007-08-12 23:00:00+00:00,236.87109375,92.47265625,277.875,87.50042724609375,1.5625,329.34375,4.725000000000023
2007-08-13 00:00:00+00:00,116.44140625,176.33984375,278.78125,83.41973876953125,1.744140625,292.78125,5.631250000000023
2007-08-13 01:00:00+00:00,103.04296875,212.73828125,280.0,79.23541259765625,1.78515625,315.78125,6.850000000000023
2007-08-13 02:00:00+00:00,202.55078125,155.71484375,281.65625,72.55023193359375,2.060546875,358.265625,8.506250000000023
2007-08-13 03:00:00+00:00,231.65625,187.3125,283.6875,58.26898193359375,3.5703125,418.96875,10.537500000000023
2007-08-13 04:00:00+00:00,88.06640625,146.44921875,284.390625,52.54034423828125,3.6796875,234.515625,11.240625000000023
2007-08-13 05:00:00+00:00,53.9375,144.78125,284.53125,51.92962646484375,3.744140625,198.71875,11.381250000000023
2007-08-13 06:00:00+00:00,4.2421875,57.8359375,284.8125,48.083740234375,3.4375,62.078125,11.662500000000023
2007-08-13 07:00:00+00:00,4.87890625,6.82421875,284.90625,43.8250732421875,3.654296875,11.703125,11.756250000000023
2007-08-13 08:00:00+00:00,0.0,0.0,284.390625,43.83172607421875,3.775390625,0.0,11.240625000000023
2007-08-13 09:00:00+00:00,0.0,0.0,283.6875,53.14617919921875,3.447265625,0.0,10.537500000000023
2007-08-13 10:00:00+00:00,0.0,0.0,283.0,58.900390625,2.92578125,0.0,9.850000000000023
2007-08-13 11:00:00+00:00,0.0,0.0,282.3125,63.87353515625,2.33203125,0.0,9.162500000000023
2007-08-13 12:00:00+00:00,0.0,0.0,281.59375,68.01617431640625,2.34375,0.0,8.443750000000023
2007-08-13 13:00:00+00:00,0.0,0.0,280.8125,69.86968994140625,2.365234375,0.0,7.662500000000023
2007-08-13 14:00:00+00:00,0.0,0.0,280.359375,71.73919677734375,2.30859375,0.0,7.209375000000023
2007-08-13 15:00:00+00:00,0.0,0.0,279.328125,76.79638671875,2.03515625,0.0,6.178125000000023
2007-08-13 16:00:00+00:00,0.0,0.0,278.859375,80.83685302734375,2.17578125,0.0,5.709375000000023
2007-08-13 17:00:00+00:00,0.0,0.0,278.5,85.3292236328125,2.232421875,0.0,5.350000000000023
2007-08-13 18:00:00+00:00,0.0,0.0,278.40625,88.15338134765625,2.16796875,0.0,5.256250000000023
2007-08-13 19:00:00+00:00,0.0,0.0,278.515625,88.58233642578125,1.796875,0.0,5.365625000000023
2007-08-13 20:00:00+00:00,0.0,0.0,278.40625,89.377197265625,1.37890625,0.0,5.256250000000023
2007-08-13 21:00:00+00:00,2.421875,18.84375,277.21875,92.4473876953125,0.720703125,21.265625,4.068750000000023
2007-08-13 22:00:00+00:00,99.046875,84.3125,277.234375,92.737548828125,1.05078125,183.359375,4.084375000000023
2007-08-13 23:00:00+00:00,269.9609375,88.0859375,277.296875,91.1734619140625,1.244140625,358.046875,4.146875000000023
2007-08-14 00:00:00+00:00,387.8359375,102.9296875,277.796875,87.44580078125,1.126953125,490.765625,4.646875000000023
2007-08-14 01:00:00+00:00,349.51953125,170.23046875,278.671875,82.231201171875,0.97265625,519.75,5.521875000000023
2007-08-14 02:00:00+00:00,499.234375,111.859375,280.0,75.7568359375,0.640625,611.09375,6.850000000000023
2007-08-14 03:00:00+00:00,541.80859375,50.92578125,282.0625,68.30926513671875,0.740234375,592.734375,8.912500000000023
2007-08-14 04:00:00+00:00,458.66015625,41.10546875,284.828125,56.66229248046875,1.20703125,499.765625,11.678125000000023
2007-08-14 05:00:00+00:00,261.6015625,48.5703125,286.765625,43.8592529296875,1.443359375,310.171875,13.615625000000023
2007-08-14 06:00:00+00:00,138.9453125,31.3828125,287.59375,36.71051025390625,1.341796875,170.328125,14.443750000000023
2007-08-14 07:00:00+00:00,22.890625,1.71875,287.859375,35.0302734375,1.5703125,24.609375,14.709375000000023
2007-08-14 08:00:00+00:00,0.0,0.0,287.71875,35.35601806640625,1.943359375,0.0,14.568750000000023
2007-08-14 09:00:00+00:00,0.0,0.0,287.796875,38.21710205078125,3.021484375,0.0,14.646875000000023
2007-08-14 10:00:00+00:00,0.0,0.0,286.453125,44.09112548828125,3.498046875,0.0,13.303125000000023
2007-08-14 11:00:00+00:00,0.0,0.0,285.78125,47.20831298828125,2.84375,0.0,12.631250000000023
2007-08-14 12:00:00+00:00,0.0,0.0,285.203125,50.3905029296875,2.41015625,0.0,12.053125000000023
2007-08-14 13:00:00+00:00,0.0,0.0,284.921875,51.14031982421875,2.03125,0.0,11.771875000000023
2007-08-14 14:00:00+00:00,0.0,0.0,284.6875,50.76373291015625,1.583984375,0.0,11.537500000000023
2007-08-14 15:00:00+00:00,0.0,0.0,283.234375,59.85205078125,0.876953125,0.0,10.084375000000023
2007-08-14 16:00:00+00:00,0.0,0.0,282.25,64.1334228515625,0.625,0.0,9.100000000000023
2007-08-14 17:00:00+00:00,0.0,0.0,281.640625,67.20281982421875,1.087890625,0.0,8.490625000000023
2007-08-14 18:00:00+00:00,0.0,0.0,281.1875,70.29949951171875,1.189453125,0.0,8.037500000000023
2007-08-14 19:00:00+00:00,0.0,0.0,280.578125,75.05877685546875,1.0625,0.0,7.428125000000023
2007-08-14 20:00:00+00:00,0.0,0.0,280.1875,78.6385498046875,1.103515625,0.0,7.037500000000023
2007-08-14 21:00:00+00:00,15.48046875,21.03515625,279.0625,85.21002197265625,1.30859375,36.515625,5.912500000000023
2007-08-14 22:00:00+00:00,44.10546875,81.62890625,278.75,85.8028564453125,1.326171875,125.734375,5.600000000000023
2007-08-14 23:00:00+00:00,206.8203125,122.0234375,278.90625,83.83489990234375,1.2890625,328.84375,5.756250000000023
2007-08-15 00:00:00+00:00,169.19921875,162.94140625,279.796875,77.8218994140625,1.369140625,332.140625,6.646875000000023
2007-08-15 01:00:00+00:00,469.76171875,127.47265625,280.984375,71.9725341796875,0.59375,597.234375,7.834375000000023
2007-08-15 02:00:00+00:00,568.96484375,61.50390625,282.515625,65.20611572265625,0.576171875,630.46875,9.365625000000023
2007-08-15 03:00:00+00:00,484.9296875,75.5078125,288.078125,38.9539794921875,3.244140625,560.4375,14.928125000000023
2007-08-15 04:00:00+00:00,204.703125,109.453125,289.03125,35.75323486328125,3.59765625,314.15625,15.881250000000023
2007-08-15 05:00:00+00:00,20.76953125,63.76171875,289.421875,35.690673828125,3.66015625,84.53125,16.271875000000023
2007-08-15 06:00:00+00:00,29.2734375,64.1796875,289.375,35.42620849609375,4.04296875,93.453125,16.225000000000023
2007-08-15 07:00:00+00:00,10.56640625,11.55859375,289.109375,35.84521484375,4.140625,22.125,15.959375000000023
2007-08-15 08:00:00+00:00,0.0,0.0,288.671875,37.23077392578125,4.025390625,0.0,15.521875000000023
2007-08-15 09:00:00+00:00,0.0,0.0,288.375,42.762939453125,2.53515625,0.0,15.225000000000023
2007-08-15 10:00:00+00:00,0.0,0.0,288.125,44.946044921875,2.181640625,0.0,14.975000000000023
2007-08-15 11:00:00+00:00,0.0,0.0,287.78125,46.8143310546875,1.85546875,0.0,14.631250000000023
2007-08-15 12:00:00+00:00,0.0,0.0,287.109375,49.8653564453125,2.0859375,0.0,13.959375000000023
2007-08-15 13:00:00+00:00,0.0,0.0,286.578125,51.45318603515625,1.666015625,0.0,13.428125000000023
2007-08-15 14:00:00+00:00,0.0,0.0,286.0,52.57470703125,1.541015625,0.0,12.850000000000023
2007-08-15 15:00:00+00:00,0.0,0.0,284.46875,59.8768310546875,1.482421875,0.0,11.318750000000023
2007-08-15 16:00:00+00:00,0.0,0.0,283.796875,61.44775390625,1.5390625,0.0,10.646875000000023
2007-08-15 17:00:00+00:00,0.0,0.0,283.25,62.20855712890625,1.515625,0.0,10.100000000000023
2007-08-15 18:00:00+00:00,0.0,0.0,283.0,60.867919921875,1.716796875,0.0,9.850000000000023
2007-08-15 19:00:00+00:00,0.0,0.0,282.84375,58.3604736328125,1.779296875,0.0,9.693750000000023
2007-08-15 20:00:00+00:00,0.0,0.0,282.671875,56.30303955078125,1.783203125,0.0,9.521875000000023
2007-08-15 21:00:00+00:00,0.0,24.28125,282.421875,58.89678955078125,2.25390625,24.28125,9.271875000000023
2007-08-15 22:00:00+00:00,0.02734375,73.25390625,282.9375,55.12506103515625,2.431640625,73.28125,9.787500000000023
2007-08-15 23:00:00+00:00,5.828125,175.125,283.5625,52.475830078125,2.470703125,180.953125,10.412500000000023
2007-08-16 00:00:00+00:00,2.4375,153.921875,284.5625,50.58233642578125,2.580078125,156.359375,11.412500000000023
2007-08-16 01:00:00+00:00,0.02734375,73.64453125,285.703125,50.14544677734375,3.134765625,73.671875,12.553125000000023
2007-08-16 02:00:00+00:00,2.0078125,229.3671875,286.203125,52.14483642578125,3.0625,231.375,13.053125000000023
2007-08-16 03:00:00+00:00,6.609375,218.1875,287.25,51.2615966796875,3.3984375,224.796875,14.100000000000023
2007-08-16 04:00:00+00:00,0.9453125,51.5859375,287.78125,52.18621826171875,3.46484375,52.53125,14.631250000000023
2007-08-16 05:00:00+00:00,0.64453125,109.68359375,287.703125,55.41302490234375,3.033203125,110.328125,14.553125000000023
2007-08-16 06:00:00+00:00,47.42578125,85.69921875,287.53125,55.849365234375,2.501953125,133.125,14.381250000000023
2007-08-16 07:00:00+00:00,2.984375,15.765625,287.65625,55.235107421875,2.3046875,18.75,14.506250000000023
2007-08-16 08:00:00+00:00,0.0,0.0,287.546875,54.7967529296875,1.9453125,0.0,14.396875000000023
2007-08-16 09:00:00+00:00,0.0,0.0,287.796875,53.00030517578125,1.162109375,0.0,14.646875000000023
2007-08-16 10:00:00+00:00,0.0,0.0,287.484375,56.13226318359375,1.0625,0.0,14.334375000000023
2007-08-16 11:00:00+00:00,0.0,0.0,286.96875,60.48663330078125,1.224609375,0.0,13.818750000000023
2007-08-16 12:00:00+00:00,0.0,0.0,286.5625,64.5528564453125,1.376953125,0.0,13.412500000000023
2007-08-16 13:00:00+00:00,0.0,0.0,286.03125,67.7330322265625,1.630859375,0.0,12.881250000000023
2007-08-16 14:00:00+00:00,0.0,0.0,285.734375,65.61212158203125,1.61328125,0.0,12.584375000000023
2007-08-16 15:00:00+00:00,0.0,0.0,285.40625,67.14605712890625,1.173828125,0.0,12.256250000000023
2007-08-16 16:00:00+00:00,0.0,0.0,284.90625,67.55023193359375,1.69140625,0.0,11.756250000000023
2007-08-16 17:00:00+00:00,0.0,0.0,284.109375,71.0931396484375,1.970703125,0.0,10.959375000000023
2007-08-16 18:00:00+00:00,0.0,0.0,283.625,73.768798828125,2.421875,0.0,10.475000000000023
2007-08-16 19:00:00+00:00,0.0,0.0,283.421875,72.52105712890625,2.212890625,0.0,10.271875000000023
2007-08-16 20:00:00+00:00,0.0,0.0,283.1875,70.81103515625,1.732421875,0.0,10.037500000000023
2007-08-16 21:00:00+00:00,0.57421875,15.19140625,282.578125,79.8702392578125,1.4140625,15.765625,9.428125000000023
2007-08-16 22:00:00+00:00,75.10546875,100.97265625,282.671875,87.11419677734375,1.57421875,176.078125,9.521875000000023
2007-08-16 23:00:00+00:00,198.00390625,134.68359375,283.21875,92.13482666015625,1.751953125,332.6875,10.068750000000023
2007-08-17 00:00:00+00:00,276.08203125,169.76171875,284.53125,90.75079345703125,2.326171875,445.84375,11.381250000000023
2007-08-17 01:00:00+00:00,119.44921875,263.66015625,286.125,75.4112548828125,2.916015625,383.109375,12.975000000000023
2007-08-17 02:00:00+00:00,205.94140625,269.04296875,286.953125,67.19195556640625,3.08984375,474.984375,13.803125000000023
2007-08-17 03:00:00+00:00,172.71875,69.46875,287.359375,67.63037109375,3.455078125,242.1875,14.209375000000023
2007-08-17 04:00:00+00:00,46.0625,65.625,286.8125,73.55596923828125,3.494140625,111.6875,13.662500000000023
2007-08-17 05:00:00+00:00,17.29296875,98.45703125,286.453125,75.7222900390625,3.783203125,115.75,13.303125000000023
2007-08-17 06:00:00+00:00,9.48046875,66.69140625,286.03125,75.7923583984375,4.11328125,76.171875,12.881250000000023
2007-08-17 07:00:00+00:00,0.734375,14.1875,285.359375,79.97747802734375,4.345703125,14.921875,12.209375000000023
2007-08-17 08:00:00+00:00,0.0,0.0,284.5,85.34271240234375,4.73828125,0.0,11.350000000000023
2007-08-17 09:00:00+00:00,0.0,0.0,283.984375,84.019287109375,4.529296875,0.0,10.834375000000023
2007-08-17 10:00:00+00:00,0.0,0.0,283.78125,79.26861572265625,3.841796875,0.0,10.631250000000023
2007-08-17 11:00:00+00:00,0.0,0.0,283.84375,76.88458251953125,2.97265625,0.0,10.693750000000023
2007-08-17 12:00:00+00:00,0.0,0.0,283.59375,75.547119140625,3.126953125,0.0,10.443750000000023
2007-08-17 13:00:00+00:00,0.0,0.0,282.9375,76.46051025390625,3.04296875,0.0,9.787500000000023
2007-08-17 14:00:00+00:00,0.0,0.0,282.125,76.96722412109375,2.80078125,0.0,8.975000000000023
2007-08-17 15:00:00+00:00,0.0,0.0,281.640625,78.60736083984375,2.1953125,0.0,8.490625000000023
2007-08-17 16:00:00+00:00,0.0,0.0,281.0,79.88934326171875,1.64453125,0.0,7.850000000000023
2007-08-17 17:00:00+00:00,0.0,0.0,280.546875,80.35797119140625,1.3984375,0.0,7.396875000000023
2007-08-17 18:00:00+00:00,0.0,0.0,280.015625,81.50286865234375,1.197265625,0.0,6.865625000000023
2007-08-17 19:00:00+00:00,0.0,0.0,279.796875,81.7176513671875,1.232421875,0.0,6.646875000000023
2007-08-17 20:00:00+00:00,0.0,0.0,279.265625,83.96282958984375,1.10546875,0.0,6.115625000000023
2007-08-17 21:00:00+00:00,6.6171875,24.7109375,280.21875,77.951416015625,1.392578125,31.328125,7.068750000000023
2007-08-17 22:00:00+00:00,13.359375,44.59375,280.140625,79.25762939453125,1.396484375,57.953125,6.990625000000023
2007-08-17 23:00:00+00:00,47.88671875,139.47265625,280.265625,80.3475341796875,1.373046875,187.359375,7.115625000000023
2007-08-18 00:00:00+00:00,21.4453125,242.5390625,280.796875,79.32342529296875,1.22265625,263.984375,7.646875000000023
2007-08-18 01:00:00+00:00,175.6171875,300.7109375,281.921875,77.14605712890625,1.46875,476.328125,8.771875000000023
2007-08-18 02:00:00+00:00,411.890625,162.46875,283.53125,75.2989501953125,1.591796875,574.359375,10.381250000000023
2007-08-18 03:00:00+00:00,95.03125,166.546875,286.078125,65.78155517578125,2.392578125,261.578125,12.928125000000023
2007-08-18 04:00:00+00:00,130.9921875,203.8046875,286.265625,65.93780517578125,2.634765625,334.796875,13.115625000000023
2007-08-18 05:00:00+00:00,154.53515625,137.16796875,286.71875,61.5172119140625,2.544921875,291.703125,13.568750000000023
2007-08-18 06:00:00+00:00,61.359375,42.296875,287.3125,55.27203369140625,2.521484375,103.65625,14.162500000000023
2007-08-18 07:00:00+00:00,7.2578125,6.8046875,287.34375,53.27740478515625,2.533203125,14.0625,14.193750000000023
2007-08-18 08:00:00+00:00,0.0,0.0,286.9375,55.8909912109375,2.50390625,0.0,13.787500000000023
2007-08-18 09:00:00+00:00,0.0,0.0,285.3125,73.74041748046875,2.16796875,0.0,12.162500000000023
2007-08-18 10:00:00+00:00,0.0,0.0,284.453125,81.55767822265625,1.974609375,0.0,11.303125000000023
2007-08-18 11:00:00+00:00,0.0,0.0,284.125,83.75372314453125,1.650390625,0.0,10.975000000000023
2007-08-18 12:00:00+00:00,0.0,0.0,283.953125,86.52252197265625,1.30859375,0.0,10.803125000000023
2007-08-18 13:00:00+00:00,0.0,0.0,283.90625,86.74920654296875,1.255859375,0.0,10.756250000000023
2007-08-18 14:00:00+00:00,0.0,0.0,283.640625,87.68426513671875,1.525390625,0.0,10.490625000000023
2007-08-18 15:00:00+00:00,0.0,0.0,283.4375,87.234619140625,1.5078125,0.0,10.287500000000023
2007-08-18 16:00:00+00:00,0.0,0.0,283.015625,85.75341796875,1.71875,0.0,9.865625000000023
2007-08-18 17:00:00+00:00,0.0,0.0,282.546875,86.76641845703125,1.58203125,0.0,9.396875000000023
2007-08-18 18:00:00+00:00,0.0,0.0,282.1875,87.40704345703125,1.3984375,0.0,9.037500000000023
2007-08-18 19:00:00+00:00,0.0,0.0,281.8125,87.48565673828125,1.21875,0.0,8.662500000000023
2007-08-18 20:00:00+00:00,0.0,0.0,281.3125,88.38433837890625,1.0,0.0,8.162500000000023
2007-08-18 21:00:00+00:00,23.953125,25.046875,279.71875,95.73223876953125,0.673828125,49.0,6.568750000000023
2007-08-18 22:00:00+00:00,146.578125,63.5625,279.875,94.19781494140625,0.8125,210.140625,6.725000000000023
2007-08-18 23:00:00+00:00,319.375,74.40625,280.71875,89.14117431640625,0.599609375,393.78125,7.568750000000023
2007-08-19 00:00:00+00:00,462.328125,72.296875,281.390625,84.67083740234375,0.83984375,534.625,8.240625000000023
2007-08-19 01:00:00+00:00,395.921875,132.859375,282.203125,79.95062255859375,0.53515625,528.78125,9.053125000000023
2007-08-19 02:00:00+00:00,504.01953125,110.52734375,283.015625,77.83575439453125,0.552734375,614.546875,9.865625000000023
2007-08-19 03:00:00+00:00,543.40625,52.046875,284.734375,69.08001708984375,0.599609375,595.453125,11.584375000000023
2007-08-19 04:00:00+00:00,402.96875,74.21875,286.015625,58.75439453125,1.056640625,477.1875,12.865625000000023
2007-08-19 05:00:00+00:00,218.40234375,70.89453125,286.875,54.3414306640625,1.494140625,289.296875,13.725000000000023
2007-08-19 06:00:00+00:00,89.4453125,45.0234375,287.3125,51.59979248046875,1.7578125,134.46875,14.162500000000023
2007-08-19 07:00:00+00:00,8.6171875,11.9609375,287.453125,49.84234619140625,2.0625,20.578125,14.303125000000023
2007-08-19 08:00:00+00:00,0.0,0.0,287.25,49.65789794921875,2.189453125,0.0,14.100000000000023
2007-08-19 09:00:00+00:00,0.0,0.0,286.609375,51.9044189453125,2.22265625,0.0,13.459375000000023
2007-08-19 10:00:00+00:00,0.0,0.0,286.234375,55.06268310546875,2.1875,0.0,13.084375000000023
2007-08-19 11:00:00+00:00,0.0,0.0,285.703125,59.11895751953125,1.849609375,0.0,12.553125000000023
2007-08-19 12:00:00+00:00,0.0,0.0,285.140625,63.222412109375,1.65625,0.0,11.990625000000023
2007-08-19 13:00:00+00:00,0.0,0.0,284.546875,66.714111328125,1.60546875,0.0,11.396875000000023
2007-08-19 14:00:00+00:00,0.0,0.0,283.953125,69.8038330078125,1.341796875,0.0,10.803125000000023
2007-08-19 15:00:00+00:00,0.0,0.0,282.4375,74.5137939453125,0.689453125,0.0,9.287500000000023
2007-08-19 16:00:00+00:00,0.0,0.0,281.734375,78.8148193359375,0.46875,0.0,8.584375000000023
2007-08-19 17:00:00+00:00,0.0,0.0,281.015625,82.91357421875,0.33203125,0.0,7.865625000000023
2007-08-19 18:00:00+00:00,0.0,0.0,280.296875,86.5743408203125,0.703125,0.0,7.146875000000023
2007-08-19 19:00:00+00:00,0.0,0.0,280.234375,85.17578125,0.962890625,0.0,7.084375000000023
2007-08-19 20:00:00+00:00,0.0,0.0,279.625,85.81756591796875,1.04296875,0.0,6.475000000000023
2007-08-19 21:00:00+00:00,26.99609375,26.44140625,278.4375,89.86968994140625,1.16015625,53.4375,5.287500000000023
2007-08-19 22:00:00+00:00,171.234375,61.703125,278.0625,91.5653076171875,1.078125,232.9375,4.912500000000023
2007-08-19 23:00:00+00:00,335.875,70.703125,278.171875,90.12176513671875,0.59375,406.578125,5.021875000000023
2007-08-20 00:00:00+00:00,477.08984375,71.91015625,279.0625,84.3018798828125,0.810546875,549.0,5.912500000000023
2007-08-20 01:00:00+00:00,568.48828125,66.83984375,280.109375,78.62384033203125,0.4765625,635.328125,6.959375000000023
2007-08-20 02:00:00+00:00,601.78125,59.96875,280.921875,75.0843505859375,0.2265625,661.75,7.771875000000023
2007-08-20 03:00:00+00:00,568.9765625,51.2890625,285.03125,58.25347900390625,2.115234375,620.265625,11.881250000000023
2007-08-20 04:00:00+00:00,429.93359375,65.53515625,286.546875,51.74859619140625,2.5625,495.46875,13.396875000000023
2007-08-20 05:00:00+00:00,303.7734375,55.7265625,287.171875,49.75421142578125,2.826171875,359.5,14.021875000000023
2007-08-20 06:00:00+00:00,172.2734375,25.8515625,287.265625,50.1800537109375,2.29296875,198.125,14.115625000000023
2007-08-20 07:00:00+00:00,26.59765625,2.41796875,287.25,49.97576904296875,2.642578125,29.015625,14.100000000000023
2007-08-20 08:00:00+00:00,0.0,0.0,286.703125,52.03094482421875,2.244140625,0.0,13.553125000000023
2007-08-20 09:00:00+00:00,0.0,0.0,285.90625,57.41534423828125,2.3203125,0.0,12.756250000000023
2007-08-20 10:00:00+00:00,0.0,0.0,285.53125,58.201171875,2.009765625,0.0,12.381250000000023
2007-08-20 11:00:00+00:00,0.0,0.0,285.28125,58.96124267578125,1.859375,0.0,12.131250000000023
2007-08-20 12:00:00+00:00,0.0,0.0,285.09375,60.67877197265625,1.380859375,0.0,11.943750000000023
2007-08-20 13:00:00+00:00,0.0,0.0,284.90625,62.724365234375,1.53125,0.0,11.756250000000023
2007-08-20 14:00:00+00:00,0.0,0.0,284.65625,65.1361083984375,1.453125,0.0,11.506250000000023
2007-08-20 15:00:00+00:00,0.0,0.0,284.34375,65.32611083984375,1.099609375,0.0,11.193750000000023
2007-08-20 16:00:00+00:00,0.0,0.0,284.03125,66.56134033203125,0.8671875,0.0,10.881250000000023
2007-08-20 17:00:00+00:00,0.0,0.0,283.703125,67.9818115234375,0.5625,0.0,10.553125000000023
2007-08-20 18:00:00+00:00,0.0,0.0,283.25,70.96746826171875,0.33203125,0.0,10.100000000000023
2007-08-20 19:00:00+00:00,0.0,0.0,282.546875,76.0238037109375,0.23828125,0.0,9.396875000000023
2007-08-20 20:00:00+00:00,0.0,0.0,281.96875,80.006103515625,0.953125,0.0,8.818750000000023
2007-08-20 21:00:00+00:00,1.21484375,20.67578125,281.71875,90.86322021484375,1.28515625,21.890625,8.568750000000023
2007-08-20 22:00:00+00:00,15.29296875,87.89453125,282.15625,95.6326904296875,1.314453125,103.1875,9.006250000000023
2007-08-20 23:00:00+00:00,172.10546875,162.61328125,283.265625,85.67462158203125,2.298828125,334.71875,10.115625000000023
2007-08-21 00:00:00+00:00,343.64453125,144.37109375,284.03125,73.3026123046875,3.095703125,488.015625,10.881250000000023
2007-08-21 01:00:00+00:00,360.015625,134.5,284.9375,69.51348876953125,2.826171875,494.515625,11.787500000000023
2007-08-21 02:00:00+00:00,515.609375,104.8125,285.96875,62.88079833984375,2.71484375,620.421875,12.818750000000023
2007-08-21 03:00:00+00:00,369.90234375,143.44140625,286.984375,57.2886962890625,2.501953125,513.34375,13.834375000000023
2007-08-21 04:00:00+00:00,409.6796875,87.8203125,288.078125,50.5020751953125,2.65625,497.5,14.928125000000023
2007-08-21 05:00:00+00:00,160.55078125,79.32421875,288.953125,47.46258544921875,3.16796875,239.875,15.803125000000023
2007-08-21 06:00:00+00:00,95.109375,70.875,289.21875,49.2625732421875,3.8671875,165.984375,16.068750000000023
2007-08-21 07:00:00+00:00,11.76171875,12.76953125,288.734375,57.1790771484375,4.857421875,24.53125,15.584375000000023
2007-08-21 08:00:00+00:00,0.0,0.0,287.0,69.03338623046875,6.189453125,0.0,13.850000000000023
2007-08-21 09:00:00+00:00,0.0,0.0,285.96875,71.3153076171875,5.955078125,0.0,12.818750000000023
2007-08-21 10:00:00+00:00,0.0,0.0,285.140625,72.30072021484375,5.65234375,0.0,11.990625000000023
2007-08-21 11:00:00+00:00,0.0,0.0,284.625,70.5311279296875,5.44140625,0.0,11.475000000000023
2007-08-21 12:00:00+00:00,0.0,0.0,284.015625,70.52130126953125,5.39453125,0.0,10.865625000000023
2007-08-21 13:00:00+00:00,0.0,0.0,283.59375,69.71051025390625,4.94921875,0.0,10.443750000000023
2007-08-21 14:00:00+00:00,0.0,0.0,283.21875,69.6163330078125,4.66796875,0.0,10.068750000000023
2007-08-21 15:00:00+00:00,0.0,0.0,282.625,72.389404296875,3.5234375,0.0,9.475000000000023
2007-08-21 16:00:00+00:00,0.0,0.0,282.25,74.07611083984375,2.892578125,0.0,9.100000000000023
2007-08-21 17:00:00+00:00,0.0,0.0,281.8125,75.860107421875,2.43359375,0.0,8.662500000000023
2007-08-21 18:00:00+00:00,0.0,0.0,281.453125,77.15130615234375,2.060546875,0.0,8.303125000000023
2007-08-21 19:00:00+00:00,0.0,0.0,281.25,78.25970458984375,1.5625,0.0,8.100000000000023
2007-08-21 20:00:00+00:00,0.0,0.0,280.84375,81.78338623046875,1.09375,0.0,7.693750000000023
2007-08-21 21:00:00+00:00,0.10546875,27.67578125,280.328125,87.69195556640625,0.80078125,27.78125,7.178125000000023
2007-08-21 22:00:00+00:00,61.6484375,115.7109375,279.96875,91.1954345703125,0.84375,177.359375,6.818750000000023
2007-08-21 23:00:00+00:00,158.08203125,176.16796875,280.15625,91.0247802734375,0.62890625,334.25,7.006250000000023
2007-08-22 00:00:00+00:00,148.30859375,246.66015625,280.703125,87.68231201171875,0.69140625,394.96875,7.553125000000023
2007-08-22 01:00:00+00:00,233.5234375,283.6328125,281.328125,83.75079345703125,0.65234375,517.15625,8.178125000000023
2007-08-22 02:00:00+00:00,471.7890625,160.3046875,282.078125,79.7978515625,0.43359375,632.09375,8.928125000000023
2007-08-22 03:00:00+00:00,459.2421875,130.6953125,283.84375,72.788818359375,0.44140625,589.9375,10.693750000000023
2007-08-22 04:00:00+00:00,263.7734375,169.9140625,285.09375,65.23529052734375,0.314453125,433.6875,11.943750000000023
2007-08-22 05:00:00+00:00,178.98046875,117.64453125,286.21875,57.964111328125,0.0703125,296.625,13.068750000000023
2007-08-22 06:00:00+00:00,76.9921875,84.9921875,287.421875,50.963134765625,0.4609375,161.984375,14.271875000000023
2007-08-22 07:00:00+00:00,15.8046875,15.3203125,288.234375,46.79132080078125,0.6328125,31.125,15.084375000000023
2007-08-22 08:00:00+00:00,0.0,0.0,288.5,45.47100830078125,0.810546875,0.0,15.350000000000023
2007-08-22 09:00:00+00:00,0.0,0.0,288.375,41.8526611328125,1.421875,0.0,15.225000000000023
2007-08-22 10:00:00+00:00,0.0,0.0,288.0625,41.9150390625,1.482421875,0.0,14.912500000000023
2007-08-22 11:00:00+00:00,0.0,0.0,287.484375,44.09979248046875,1.44140625,0.0,14.334375000000023
2007-08-22 12:00:00+00:00,0.0,0.0,286.96875,46.755615234375,1.162109375,0.0,13.818750000000023
2007-08-22 13:00:00+00:00,0.0,0.0,286.515625,50.10089111328125,0.853515625,0.0,13.365625000000023
2007-08-22 14:00:00+00:00,0.0,0.0,286.234375,52.4949951171875,0.470703125,0.0,13.084375000000023
2007-08-22 15:00:00+00:00,0.0,0.0,284.578125,56.17913818359375,1.05078125,0.0,11.428125000000023
2007-08-22 16:00:00+00:00,0.0,0.0,284.34375,57.75341796875,1.21875,0.0,11.193750000000023
2007-08-22 17:00:00+00:00,0.0,0.0,284.046875,59.233642578125,0.78125,0.0,10.896875000000023
2007-08-22 18:00:00+00:00,0.0,0.0,283.71875,61.227783203125,1.3046875,0.0,10.568750000000023
2007-08-22 19:00:00+00:00,0.0,0.0,283.3125,64.73834228515625,1.361328125,0.0,10.162500000000023
2007-08-22 20:00:00+00:00,0.0,0.0,283.109375,65.89410400390625,1.845703125,0.0,9.959375000000023
2007-08-22 21:00:00+00:00,0.0078125,27.9453125,282.421875,65.75775146484375,2.0625,27.953125,9.271875000000023
2007-08-22 22:00:00+00:00,22.73828125,137.01171875,282.5,62.42437744140625,2.28125,159.75,9.350000000000023
2007-08-22 23:00:00+00:00,105.421875,186.609375,283.15625,58.5350341796875,2.595703125,292.03125,10.006250000000023
2007-08-23 00:00:00+00:00,81.71484375,209.47265625,284.4375,55.20654296875,2.91796875,291.1875,11.287500000000023
2007-08-23 01:00:00+00:00,469.59765625,164.66796875,285.984375,49.2425537109375,3.517578125,634.265625,12.834375000000023
2007-08-23 02:00:00+00:00,565.59375,91.0,287.515625,42.946044921875,3.775390625,656.59375,14.365625000000023
2007-08-23 03:00:00+00:00,408.3125,142.71875,288.8125,39.1783447265625,3.125,551.03125,15.662500000000023
2007-08-23 04:00:00+00:00,395.328125,101.890625,289.484375,36.2222900390625,2.796875,497.21875,16.334375000000023
2007-08-23 05:00:00+00:00,120.63671875,109.22265625,290.0,35.01165771484375,2.751953125,229.859375,16.850000000000023
2007-08-23 06:00:00+00:00,69.75,64.09375,290.234375,34.60748291015625,3.099609375,133.84375,17.084375000000023
2007-08-23 07:00:00+00:00,16.546875,10.65625,290.03125,35.60467529296875,3.857421875,27.203125,16.881250000000023
2007-08-23 08:00:00+00:00,0.0,0.0,289.34375,39.45745849609375,4.373046875,0.0,16.193750000000023
2007-08-23 09:00:00+00:00,0.0,0.0,288.90625,40.44683837890625,3.328125,0.0,15.756250000000023
2007-08-23 10:00:00+00:00,0.0,0.0,288.484375,43.69866943359375,2.482421875,0.0,15.334375000000023
2007-08-23 11:00:00+00:00,0.0,0.0,288.140625,46.19268798828125,1.78125,0.0,14.990625000000023
2007-08-23 12:00:00+00:00,0.0,0.0,287.734375,48.06842041015625,1.70703125,0.0,14.584375000000023
2007-08-23 13:00:00+00:00,0.0,0.0,287.328125,49.17156982421875,1.822265625,0.0,14.178125000000023
2007-08-23 14:00:00+00:00,0.0,0.0,287.0,49.66864013671875,1.705078125,0.0,13.850000000000023
2007-08-23 15:00:00+00:00,0.0,0.0,286.234375,51.253662109375,2.16015625,0.0,13.084375000000023
2007-08-23 16:00:00+00:00,0.0,0.0,286.046875,51.92071533203125,2.04296875,0.0,12.896875000000023
2007-08-23 17:00:00+00:00,0.0,0.0,286.03125,51.5357666015625,2.37890625,0.0,12.881250000000023
2007-08-23 18:00:00+00:00,0.0,0.0,286.046875,51.64727783203125,2.859375,0.0,12.896875000000023
2007-08-23 19:00:00+00:00,0.0,0.0,285.515625,54.58148193359375,2.806640625,0.0,12.365625000000023
2007-08-23 20:00:00+00:00,0.0,0.0,285.046875,58.39105224609375,3.03125,0.0,11.896875000000023
2007-08-23 21:00:00+00:00,28.28125,33.171875,284.875,59.3167724609375,3.408203125,61.453125,11.725000000000023
2007-08-23 22:00:00+00:00,176.17578125,68.49609375,284.859375,61.3372802734375,3.650390625,244.671875,11.709375000000023
2007-08-23 23:00:00+00:00,317.1484375,88.5859375,285.53125,61.160888671875,3.4375,405.734375,12.381250000000023
2007-08-24 00:00:00+00:00,237.31640625,155.41796875,286.75,58.65460205078125,3.912109375,392.734375,13.600000000000023
2007-08-24 01:00:00+00:00,313.1171875,222.3671875,288.09375,54.4716796875,4.345703125,535.484375,14.943750000000023
2007-08-24 02:00:00+00:00,405.3828125,197.4453125,289.53125,48.8048095703125,4.353515625,602.828125,16.381250000000023
2007-08-24 03:00:00+00:00,481.9921875,102.1953125,291.0,45.3446044921875,4.580078125,584.1875,17.850000000000023
2007-08-24 04:00:00+00:00,457.21484375,67.41015625,292.1875,38.989501953125,4.56640625,524.625,19.037500000000023
2007-08-24 05:00:00+00:00,322.140625,51.671875,292.875,36.18243408203125,4.4296875,373.8125,19.725000000000023
2007-08-24 06:00:00+00:00,151.22265625,37.60546875,293.015625,36.43145751953125,4.341796875,188.828125,19.865625000000023
2007-08-24 07:00:00+00:00,27.0390625,6.4140625,292.765625,38.3790283203125,4.306640625,33.453125,19.615625000000023
2007-08-24 08:00:00+00:00,0.0,0.0,291.921875,43.694580078125,4.283203125,0.0,18.771875000000023
2007-08-24 09:00:00+00:00,0.0,0.0,290.6875,52.40869140625,3.876953125,0.0,17.537500000000023
2007-08-24 10:00:00+00:00,0.0,0.0,289.96875,54.26336669921875,3.5546875,0.0,16.818750000000023
2007-08-24 11:00:00+00:00,0.0,0.0,289.28125,56.06085205078125,3.322265625,0.0,16.131250000000023
2007-08-24 12:00:00+00:00,0.0,0.0,288.703125,57.8729248046875,3.30859375,0.0,15.553125000000023
2007-08-24 13:00:00+00:00,0.0,0.0,288.3125,58.15484619140625,3.396484375,0.0,15.162500000000023
2007-08-24 14:00:00+00:00,0.0,0.0,287.984375,57.35369873046875,3.50390625,0.0,14.834375000000023
2007-08-24 15:00:00+00:00,0.0,0.0,286.96875,62.46832275390625,3.5,0.0,13.818750000000023
2007-08-24 16:00:00+00:00,0.0,0.0,286.953125,60.47894287109375,3.455078125,0.0,13.803125000000023
2007-08-24 17:00:00+00:00,0.0,0.0,286.765625,60.6090087890625,3.5703125,0.0,13.615625000000023
2007-08-24 18:00:00+00:00,0.0,0.0,286.578125,61.0322265625,3.412109375,0.0,13.428125000000023
2007-08-24 19:00:00+00:00,0.0,0.0,286.375,60.979736328125,3.1875,0.0,13.225000000000023
2007-08-24 20:00:00+00:00,0.0,0.046875,286.046875,60.61138916015625,3.283203125,0.046875,12.896875000000023
2007-08-24 21:00:00+00:00,22.3203125,37.3203125,285.671875,59.52972412109375,3.423828125,59.640625,12.521875000000023
2007-08-24 22:00:00+00:00,133.90234375,91.64453125,285.640625,57.80828857421875,3.244140625,225.546875,12.490625000000023
2007-08-24 23:00:00+00:00,298.6796875,104.5859375,286.59375,52.76068115234375,3.125,403.265625,13.443750000000023
2007-08-25 00:00:00+00:00,470.2734375,90.1484375,288.171875,46.9432373046875,2.9765625,560.421875,15.021875000000023
2007-08-25 01:00:00+00:00,168.08984375,185.50390625,289.84375,41.0225830078125,3.66015625,353.59375,16.693750000000023
2007-08-25 02:00:00+00:00,123.3671875,277.0546875,291.046875,36.7230224609375,4.126953125,400.421875,17.896875000000023
2007-08-25 03:00:00+00:00,383.40625,178.53125,292.921875,36.58380126953125,4.255859375,561.9375,19.771875000000023
2007-08-25 04:00:00+00:00,231.21484375,142.17578125,294.546875,29.86688232421875,4.48046875,373.390625,21.396875000000023
2007-08-25 05:00:00+00:00,25.99609375,110.94140625,295.59375,23.9952392578125,5.11328125,136.9375,22.443750000000023
2007-08-25 06:00:00+00:00,18.84765625,60.57421875,295.15625,26.1190185546875,5.28515625,79.421875,22.006250000000023
2007-08-25 07:00:00+00:00,4.46875,16.96875,294.265625,32.7320556640625,5.0078125,21.4375,21.115625000000023
2007-08-25 08:00:00+00:00,0.0,0.0,293.453125,37.79217529296875,4.66015625,0.0,20.303125000000023
2007-08-25 09:00:00+00:00,0.0,0.0,292.9375,39.190185546875,4.59765625,0.0,19.787500000000023
2007-08-25 10:00:00+00:00,0.0,0.0,292.4375,39.37548828125,4.5,0.0,19.287500000000023
2007-08-25 11:00:00+00:00,0.0,0.0,292.078125,38.8790283203125,3.271484375,0.0,18.928125000000023
2007-08-25 12:00:00+00:00,0.0,0.0,291.546875,41.2637939453125,3.31640625,0.0,18.396875000000023
2007-08-25 13:00:00+00:00,0.0,0.0,290.03125,49.83966064453125,2.474609375,0.0,16.881250000000023
2007-08-25 14:00:00+00:00,0.0,0.0,288.59375,60.759521484375,1.955078125,0.0,15.443750000000023
2007-08-25 15:00:00+00:00,0.0,0.0,287.5625,66.46783447265625,1.78125,0.0,14.412500000000023
2007-08-25 16:00:00+00:00,0.0,0.0,287.203125,68.12701416015625,1.203125,0.0,14.053125000000023
2007-08-25 17:00:00+00:00,0.0,0.0,287.171875,65.90618896484375,1.025390625,0.0,14.021875000000023
2007-08-25 18:00:00+00:00,0.0,0.0,287.03125,62.2659912109375,1.1484375,0.0,13.881250000000023
2007-08-25 19:00:00+00:00,0.0,0.0,286.84375,58.43243408203125,1.791015625,0.0,13.693750000000023
2007-08-25 20:00:00+00:00,0.0,0.078125,286.75,54.80609130859375,1.91796875,0.078125,13.600000000000023
2007-08-25 21:00:00+00:00,26.84765625,38.66796875,286.0,61.21014404296875,1.609375,65.515625,12.850000000000023
2007-08-25 22:00:00+00:00,60.98046875,121.11328125,285.796875,59.7489013671875,2.869140625,182.09375,12.646875000000023
2007-08-25 23:00:00+00:00,24.984375,136.546875,286.40625,55.8243408203125,2.568359375,161.53125,13.256250000000023
2007-08-26 00:00:00+00:00,284.58984375,206.58203125,287.5,53.3477783203125,2.34765625,491.171875,14.350000000000023
2007-08-26 01:00:00+00:00,255.2421875,226.9296875,289.0625,47.564697265625,2.55859375,482.171875,15.912500000000023
2007-08-26 02:00:00+00:00,407.51953125,193.13671875,290.421875,41.72882080078125,3.107421875,600.65625,17.271875000000023
2007-08-26 03:00:00+00:00,542.62109375,82.56640625,293.40625,33.79864501953125,4.861328125,625.1875,20.256250000000023
2007-08-26 04:00:00+00:00,428.2109375,87.5234375,294.4375,32.8271484375,5.4140625,515.734375,21.287500000000023
2007-08-26 05:00:00+00:00,159.9609375,142.6171875,295.265625,31.5794677734375,5.392578125,302.578125,22.115625000000023
2007-08-26 06:00:00+00:00,56.7890625,102.7265625,295.671875,31.47210693359375,5.208984375,159.515625,22.521875000000023
2007-08-26 07:00:00+00:00,8.84375,23.609375,295.625,32.60748291015625,4.388671875,32.453125,22.475000000000023
2007-08-26 08:00:00+00:00,0.0,0.0,295.09375,35.41998291015625,3.7890625,0.0,21.943750000000023
2007-08-26 09:00:00+00:00,0.0,0.0,294.0625,39.07171630859375,3.74609375,0.0,20.912500000000023
2007-08-26 10:00:00+00:00,0.0,0.0,293.390625,42.14727783203125,3.23046875,0.0,20.240625000000023
2007-08-26 11:00:00+00:00,0.0,0.0,292.609375,45.0509033203125,2.375,0.0,19.459375000000023
2007-08-26 12:00:00+00:00,0.0,0.0,291.828125,47.0736083984375,1.953125,0.0,18.678125000000023
2007-08-26 13:00:00+00:00,0.0,0.0,291.078125,47.915771484375,1.916015625,0.0,17.928125000000023
2007-08-26 14:00:00+00:00,0.0,0.0,290.1875,49.5994873046875,1.662109375,0.0,17.037500000000023
2007-08-26 15:00:00+00:00,0.0,0.0,288.890625,53.2003173828125,1.01953125,0.0,15.740625000000023
2007-08-26 16:00:00+00:00,0.0,0.0,287.84375,55.9925537109375,0.884765625,0.0,14.693750000000023
2007-08-26 17:00:00+00:00,0.0,0.0,286.78125,59.19384765625,0.875,0.0,13.631250000000023
2007-08-26 18:00:00+00:00,0.0,0.0,286.5,59.40704345703125,1.13671875,0.0,13.350000000000023
2007-08-26 19:00:00+00:00,0.0,0.0,286.203125,60.40576171875,1.5390625,0.0,13.053125000000023
2007-08-26 20:00:00+00:00,0.0,0.234375,285.65625,62.59014892578125,1.8046875,0.234375,12.506250000000023
2007-08-26 21:00:00+00:00,10.765625,50.03125,285.265625,62.8541259765625,2.125,60.796875,12.115625000000023
2007-08-26 22:00:00+00:00,132.4453125,104.8515625,285.859375,58.98944091796875,3.533203125,237.296875,12.709375000000023
2007-08-26 23:00:00+00:00,279.6484375,122.2734375,286.8125,57.3798828125,3.75,401.921875,13.662500000000023
2007-08-27 00:00:00+00:00,336.8671875,172.7265625,288.984375,49.3656005859375,3.693359375,509.59375,15.834375000000023
2007-08-27 01:00:00+00:00,321.21875,213.640625,291.671875,39.46966552734375,3.7890625,534.859375,18.521875000000023
2007-08-27 02:00:00+00:00,464.578125,169.015625,293.765625,32.881103515625,5.052734375,633.59375,20.615625000000023
2007-08-27 03:00:00+00:00,543.78515625,84.82421875,296.359375,29.28179931640625,5.796875,628.609375,23.209375000000023
2007-08-27 04:00:00+00:00,462.5546875,70.5234375,297.453125,27.01031494140625,6.001953125,533.078125,24.303125000000023
2007-08-27 05:00:00+00:00,333.15625,54.640625,297.734375,27.3648681640625,6.36328125,387.796875,24.584375000000023
2007-08-27 06:00:00+00:00,173.3515625,35.8203125,297.15625,29.48992919921875,6.3359375,209.171875,24.006250000000023
2007-08-27 07:00:00+00:00,31.84765625,6.79296875,296.6875,30.95501708984375,5.251953125,38.640625,23.537500000000023
2007-08-27 08:00:00+00:00,0.0,0.0,295.828125,34.77911376953125,4.666015625,0.0,22.678125000000023
2007-08-27 09:00:00+00:00,0.0,0.0,295.140625,36.59185791015625,4.615234375,0.0,21.990625000000023
2007-08-27 10:00:00+00:00,0.0,0.0,294.53125,35.77117919921875,5.044921875,0.0,21.381250000000023
2007-08-27 11:00:00+00:00,0.0,0.0,293.765625,35.91693115234375,5.1875,0.0,20.615625000000023
2007-08-27 12:00:00+00:00,0.0,0.0,293.03125,36.27569580078125,5.681640625,0.0,19.881250000000023
2007-08-27 13:00:00+00:00,0.0,0.0,292.640625,33.26409912109375,5.666015625,0.0,19.490625000000023
2007-08-27 14:00:00+00:00,0.0,0.0,292.328125,29.714111328125,5.7265625,0.0,19.178125000000023
2007-08-27 15:00:00+00:00,0.0,0.0,291.59375,33.6158447265625,5.814453125,0.0,18.443750000000023
2007-08-27 16:00:00+00:00,0.0,0.0,291.546875,30.59197998046875,6.412109375,0.0,18.396875000000023
2007-08-27 17:00:00+00:00,0.0,0.0,291.1875,29.6611328125,6.267578125,0.0,18.037500000000023
2007-08-27 18:00:00+00:00,0.0,0.0,290.515625,30.520751953125,5.15625,0.0,17.365625000000023
2007-08-27 19:00:00+00:00,0.0,0.0,289.671875,32.46771240234375,4.212890625,0.0,16.521875000000023
2007-08-27 20:00:00+00:00,0.0,0.296875,288.796875,34.77008056640625,3.697265625,0.296875,15.646875000000023
2007-08-27 21:00:00+00:00,13.07421875,45.14453125,288.578125,35.01959228515625,2.767578125,58.21875,15.428125000000023
2007-08-27 22:00:00+00:00,133.4609375,103.0859375,288.15625,36.32012939453125,2.58984375,236.546875,15.006250000000023
2007-08-27 23:00:00+00:00,298.390625,114.125,288.21875,36.68597412109375,2.548828125,412.515625,15.068750000000023
2007-08-28 00:00:00+00:00,446.61328125,112.38671875,288.78125,39.02880859375,2.548828125,559.0,15.631250000000023
2007-08-28 01:00:00+00:00,476.96484375,136.87890625,289.546875,50.0220947265625,2.9375,613.84375,16.396875000000023
2007-08-28 02:00:00+00:00,395.234375,188.453125,290.890625,46.6817626953125,3.142578125,583.6875,17.740625000000023
2007-08-28 03:00:00+00:00,139.7109375,174.8671875,292.28125,41.52099609375,3.0625,314.578125,19.131250000000023
2007-08-28 04:00:00+00:00,57.40625,185.625,292.875,37.79815673828125,4.0078125,243.03125,19.725000000000023
2007-08-28 05:00:00+00:00,80.5390625,127.8671875,292.96875,35.53973388671875,4.7421875,208.40625,19.818750000000023
2007-08-28 06:00:00+00:00,48.890625,66.578125,292.734375,34.83489990234375,4.662109375,115.46875,19.584375000000023
2007-08-28 07:00:00+00:00,14.40234375,16.47265625,292.03125,36.0794677734375,4.224609375,30.875,18.881250000000023
2007-08-28 08:00:00+00:00,0.0,0.0,290.671875,44.97552490234375,3.494140625,0.0,17.521875000000023
2007-08-28 09:00:00+00:00,0.0,0.0,289.828125,52.4027099609375,3.359375,0.0,16.678125000000023
2007-08-28 10:00:00+00:00,0.0,0.0,289.125,56.62615966796875,3.32421875,0.0,15.975000000000023
2007-08-28 11:00:00+00:00,0.0,0.0,288.390625,61.76593017578125,3.263671875,0.0,15.240625000000023
2007-08-28 12:00:00+00:00,0.0,0.0,287.796875,65.254150390625,2.87890625,0.0,14.646875000000023
2007-08-28 13:00:00+00:00,0.0,0.0,287.078125,69.31610107421875,2.75390625,0.0,13.928125000000023
2007-08-28 14:00:00+00:00,0.0,0.0,286.375,72.75250244140625,2.572265625,0.0,13.225000000000023
2007-08-28 15:00:00+00:00,0.0,0.0,285.703125,75.40618896484375,1.275390625,0.0,12.553125000000023
2007-08-28 16:00:00+00:00,0.0,0.0,285.21875,77.1759033203125,1.16015625,0.0,12.068750000000023
2007-08-28 17:00:00+00:00,0.0,0.0,284.6875,78.9871826171875,1.0625,0.0,11.537500000000023
2007-08-28 18:00:00+00:00,0.0,0.0,284.234375,80.57208251953125,1.189453125,0.0,11.084375000000023
2007-08-28 19:00:00+00:00,0.0,0.0,283.75,82.85577392578125,1.162109375,0.0,10.600000000000023
2007-08-28 20:00:00+00:00,0.0,0.5625,283.3125,85.2908935546875,1.263671875,0.5625,10.162500000000023
2007-08-28 21:00:00+00:00,47.4140625,39.5546875,282.84375,83.3253173828125,1.357421875,86.96875,9.693750000000023
2007-08-28 22:00:00+00:00,209.484375,65.390625,282.734375,83.11431884765625,1.12109375,274.875,9.584375000000023
2007-08-28 23:00:00+00:00,377.265625,72.59375,283.3125,79.3948974609375,1.185546875,449.859375,10.162500000000023
2007-08-29 00:00:00+00:00,518.41015625,73.21484375,284.390625,72.82379150390625,1.3125,591.625,11.240625000000023
2007-08-29 01:00:00+00:00,607.75,67.921875,285.765625,63.60595703125,1.33203125,675.671875,12.615625000000023
2007-08-29 02:00:00+00:00,638.83984375,61.01953125,286.8125,56.5452880859375,1.064453125,699.859375,13.662500000000023
2007-08-29 03:00:00+00:00,607.1328125,52.5703125,287.546875,57.0714111328125,0.86328125,659.703125,14.396875000000023
2007-08-29 04:00:00+00:00,518.1171875,43.1640625,288.359375,54.392822265625,0.900390625,561.28125,15.209375000000023
2007-08-29 05:00:00+00:00,380.12890625,32.77734375,289.375,49.4447021484375,0.76953125,412.90625,16.225000000000023
2007-08-29 06:00:00+00:00,209.38671875,19.94140625,290.375,44.989990234375,0.673828125,229.328125,17.225000000000023
2007-08-29 07:00:00+00:00,48.328125,0.0,290.9375,43.47247314453125,0.408203125,47.890625,17.787500000000023
2007-08-29 08:00:00+00:00,0.0,0.0,291.328125,42.78424072265625,0.64453125,0.0,18.178125000000023
2007-08-29 09:00:00+00:00,0.0,0.0,291.40625,41.22052001953125,0.708984375,0.0,18.256250000000023
2007-08-29 10:00:00+00:00,0.0,0.0,291.75,40.65216064453125,0.853515625,0.0,18.600000000000023
2007-08-29 11:00:00+00:00,0.0,0.0,291.734375,38.858642578125,1.984375,0.0,18.584375000000023
2007-08-29 12:00:00+00:00,0.0,0.0,290.984375,39.5050048828125,2.15234375,0.0,17.834375000000023
2007-08-29 13:00:00+00:00,0.0,0.0,290.15625,42.56842041015625,2.361328125,0.0,17.006250000000023
2007-08-29 14:00:00+00:00,0.0,0.0,289.1875,46.94708251953125,2.138671875,0.0,16.037500000000023
2007-08-29 15:00:00+00:00,0.0,0.0,287.65625,57.10919189453125,2.54296875,0.0,14.506250000000023
2007-08-29 16:00:00+00:00,0.0,0.0,287.15625,60.19000244140625,2.744140625,0.0,14.006250000000023
2007-08-29 17:00:00+00:00,0.0,0.0,286.765625,60.4759521484375,2.712890625,0.0,13.615625000000023
2007-08-29 18:00:00+00:00,0.0,0.0,286.390625,60.2283935546875,2.861328125,0.0,13.240625000000023
2007-08-29 19:00:00+00:00,0.0,0.0,286.171875,59.55108642578125,2.984375,0.0,13.021875000000023
2007-08-29 20:00:00+00:00,0.0,0.859375,286.03125,58.55987548828125,3.0703125,0.859375,12.881250000000023
2007-08-29 21:00:00+00:00,51.6953125,41.7578125,285.296875,62.28955078125,3.0703125,93.453125,12.146875000000023
2007-08-29 22:00:00+00:00,218.89453125,66.96484375,285.5625,58.59515380859375,3.4140625,285.859375,12.412500000000023
2007-08-29 23:00:00+00:00,388.45703125,74.46484375,286.875,52.03961181640625,3.939453125,462.921875,13.725000000000023
2007-08-30 00:00:00+00:00,529.9140625,75.6796875,288.890625,43.967041015625,5.15625,605.59375,15.740625000000023
2007-08-30 01:00:00+00:00,616.90625,71.40625,290.96875,37.743896484375,5.78515625,688.3125,17.818750000000023
2007-08-30 02:00:00+00:00,643.13671875,66.28515625,293.171875,31.5465087890625,6.8515625,709.421875,20.021875000000023
2007-08-30 03:00:00+00:00,604.6640625,59.2265625,294.984375,32.4083251953125,7.375,663.890625,21.834375000000023
2007-08-30 04:00:00+00:00,511.68359375,51.36328125,296.21875,30.66668701171875,7.59375,563.046875,23.068750000000023
2007-08-30 05:00:00+00:00,370.5078125,41.1484375,296.953125,30.094970703125,7.943359375,411.65625,23.803125000000023
2007-08-30 06:00:00+00:00,198.36328125,27.73046875,297.140625,31.353515625,8.12890625,226.09375,23.990625000000023
2007-08-30 07:00:00+00:00,39.95703125,4.94921875,296.84375,33.55706787109375,7.083984375,44.90625,23.693750000000023
2007-08-30 08:00:00+00:00,0.0,0.0,296.234375,34.8609619140625,6.833984375,0.0,23.084375000000023
2007-08-30 09:00:00+00:00,0.0,0.0,295.453125,36.05364990234375,6.6953125,0.0,22.303125000000023
2007-08-30 10:00:00+00:00,0.0,0.0,295.171875,33.9896240234375,5.775390625,0.0,22.021875000000023
2007-08-30 11:00:00+00:00,0.0,0.0,294.984375,31.73602294921875,5.9921875,0.0,21.834375000000023
2007-08-30 12:00:00+00:00,0.0,0.0,294.890625,30.45849609375,6.908203125,0.0,21.740625000000023
2007-08-30 13:00:00+00:00,0.0,0.0,294.75,28.267333984375,6.443359375,0.0,21.600000000000023
2007-08-30 14:00:00+00:00,0.0,0.0,294.203125,27.64373779296875,6.22265625,0.0,21.053125000000023
2007-08-30 15:00:00+00:00,0.0,0.0,293.25,33.06207275390625,6.205078125,0.0,20.100000000000023
2007-08-30 16:00:00+00:00,0.0,0.0,292.390625,33.49603271484375,5.818359375,0.0,19.240625000000023
2007-08-30 17:00:00+00:00,0.0,0.0,291.796875,32.041259765625,6.216796875,0.0,18.646875000000023
2007-08-30 18:00:00+00:00,0.0,0.0,291.1875,33.00457763671875,6.9609375,0.0,18.037500000000023
2007-08-30 19:00:00+00:00,0.0,0.0,291.03125,34.228271484375,6.474609375,0.0,17.881250000000023
2007-08-30 20:00:00+00:00,0.0,1.03125,290.734375,38.03582763671875,5.87890625,1.03125,17.584375000000023
2007-08-30 21:00:00+00:00,1.859375,53.859375,290.34375,48.20684814453125,5.84765625,55.71875,17.193750000000023
2007-08-30 22:00:00+00:00,66.03125,108.703125,289.0625,53.04461669921875,8.4140625,174.734375,15.912500000000023
2007-08-30 23:00:00+00:00,109.57421875,200.12890625,287.890625,55.31732177734375,8.220703125,309.703125,14.740625000000023
2007-08-31 00:00:00+00:00,246.3671875,235.0390625,286.796875,56.88580322265625,9.41015625,481.40625,13.646875000000023
2007-08-31 01:00:00+00:00,230.55859375,264.55078125,286.5,57.52508544921875,8.62890625,495.109375,13.350000000000023
2007-08-31 02:00:00+00:00,246.8125,125.8125,286.375,53.77276611328125,8.625,372.625,13.225000000000023
2007-08-31 03:00:00+00:00,257.79296875,49.00390625,286.234375,53.9200439453125,7.958984375,306.796875,13.084375000000023
2007-08-31 04:00:00+00:00,116.03125,96.890625,285.96875,53.54937744140625,7.779296875,212.921875,12.818750000000023
2007-08-31 05:00:00+00:00,45.69140625,86.01171875,285.734375,51.7801513671875,7.10546875,131.703125,12.584375000000023
2007-08-31 06:00:00+00:00,3.5078125,52.7265625,285.6875,47.43682861328125,6.37109375,56.234375,12.537500000000023
2007-08-31 07:00:00+00:00,0.21875,19.203125,285.65625,42.73712158203125,6.01953125,19.421875,12.506250000000023
2007-08-31 08:00:00+00:00,0.0,0.0,285.1875,45.20703125,5.314453125,0.0,12.037500000000023
2007-08-31 09:00:00+00:00,0.0,0.0,284.765625,48.33966064453125,5.076171875,0.0,11.615625000000023
2007-08-31 10:00:00+00:00,0.0,0.0,284.359375,50.68463134765625,4.458984375,0.0,11.209375000000023
2007-08-31 11:00:00+00:00,0.0,0.0,284.0,52.67828369140625,4.12109375,0.0,10.850000000000023
2007-08-31 12:00:00+00:00,0.0,0.0,284.0625,48.18048095703125,4.044921875,0.0,10.912500000000023
2007-08-31 13:00:00+00:00,0.0,0.0,283.765625,50.33563232421875,3.3515625,0.0,10.615625000000023
2007-08-31 14:00:00+00:00,0.0,0.0,283.546875,53.193603515625,2.90625,0.0,10.396875000000023
2007-08-31 15:00:00+00:00,0.0,0.0,282.546875,65.04193115234375,3.494140625,0.0,9.396875000000023
2007-08-31 16:00:00+00:00,0.0,0.0,282.140625,66.1328125,2.865234375,0.0,8.990625000000023
2007-08-31 17:00:00+00:00,0.0,0.0,282.421875,60.47528076171875,2.484375,0.0,9.271875000000023
2007-08-31 18:00:00+00:00,0.0,0.0,282.421875,59.9344482421875,2.478515625,0.0,9.271875000000023
2007-08-31 19:00:00+00:00,0.0,0.0,282.453125,59.3592529296875,2.341796875,0.0,9.303125000000023
2007-08-31 20:00:00+00:00,0.0,1.1875,282.578125,57.7532958984375,2.27734375,1.1875,9.428125000000023
2007-08-31 21:00:00+00:00,0.44140625,51.46484375,280.390625,66.79315185546875,2.078125,51.90625,7.240625000000023
2007-08-31 22:00:00+00:00,16.2421875,125.1953125,280.4375,66.34625244140625,2.38671875,141.4375,7.287500000000023
2007-08-31 23:00:00+00:00,110.125,155.71875,280.953125,63.93597412109375,2.728515625,265.84375,7.803125000000023
2007-09-01 00:00:00+00:00,155.15625,240.671875,282.3125,58.9049072265625,2.9296875,395.828125,9.162500000000023
2007-09-01 01:00:00+00:00,135.734375,256.078125,284.015625,53.4224853515625,2.94140625,391.8125,10.865625000000023
2007-09-01 02:00:00+00:00,175.0390625,314.0859375,285.359375,48.52435302734375,2.7890625,489.125,12.209375000000023
2007-09-01 03:00:00+00:00,619.04296875,53.56640625,287.90625,38.4898681640625,1.83203125,672.609375,14.756250000000023
2007-09-01 04:00:00+00:00,528.5390625,43.9140625,289.0625,36.02313232421875,1.9296875,572.453125,15.912500000000023
2007-09-01 05:00:00+00:00,388.26953125,33.60546875,289.90625,35.173828125,1.693359375,421.875,16.756250000000023
2007-09-01 06:00:00+00:00,216.53125,21.1875,290.484375,35.056884765625,1.638671875,237.71875,17.334375000000023
2007-09-01 07:00:00+00:00,50.9375,0.46875,290.953125,35.611572265625,2.125,51.40625,17.803125000000023
2007-09-01 08:00:00+00:00,0.0,0.0,290.953125,36.9798583984375,3.044921875,0.0,17.803125000000023
2007-09-01 09:00:00+00:00,0.0,0.0,289.875,40.0006103515625,3.783203125,0.0,16.725000000000023
2007-09-01 10:00:00+00:00,0.0,0.0,288.953125,42.02935791015625,3.662109375,0.0,15.803125000000023
2007-09-01 11:00:00+00:00,0.0,0.0,288.140625,44.11444091796875,3.4140625,0.0,14.990625000000023
2007-09-01 12:00:00+00:00,0.0,0.0,287.359375,46.1109619140625,3.291015625,0.0,14.209375000000023
2007-09-01 13:00:00+00:00,0.0,0.0,286.4375,48.58062744140625,3.357421875,0.0,13.287500000000023
2007-09-01 14:00:00+00:00,0.0,0.0,285.609375,51.24798583984375,3.578125,0.0,12.459375000000023
2007-09-01 15:00:00+00:00,0.0,0.0,284.296875,56.075927734375,3.4609375,0.0,11.146875000000023
2007-09-01 16:00:00+00:00,0.0,0.0,283.59375,58.94281005859375,3.19921875,0.0,10.443750000000023
2007-09-01 17:00:00+00:00,0.0,0.0,282.75,62.58929443359375,3.390625,0.0,9.600000000000023
2007-09-01 18:00:00+00:00,0.0,0.0,282.09375,64.7945556640625,3.609375,0.0,8.943750000000023
2007-09-01 19:00:00+00:00,0.0,0.0,281.75,64.89337158203125,3.673828125,0.0,8.600000000000023
2007-09-01 20:00:00+00:00,0.0,2.0625,281.5,64.6011962890625,3.853515625,2.0625,8.350000000000023
2007-09-01 21:00:00+00:00,60.328125,46.671875,281.3125,65.7281494140625,4.07421875,107.0,8.162500000000023
2007-09-01 22:00:00+00:00,231.55078125,70.12109375,281.71875,61.3402099609375,4.384765625,301.671875,8.568750000000023
2007-09-01 23:00:00+00:00,404.02734375,76.91015625,282.984375,55.10321044921875,4.46875,480.9375,9.834375000000023
2007-09-02 00:00:00+00:00,549.2265625,77.5078125,285.1875,45.75390625,4.640625,626.734375,12.037500000000023
2007-09-02 01:00:00+00:00,636.10546875,72.08203125,287.46875,38.33782958984375,5.0390625,708.1875,14.318750000000023
2007-09-02 02:00:00+00:00,660.56640625,65.63671875,289.828125,30.7750244140625,5.30078125,726.203125,16.678125000000023
2007-09-02 03:00:00+00:00,554.55859375,100.48828125,291.40625,30.5423583984375,5.119140625,655.046875,18.256250000000023
2007-09-02 04:00:00+00:00,472.484375,87.21875,292.125,28.4803466796875,5.53515625,559.703125,18.975000000000023
2007-09-02 05:00:00+00:00,368.875,55.28125,292.28125,29.57537841796875,5.59765625,424.15625,19.131250000000023
2007-09-02 06:00:00+00:00,126.66796875,65.59765625,292.453125,29.6729736328125,5.166015625,192.265625,19.303125000000023
2007-09-02 07:00:00+00:00,36.6875,14.25,292.21875,28.44268798828125,5.306640625,50.9375,19.068750000000023
2007-09-02 08:00:00+00:00,0.0,0.0,291.5625,30.28204345703125,5.087890625,0.0,18.412500000000023
2007-09-02 09:00:00+00:00,0.0,0.0,291.03125,32.464111328125,4.283203125,0.0,17.881250000000023
2007-09-02 10:00:00+00:00,0.0,0.0,290.234375,38.03790283203125,3.5546875,0.0,17.084375000000023
2007-09-02 11:00:00+00:00,0.0,0.0,289.375,42.77606201171875,3.349609375,0.0,16.225000000000023
2007-09-02 12:00:00+00:00,0.0,0.0,288.0625,50.157470703125,3.66015625,0.0,14.912500000000023
2007-09-02 13:00:00+00:00,0.0,0.0,286.578125,63.22125244140625,4.56640625,0.0,13.428125000000023
2007-09-02 14:00:00+00:00,0.0,0.0,284.3125,86.4774169921875,4.734375,0.0,11.162500000000023
2007-09-02 15:00:00+00:00,0.0,0.0,283.21875,85.35076904296875,4.4765625,0.0,10.068750000000023
2007-09-02 16:00:00+00:00,0.0,0.0,282.859375,87.588623046875,2.96484375,0.0,9.709375000000023
2007-09-02 17:00:00+00:00,0.0,0.0,282.859375,85.111328125,2.1875,0.0,9.709375000000023
2007-09-02 18:00:00+00:00,0.0,0.0,282.796875,83.0272216796875,2.251953125,0.0,9.646875000000023
2007-09-02 19:00:00+00:00,0.0,0.0,282.65625,85.076416015625,2.8125,0.0,9.506250000000023
2007-09-02 20:00:00+00:00,0.00390625,2.66796875,282.3125,85.52154541015625,3.3203125,2.671875,9.162500000000023
2007-09-02 21:00:00+00:00,66.36328125,47.52734375,281.578125,80.8316650390625,2.99609375,113.890625,8.428125000000023
2007-09-02 22:00:00+00:00,217.19140625,79.19921875,281.4375,78.33026123046875,2.837890625,296.390625,8.287500000000023
2007-09-02 23:00:00+00:00,187.7109375,177.8984375,282.015625,74.00189208984375,2.93359375,365.609375,8.865625000000023
2007-09-03 00:00:00+00:00,483.87890625,136.33984375,283.421875,65.85784912109375,3.19140625,620.21875,10.271875000000023
2007-09-03 01:00:00+00:00,479.44140625,137.93359375,285.1875,48.12677001953125,4.451171875,617.375,12.037500000000023
2007-09-03 02:00:00+00:00,207.8671875,212.6953125,286.015625,44.69610595703125,4.88671875,420.5625,12.865625000000023
2007-09-03 03:00:00+00:00,182.9140625,213.6484375,286.09375,49.03546142578125,4.98828125,396.5625,12.943750000000023
2007-09-03 04:00:00+00:00,222.83203125,139.83984375,286.0625,51.741455078125,5.365234375,362.671875,12.912500000000023
2007-09-03 05:00:00+00:00,166.24609375,154.47265625,285.828125,54.84881591796875,5.849609375,320.71875,12.678125000000023
2007-09-03 06:00:00+00:00,39.4296875,59.8984375,285.8125,50.225341796875,5.8984375,99.328125,12.662500000000023
2007-09-03 07:00:00+00:00,33.86328125,16.69921875,285.4375,50.36065673828125,5.724609375,50.5625,12.287500000000023
2007-09-03 08:00:00+00:00,0.0,0.0,285.203125,49.7755126953125,5.322265625,0.0,12.053125000000023
2007-09-03 09:00:00+00:00,0.0,0.0,284.515625,57.35223388671875,4.69921875,0.0,11.365625000000023
2007-09-03 10:00:00+00:00,0.0,0.0,284.15625,59.82086181640625,4.384765625,0.0,11.006250000000023
2007-09-03 11:00:00+00:00,0.0,0.0,284.03125,57.85565185546875,3.568359375,0.0,10.881250000000023
2007-09-03 12:00:00+00:00,0.0,0.0,284.03125,55.58221435546875,3.03125,0.0,10.881250000000023
2007-09-03 13:00:00+00:00,0.0,0.0,283.890625,55.60699462890625,3.212890625,0.0,10.740625000000023
2007-09-03 14:00:00+00:00,0.0,0.0,283.625,56.31890869140625,3.640625,0.0,10.475000000000023
2007-09-03 15:00:00+00:00,0.0,0.0,282.640625,66.0819091796875,2.640625,0.0,9.490625000000023
2007-09-03 16:00:00+00:00,0.0,0.0,282.453125,66.9925537109375,2.59375,0.0,9.303125000000023
2007-09-03 17:00:00+00:00,0.0,0.0,282.375,67.07574462890625,2.642578125,0.0,9.225000000000023
2007-09-03 18:00:00+00:00,0.0,0.0,282.3125,65.929931640625,2.599609375,0.0,9.162500000000023
2007-09-03 19:00:00+00:00,0.0,0.0,282.046875,65.96527099609375,2.62109375,0.0,8.896875000000023
2007-09-03 20:00:00+00:00,0.0078125,2.5234375,281.71875,65.48883056640625,2.76953125,2.53125,8.568750000000023
2007-09-03 21:00:00+00:00,7.43359375,46.06640625,280.5,71.5396728515625,2.412109375,53.5,7.350000000000023
2007-09-03 22:00:00+00:00,66.28515625,124.16796875,280.703125,66.19146728515625,2.55078125,190.453125,7.553125000000023
2007-09-03 23:00:00+00:00,117.8671875,226.0234375,281.328125,61.53717041015625,2.80859375,343.890625,8.178125000000023
2007-09-04 00:00:00+00:00,246.6328125,244.7578125,282.5625,51.16278076171875,4.291015625,491.390625,9.412500000000023
2007-09-04 01:00:00+00:00,258.65234375,266.53515625,283.578125,47.29443359375,4.9453125,525.1875,10.428125000000023
2007-09-04 02:00:00+00:00,495.1484375,191.4609375,284.53125,45.024169921875,5.16796875,686.609375,11.381250000000023
2007-09-04 03:00:00+00:00,510.65625,170.703125,285.6875,42.554443359375,5.009765625,681.359375,12.537500000000023
2007-09-04 04:00:00+00:00,546.0703125,55.5390625,286.625,37.597900390625,4.662109375,601.609375,13.475000000000023
2007-09-04 05:00:00+00:00,414.05078125,34.08984375,287.1875,35.93048095703125,4.486328125,448.140625,14.037500000000023
2007-09-04 06:00:00+00:00,237.40234375,21.39453125,287.625,33.26019287109375,4.427734375,258.796875,14.475000000000023
2007-09-04 07:00:00+00:00,63.640625,0.0,287.640625,34.95458984375,4.31640625,62.796875,14.490625000000023
2007-09-04 08:00:00+00:00,0.0,0.0,287.171875,38.7247314453125,4.25,0.0,14.021875000000023
2007-09-04 09:00:00+00:00,0.0,0.0,285.875,45.287109375,4.857421875,0.0,12.725000000000023
2007-09-04 10:00:00+00:00,0.0,0.0,285.1875,46.45208740234375,4.75390625,0.0,12.037500000000023
2007-09-04 11:00:00+00:00,0.0,0.0,284.4375,48.750244140625,4.607421875,0.0,11.287500000000023
2007-09-04 12:00:00+00:00,0.0,0.0,283.71875,50.876708984375,4.072265625,0.0,10.568750000000023
2007-09-04 13:00:00+00:00,0.0,0.0,283.359375,52.3544921875,3.359375,0.0,10.209375000000023
2007-09-04 14:00:00+00:00,0.0,0.0,283.15625,52.67132568359375,2.50390625,0.0,10.006250000000023
2007-09-04 15:00:00+00:00,0.0,0.0,282.28125,58.8370361328125,1.404296875,0.0,9.131250000000023
2007-09-04 16:00:00+00:00,0.0,0.0,281.796875,60.95599365234375,1.42578125,0.0,8.646875000000023
2007-09-04 17:00:00+00:00,0.0,0.0,281.296875,63.936767578125,1.4609375,0.0,8.146875000000023
2007-09-04 18:00:00+00:00,0.0,0.0,280.78125,66.5302734375,1.4140625,0.0,7.631250000000023
2007-09-04 19:00:00+00:00,0.0,0.0,280.25,67.93157958984375,1.32421875,0.0,7.100000000000023
2007-09-04 20:00:00+00:00,0.140625,3.96875,280.0,66.8212890625,1.49609375,4.109375,6.850000000000023
2007-09-04 21:00:00+00:00,74.61328125,49.93359375,278.765625,71.6041259765625,1.46875,124.546875,5.615625000000023
2007-09-04 22:00:00+00:00,253.32421875,70.39453125,278.890625,67.45587158203125,1.47265625,323.71875,5.740625000000023
2007-09-04 23:00:00+00:00,427.96484375,75.95703125,279.484375,65.19091796875,1.45703125,503.921875,6.334375000000023
2007-09-05 00:00:00+00:00,572.6875,75.953125,280.828125,62.05224609375,1.548828125,648.640625,7.678125000000023
2007-09-05 01:00:00+00:00,661.34765625,69.98046875,283.84375,49.6900634765625,2.244140625,731.328125,10.693750000000023
2007-09-05 02:00:00+00:00,689.15625,62.84375,286.875,36.82421875,2.9375,752.0,13.725000000000023
2007-09-05 03:00:00+00:00,655.265625,53.90625,288.84375,32.4049072265625,2.9453125,709.171875,15.693750000000023
2007-09-05 04:00:00+00:00,560.59375,44.59375,290.015625,29.52069091796875,2.95703125,605.1875,16.865625000000023
2007-09-05 05:00:00+00:00,415.890625,34.484375,290.765625,27.81329345703125,3.048828125,450.375,17.615625000000023
2007-09-05 06:00:00+00:00,237.796875,22.0,291.09375,27.52520751953125,3.0234375,259.796875,17.943750000000023
2007-09-05 07:00:00+00:00,64.6796875,0.0,291.03125,28.11553955078125,3.162109375,64.28125,17.881250000000023
2007-09-05 08:00:00+00:00,0.0,0.0,290.5,30.1236572265625,3.501953125,0.0,17.350000000000023
2007-09-05 09:00:00+00:00,0.0,0.0,290.765625,30.4488525390625,2.98046875,0.0,17.615625000000023
2007-09-05 10:00:00+00:00,0.0,0.0,289.953125,33.496337890625,3.291015625,0.0,16.803125000000023
2007-09-05 11:00:00+00:00,0.0,0.0,289.109375,36.19921875,2.8984375,0.0,15.959375000000023
2007-09-05 12:00:00+00:00,0.0,0.0,288.5,38.01983642578125,2.25390625,0.0,15.350000000000023
2007-09-05 13:00:00+00:00,0.0,0.0,287.703125,41.0660400390625,2.236328125,0.0,14.553125000000023
2007-09-05 14:00:00+00:00,0.0,0.0,286.84375,44.03717041015625,2.560546875,0.0,13.693750000000023
2007-09-05 15:00:00+00:00,0.0,0.0,285.84375,47.8927001953125,2.048828125,0.0,12.693750000000023
2007-09-05 16:00:00+00:00,0.0,0.0,285.0625,50.87030029296875,2.58203125,0.0,11.912500000000023
2007-09-05 17:00:00+00:00,0.0,0.0,284.296875,54.25933837890625,2.796875,0.0,11.146875000000023
2007-09-05 18:00:00+00:00,0.0,0.0,283.53125,57.562255859375,2.849609375,0.0,10.381250000000023
2007-09-05 19:00:00+00:00,0.0,0.0,282.96875,59.73016357421875,3.005859375,0.0,9.818750000000023
2007-09-05 20:00:00+00:00,0.25,4.5625,282.734375,60.62322998046875,3.044921875,4.8125,9.584375000000023
2007-09-05 21:00:00+00:00,74.8125,51.5,282.046875,62.1982421875,2.55078125,126.3125,8.896875000000023
2007-09-05 22:00:00+00:00,250.71484375,72.22265625,282.234375,63.0283203125,2.740234375,322.9375,9.084375000000023
2007-09-05 23:00:00+00:00,423.4375,78.09375,283.40625,59.85888671875,3.0625,501.53125,10.256250000000023
2007-09-06 00:00:00+00:00,566.87109375,78.19140625,285.5625,53.01593017578125,3.369140625,645.0625,12.412500000000023
2007-09-06 01:00:00+00:00,655.25390625,71.91796875,287.984375,43.369384765625,4.306640625,727.171875,14.834375000000023
2007-09-06 02:00:00+00:00,672.1953125,71.3359375,289.625,36.893310546875,4.20703125,743.53125,16.475000000000023
2007-09-06 03:00:00+00:00,548.890625,112.8125,290.859375,32.63671875,3.623046875,661.703125,17.709375000000023
2007-09-06 04:00:00+00:00,508.29296875,78.86328125,291.546875,29.74395751953125,3.5625,587.15625,18.396875000000023
2007-09-06 05:00:00+00:00,379.984375,54.796875,292.03125,28.648681640625,3.63671875,434.78125,18.881250000000023
2007-09-06 06:00:00+00:00,208.375,32.375,292.109375,29.7249755859375,3.638671875,240.75,18.959375000000023
2007-09-06 07:00:00+00:00,53.71875,6.140625,291.8125,31.39874267578125,3.765625,59.859375,18.662500000000023
2007-09-06 08:00:00+00:00,0.0,0.0,291.25,32.59820556640625,3.904296875,0.0,18.100000000000023
2007-09-06 09:00:00+00:00,0.0,0.0,290.734375,35.42791748046875,3.517578125,0.0,17.584375000000023
2007-09-06 10:00:00+00:00,0.0,0.0,290.359375,34.70452880859375,2.89453125,0.0,17.209375000000023
2007-09-06 11:00:00+00:00,0.0,0.0,290.125,33.56201171875,1.537109375,0.0,16.975000000000023
2007-09-06 12:00:00+00:00,0.0,0.0,289.828125,34.083740234375,0.814453125,0.0,16.678125000000023
2007-09-06 13:00:00+00:00,0.0,0.0,289.125,35.66461181640625,0.837890625,0.0,15.975000000000023
2007-09-06 14:00:00+00:00,0.0,0.0,288.84375,36.730224609375,1.056640625,0.0,15.693750000000023
2007-09-06 15:00:00+00:00,0.0,0.0,287.25,51.26715087890625,0.775390625,0.0,14.100000000000023
2007-09-06 16:00:00+00:00,0.0,0.0,286.78125,54.11614990234375,1.09375,0.0,13.631250000000023
2007-09-06 17:00:00+00:00,0.0,0.0,286.375,57.0810546875,1.240234375,0.0,13.225000000000023
2007-09-06 18:00:00+00:00,0.0,0.0,286.03125,59.67449951171875,1.0625,0.0,12.881250000000023
2007-09-06 19:00:00+00:00,0.0,0.0,285.765625,61.38250732421875,0.91015625,0.0,12.615625000000023
2007-09-06 20:00:00+00:00,0.12890625,3.83984375,285.59375,62.11212158203125,0.98828125,3.96875,12.443750000000023
2007-09-06 21:00:00+00:00,30.96484375,63.39453125,284.109375,66.91168212890625,1.125,94.359375,10.959375000000023
2007-09-06 22:00:00+00:00,68.765625,149.0625,284.25,65.9521484375,1.056640625,217.828125,11.100000000000023
2007-09-06 23:00:00+00:00,160.87109375,188.94140625,284.875,61.883544921875,0.927734375,349.8125,11.725000000000023
2007-09-07 00:00:00+00:00,92.83984375,309.20703125,285.703125,57.84759521484375,0.58984375,402.046875,12.553125000000023
2007-09-07 01:00:00+00:00,41.12890625,321.88671875,287.0625,52.1915283203125,0.818359375,363.015625,13.912500000000023
2007-09-07 02:00:00+00:00,117.5078125,347.1171875,288.8125,44.489013671875,1.736328125,464.625,15.662500000000023
2007-09-07 03:00:00+00:00,280.1484375,291.6328125,290.515625,38.07757568359375,2.513671875,571.78125,17.365625000000023
2007-09-07 04:00:00+00:00,306.83984375,159.97265625,291.375,34.284912109375,2.16015625,466.8125,18.225000000000023
2007-09-07 05:00:00+00:00,81.015625,117.71875,292.140625,30.75604248046875,2.16015625,198.734375,18.990625000000023
2007-09-07 06:00:00+00:00,21.68359375,77.73828125,292.3125,30.6119384765625,2.4140625,99.421875,19.162500000000023
2007-09-07 07:00:00+00:00,0.72265625,32.23046875,292.171875,31.8848876953125,2.560546875,32.953125,19.021875000000023
2007-09-07 08:00:00+00:00,0.0,0.0,291.875,32.2943115234375,2.5703125,0.0,18.725000000000023
2007-09-07 09:00:00+00:00,0.0,0.0,292.015625,32.4464111328125,1.6640625,0.0,18.865625000000023
2007-09-07 10:00:00+00:00,0.0,0.0,291.1875,37.2947998046875,2.099609375,0.0,18.037500000000023
2007-09-07 11:00:00+00:00,0.0,0.0,290.5625,40.959228515625,1.880859375,0.0,17.412500000000023
2007-09-07 12:00:00+00:00,0.0,0.0,289.84375,44.876220703125,1.716796875,0.0,16.693750000000023
2007-09-07 13:00:00+00:00,0.0,0.0,289.40625,46.76116943359375,1.564453125,0.0,16.256250000000023
2007-09-07 14:00:00+00:00,0.0,0.0,288.96875,48.51153564453125,1.248046875,0.0,15.818750000000023
2007-09-07 15:00:00+00:00,0.0,0.0,288.015625,52.74005126953125,1.46484375,0.0,14.865625000000023
2007-09-07 16:00:00+00:00,0.0,0.0,287.46875,54.65533447265625,1.23046875,0.0,14.318750000000023
2007-09-07 17:00:00+00:00,0.0,0.0,287.140625,55.589111328125,0.91015625,0.0,13.990625000000023
2007-09-07 18:00:00+00:00,0.0,0.0,286.5,57.724365234375,0.75,0.0,13.350000000000023
2007-09-07 19:00:00+00:00,0.0,0.0,285.640625,60.69354248046875,0.8203125,0.0,12.490625000000023
2007-09-07 20:00:00+00:00,0.609375,6.0,284.8125,63.68035888671875,0.53125,6.609375,11.662500000000023
2007-09-07 21:00:00+00:00,79.76171875,54.97265625,283.28125,68.517333984375,1.126953125,134.734375,10.131250000000023
2007-09-07 22:00:00+00:00,243.4609375,80.1328125,283.09375,67.2918701171875,1.078125,323.59375,9.943750000000023
2007-09-07 23:00:00+00:00,425.4765625,85.2265625,283.671875,62.174560546875,1.275390625,510.703125,10.521875000000023
2007-09-08 00:00:00+00:00,570.41796875,83.83203125,284.90625,56.48114013671875,1.1796875,654.25,11.756250000000023
2007-09-08 01:00:00+00:00,658.17578125,78.40234375,286.515625,52.068603515625,1.056640625,736.578125,13.365625000000023
2007-09-08 02:00:00+00:00,686.39453125,71.26171875,288.671875,43.48480224609375,0.845703125,757.65625,15.521875000000023
2007-09-08 03:00:00+00:00,653.58203125,61.33984375,290.53125,41.07989501953125,0.806640625,714.921875,17.381250000000023
2007-09-08 04:00:00+00:00,564.046875,50.78125,291.65625,27.69012451171875,0.673828125,614.828125,18.506250000000023
2007-09-08 05:00:00+00:00,421.0859375,38.9765625,292.328125,24.33013916015625,0.775390625,460.0625,19.178125000000023
2007-09-08 06:00:00+00:00,242.23828125,25.68359375,292.828125,22.79827880859375,1.013671875,267.921875,19.678125000000023
2007-09-08 07:00:00+00:00,67.6171875,1.7109375,293.296875,22.534912109375,1.5234375,69.328125,20.146875000000023
2007-09-08 08:00:00+00:00,0.0,0.0,293.234375,24.22686767578125,2.009765625,0.0,20.084375000000023
2007-09-08 09:00:00+00:00,0.0,0.0,292.953125,30.751953125,3.10546875,0.0,19.803125000000023
2007-09-08 10:00:00+00:00,0.0,0.0,291.65625,37.88330078125,3.41015625,0.0,18.506250000000023
2007-09-08 11:00:00+00:00,0.0,0.0,291.25,38.23486328125,2.720703125,0.0,18.100000000000023
2007-09-08 12:00:00+00:00,0.0,0.0,290.921875,40.0103759765625,1.935546875,0.0,17.771875000000023
2007-09-08 13:00:00+00:00,0.0,0.0,290.390625,42.64630126953125,1.658203125,0.0,17.240625000000023
2007-09-08 14:00:00+00:00,0.0,0.0,289.671875,44.678955078125,1.658203125,0.0,16.521875000000023
2007-09-08 15:00:00+00:00,0.0,0.0,288.1875,50.83135986328125,1.751953125,0.0,15.037500000000023
2007-09-08 16:00:00+00:00,0.0,0.0,287.421875,52.18341064453125,1.76171875,0.0,14.271875000000023
2007-09-08 17:00:00+00:00,0.0,0.0,286.765625,53.23004150390625,1.751953125,0.0,13.615625000000023
2007-09-08 18:00:00+00:00,0.0,0.0,286.15625,53.50335693359375,1.849609375,0.0,13.006250000000023
2007-09-08 19:00:00+00:00,0.0,0.0,285.59375,52.80963134765625,2.15234375,0.0,12.443750000000023
2007-09-08 20:00:00+00:00,0.203125,7.015625,285.40625,48.99786376953125,2.419921875,7.21875,12.256250000000023
2007-09-08 21:00:00+00:00,63.6875,67.21875,284.171875,53.899658203125,2.314453125,130.90625,11.021875000000023
2007-09-08 22:00:00+00:00,128.0234375,146.2734375,284.421875,55.8260498046875,2.6484375,274.296875,11.271875000000023
2007-09-08 23:00:00+00:00,120.859375,227.21875,285.5,53.41156005859375,3.07421875,348.078125,12.350000000000023
2007-09-09 00:00:00+00:00,444.15625,184.015625,287.328125,45.78509521484375,3.705078125,628.171875,14.178125000000023
2007-09-09 01:00:00+00:00,576.2109375,136.1015625,289.5,40.32720947265625,4.943359375,712.3125,16.350000000000023
2007-09-09 02:00:00+00:00,234.89453125,298.90234375,291.171875,36.072265625,5.064453125,533.796875,18.021875000000023
2007-09-09 03:00:00+00:00,258.3203125,226.7109375,292.734375,34.765380859375,5.3515625,485.03125,19.584375000000023
2007-09-09 04:00:00+00:00,362.078125,192.46875,293.328125,33.24725341796875,5.16015625,554.546875,20.178125000000023
2007-09-09 05:00:00+00:00,122.8359375,166.4140625,293.90625,31.8212890625,4.96875,289.25,20.756250000000023
2007-09-09 06:00:00+00:00,20.9453125,140.4140625,294.03125,31.80938720703125,4.880859375,161.359375,20.881250000000023
2007-09-09 07:00:00+00:00,18.37890625,32.46484375,293.765625,32.7193603515625,4.91015625,50.84375,20.615625000000023
2007-09-09 08:00:00+00:00,0.0,0.0,293.109375,35.0380859375,4.693359375,0.0,19.959375000000023
2007-09-09 09:00:00+00:00,0.0,0.0,292.421875,38.36456298828125,3.880859375,0.0,19.271875000000023
2007-09-09 10:00:00+00:00,0.0,0.0,291.65625,40.2744140625,3.857421875,0.0,18.506250000000023
2007-09-09 11:00:00+00:00,0.0,0.0,291.0625,40.88275146484375,3.802734375,0.0,17.912500000000023
2007-09-09 12:00:00+00:00,0.0,0.0,290.640625,41.15606689453125,3.875,0.0,17.490625000000023
2007-09-09 13:00:00+00:00,0.0,0.0,290.34375,41.54913330078125,3.330078125,0.0,17.193750000000023
2007-09-09 14:00:00+00:00,0.0,0.0,289.984375,42.01263427734375,3.244140625,0.0,16.834375000000023
2007-09-09 15:00:00+00:00,0.0,0.0,289.375,48.1680908203125,3.810546875,0.0,16.225000000000023
2007-09-09 16:00:00+00:00,0.0,0.0,289.140625,46.30023193359375,4.150390625,0.0,15.990625000000023
2007-09-09 17:00:00+00:00,0.0,0.0,288.75,45.84588623046875,4.87890625,0.0,15.600000000000023
2007-09-09 18:00:00+00:00,0.0,0.0,288.546875,45.3836669921875,5.17578125,0.0,15.396875000000023
2007-09-09 19:00:00+00:00,0.0,0.0,288.265625,46.16680908203125,5.240234375,0.0,15.115625000000023
2007-09-09 20:00:00+00:00,0.0,1.4375,288.375,45.04449462890625,6.048828125,1.4375,15.225000000000023
2007-09-09 21:00:00+00:00,39.82421875,70.37890625,288.171875,48.01995849609375,6.02734375,110.203125,15.021875000000023
2007-09-09 22:00:00+00:00,163.84765625,120.94921875,288.203125,48.1839599609375,6.6015625,284.796875,15.053125000000023
2007-09-09 23:00:00+00:00,376.796875,122.390625,288.78125,45.61474609375,7.0078125,499.1875,15.631250000000023
2007-09-10 00:00:00+00:00,519.765625,119.0,289.8125,40.83795166015625,8.03125,638.765625,16.662500000000023
2007-09-10 01:00:00+00:00,595.90625,121.765625,291.140625,36.872802734375,7.9375,717.671875,17.990625000000023
2007-09-10 02:00:00+00:00,615.9296875,117.0234375,292.265625,36.11578369140625,7.755859375,732.953125,19.115625000000023
2007-09-10 03:00:00+00:00,524.96875,114.765625,292.65625,41.07049560546875,8.328125,639.734375,19.506250000000023
2007-09-10 04:00:00+00:00,295.6640625,146.0703125,293.296875,40.00836181640625,8.1328125,441.734375,20.146875000000023
2007-09-10 05:00:00+00:00,34.6796875,21.4140625,294.09375,34.661376953125,7.42578125,56.09375,20.943750000000023
2007-09-10 06:00:00+00:00,0.8828125,84.6171875,292.015625,49.71923828125,7.28125,85.5,18.865625000000023
2007-09-10 07:00:00+00:00,8.3203125,24.5390625,290.53125,58.77825927734375,5.724609375,32.859375,17.381250000000023
2007-09-10 08:00:00+00:00,0.0,0.015625,289.859375,60.60211181640625,5.654296875,0.015625,16.709375000000023
2007-09-10 09:00:00+00:00,0.0,0.0,288.90625,66.235107421875,5.310546875,0.0,15.756250000000023
2007-09-10 10:00:00+00:00,0.0,0.0,288.296875,68.7342529296875,4.984375,0.0,15.146875000000023
2007-09-10 11:00:00+00:00,0.0,0.0,287.96875,68.3206787109375,4.650390625,0.0,14.818750000000023
2007-09-10 12:00:00+00:00,0.0,0.0,287.515625,68.4622802734375,4.248046875,0.0,14.365625000000023
2007-09-10 13:00:00+00:00,0.0,0.0,287.109375,68.95233154296875,4.119140625,0.0,13.959375000000023
2007-09-10 14:00:00+00:00,0.0,0.0,286.703125,68.4647216796875,4.224609375,0.0,13.553125000000023
2007-09-10 15:00:00+00:00,0.0,0.0,286.390625,71.36834716796875,4.17578125,0.0,13.240625000000023
2007-09-10 16:00:00+00:00,0.0,0.0,285.578125,79.61376953125,4.10546875,0.0,12.428125000000023
2007-09-10 17:00:00+00:00,0.0,0.0,285.765625,76.04473876953125,4.55078125,0.0,12.615625000000023
2007-09-10 18:00:00+00:00,0.0,0.0,284.984375,76.701904296875,4.783203125,0.0,11.834375000000023
2007-09-10 19:00:00+00:00,0.0,0.0,284.703125,77.80023193359375,4.345703125,0.0,11.553125000000023
2007-09-10 20:00:00+00:00,0.0,5.84375,284.5625,82.876220703125,4.466796875,5.84375,11.412500000000023
2007-09-10 21:00:00+00:00,0.0,23.5,284.765625,85.23760986328125,5.30859375,23.5,11.615625000000023
2007-09-10 22:00:00+00:00,1.12890625,118.32421875,284.765625,85.86126708984375,5.69140625,119.453125,11.615625000000023
2007-09-10 23:00:00+00:00,1.296875,157.46875,285.203125,83.06793212890625,5.755859375,158.765625,12.053125000000023
2007-09-11 00:00:00+00:00,0.30078125,153.04296875,286.078125,77.7900390625,5.810546875,153.34375,12.928125000000023
2007-09-11 01:00:00+00:00,241.96484375,243.72265625,286.8125,72.3167724609375,5.962890625,485.6875,13.662500000000023
2007-09-11 02:00:00+00:00,227.58203125,153.21484375,287.34375,72.4310302734375,6.09375,380.796875,14.193750000000023
2007-09-11 03:00:00+00:00,75.125,102.09375,287.40625,74.05291748046875,6.13671875,177.21875,14.256250000000023
2007-09-11 04:00:00+00:00,199.80859375,204.31640625,286.890625,76.77301025390625,5.685546875,404.125,13.740625000000023
2007-09-11 05:00:00+00:00,272.8671875,96.6640625,287.03125,76.81884765625,5.5625,369.53125,13.881250000000023
2007-09-11 06:00:00+00:00,186.31640625,57.23046875,287.125,74.448974609375,5.833984375,243.546875,13.975000000000023
2007-09-11 07:00:00+00:00,38.07421875,15.75390625,286.828125,75.5150146484375,5.642578125,53.828125,13.678125000000023
2007-09-11 08:00:00+00:00,0.0,0.03125,286.375,78.71240234375,5.017578125,0.03125,13.225000000000023
2007-09-11 09:00:00+00:00,0.0,0.0,286.046875,82.180419921875,3.7109375,0.0,12.896875000000023
2007-09-11 10:00:00+00:00,0.0,0.0,285.703125,82.67889404296875,3.646484375,0.0,12.553125000000023
2007-09-11 11:00:00+00:00,0.0,0.0,285.1875,83.8365478515625,3.916015625,0.0,12.037500000000023
2007-09-11 12:00:00+00:00,0.0,0.0,284.78125,84.79510498046875,3.865234375,0.0,11.631250000000023
2007-09-11 13:00:00+00:00,0.0,0.0,284.609375,83.9063720703125,3.837890625,0.0,11.459375000000023
2007-09-11 14:00:00+00:00,0.0,0.0,284.515625,84.56396484375,3.96484375,0.0,11.365625000000023
2007-09-11 15:00:00+00:00,0.0,0.0,284.53125,87.1043701171875,3.783203125,0.0,11.381250000000023
2007-09-11 16:00:00+00:00,0.0,0.0,284.40625,87.15997314453125,3.580078125,0.0,11.256250000000023
2007-09-11 17:00:00+00:00,0.0,0.0,284.203125,87.2816162109375,3.412109375,0.0,11.053125000000023
2007-09-11 18:00:00+00:00,0.0,0.0,283.984375,87.42999267578125,3.009765625,0.0,10.834375000000023
2007-09-11 19:00:00+00:00,0.0,0.0,283.734375,88.262939453125,2.712890625,0.0,10.584375000000023
2007-09-11 20:00:00+00:00,0.81640625,8.13671875,283.296875,89.9429931640625,2.59375,8.953125,10.146875000000023
2007-09-11 21:00:00+00:00,39.75,71.234375,283.109375,91.27490234375,2.283203125,110.984375,9.959375000000023
2007-09-11 22:00:00+00:00,70.15625,146.703125,283.1875,90.413818359375,2.0703125,216.859375,10.037500000000023
2007-09-11 23:00:00+00:00,127.5703125,243.5546875,283.796875,87.484130859375,1.96875,371.125,10.646875000000023
2007-09-12 00:00:00+00:00,205.828125,289.21875,285.078125,78.42987060546875,2.236328125,495.046875,11.928125000000023
2007-09-12 01:00:00+00:00,465.3125,184.8125,286.28125,65.13873291015625,2.1015625,650.125,13.131250000000023
2007-09-12 02:00:00+00:00,465.7578125,210.0078125,287.0625,59.7882080078125,1.58203125,675.765625,13.912500000000023
2007-09-12 03:00:00+00:00,390.9921875,207.3203125,287.75,57.1805419921875,1.60546875,598.3125,14.600000000000023
2007-09-12 04:00:00+00:00,242.21875,126.828125,288.140625,54.47076416015625,0.71875,369.046875,14.990625000000023
2007-09-12 05:00:00+00:00,89.546875,211.046875,288.640625,51.9833984375,0.38671875,300.59375,15.490625000000023
2007-09-12 06:00:00+00:00,112.82421875,96.87890625,289.5,48.4593505859375,0.64453125,209.703125,16.350000000000023
2007-09-12 07:00:00+00:00,54.9296875,17.8359375,290.0,46.223876953125,0.814453125,72.765625,16.850000000000023
2007-09-12 08:00:00+00:00,0.00390625,0.08984375,290.234375,45.36578369140625,1.23046875,0.09375,17.084375000000023
2007-09-12 09:00:00+00:00,0.0,0.0,290.140625,44.86798095703125,1.880859375,0.0,16.990625000000023
2007-09-12 10:00:00+00:00,0.0,0.0,290.078125,46.00311279296875,2.615234375,0.0,16.928125000000023
2007-09-12 11:00:00+00:00,0.0,0.0,289.625,48.2867431640625,3.291015625,0.0,16.475000000000023
2007-09-12 12:00:00+00:00,0.0,0.0,288.6875,52.21533203125,3.3125,0.0,15.537500000000023
2007-09-12 13:00:00+00:00,0.0,0.0,288.03125,54.42041015625,2.7265625,0.0,14.881250000000023
2007-09-12 14:00:00+00:00,0.0,0.0,287.40625,56.032958984375,2.529296875,0.0,14.256250000000023
2007-09-12 15:00:00+00:00,0.0,0.0,285.921875,60.6806640625,2.76171875,0.0,12.771875000000023
2007-09-12 16:00:00+00:00,0.0,0.0,285.609375,61.0511474609375,2.88671875,0.0,12.459375000000023
2007-09-12 17:00:00+00:00,0.0,0.0,285.34375,60.8048095703125,2.958984375,0.0,12.193750000000023
2007-09-12 18:00:00+00:00,0.0,0.0,285.265625,58.99609375,3.15234375,0.0,12.115625000000023
2007-09-12 19:00:00+00:00,0.0,0.0,285.3125,56.47857666015625,3.55859375,0.0,12.162500000000023
2007-09-12 20:00:00+00:00,3.0859375,10.2890625,285.390625,54.2718505859375,3.904296875,13.375,12.240625000000023
2007-09-12 21:00:00+00:00,103.26953125,58.83984375,284.921875,57.38787841796875,4.08203125,162.109375,11.771875000000023
2007-09-12 22:00:00+00:00,284.6015625,77.1640625,285.40625,55.6103515625,4.2421875,361.765625,12.256250000000023
2007-09-12 23:00:00+00:00,425.80859375,102.09765625,286.8125,50.581298828125,4.833984375,527.90625,13.662500000000023
2007-09-13 00:00:00+00:00,578.1640625,97.9140625,288.640625,44.99420166015625,5.666015625,676.078125,15.490625000000023
2007-09-13 01:00:00+00:00,657.7890625,94.9765625,291.03125,37.890380859375,6.890625,752.765625,17.881250000000023
2007-09-13 02:00:00+00:00,427.1015625,235.1640625,293.125,31.5765380859375,7.53125,662.265625,19.975000000000023
2007-09-13 03:00:00+00:00,84.2421875,161.9296875,294.125,33.24530029296875,7.740234375,246.171875,20.975000000000023
2007-09-13 04:00:00+00:00,236.03515625,260.10546875,293.609375,36.45001220703125,8.408203125,496.140625,20.459375000000023
2007-09-13 05:00:00+00:00,321.453125,113.34375,294.15625,37.25006103515625,7.984375,434.796875,21.006250000000023
2007-09-13 06:00:00+00:00,183.8203125,62.2890625,295.234375,32.2608642578125,8.07421875,246.109375,22.084375000000023
2007-09-13 07:00:00+00:00,41.4453125,24.0546875,295.328125,30.96759033203125,7.935546875,65.5,22.178125000000023
2007-09-13 08:00:00+00:00,0.0,0.15625,294.9375,30.51580810546875,7.599609375,0.15625,21.787500000000023
2007-09-13 09:00:00+00:00,0.0,0.0,294.125,34.57647705078125,7.205078125,0.0,20.975000000000023
2007-09-13 10:00:00+00:00,0.0,0.0,293.40625,36.0667724609375,6.599609375,0.0,20.256250000000023
2007-09-13 11:00:00+00:00,0.0,0.0,292.984375,35.49713134765625,6.275390625,0.0,19.834375000000023
2007-09-13 12:00:00+00:00,0.0,0.0,292.8125,33.63360595703125,6.626953125,0.0,19.662500000000023
2007-09-13 13:00:00+00:00,0.0,0.0,293.0,31.41107177734375,6.669921875,0.0,19.850000000000023
2007-09-13 14:00:00+00:00,0.0,0.0,293.140625,30.6739501953125,6.833984375,0.0,19.990625000000023
2007-09-13 15:00:00+00:00,0.0,0.0,292.703125,31.44781494140625,5.716796875,0.0,19.553125000000023
2007-09-13 16:00:00+00:00,0.0,0.0,290.015625,48.69256591796875,5.126953125,0.0,16.865625000000023
2007-09-13 17:00:00+00:00,0.0,0.0,287.46875,73.052001953125,3.6953125,0.0,14.318750000000023
2007-09-13 18:00:00+00:00,0.0,0.0,287.640625,68.99298095703125,2.380859375,0.0,14.490625000000023
2007-09-13 19:00:00+00:00,0.0,0.0,287.578125,67.5333251953125,2.015625,0.0,14.428125000000023
2007-09-13 20:00:00+00:00,0.51171875,10.73828125,287.40625,61.2535400390625,3.248046875,11.25,14.256250000000023
2007-09-13 21:00:00+00:00,71.7109375,70.1171875,286.0625,61.98028564453125,3.49609375,141.828125,12.912500000000023
2007-09-13 22:00:00+00:00,27.7421875,34.1484375,285.5625,67.6173095703125,3.84375,61.890625,12.412500000000023
2007-09-13 23:00:00+00:00,267.04296875,195.47265625,285.828125,69.92230224609375,3.466796875,462.515625,12.678125000000023
2007-09-14 00:00:00+00:00,82.32421875,238.37890625,285.765625,70.29669189453125,5.71875,320.703125,12.615625000000023
2007-09-14 01:00:00+00:00,327.41015625,278.90234375,286.546875,58.34393310546875,5.09375,606.3125,13.396875000000023
2007-09-14 02:00:00+00:00,397.875,270.59375,288.59375,40.91131591796875,5.73828125,668.46875,15.443750000000023
2007-09-14 03:00:00+00:00,134.24609375,253.95703125,289.953125,38.125244140625,7.166015625,388.203125,16.803125000000023
2007-09-14 04:00:00+00:00,16.65625,265.796875,289.40625,42.79937744140625,7.712890625,282.453125,16.256250000000023
2007-09-14 05:00:00+00:00,1.55078125,73.16796875,287.9375,50.4625244140625,8.09765625,74.71875,14.787500000000023
2007-09-14 06:00:00+00:00,0.0,46.75,286.140625,59.92205810546875,7.626953125,46.75,12.990625000000023
2007-09-14 07:00:00+00:00,0.0078125,16.2109375,285.59375,64.274658203125,7.53125,16.21875,12.443750000000023
2007-09-14 08:00:00+00:00,0.0,0.0625,284.921875,69.442138671875,7.283203125,0.0625,11.771875000000023
2007-09-14 09:00:00+00:00,0.0,0.0,285.015625,68.382080078125,7.140625,0.0,11.865625000000023
2007-09-14 10:00:00+00:00,0.0,0.0,284.75,66.8377685546875,6.447265625,0.0,11.600000000000023
2007-09-14 11:00:00+00:00,0.0,0.0,284.625,64.80426025390625,5.646484375,0.0,11.475000000000023
2007-09-14 12:00:00+00:00,0.0,0.0,284.21875,65.94793701171875,5.1796875,0.0,11.068750000000023
2007-09-14 13:00:00+00:00,0.0,0.0,283.75,69.1712646484375,4.353515625,0.0,10.600000000000023
2007-09-14 14:00:00+00:00,0.0,0.0,283.28125,72.68023681640625,3.626953125,0.0,10.131250000000023
2007-09-14 15:00:00+00:00,0.0,0.0,283.65625,69.3953857421875,3.501953125,0.0,10.506250000000023
2007-09-14 16:00:00+00:00,0.0,0.0,283.3125,70.50946044921875,3.158203125,0.0,10.162500000000023
2007-09-14 17:00:00+00:00,0.0,0.0,283.078125,70.50860595703125,2.673828125,0.0,9.928125000000023
2007-09-14 18:00:00+00:00,0.0,0.0,283.0,69.75146484375,2.326171875,0.0,9.850000000000023
2007-09-14 19:00:00+00:00,0.0,0.0,282.703125,70.6212158203125,2.15234375,0.0,9.553125000000023
2007-09-14 20:00:00+00:00,2.8046875,11.5859375,282.46875,70.076171875,2.123046875,14.390625,9.318750000000023
2007-09-14 21:00:00+00:00,31.6796875,56.3359375,282.796875,66.61859130859375,2.365234375,88.015625,9.646875000000023
2007-09-14 22:00:00+00:00,22.5859375,155.9609375,283.046875,62.8714599609375,2.166015625,178.546875,9.896875000000023
2007-09-14 23:00:00+00:00,182.9609375,206.8984375,283.71875,59.46502685546875,1.984375,389.859375,10.568750000000023
2007-09-15 00:00:00+00:00,247.41015625,244.40234375,284.765625,55.93695068359375,2.283203125,491.8125,11.615625000000023
2007-09-15 01:00:00+00:00,67.67578125,324.87109375,285.859375,49.3289794921875,1.869140625,392.546875,12.709375000000023
2007-09-15 02:00:00+00:00,299.91015625,325.60546875,286.578125,45.447509765625,1.609375,625.515625,13.428125000000023
2007-09-15 03:00:00+00:00,82.765625,248.59375,288.328125,40.11334228515625,2.072265625,331.359375,15.178125000000023
2007-09-15 04:00:00+00:00,71.609375,275.453125,288.921875,37.2265625,2.03515625,347.0625,15.771875000000023
2007-09-15 05:00:00+00:00,378.6328125,112.2890625,289.421875,34.66082763671875,1.833984375,490.921875,16.271875000000023
2007-09-15 06:00:00+00:00,254.8359375,31.2578125,290.0,33.3114013671875,1.44140625,286.09375,16.850000000000023
2007-09-15 07:00:00+00:00,84.3125,5.578125,290.5625,32.90380859375,1.669921875,89.890625,17.412500000000023
2007-09-15 08:00:00+00:00,0.09765625,0.23046875,290.8125,32.64630126953125,2.4140625,0.328125,17.662500000000023
2007-09-15 09:00:00+00:00,0.0,0.0,290.5,34.376953125,2.796875,0.0,17.350000000000023
2007-09-15 10:00:00+00:00,0.0,0.0,289.828125,36.12396240234375,3.978515625,0.0,16.678125000000023
2007-09-15 11:00:00+00:00,0.0,0.0,288.953125,38.63275146484375,3.607421875,0.0,15.803125000000023
2007-09-15 12:00:00+00:00,0.0,0.0,288.03125,42.583740234375,3.412109375,0.0,14.881250000000023
2007-09-15 13:00:00+00:00,0.0,0.0,287.21875,44.11602783203125,3.298828125,0.0,14.068750000000023
2007-09-15 14:00:00+00:00,0.0,0.0,286.671875,44.4425048828125,3.029296875,0.0,13.521875000000023
2007-09-15 15:00:00+00:00,0.0,0.0,285.421875,47.68011474609375,3.107421875,0.0,12.271875000000023
2007-09-15 16:00:00+00:00,0.0,0.0,285.046875,48.39227294921875,3.3203125,0.0,11.896875000000023
2007-09-15 17:00:00+00:00,0.0,0.0,284.6875,49.7550048828125,3.349609375,0.0,11.537500000000023
2007-09-15 18:00:00+00:00,0.0,0.0,284.78125,47.5096435546875,3.923828125,0.0,11.631250000000023
2007-09-15 19:00:00+00:00,0.0,0.0,284.765625,45.8973388671875,4.376953125,0.0,11.615625000000023
2007-09-15 20:00:00+00:00,0.390625,14.375,285.15625,43.06414794921875,5.3125,14.765625,12.006250000000023
2007-09-15 21:00:00+00:00,63.40625,88.203125,284.875,43.872802734375,6.015625,151.609375,11.725000000000023
2007-09-15 22:00:00+00:00,26.921875,6.71875,285.59375,40.605712890625,6.68359375,33.640625,12.443750000000023
2007-09-15 23:00:00+00:00,191.0625,223.96875,286.265625,37.78839111328125,6.74609375,415.03125,13.115625000000023
2007-09-16 00:00:00+00:00,277.48828125,205.33984375,287.90625,33.4971923828125,7.1953125,482.828125,14.756250000000023
2007-09-16 01:00:00+00:00,343.08203125,301.16796875,289.453125,31.47564697265625,7.076171875,644.25,16.303125000000023
2007-09-16 02:00:00+00:00,518.36328125,211.24609375,291.484375,27.271240234375,8.0078125,729.609375,18.334375000000023
2007-09-16 03:00:00+00:00,544.48828125,132.83984375,292.53125,26.88330078125,8.2265625,677.328125,19.381250000000023
2007-09-16 04:00:00+00:00,539.35546875,90.73828125,293.625,24.49896240234375,8.240234375,630.09375,20.475000000000023
2007-09-16 05:00:00+00:00,267.03125,96.828125,294.9375,22.9246826171875,7.755859375,363.859375,21.787500000000023
2007-09-16 06:00:00+00:00,27.1484375,29.8046875,296.21875,19.41650390625,7.447265625,56.953125,23.068750000000023
2007-09-16 07:00:00+00:00,0.01953125,1.38671875,294.6875,25.083740234375,8.818359375,1.40625,21.537500000000023
2007-09-16 08:00:00+00:00,0.0,0.046875,287.125,65.96441650390625,7.234375,0.046875,13.975000000000023
2007-09-16 09:00:00+00:00,0.0,0.0,287.125,62.03363037109375,3.568359375,0.0,13.975000000000023
2007-09-16 10:00:00+00:00,0.0,0.0,286.6875,62.45135498046875,4.65234375,0.0,13.537500000000023
2007-09-16 11:00:00+00:00,0.0,0.0,285.703125,68.058837890625,5.396484375,0.0,12.553125000000023
2007-09-16 12:00:00+00:00,0.0,0.0,284.671875,71.105224609375,5.5078125,0.0,11.521875000000023
2007-09-16 13:00:00+00:00,0.0,0.0,284.0625,71.7003173828125,4.89453125,0.0,10.912500000000023
2007-09-16 14:00:00+00:00,0.0,0.0,283.984375,70.388427734375,5.208984375,0.0,10.834375000000023
2007-09-16 15:00:00+00:00,0.0,0.0,283.421875,73.29974365234375,5.5078125,0.0,10.271875000000023
2007-09-16 16:00:00+00:00,0.0,0.0,283.140625,75.1561279296875,5.197265625,0.0,9.990625000000023
2007-09-16 17:00:00+00:00,0.0,0.0,283.0625,75.72125244140625,5.02734375,0.0,9.912500000000023
2007-09-16 18:00:00+00:00,0.0,0.0,283.0625,75.3680419921875,5.115234375,0.0,9.912500000000023
2007-09-16 19:00:00+00:00,0.0,0.0,283.109375,73.5628662109375,5.013671875,0.0,9.959375000000023
2007-09-16 20:00:00+00:00,0.37890625,7.57421875,283.203125,70.17047119140625,5.470703125,7.953125,10.053125000000023
2007-09-16 21:00:00+00:00,48.83984375,75.64453125,283.0,71.24615478515625,6.0546875,124.484375,9.850000000000023
2007-09-16 22:00:00+00:00,41.17578125,155.24609375,283.40625,69.1373291015625,5.640625,196.421875,10.256250000000023
2007-09-16 23:00:00+00:00,178.47265625,251.18359375,284.546875,63.21685791015625,5.43359375,429.65625,11.396875000000023
2007-09-17 00:00:00+00:00,58.49609375,241.61328125,286.140625,54.86846923828125,6.6328125,300.109375,12.990625000000023
2007-09-17 01:00:00+00:00,338.7734375,274.1640625,286.765625,49.79583740234375,6.994140625,612.9375,13.615625000000023
2007-09-17 02:00:00+00:00,568.96875,146.34375,287.421875,46.11578369140625,6.751953125,715.3125,14.271875000000023
2007-09-17 03:00:00+00:00,628.6484375,101.3359375,287.671875,44.25457763671875,6.72265625,729.984375,14.521875000000023
2007-09-17 04:00:00+00:00,488.40625,89.515625,288.0,43.04608154296875,6.298828125,577.921875,14.850000000000023
2007-09-17 05:00:00+00:00,357.765625,71.875,288.078125,45.056640625,6.009765625,429.640625,14.928125000000023
2007-09-17 06:00:00+00:00,187.7265625,42.3828125,287.796875,50.12518310546875,5.583984375,230.109375,14.646875000000023
2007-09-17 07:00:00+00:00,74.1953125,16.1484375,287.25,55.34783935546875,5.060546875,90.34375,14.100000000000023
2007-09-17 08:00:00+00:00,0.140625,0.390625,286.71875,58.21356201171875,4.486328125,0.53125,13.568750000000023
2007-09-17 09:00:00+00:00,0.0,0.0,286.21875,62.24932861328125,3.31640625,0.0,13.068750000000023
2007-09-17 10:00:00+00:00,0.0,0.0,285.859375,63.63092041015625,2.677734375,0.0,12.709375000000023
2007-09-17 11:00:00+00:00,0.0,0.0,285.671875,64.4755859375,1.87890625,0.0,12.521875000000023
2007-09-17 12:00:00+00:00,0.0,0.0,285.4375,66.22540283203125,1.12109375,0.0,12.287500000000023
2007-09-17 13:00:00+00:00,0.0,0.0,285.3125,67.3974609375,0.59765625,0.0,12.162500000000023
2007-09-17 14:00:00+00:00,0.0,0.0,285.125,68.75469970703125,0.140625,0.0,11.975000000000023
2007-09-17 15:00:00+00:00,0.0,0.0,284.390625,71.10992431640625,1.751953125,0.0,11.240625000000023
2007-09-17 16:00:00+00:00,0.0,0.0,283.765625,71.8743896484375,1.685546875,0.0,10.615625000000023
2007-09-17 17:00:00+00:00,0.0,0.0,283.171875,72.75537109375,1.404296875,0.0,10.021875000000023
2007-09-17 18:00:00+00:00,0.0,0.0,282.75,73.71728515625,1.087890625,0.0,9.600000000000023
2007-09-17 19:00:00+00:00,0.0,0.0,282.515625,74.5982666015625,1.21875,0.0,9.365625000000023
2007-09-17 20:00:00+00:00,8.28125,15.046875,282.4375,76.20556640625,1.869140625,23.328125,9.287500000000023
2007-09-17 21:00:00+00:00,129.46875,60.703125,281.671875,81.49945068359375,1.94921875,190.171875,8.521875000000023
2007-09-17 22:00:00+00:00,260.84765625,101.26171875,282.03125,78.189208984375,2.283203125,362.109375,8.881250000000023
2007-09-17 23:00:00+00:00,338.921875,153.40625,283.296875,69.81890869140625,2.525390625,492.328125,10.146875000000023
2007-09-18 00:00:00+00:00,431.5,203.921875,285.328125,59.4163818359375,3.126953125,635.421875,12.178125000000023
2007-09-18 01:00:00+00:00,538.4921875,172.5234375,287.921875,47.81103515625,3.802734375,711.015625,14.771875000000023
2007-09-18 02:00:00+00:00,639.94921875,143.67578125,289.875,42.20001220703125,4.376953125,783.625,16.725000000000023
2007-09-18 03:00:00+00:00,336.66015625,244.21484375,292.015625,37.35748291015625,4.75390625,580.875,18.865625000000023
2007-09-18 04:00:00+00:00,284.3671875,233.1640625,293.0,35.47491455078125,4.966796875,517.53125,19.850000000000023
2007-09-18 05:00:00+00:00,320.625,132.90625,293.59375,34.7081298828125,5.4921875,453.53125,20.443750000000023
2007-09-18 06:00:00+00:00,247.75,45.34375,293.6875,35.66729736328125,5.529296875,293.09375,20.537500000000023
2007-09-18 07:00:00+00:00,86.50390625,7.76171875,293.484375,35.45068359375,5.04296875,94.265625,20.334375000000023
2007-09-18 08:00:00+00:00,0.22265625,0.49609375,293.046875,35.35858154296875,4.775390625,0.71875,19.896875000000023
2007-09-18 09:00:00+00:00,0.0,0.0,291.984375,38.7943115234375,4.578125,0.0,18.834375000000023
2007-09-18 10:00:00+00:00,0.0,0.0,290.96875,42.30584716796875,3.9140625,0.0,17.818750000000023
2007-09-18 11:00:00+00:00,0.0,0.0,290.25,42.193359375,4.0546875,0.0,17.100000000000023
2007-09-18 12:00:00+00:00,0.0,0.0,289.765625,41.5322265625,3.9765625,0.0,16.615625000000023
2007-09-18 13:00:00+00:00,0.0,0.0,289.625,39.15655517578125,4.310546875,0.0,16.475000000000023
2007-09-18 14:00:00+00:00,0.0,0.0,289.5625,37.1402587890625,4.48046875,0.0,16.412500000000023
2007-09-18 15:00:00+00:00,0.0,0.0,288.984375,37.558349609375,3.966796875,0.0,15.834375000000023
2007-09-18 16:00:00+00:00,0.0,0.0,288.65625,38.0523681640625,4.00390625,0.0,15.506250000000023
2007-09-18 17:00:00+00:00,0.0,0.0,288.40625,38.87322998046875,4.1796875,0.0,15.256250000000023
2007-09-18 18:00:00+00:00,0.0,0.0,288.53125,37.59771728515625,5.81640625,0.0,15.381250000000023
2007-09-18 19:00:00+00:00,0.0,0.0,289.25,32.7047119140625,6.705078125,0.0,16.100000000000023
2007-09-18 20:00:00+00:00,0.0,6.953125,289.359375,34.31231689453125,6.33984375,6.953125,16.209375000000023
2007-09-18 21:00:00+00:00,0.0,19.53125,288.921875,41.2255859375,6.779296875,19.53125,15.771875000000023
2007-09-18 22:00:00+00:00,1.41796875,82.75390625,288.625,38.93316650390625,6.59375,84.171875,15.475000000000023
2007-09-18 23:00:00+00:00,0.80859375,108.67578125,289.3125,33.07452392578125,6.720703125,109.484375,16.162500000000023
2007-09-19 00:00:00+00:00,5.9140625,142.8984375,289.921875,32.01483154296875,6.318359375,148.8125,16.771875000000023
2007-09-19 01:00:00+00:00,1.6328125,30.2890625,290.25,32.234130859375,6.884765625,31.921875,17.100000000000023
2007-09-19 02:00:00+00:00,107.9921875,405.7890625,290.75,32.031494140625,5.63671875,513.78125,17.600000000000023
2007-09-19 03:00:00+00:00,249.21484375,328.22265625,291.96875,30.75494384765625,6.126953125,577.4375,18.818750000000023
2007-09-19 04:00:00+00:00,173.5,151.46875,293.3125,26.33953857421875,7.396484375,324.96875,20.162500000000023
2007-09-19 05:00:00+00:00,61.43359375,228.51953125,293.578125,26.685546875,5.990234375,289.953125,20.428125000000023
2007-09-19 06:00:00+00:00,14.2265625,149.8671875,293.375,32.415283203125,4.6015625,164.09375,20.225000000000023
2007-09-19 07:00:00+00:00,0.3359375,18.2421875,292.984375,35.426513671875,3.912109375,18.578125,19.834375000000023
2007-09-19 08:00:00+00:00,0.0,0.609375,292.390625,38.9366455078125,3.625,0.609375,19.240625000000023
2007-09-19 09:00:00+00:00,0.0,0.0,290.0625,49.70166015625,3.294921875,0.0,16.912500000000023
2007-09-19 10:00:00+00:00,0.0,0.0,289.359375,55.6356201171875,3.2734375,0.0,16.209375000000023
2007-09-19 11:00:00+00:00,0.0,0.0,285.921875,81.007080078125,4.142578125,0.0,12.771875000000023
2007-09-19 12:00:00+00:00,0.0,0.0,286.015625,79.93548583984375,1.525390625,0.0,12.865625000000023
2007-09-19 13:00:00+00:00,0.0,0.0,285.96875,76.19085693359375,2.1171875,0.0,12.818750000000023
2007-09-19 14:00:00+00:00,0.0,0.0,285.5,75.78955078125,2.939453125,0.0,12.350000000000023
2007-09-19 15:00:00+00:00,0.0,0.0,284.59375,76.65826416015625,3.505859375,0.0,11.443750000000023
2007-09-19 16:00:00+00:00,0.0,0.0,284.28125,78.78045654296875,3.60546875,0.0,11.131250000000023
2007-09-19 17:00:00+00:00,0.0,0.0,283.890625,80.5458984375,4.095703125,0.0,10.740625000000023
2007-09-19 18:00:00+00:00,0.0,0.0,283.4375,83.11444091796875,4.236328125,0.0,10.287500000000023
2007-09-19 19:00:00+00:00,0.0,0.0,283.15625,84.766357421875,3.923828125,0.0,10.006250000000023
2007-09-19 20:00:00+00:00,10.71875,17.484375,283.03125,83.630615234375,3.5,28.203125,9.881250000000023
2007-09-19 21:00:00+00:00,135.7265625,65.3359375,282.734375,80.8515625,4.091796875,201.0625,9.584375000000023
2007-09-19 22:00:00+00:00,330.72265625,78.38671875,283.09375,73.9151611328125,4.1328125,409.109375,9.943750000000023
2007-09-19 23:00:00+00:00,494.1875,87.515625,284.171875,64.68914794921875,4.392578125,581.703125,11.021875000000023
2007-09-20 00:00:00+00:00,650.4453125,83.6640625,285.484375,49.2073974609375,5.263671875,734.109375,12.334375000000023
2007-09-20 01:00:00+00:00,731.4140625,76.7890625,286.5625,41.225341796875,4.96875,808.203125,13.412500000000023
2007-09-20 02:00:00+00:00,440.1484375,237.2265625,287.515625,36.40045166015625,4.70703125,677.375,14.365625000000023
2007-09-20 03:00:00+00:00,372.296875,240.921875,288.125,36.43243408203125,4.689453125,613.21875,14.975000000000023
2007-09-20 04:00:00+00:00,250.03515625,266.55859375,288.265625,37.06634521484375,4.599609375,516.59375,15.115625000000023
2007-09-20 05:00:00+00:00,136.8125,165.265625,288.09375,40.1221923828125,4.486328125,302.078125,14.943750000000023
2007-09-20 06:00:00+00:00,112.08984375,86.30078125,287.875,42.64105224609375,3.97265625,198.390625,14.725000000000023
2007-09-20 07:00:00+00:00,30.421875,40.296875,287.703125,44.251708984375,3.509765625,70.71875,14.553125000000023
2007-09-20 08:00:00+00:00,0.01171875,1.05078125,287.34375,46.17291259765625,2.98828125,1.0625,14.193750000000023
2007-09-20 09:00:00+00:00,0.0,0.0,286.796875,49.8060302734375,1.94140625,0.0,13.646875000000023
2007-09-20 10:00:00+00:00,0.0,0.0,286.59375,51.17926025390625,0.9921875,0.0,13.443750000000023
2007-09-20 11:00:00+00:00,0.0,0.0,286.53125,51.361572265625,0.44140625,0.0,13.381250000000023
2007-09-20 12:00:00+00:00,0.0,0.0,286.75,49.5103759765625,0.78125,0.0,13.600000000000023
2007-09-20 13:00:00+00:00,0.0,0.0,286.890625,48.97662353515625,0.9765625,0.0,13.740625000000023
2007-09-20 14:00:00+00:00,0.0,0.0,286.875,49.09185791015625,0.80078125,0.0,13.725000000000023
2007-09-20 15:00:00+00:00,0.0,0.0,285.515625,57.5081787109375,1.763671875,0.0,12.365625000000023
2007-09-20 16:00:00+00:00,0.0,0.0,285.546875,57.70367431640625,1.68359375,0.0,12.396875000000023
2007-09-20 17:00:00+00:00,0.0,0.0,285.4375,58.49224853515625,1.5546875,0.0,12.287500000000023
2007-09-20 18:00:00+00:00,0.0,0.0,285.3125,59.13348388671875,1.669921875,0.0,12.162500000000023
2007-09-20 19:00:00+00:00,0.0,0.0,284.921875,61.41241455078125,2.15625,0.0,11.771875000000023
2007-09-20 20:00:00+00:00,3.875,16.296875,284.4375,63.58343505859375,2.22265625,20.171875,11.287500000000023
2007-09-20 21:00:00+00:00,145.39453125,63.48046875,284.171875,62.6925048828125,1.970703125,208.875,11.021875000000023
2007-09-20 22:00:00+00:00,335.40625,76.265625,284.328125,61.376220703125,2.431640625,411.671875,11.178125000000023
2007-09-20 23:00:00+00:00,509.0390625,79.6484375,285.21875,57.453369140625,2.681640625,588.6875,12.068750000000023
2007-09-21 00:00:00+00:00,646.8125,79.421875,286.75,54.038330078125,2.556640625,726.234375,13.600000000000023
2007-09-21 01:00:00+00:00,594.703125,130.390625,288.328125,50.4473876953125,2.322265625,725.09375,15.178125000000023
2007-09-21 02:00:00+00:00,393.6640625,222.0234375,289.890625,46.17242431640625,2.5546875,615.6875,16.740625000000023
2007-09-21 03:00:00+00:00,120.125,281.171875,290.953125,41.2060546875,3.541015625,401.296875,17.803125000000023
2007-09-21 04:00:00+00:00,209.41015625,262.07421875,291.4375,40.28515625,3.93359375,471.484375,18.287500000000023
2007-09-21 05:00:00+00:00,32.89453125,82.94921875,291.140625,45.810791015625,4.666015625,115.84375,17.990625000000023
2007-09-21 06:00:00+00:00,4.12109375,111.22265625,288.78125,65.91766357421875,4.84375,115.34375,15.631250000000023
2007-09-21 07:00:00+00:00,18.7734375,35.3984375,287.5,70.55755615234375,4.451171875,54.171875,14.350000000000023
2007-09-21 08:00:00+00:00,0.00390625,0.27734375,286.609375,79.509765625,4.5,0.28125,13.459375000000023
2007-09-21 09:00:00+00:00,0.0,0.0,285.84375,77.98455810546875,4.873046875,0.0,12.693750000000023
2007-09-21 10:00:00+00:00,0.0,0.0,285.46875,73.567626953125,3.919921875,0.0,12.318750000000023
2007-09-21 11:00:00+00:00,0.0,0.0,285.296875,67.66473388671875,3.478515625,0.0,12.146875000000023
2007-09-21 12:00:00+00:00,0.0,0.0,285.09375,58.50384521484375,3.689453125,0.0,11.943750000000023
2007-09-21 13:00:00+00:00,0.0,0.0,284.671875,56.17083740234375,3.537109375,0.0,11.521875000000023
2007-09-21 14:00:00+00:00,0.0,0.0,284.203125,56.54168701171875,2.826171875,0.0,11.053125000000023
2007-09-21 15:00:00+00:00,0.0,0.0,283.8125,58.460205078125,2.38671875,0.0,10.662500000000023
2007-09-21 16:00:00+00:00,0.0,0.0,283.328125,61.5863037109375,2.015625,0.0,10.178125000000023
2007-09-21 17:00:00+00:00,0.0,0.0,282.984375,63.5391845703125,1.76171875,0.0,9.834375000000023
2007-09-21 18:00:00+00:00,0.0,0.0,282.59375,66.1964111328125,1.392578125,0.0,9.443750000000023
2007-09-21 19:00:00+00:00,0.0,0.0,282.375,67.80938720703125,1.216796875,0.0,9.225000000000023
2007-09-21 20:00:00+00:00,2.2734375,20.7578125,282.390625,64.8603515625,1.265625,23.03125,9.240625000000023
2007-09-21 21:00:00+00:00,36.4609375,97.1171875,281.640625,66.3253173828125,1.46875,133.578125,8.490625000000023
2007-09-21 22:00:00+00:00,228.859375,144.359375,281.875,63.37445068359375,1.576171875,373.21875,8.725000000000023
2007-09-21 23:00:00+00:00,512.87890625,99.98046875,282.625,56.2384033203125,2.359375,612.859375,9.475000000000023
2007-09-22 00:00:00+00:00,678.75,79.03125,283.671875,47.7882080078125,2.94140625,757.78125,10.521875000000023
2007-09-22 01:00:00+00:00,765.4296875,72.1953125,284.796875,43.106689453125,2.763671875,837.625,11.646875000000023
2007-09-22 02:00:00+00:00,788.390625,64.390625,286.046875,38.60308837890625,2.640625,852.78125,12.896875000000023
2007-09-22 03:00:00+00:00,748.921875,55.109375,287.484375,35.06781005859375,2.451171875,804.03125,14.334375000000023
2007-09-22 04:00:00+00:00,645.796875,46.015625,288.625,32.036376953125,2.150390625,691.8125,15.475000000000023
2007-09-22 05:00:00+00:00,489.94921875,36.55078125,289.4375,31.6085205078125,2.064453125,526.5,16.287500000000023
2007-09-22 06:00:00+00:00,301.859375,24.0625,290.0625,31.21240234375,2.125,325.921875,16.912500000000023
2007-09-22 07:00:00+00:00,107.96875,5.421875,290.375,30.41925048828125,2.236328125,113.390625,17.225000000000023
2007-09-22 08:00:00+00:00,1.06640625,0.71484375,290.328125,29.07012939453125,2.271484375,1.78125,17.178125000000023
2007-09-22 09:00:00+00:00,0.0,0.0,289.234375,35.9141845703125,2.85546875,0.0,16.084375000000023
2007-09-22 10:00:00+00:00,0.0,0.0,288.171875,40.0914306640625,2.853515625,0.0,15.021875000000023
2007-09-22 11:00:00+00:00,0.0,0.0,287.140625,45.34368896484375,2.349609375,0.0,13.990625000000023
2007-09-22 12:00:00+00:00,0.0,0.0,286.46875,48.34600830078125,1.482421875,0.0,13.318750000000023
2007-09-22 13:00:00+00:00,0.0,0.0,286.203125,48.88397216796875,0.75,0.0,13.053125000000023
2007-09-22 14:00:00+00:00,0.0,0.0,286.125,48.42620849609375,0.576171875,0.0,12.975000000000023
2007-09-22 15:00:00+00:00,0.0,0.0,284.953125,52.28948974609375,0.849609375,0.0,11.803125000000023
2007-09-22 16:00:00+00:00,0.0,0.0,284.078125,57.0252685546875,0.6328125,0.0,10.928125000000023
2007-09-22 17:00:00+00:00,0.0,0.0,283.203125,61.43426513671875,0.951171875,0.0,10.053125000000023
2007-09-22 18:00:00+00:00,0.0,0.0,283.0,61.84075927734375,1.578125,0.0,9.850000000000023
2007-09-22 19:00:00+00:00,0.0,0.0,282.28125,63.0419921875,1.720703125,0.0,9.131250000000023
2007-09-22 20:00:00+00:00,17.359375,21.46875,281.984375,60.35504150390625,2.02734375,38.828125,8.834375000000023
2007-09-22 21:00:00+00:00,166.375,64.6875,282.375,57.35552978515625,3.11328125,231.0625,9.225000000000023
2007-09-22 22:00:00+00:00,345.50390625,88.10546875,284.03125,48.685546875,3.373046875,433.609375,10.881250000000023
2007-09-22 23:00:00+00:00,431.3984375,143.6953125,286.6875,39.23797607421875,4.216796875,575.09375,13.537500000000023
2007-09-23 00:00:00+00:00,238.51171875,328.28515625,288.984375,32.02679443359375,5.56640625,566.796875,15.834375000000023
2007-09-23 01:00:00+00:00,316.34375,370.296875,290.65625,28.6549072265625,6.119140625,686.640625,17.506250000000023
2007-09-23 02:00:00+00:00,110.1953125,327.6171875,292.46875,24.392822265625,6.23046875,437.8125,19.318750000000023
2007-09-23 03:00:00+00:00,479.5625,237.171875,293.703125,24.03729248046875,7.078125,716.734375,20.553125000000023
2007-09-23 04:00:00+00:00,304.87109375,232.14453125,294.40625,24.68548583984375,7.19140625,537.015625,21.256250000000023
2007-09-23 05:00:00+00:00,292.2421875,163.8515625,295.359375,22.69708251953125,7.181640625,456.09375,22.209375000000023
2007-09-23 06:00:00+00:00,106.828125,102.921875,296.078125,20.76116943359375,7.0390625,209.75,22.928125000000023
2007-09-23 07:00:00+00:00,24.73828125,36.80859375,295.828125,21.05706787109375,6.615234375,61.546875,22.678125000000023
2007-09-23 08:00:00+00:00,0.01171875,1.72265625,294.96875,25.00604248046875,6.255859375,1.734375,21.818750000000023
2007-09-23 09:00:00+00:00,0.0,0.0,293.765625,27.622314453125,6.328125,0.0,20.615625000000023
2007-09-23 10:00:00+00:00,0.0,0.0,292.859375,29.22088623046875,6.73046875,0.0,19.709375000000023
2007-09-23 11:00:00+00:00,0.0,0.0,292.296875,28.88238525390625,4.626953125,0.0,19.146875000000023
2007-09-23 12:00:00+00:00,0.0,0.0,289.515625,54.69464111328125,4.5390625,0.0,16.365625000000023
2007-09-23 13:00:00+00:00,0.0,0.0,287.203125,76.34765625,3.630859375,0.0,14.053125000000023
2007-09-23 14:00:00+00:00,0.0,0.0,286.53125,76.7581787109375,3.322265625,0.0,13.381250000000023
2007-09-23 15:00:00+00:00,0.0,0.0,285.65625,73.13714599609375,3.091796875,0.0,12.506250000000023
2007-09-23 16:00:00+00:00,0.0,0.0,285.078125,71.6512451171875,3.4296875,0.0,11.928125000000023
2007-09-23 17:00:00+00:00,0.0,0.0,284.625,70.78717041015625,3.458984375,0.0,11.475000000000023
2007-09-23 18:00:00+00:00,0.0,0.0,284.265625,69.8795166015625,2.69140625,0.0,11.115625000000023
2007-09-23 19:00:00+00:00,0.0,0.0,283.796875,71.429443359375,2.189453125,0.0,10.646875000000023
2007-09-23 20:00:00+00:00,17.03125,22.34375,283.328125,72.8944091796875,1.818359375,39.375,10.178125000000023
2007-09-23 21:00:00+00:00,162.22265625,66.29296875,282.625,74.1585693359375,1.943359375,228.515625,9.475000000000023
2007-09-23 22:00:00+00:00,361.7734375,78.5859375,282.734375,70.2618408203125,2.1640625,440.359375,9.584375000000023
2007-09-23 23:00:00+00:00,542.9609375,80.3359375,283.78125,61.76776123046875,2.267578125,623.296875,10.631250000000023
2007-09-24 00:00:00+00:00,557.2578125,144.6796875,285.40625,52.20928955078125,2.69921875,701.9375,12.256250000000023
2007-09-24 01:00:00+00:00,571.6328125,173.4140625,286.640625,46.0291748046875,2.376953125,745.046875,13.490625000000023
2007-09-24 02:00:00+00:00,391.26171875,109.89453125,287.859375,40.86663818359375,2.353515625,501.15625,14.709375000000023
2007-09-24 03:00:00+00:00,621.1796875,147.1015625,289.078125,36.91485595703125,3.0625,768.28125,15.928125000000023
2007-09-24 04:00:00+00:00,584.23828125,85.43359375,290.234375,34.3662109375,3.548828125,669.671875,17.084375000000023
2007-09-24 05:00:00+00:00,348.671875,72.71875,291.171875,32.64569091796875,4.48828125,421.390625,18.021875000000023
2007-09-24 06:00:00+00:00,252.9921875,53.8515625,291.375,31.62353515625,4.7265625,306.84375,18.225000000000023
2007-09-24 07:00:00+00:00,85.5,17.984375,289.96875,39.8408203125,4.4921875,103.484375,16.818750000000023
2007-09-24 08:00:00+00:00,0.67578125,1.27734375,288.40625,50.94097900390625,4.14453125,1.953125,15.256250000000023
2007-09-24 09:00:00+00:00,0.0,0.0,287.828125,48.85662841796875,5.017578125,0.0,14.678125000000023
2007-09-24 10:00:00+00:00,0.0,0.0,286.46875,54.97918701171875,4.931640625,0.0,13.318750000000023
2007-09-24 11:00:00+00:00,0.0,0.0,285.671875,55.14007568359375,4.01171875,0.0,12.521875000000023
2007-09-24 12:00:00+00:00,0.0,0.0,284.90625,60.59710693359375,3.74609375,0.0,11.756250000000023
2007-09-24 13:00:00+00:00,0.0,0.0,284.203125,64.83538818359375,3.169921875,0.0,11.053125000000023
2007-09-24 14:00:00+00:00,0.0,0.0,283.53125,68.62530517578125,2.71875,0.0,10.381250000000023
2007-09-24 15:00:00+00:00,0.0,0.0,282.875,71.5799560546875,2.671875,0.0,9.725000000000023
2007-09-24 16:00:00+00:00,0.0,0.0,282.515625,72.94036865234375,2.63671875,0.0,9.365625000000023
2007-09-24 17:00:00+00:00,0.0,0.0,282.234375,73.70452880859375,2.533203125,0.0,9.084375000000023
2007-09-24 18:00:00+00:00,0.0,0.0,281.984375,74.4306640625,2.20703125,0.0,8.834375000000023
2007-09-24 19:00:00+00:00,0.0,0.0,281.796875,75.09326171875,1.740234375,0.0,8.646875000000023
2007-09-24 20:00:00+00:00,1.29296875,19.25390625,281.6875,75.6123046875,1.083984375,20.546875,8.537500000000023
2007-09-24 21:00:00+00:00,4.0078125,111.8984375,281.71875,74.7178955078125,1.23828125,115.90625,8.568750000000023
2007-09-24 22:00:00+00:00,26.5,173.59375,281.890625,74.0091552734375,1.14453125,200.09375,8.740625000000023
2007-09-24 23:00:00+00:00,113.68359375,276.11328125,282.328125,72.8804931640625,1.275390625,389.796875,9.178125000000023
2007-09-25 00:00:00+00:00,97.0390625,338.2421875,283.1875,70.4688720703125,1.353515625,435.28125,10.037500000000023
2007-09-25 01:00:00+00:00,114.203125,381.59375,284.09375,69.1558837890625,1.19140625,495.796875,10.943750000000023
2007-09-25 02:00:00+00:00,580.359375,198.421875,285.21875,67.14306640625,1.25,778.78125,12.068750000000023
2007-09-25 03:00:00+00:00,324.9609375,262.5078125,286.546875,63.80059814453125,0.763671875,587.46875,13.396875000000023
2007-09-25 04:00:00+00:00,148.62890625,211.62109375,287.5,57.92913818359375,0.64453125,360.25,14.350000000000023
2007-09-25 05:00:00+00:00,412.16015625,115.24609375,288.0625,55.00640869140625,0.2890625,527.40625,14.912500000000023
2007-09-25 06:00:00+00:00,301.8125,26.71875,288.71875,52.2288818359375,0.685546875,328.53125,15.568750000000023
2007-09-25 07:00:00+00:00,107.6484375,9.2890625,289.78125,47.193115234375,0.775390625,116.9375,16.631250000000023
2007-09-25 08:00:00+00:00,1.4375,1.078125,290.46875,44.38262939453125,1.162109375,2.515625,17.318750000000023
2007-09-25 09:00:00+00:00,0.0,0.0,291.75,38.75238037109375,2.75390625,0.0,18.600000000000023
2007-09-25 10:00:00+00:00,0.0,0.0,291.203125,42.92486572265625,3.494140625,0.0,18.053125000000023
2007-09-25 11:00:00+00:00,0.0,0.0,290.015625,48.97052001953125,3.623046875,0.0,16.865625000000023
2007-09-25 12:00:00+00:00,0.0,0.0,289.1875,52.45928955078125,3.037109375,0.0,16.037500000000023
2007-09-25 13:00:00+00:00,0.0,0.0,289.0,53.54058837890625,2.03125,0.0,15.850000000000023
2007-09-25 14:00:00+00:00,0.0,0.0,288.859375,54.475341796875,2.03125,0.0,15.709375000000023
2007-09-25 15:00:00+00:00,0.0,0.0,287.984375,62.25689697265625,1.72265625,0.0,14.834375000000023
2007-09-25 16:00:00+00:00,0.0,0.0,287.734375,62.635498046875,2.25390625,0.0,14.584375000000023
2007-09-25 17:00:00+00:00,0.0,0.0,287.671875,60.924560546875,2.326171875,0.0,14.521875000000023
2007-09-25 18:00:00+00:00,0.0,0.0,287.359375,60.76165771484375,2.125,0.0,14.209375000000023
2007-09-25 19:00:00+00:00,0.0,0.0,286.921875,61.464111328125,1.15234375,0.0,13.771875000000023
2007-09-25 20:00:00+00:00,0.48828125,28.24609375,285.9375,66.227783203125,1.564453125,28.734375,12.787500000000023
2007-09-25 21:00:00+00:00,0.5546875,97.3984375,286.21875,64.5718994140625,2.06640625,97.953125,13.068750000000023
2007-09-25 22:00:00+00:00,121.0703125,153.6796875,286.34375,63.02374267578125,1.61328125,274.75,13.193750000000023
2007-09-25 23:00:00+00:00,43.47265625,227.55859375,287.125,57.6953125,0.685546875,271.03125,13.975000000000023
2007-09-26 00:00:00+00:00,2.65625,106.328125,288.28125,51.37451171875,1.21875,108.984375,15.131250000000023
2007-09-26 01:00:00+00:00,3.140625,299.296875,290.3125,38.99591064453125,2.091796875,302.4375,17.162500000000023
2007-09-26 02:00:00+00:00,0.70703125,147.38671875,291.4375,34.66705322265625,1.314453125,148.09375,18.287500000000023
2007-09-26 03:00:00+00:00,0.0,88.515625,290.796875,42.486328125,3.13671875,88.515625,17.646875000000023
2007-09-26 04:00:00+00:00,3.9453125,247.8515625,291.203125,46.23797607421875,3.2109375,251.796875,18.053125000000023
2007-09-26 05:00:00+00:00,1.015625,172.125,292.75,41.34051513671875,2.697265625,173.140625,19.600000000000023
2007-09-26 06:00:00+00:00,2.47265625,52.96484375,292.984375,35.32415771484375,4.033203125,55.4375,19.834375000000023
2007-09-26 07:00:00+00:00,0.0625,29.03125,292.234375,40.0426025390625,2.197265625,29.09375,19.084375000000023
2007-09-26 08:00:00+00:00,0.0,2.09375,289.0625,58.49951171875,4.33203125,2.09375,15.912500000000023
2007-09-26 09:00:00+00:00,0.0,0.0,286.765625,70.9691162109375,3.328125,0.0,13.615625000000023
2007-09-26 10:00:00+00:00,0.0,0.0,286.65625,76.05816650390625,3.09375,0.0,13.506250000000023
2007-09-26 11:00:00+00:00,0.0,0.0,286.1875,81.255859375,3.4296875,0.0,13.037500000000023
2007-09-26 12:00:00+00:00,0.0,0.0,285.671875,83.3741455078125,2.689453125,0.0,12.521875000000023
2007-09-26 13:00:00+00:00,0.0,0.0,285.3125,83.60760498046875,1.962890625,0.0,12.162500000000023
2007-09-26 14:00:00+00:00,0.0,0.0,284.84375,84.656494140625,1.0390625,0.0,11.693750000000023
2007-09-26 15:00:00+00:00,0.0,0.0,284.4375,83.70758056640625,1.19140625,0.0,11.287500000000023
2007-09-26 16:00:00+00:00,0.0,0.0,284.09375,85.529052734375,1.404296875,0.0,10.943750000000023
2007-09-26 17:00:00+00:00,0.0,0.0,283.734375,87.645751953125,1.744140625,0.0,10.584375000000023
2007-09-26 18:00:00+00:00,0.0,0.0,283.328125,89.1776123046875,1.998046875,0.0,10.178125000000023
2007-09-26 19:00:00+00:00,0.0,0.0,283.078125,87.8138427734375,2.28125,0.0,9.928125000000023
2007-09-26 20:00:00+00:00,8.89453125,28.66796875,282.953125,81.6824951171875,2.447265625,37.5625,9.803125000000023
2007-09-26 21:00:00+00:00,15.65234375,64.97265625,282.796875,74.15472412109375,2.4375,80.625,9.646875000000023
2007-09-26 22:00:00+00:00,5.01171875,131.05078125,282.875,79.2276611328125,2.794921875,136.0625,9.725000000000023
2007-09-26 23:00:00+00:00,38.41796875,301.70703125,283.984375,77.52105712890625,3.13671875,340.125,10.834375000000023
2007-09-27 00:00:00+00:00,107.078125,399.671875,285.65625,73.14935302734375,3.3203125,506.75,12.506250000000023
2007-09-27 01:00:00+00:00,403.09375,332.4375,288.125,65.3223876953125,3.369140625,735.53125,14.975000000000023
2007-09-27 02:00:00+00:00,486.30859375,207.94140625,291.125,39.6171875,5.41015625,694.25,17.975000000000023
2007-09-27 03:00:00+00:00,176.94140625,154.96484375,291.734375,40.4625244140625,6.447265625,331.90625,18.584375000000023
2007-09-27 04:00:00+00:00,293.234375,204.375,292.375,40.24066162109375,7.158203125,497.609375,19.225000000000023
2007-09-27 05:00:00+00:00,60.76953125,132.29296875,293.078125,38.64031982421875,7.453125,193.0625,19.928125000000023
2007-09-27 06:00:00+00:00,72.44921875,143.03515625,293.140625,38.0135498046875,7.162109375,215.484375,19.990625000000023
2007-09-27 07:00:00+00:00,32.47265625,20.04296875,293.5,34.9765625,7.294921875,52.515625,20.350000000000023
2007-09-27 08:00:00+00:00,0.1328125,1.7578125,293.296875,34.15325927734375,6.89453125,1.890625,20.146875000000023
2007-09-27 09:00:00+00:00,0.0,0.0,292.453125,36.3165283203125,6.81640625,0.0,19.303125000000023
2007-09-27 10:00:00+00:00,0.0,0.0,292.15625,36.90423583984375,7.0859375,0.0,19.006250000000023
2007-09-27 11:00:00+00:00,0.0,0.0,291.15625,46.3779296875,6.935546875,0.0,18.006250000000023
2007-09-27 12:00:00+00:00,0.0,0.0,289.8125,59.80694580078125,6.462890625,0.0,16.662500000000023
2007-09-27 13:00:00+00:00,0.0,0.0,289.578125,61.37811279296875,6.23828125,0.0,16.428125000000023
2007-09-27 14:00:00+00:00,0.0,0.0,287.34375,81.7213134765625,3.765625,0.0,14.193750000000023
2007-09-27 15:00:00+00:00,0.0,0.0,285.703125,77.503662109375,3.666015625,0.0,12.553125000000023
2007-09-27 16:00:00+00:00,0.0,0.0,285.796875,77.2127685546875,3.044921875,0.0,12.646875000000023
2007-09-27 17:00:00+00:00,0.0,0.0,285.90625,79.26934814453125,3.322265625,0.0,12.756250000000023
2007-09-27 18:00:00+00:00,0.0,0.0,285.796875,70.78216552734375,4.462890625,0.0,12.646875000000023
2007-09-27 19:00:00+00:00,0.0,0.0,285.234375,70.61187744140625,4.61328125,0.0,12.084375000000023
2007-09-27 20:00:00+00:00,18.46875,25.734375,284.953125,69.409912109375,4.87109375,44.203125,11.803125000000023
2007-09-27 21:00:00+00:00,175.0390625,71.0703125,284.40625,69.744384765625,4.73046875,246.109375,11.256250000000023
2007-09-27 22:00:00+00:00,115.4140625,176.4296875,284.984375,67.24652099609375,5.048828125,291.84375,11.834375000000023
2007-09-27 23:00:00+00:00,121.5546875,319.8828125,285.546875,59.3623046875,7.490234375,441.4375,12.396875000000023
2007-09-28 00:00:00+00:00,252.01953125,334.01171875,286.375,48.01202392578125,8.0,586.03125,13.225000000000023
2007-09-28 01:00:00+00:00,119.078125,234.4375,286.90625,44.18402099609375,8.427734375,353.515625,13.756250000000023
2007-09-28 02:00:00+00:00,374.97265625,272.58984375,286.8125,42.326416015625,8.75,647.5625,13.662500000000023
2007-09-28 03:00:00+00:00,100.42578125,75.41796875,287.671875,37.12646484375,8.404296875,175.84375,14.521875000000023
2007-09-28 04:00:00+00:00,112.2734375,355.5390625,287.015625,39.3026123046875,8.701171875,467.8125,13.865625000000023
2007-09-28 05:00:00+00:00,142.9296875,212.1328125,286.40625,42.5408935546875,7.77734375,355.0625,13.256250000000023
2007-09-28 06:00:00+00:00,95.8125,157.390625,286.4375,41.31158447265625,7.90625,253.203125,13.287500000000023
2007-09-28 07:00:00+00:00,9.44921875,13.94140625,286.078125,43.07666015625,7.45703125,23.390625,12.928125000000023
2007-09-28 08:00:00+00:00,0.375,2.875,285.4375,48.92266845703125,7.1171875,3.25,12.287500000000023
2007-09-28 09:00:00+00:00,0.0,0.0,284.3125,54.57183837890625,6.708984375,0.0,11.162500000000023
2007-09-28 10:00:00+00:00,0.0,0.0,283.796875,56.517578125,6.556640625,0.0,10.646875000000023
2007-09-28 11:00:00+00:00,0.0,0.0,283.375,59.4283447265625,6.185546875,0.0,10.225000000000023
2007-09-28 12:00:00+00:00,0.0,0.0,283.125,60.524169921875,6.21484375,0.0,9.975000000000023
2007-09-28 13:00:00+00:00,0.0,0.0,282.96875,62.5260009765625,6.09765625,0.0,9.818750000000023
2007-09-28 14:00:00+00:00,0.0,0.0,282.53125,65.1680908203125,6.001953125,0.0,9.381250000000023
2007-09-28 15:00:00+00:00,0.0,0.0,281.90625,69.25006103515625,5.5078125,0.0,8.756250000000023
2007-09-28 16:00:00+00:00,0.0,0.0,281.75,70.78570556640625,5.3828125,0.0,8.600000000000023
2007-09-28 17:00:00+00:00,0.0,0.0,281.78125,71.37774658203125,5.21484375,0.0,8.631250000000023
2007-09-28 18:00:00+00:00,0.0,0.0,281.875,70.88470458984375,4.962890625,0.0,8.725000000000023
2007-09-28 19:00:00+00:00,0.0,0.0,281.90625,71.22607421875,4.685546875,0.0,8.756250000000023
2007-09-28 20:00:00+00:00,0.97265625,32.15234375,282.09375,70.55120849609375,4.34765625,33.125,8.943750000000023
2007-09-28 21:00:00+00:00,169.4609375,78.2734375,281.359375,72.52532958984375,3.927734375,247.734375,8.209375000000023
2007-09-28 22:00:00+00:00,367.046875,90.796875,282.09375,68.21673583984375,3.865234375,457.84375,8.943750000000023
2007-09-28 23:00:00+00:00,146.2578125,114.7890625,283.734375,58.37969970703125,5.125,261.046875,10.584375000000023
2007-09-29 00:00:00+00:00,241.21875,274.625,284.671875,50.90966796875,5.453125,515.84375,11.521875000000023
2007-09-29 01:00:00+00:00,83.34375,291.96875,285.6875,47.908935546875,5.30859375,375.3125,12.537500000000023
2007-09-29 02:00:00+00:00,20.34375,320.421875,286.515625,44.752197265625,5.201171875,340.765625,13.365625000000023
2007-09-29 03:00:00+00:00,4.92578125,179.60546875,287.078125,44.62347412109375,5.873046875,184.53125,13.928125000000023
2007-09-29 04:00:00+00:00,187.98828125,331.26171875,287.296875,44.36199951171875,5.734375,519.25,14.146875000000023
2007-09-29 05:00:00+00:00,35.94140625,138.96484375,288.21875,42.9339599609375,5.86328125,174.90625,15.068750000000023
2007-09-29 06:00:00+00:00,0.59375,86.171875,288.625,41.96417236328125,6.4375,86.765625,15.475000000000023
2007-09-29 07:00:00+00:00,0.0,9.0625,288.625,43.706298828125,6.20703125,9.0625,15.475000000000023
2007-09-29 08:00:00+00:00,0.5390625,2.2421875,288.703125,43.87384033203125,5.443359375,2.78125,15.553125000000023
2007-09-29 09:00:00+00:00,0.0,0.0,288.484375,46.45574951171875,5.39453125,0.0,15.334375000000023
2007-09-29 10:00:00+00:00,0.0,0.0,288.28125,49.248779296875,5.662109375,0.0,15.131250000000023
2007-09-29 11:00:00+00:00,0.0,0.0,287.875,54.06884765625,5.82421875,0.0,14.725000000000023
2007-09-29 12:00:00+00:00,0.0,0.0,287.5,57.30462646484375,6.12109375,0.0,14.350000000000023
2007-09-29 13:00:00+00:00,0.0,0.0,287.234375,59.1943359375,5.857421875,0.0,14.084375000000023
2007-09-29 14:00:00+00:00,0.0,0.0,287.0625,60.7008056640625,5.70703125,0.0,13.912500000000023
2007-09-29 15:00:00+00:00,0.0,0.0,286.75,62.09906005859375,5.810546875,0.0,13.600000000000023
2007-09-29 16:00:00+00:00,0.0,0.0,286.65625,64.16680908203125,5.45703125,0.0,13.506250000000023
2007-09-29 17:00:00+00:00,0.0,0.0,286.609375,66.07037353515625,5.087890625,0.0,13.459375000000023
2007-09-29 18:00:00+00:00,0.0,0.0,286.625,68.02801513671875,5.03515625,0.0,13.475000000000023
2007-09-29 19:00:00+00:00,0.0,0.0,286.703125,69.048583984375,4.962890625,0.0,13.553125000000023
2007-09-29 20:00:00+00:00,0.41015625,15.37109375,286.828125,69.45660400390625,4.921875,15.78125,13.678125000000023
2007-09-29 21:00:00+00:00,3.48828125,89.68359375,286.734375,69.199951171875,5.017578125,93.171875,13.584375000000023
2007-09-29 22:00:00+00:00,8.28515625,193.08984375,287.3125,67.60858154296875,4.76953125,201.375,14.162500000000023
2007-09-29 23:00:00+00:00,7.3203125,232.6796875,288.5,63.30987548828125,4.525390625,240.0,15.350000000000023
2007-09-30 00:00:00+00:00,85.640625,379.90625,289.78125,58.1478271484375,5.251953125,465.546875,16.631250000000023
2007-09-30 01:00:00+00:00,31.52734375,165.92578125,290.890625,53.3717041015625,6.90625,197.453125,17.740625000000023
2007-09-30 02:00:00+00:00,318.15625,379.0,291.28125,52.39825439453125,6.978515625,697.15625,18.131250000000023
2007-09-30 03:00:00+00:00,51.21875,92.359375,291.96875,48.819580078125,7.341796875,143.578125,18.818750000000023
2007-09-30 04:00:00+00:00,4.71484375,280.51953125,291.21875,55.329345703125,7.638671875,285.234375,18.068750000000023
2007-09-30 05:00:00+00:00,0.5625,115.8125,291.78125,49.9322509765625,8.185546875,116.375,18.631250000000023
2007-09-30 06:00:00+00:00,39.38671875,95.03515625,291.65625,49.9775390625,7.955078125,134.421875,18.506250000000023
2007-09-30 07:00:00+00:00,36.26171875,51.22265625,291.171875,52.53472900390625,7.5625,87.484375,18.021875000000023
2007-09-30 08:00:00+00:00,0.171875,1.484375,290.453125,58.70196533203125,7.63671875,1.65625,17.303125000000023
2007-09-30 09:00:00+00:00,0.0,0.0,289.171875,66.323486328125,6.748046875,0.0,16.021875000000023
2007-09-30 10:00:00+00:00,0.0,0.0,288.484375,68.582275390625,5.908203125,0.0,15.334375000000023
2007-09-30 11:00:00+00:00,0.0,0.0,288.125,70.44171142578125,5.583984375,0.0,14.975000000000023
2007-09-30 12:00:00+00:00,0.0,0.0,287.671875,70.2481689453125,5.66015625,0.0,14.521875000000023
2007-09-30 13:00:00+00:00,0.0,0.0,287.203125,71.97802734375,4.609375,0.0,14.053125000000023
2007-09-30 14:00:00+00:00,0.0,0.0,286.828125,72.7509765625,3.5859375,0.0,13.678125000000023
2007-09-30 15:00:00+00:00,0.0,0.0,286.03125,77.47723388671875,2.158203125,0.0,12.881250000000023
2007-09-30 16:00:00+00:00,0.0,0.0,285.796875,79.0225830078125,1.556640625,0.0,12.646875000000023
2007-09-30 17:00:00+00:00,0.0,0.0,285.859375,78.09832763671875,1.666015625,0.0,12.709375000000023
2007-09-30 18:00:00+00:00,0.0,0.0,285.921875,76.8658447265625,2.041015625,0.0,12.771875000000023
2007-09-30 19:00:00+00:00,0.0,0.0,285.875,76.36962890625,2.57421875,0.0,12.725000000000023
2007-09-30 20:00:00+00:00,0.0,16.703125,285.375,82.3125,2.55859375,16.703125,12.225000000000023
2007-09-30 21:00:00+00:00,69.68359375,96.67578125,285.28125,76.5711669921875,3.076171875,166.359375,12.131250000000023
2007-09-30 22:00:00+00:00,286.52734375,112.17578125,286.171875,73.46533203125,3.27734375,398.703125,13.021875000000023
2007-09-30 23:00:00+00:00,329.07421875,172.36328125,287.875,64.7781982421875,4.736328125,501.4375,14.725000000000023
2007-10-01 00:00:00+00:00,506.12109375,159.62890625,289.515625,51.41217041015625,5.775390625,665.75,16.365625000000023
2007-10-01 01:00:00+00:00,369.8828125,271.3984375,290.890625,45.041015625,5.853515625,641.28125,17.740625000000023
2007-10-01 02:00:00+00:00,380.1796875,298.2890625,292.015625,39.45306396484375,6.11328125,678.46875,18.865625000000023
2007-10-01 03:00:00+00:00,279.5625,205.203125,292.671875,33.44903564453125,6.125,484.765625,19.521875000000023
2007-10-01 04:00:00+00:00,314.9296875,253.1171875,293.140625,30.163330078125,6.236328125,568.046875,19.990625000000023
2007-10-01 05:00:00+00:00,165.16796875,164.89453125,293.5,30.15966796875,6.365234375,330.0625,20.350000000000023
2007-10-01 06:00:00+00:00,92.4453125,114.5859375,293.109375,32.231689453125,6.662109375,207.03125,19.959375000000023
2007-10-01 07:00:00+00:00,37.0859375,36.2578125,292.4375,35.5120849609375,6.4609375,73.34375,19.287500000000023
2007-10-01 08:00:00+00:00,1.2890625,2.8515625,291.71875,37.5272216796875,5.9765625,4.140625,18.568750000000023
2007-10-01 09:00:00+00:00,0.0,0.0,289.96875,47.5399169921875,5.177734375,0.0,16.818750000000023
2007-10-01 10:00:00+00:00,0.0,0.0,288.796875,52.77734375,4.40625,0.0,15.646875000000023
2007-10-01 11:00:00+00:00,0.0,0.0,287.921875,56.33050537109375,3.634765625,0.0,14.771875000000023
2007-10-01 12:00:00+00:00,0.0,0.0,287.078125,60.14898681640625,3.4609375,0.0,13.928125000000023
2007-10-01 13:00:00+00:00,0.0,0.0,286.3125,64.65478515625,3.19921875,0.0,13.162500000000023
2007-10-01 14:00:00+00:00,0.0,0.0,285.65625,69.0091552734375,2.775390625,0.0,12.506250000000023
2007-10-01 15:00:00+00:00,0.0,0.0,285.203125,68.21826171875,2.625,0.0,12.053125000000023
2007-10-01 16:00:00+00:00,0.0,0.0,284.703125,70.68804931640625,2.41015625,0.0,11.553125000000023
2007-10-01 17:00:00+00:00,0.0,0.0,284.15625,73.25054931640625,2.19921875,0.0,11.006250000000023
2007-10-01 18:00:00+00:00,0.0,0.0,283.640625,75.99530029296875,1.943359375,0.0,10.490625000000023
2007-10-01 19:00:00+00:00,0.0,0.0,283.171875,78.2398681640625,1.73828125,0.0,10.021875000000023
2007-10-01 20:00:00+00:00,35.41015625,31.63671875,282.796875,79.32476806640625,1.650390625,67.046875,9.646875000000023
2007-10-01 21:00:00+00:00,154.5,85.828125,282.890625,76.80511474609375,2.099609375,240.328125,9.740625000000023
2007-10-01 22:00:00+00:00,378.62890625,95.35546875,283.34375,74.763916015625,2.318359375,473.984375,10.193750000000023
2007-10-01 23:00:00+00:00,572.3828125,84.3671875,284.53125,68.55224609375,2.26171875,656.75,11.381250000000023
2007-10-02 00:00:00+00:00,681.5625,101.296875,285.796875,62.06182861328125,2.224609375,782.859375,12.646875000000023
2007-10-02 01:00:00+00:00,758.29296875,103.55078125,287.109375,54.9622802734375,2.595703125,861.84375,13.959375000000023
2007-10-02 02:00:00+00:00,816.9453125,73.0234375,289.546875,42.90875244140625,2.943359375,889.96875,16.396875000000023
2007-10-02 03:00:00+00:00,775.953125,55.75,293.25,30.72027587890625,3.14453125,831.703125,20.100000000000023
2007-10-02 04:00:00+00:00,663.7109375,51.0390625,295.734375,21.4864501953125,4.087890625,714.75,22.584375000000023
2007-10-02 05:00:00+00:00,397.51171875,104.61328125,296.953125,20.7288818359375,5.33984375,502.125,23.803125000000023
2007-10-02 06:00:00+00:00,234.21875,79.84375,297.015625,22.78607177734375,5.939453125,314.0625,23.865625000000023
2007-10-02 07:00:00+00:00,38.71484375,50.00390625,296.96875,22.84375,6.130859375,88.71875,23.818750000000023
2007-10-02 08:00:00+00:00,0.75390625,4.12109375,296.203125,24.53570556640625,5.90234375,4.875,23.053125000000023
2007-10-02 09:00:00+00:00,0.0,0.0,295.640625,24.00701904296875,5.546875,0.0,22.490625000000023
2007-10-02 10:00:00+00:00,0.0,0.0,295.765625,22.13165283203125,6.396484375,0.0,22.615625000000023
2007-10-02 11:00:00+00:00,0.0,0.0,295.578125,22.2374267578125,6.984375,0.0,22.428125000000023
2007-10-02 12:00:00+00:00,0.0,0.0,295.109375,23.34942626953125,7.13671875,0.0,21.959375000000023
2007-10-02 13:00:00+00:00,0.0,0.0,294.796875,24.4739990234375,7.279296875,0.0,21.646875000000023
2007-10-02 14:00:00+00:00,0.0,0.0,294.484375,25.093017578125,7.87890625,0.0,21.334375000000023
2007-10-02 15:00:00+00:00,0.0,0.0,293.96875,27.78131103515625,8.322265625,0.0,20.818750000000023
2007-10-02 16:00:00+00:00,0.0,0.0,293.0,29.354736328125,6.7265625,0.0,19.850000000000023
2007-10-02 17:00:00+00:00,0.0,0.0,292.421875,29.15509033203125,5.33984375,0.0,19.271875000000023
2007-10-02 18:00:00+00:00,0.0,0.0,292.140625,27.866455078125,3.720703125,0.0,18.990625000000023
2007-10-02 19:00:00+00:00,0.0,0.015625,291.828125,30.509521484375,3.083984375,0.015625,18.678125000000023
2007-10-02 20:00:00+00:00,30.8828125,35.2890625,288.765625,63.68988037109375,5.2890625,66.171875,15.615625000000023
2007-10-02 21:00:00+00:00,40.56640625,67.71484375,287.4375,62.2706298828125,5.056640625,108.28125,14.287500000000023
2007-10-02 22:00:00+00:00,262.8125,153.15625,287.515625,53.9539794921875,6.46875,415.96875,14.365625000000023
2007-10-02 23:00:00+00:00,451.90234375,148.58203125,288.046875,42.89031982421875,6.796875,600.484375,14.896875000000023
2007-10-03 00:00:00+00:00,368.69140625,307.94921875,288.984375,40.387939453125,7.177734375,676.640625,15.834375000000023
2007-10-03 01:00:00+00:00,192.2890625,365.8671875,289.90625,36.15167236328125,8.369140625,558.15625,16.756250000000023
2007-10-03 02:00:00+00:00,89.2890625,385.8515625,289.90625,35.4970703125,8.69921875,475.140625,16.756250000000023
2007-10-03 03:00:00+00:00,189.66015625,349.58984375,289.96875,34.47576904296875,7.767578125,539.25,16.818750000000023
2007-10-03 04:00:00+00:00,45.0703125,186.3359375,290.609375,28.88092041015625,7.78125,231.40625,17.459375000000023
2007-10-03 05:00:00+00:00,231.796875,229.828125,290.671875,24.22882080078125,8.17578125,461.625,17.521875000000023
2007-10-03 06:00:00+00:00,119.6015625,113.3828125,290.4375,25.12646484375,8.400390625,232.984375,17.287500000000023
2007-10-03 07:00:00+00:00,23.12109375,52.98828125,289.703125,27.7999267578125,8.1953125,76.109375,16.553125000000023
2007-10-03 08:00:00+00:00,0.34375,3.53125,288.40625,35.00762939453125,7.625,3.875,15.256250000000023
2007-10-03 09:00:00+00:00,0.0,0.0,286.484375,48.5908203125,6.431640625,0.0,13.334375000000023
2007-10-03 10:00:00+00:00,0.0,0.0,285.84375,53.49224853515625,5.67578125,0.0,12.693750000000023
2007-10-03 11:00:00+00:00,0.0,0.0,285.28125,55.86541748046875,5.44140625,0.0,12.131250000000023
2007-10-03 12:00:00+00:00,0.0,0.0,284.9375,56.746337890625,5.22265625,0.0,11.787500000000023
2007-10-03 13:00:00+00:00,0.0,0.0,284.703125,55.8048095703125,5.033203125,0.0,11.553125000000023
2007-10-03 14:00:00+00:00,0.0,0.0,284.578125,54.59710693359375,5.0625,0.0,11.428125000000023
2007-10-03 15:00:00+00:00,0.0,0.0,283.453125,63.4149169921875,4.974609375,0.0,10.303125000000023
2007-10-03 16:00:00+00:00,0.0,0.0,283.140625,65.4093017578125,4.75390625,0.0,9.990625000000023
2007-10-03 17:00:00+00:00,0.0,0.0,282.84375,67.39129638671875,4.333984375,0.0,9.693750000000023
2007-10-03 18:00:00+00:00,0.0,0.0,282.625,68.56951904296875,3.865234375,0.0,9.475000000000023
2007-10-03 19:00:00+00:00,0.0,0.078125,282.453125,69.61114501953125,3.162109375,0.078125,9.303125000000023
2007-10-03 20:00:00+00:00,40.09375,36.375,282.375,70.220947265625,3.0078125,76.46875,9.225000000000023
2007-10-03 21:00:00+00:00,119.078125,102.21875,282.03125,70.15875244140625,3.6953125,221.296875,8.881250000000023
2007-10-03 22:00:00+00:00,385.859375,100.859375,283.015625,67.26446533203125,3.685546875,486.71875,9.865625000000023
2007-10-03 23:00:00+00:00,539.734375,102.03125,285.046875,59.273681640625,4.388671875,641.765625,11.896875000000023
2007-10-04 00:00:00+00:00,571.375,150.453125,286.984375,49.8853759765625,5.46875,721.828125,13.834375000000023
2007-10-04 01:00:00+00:00,175.2265625,247.9140625,288.578125,43.6668701171875,5.4375,423.140625,15.428125000000023
2007-10-04 02:00:00+00:00,102.50390625,450.16796875,289.6875,41.6424560546875,5.564453125,552.671875,16.537500000000023
2007-10-04 03:00:00+00:00,49.81640625,200.54296875,291.46875,36.91790771484375,6.134765625,250.359375,18.318750000000023
2007-10-04 04:00:00+00:00,11.8203125,129.4609375,291.5,36.99713134765625,6.052734375,141.28125,18.350000000000023
2007-10-04 05:00:00+00:00,8.1796875,60.6484375,291.515625,38.98712158203125,6.15234375,68.828125,18.365625000000023
2007-10-04 06:00:00+00:00,60.05078125,100.98046875,291.484375,40.31805419921875,6.158203125,161.03125,18.334375000000023
2007-10-04 07:00:00+00:00,40.59375,18.203125,291.59375,41.32366943359375,6.24609375,58.796875,18.443750000000023
2007-10-04 08:00:00+00:00,1.0703125,1.8828125,291.21875,44.05322265625,5.978515625,2.953125,18.068750000000023
2007-10-04 09:00:00+00:00,0.0,0.0,291.0625,47.07965087890625,5.822265625,0.0,17.912500000000023
2007-10-04 10:00:00+00:00,0.0,0.0,290.5,50.57373046875,4.84375,0.0,17.350000000000023
2007-10-04 11:00:00+00:00,0.0,0.0,289.796875,54.86810302734375,4.46484375,0.0,16.646875000000023
2007-10-04 12:00:00+00:00,0.0,0.0,289.140625,58.2301025390625,4.369140625,0.0,15.990625000000023
2007-10-04 13:00:00+00:00,0.0,0.0,288.5,60.463134765625,4.68359375,0.0,15.350000000000023
2007-10-04 14:00:00+00:00,0.0,0.0,287.765625,62.21722412109375,4.423828125,0.0,14.615625000000023
2007-10-04 15:00:00+00:00,0.0,0.0,287.21875,62.17425537109375,3.935546875,0.0,14.068750000000023
2007-10-04 16:00:00+00:00,0.0,0.0,286.5625,65.1756591796875,3.841796875,0.0,13.412500000000023
2007-10-04 17:00:00+00:00,0.0,0.0,286.046875,68.12872314453125,3.267578125,0.0,12.896875000000023
2007-10-04 18:00:00+00:00,0.0,0.0,285.609375,70.1910400390625,2.634765625,0.0,12.459375000000023
2007-10-04 19:00:00+00:00,0.0,0.15625,285.28125,71.4581298828125,2.462890625,0.15625,12.131250000000023
2007-10-04 20:00:00+00:00,1.71875,38.890625,285.046875,72.617919921875,2.474609375,40.609375,11.896875000000023
2007-10-04 21:00:00+00:00,116.9375,123.96875,284.96875,72.44091796875,2.712890625,240.90625,11.818750000000023
2007-10-04 22:00:00+00:00,328.6015625,129.2734375,285.390625,70.27239990234375,2.642578125,457.875,12.240625000000023
2007-10-04 23:00:00+00:00,510.84375,130.1875,286.46875,64.968505859375,2.94921875,641.03125,13.318750000000023
2007-10-05 00:00:00+00:00,649.546875,116.296875,288.140625,56.75390625,3.369140625,765.84375,14.990625000000023
2007-10-05 01:00:00+00:00,432.94921875,182.33203125,290.109375,47.8992919921875,3.48046875,615.28125,16.959375000000023
2007-10-05 02:00:00+00:00,147.4375,110.484375,292.046875,41.1121826171875,4.30078125,257.921875,18.896875000000023
2007-10-05 03:00:00+00:00,137.97265625,337.05859375,293.6875,37.1505126953125,5.8125,475.03125,20.537500000000023
2007-10-05 04:00:00+00:00,22.390625,191.65625,294.515625,33.7628173828125,6.0625,214.046875,21.365625000000023
2007-10-05 05:00:00+00:00,32.6953125,205.4453125,294.84375,31.98748779296875,6.208984375,238.140625,21.693750000000023
2007-10-05 06:00:00+00:00,152.89453125,115.98046875,294.796875,34.28887939453125,6.359375,268.875,21.646875000000023
2007-10-05 07:00:00+00:00,44.2109375,56.0546875,294.5,36.3919677734375,5.634765625,100.265625,21.350000000000023
2007-10-05 08:00:00+00:00,0.1875,0.375,294.21875,38.1026611328125,5.44140625,0.5625,21.068750000000023
2007-10-05 09:00:00+00:00,0.0,0.0,292.921875,44.6600341796875,3.349609375,0.0,19.771875000000023
2007-10-05 10:00:00+00:00,0.0,0.0,292.109375,47.15606689453125,2.302734375,0.0,18.959375000000023
2007-10-05 11:00:00+00:00,0.0,0.0,290.9375,54.0384521484375,2.240234375,0.0,17.787500000000023
2007-10-05 12:00:00+00:00,0.0,0.0,289.984375,61.3935546875,2.501953125,0.0,16.834375000000023
2007-10-05 13:00:00+00:00,0.0,0.0,288.828125,70.73931884765625,3.365234375,0.0,15.678125000000023
2007-10-05 14:00:00+00:00,0.0,0.0,287.984375,75.80584716796875,4.54296875,0.0,14.834375000000023
2007-10-05 15:00:00+00:00,0.0,0.0,286.234375,75.66748046875,5.73828125,0.0,13.084375000000023
2007-10-05 16:00:00+00:00,0.0,0.0,285.15625,74.245849609375,5.76953125,0.0,12.006250000000023
2007-10-05 17:00:00+00:00,0.0,0.0,284.625,76.29510498046875,4.58984375,0.0,11.475000000000023
2007-10-05 18:00:00+00:00,0.0,0.0,284.015625,82.19183349609375,3.3828125,0.0,10.865625000000023
2007-10-05 19:00:00+00:00,0.0,0.25,283.4375,83.60479736328125,3.087890625,0.25,10.287500000000023
2007-10-05 20:00:00+00:00,19.9765625,28.0078125,283.21875,81.61328125,2.669921875,47.984375,10.068750000000023
2007-10-05 21:00:00+00:00,38.859375,121.625,282.40625,88.57568359375,2.298828125,160.484375,9.256250000000023
2007-10-05 22:00:00+00:00,306.30078125,164.71484375,282.703125,86.599853515625,2.947265625,471.015625,9.553125000000023
2007-10-05 23:00:00+00:00,393.1953125,182.1015625,283.6875,81.32928466796875,3.099609375,575.296875,10.537500000000023
2007-10-06 00:00:00+00:00,454.0390625,241.3984375,284.8125,70.02337646484375,3.30078125,695.4375,11.662500000000023
2007-10-06 01:00:00+00:00,217.51953125,190.76171875,286.140625,56.55938720703125,3.59765625,408.28125,12.990625000000023
2007-10-06 02:00:00+00:00,143.0,403.671875,286.671875,50.25164794921875,3.916015625,546.671875,13.521875000000023
2007-10-06 03:00:00+00:00,92.3046875,289.0234375,287.390625,46.60321044921875,4.337890625,381.328125,14.240625000000023
2007-10-06 04:00:00+00:00,10.5390625,89.8046875,287.15625,47.6763916015625,4.3203125,100.34375,14.006250000000023
2007-10-06 05:00:00+00:00,11.74609375,250.41015625,286.796875,48.01385498046875,4.30859375,262.15625,13.646875000000023
2007-10-06 06:00:00+00:00,1.30859375,107.14453125,286.625,48.22808837890625,4.154296875,108.453125,13.475000000000023
2007-10-06 07:00:00+00:00,5.5859375,47.7109375,286.328125,47.338134765625,4.056640625,53.296875,13.178125000000023
2007-10-06 08:00:00+00:00,0.2890625,2.9765625,285.921875,47.0509033203125,3.775390625,3.265625,12.771875000000023
2007-10-06 09:00:00+00:00,0.0,0.0,285.484375,50.2117919921875,3.55859375,0.0,12.334375000000023
2007-10-06 10:00:00+00:00,0.0,0.0,285.21875,50.84930419921875,3.017578125,0.0,12.068750000000023
2007-10-06 11:00:00+00:00,0.0,0.0,284.921875,51.60711669921875,2.384765625,0.0,11.771875000000023
2007-10-06 12:00:00+00:00,0.0,0.0,284.875,51.2491455078125,1.751953125,0.0,11.725000000000023
2007-10-06 13:00:00+00:00,0.0,0.0,284.765625,51.61492919921875,1.5390625,0.0,11.615625000000023
2007-10-06 14:00:00+00:00,0.0,0.0,284.640625,51.92138671875,1.73828125,0.0,11.490625000000023
2007-10-06 15:00:00+00:00,0.0,0.0,283.484375,59.2271728515625,0.603515625,0.0,10.334375000000023
2007-10-06 16:00:00+00:00,0.0,0.0,283.265625,62.0606689453125,0.880859375,0.0,10.115625000000023
2007-10-06 17:00:00+00:00,0.0,0.0,282.78125,67.4324951171875,1.728515625,0.0,9.631250000000023
2007-10-06 18:00:00+00:00,0.0,0.0,282.21875,70.7879638671875,2.04296875,0.0,9.068750000000023
2007-10-06 19:00:00+00:00,0.0,0.390625,281.765625,70.94329833984375,2.1640625,0.390625,8.615625000000023
2007-10-06 20:00:00+00:00,44.9140625,43.5234375,281.375,70.7593994140625,1.966796875,88.4375,8.225000000000023
2007-10-06 21:00:00+00:00,229.98046875,73.50390625,280.0625,73.2923583984375,1.759765625,303.484375,6.912500000000023
2007-10-06 22:00:00+00:00,421.32421875,87.31640625,280.4375,70.4259033203125,1.880859375,508.640625,7.287500000000023
2007-10-06 23:00:00+00:00,605.98046875,86.53515625,281.46875,65.48443603515625,1.810546875,692.515625,8.318750000000023
2007-10-07 00:00:00+00:00,698.015625,105.890625,282.796875,59.94439697265625,1.4453125,803.90625,9.646875000000023
2007-10-07 01:00:00+00:00,489.1953125,259.4765625,284.375,51.890869140625,1.26953125,748.671875,11.225000000000023
2007-10-07 02:00:00+00:00,207.56640625,364.80859375,285.921875,44.63299560546875,1.599609375,572.375,12.771875000000023
2007-10-07 03:00:00+00:00,44.39453125,245.98046875,287.4375,37.3475341796875,1.623046875,290.375,14.287500000000023
2007-10-07 04:00:00+00:00,1.93359375,157.69140625,288.1875,33.70550537109375,1.62890625,159.625,15.037500000000023
2007-10-07 05:00:00+00:00,60.5859375,278.9140625,288.671875,32.50933837890625,2.115234375,339.5,15.521875000000023
2007-10-07 06:00:00+00:00,30.96484375,112.73828125,289.125,32.98541259765625,3.205078125,143.703125,15.975000000000023
2007-10-07 07:00:00+00:00,15.1640625,56.3203125,288.609375,37.64117431640625,4.173828125,71.484375,15.459375000000023
2007-10-07 08:00:00+00:00,0.0859375,5.6640625,287.625,44.875732421875,4.126953125,5.75,14.475000000000023
2007-10-07 09:00:00+00:00,0.0,0.0,286.6875,51.919921875,3.2421875,0.0,13.537500000000023
2007-10-07 10:00:00+00:00,0.0,0.0,286.1875,54.1514892578125,2.708984375,0.0,13.037500000000023
2007-10-07 11:00:00+00:00,0.0,0.0,285.8125,56.27630615234375,1.599609375,0.0,12.662500000000023
2007-10-07 12:00:00+00:00,0.0,0.0,285.625,57.8450927734375,0.685546875,0.0,12.475000000000023
2007-10-07 13:00:00+00:00,0.0,0.0,285.515625,58.74908447265625,0.408203125,0.0,12.365625000000023
2007-10-07 14:00:00+00:00,0.0,0.0,285.390625,59.54132080078125,0.365234375,0.0,12.240625000000023
2007-10-07 15:00:00+00:00,0.0,0.0,284.1875,67.02099609375,0.39453125,0.0,11.037500000000023
2007-10-07 16:00:00+00:00,0.0,0.0,283.625,71.69317626953125,1.34375,0.0,10.475000000000023
2007-10-07 17:00:00+00:00,0.0,0.0,282.921875,75.93487548828125,1.5625,0.0,9.771875000000023
2007-10-07 18:00:00+00:00,0.0,0.0,282.453125,75.54364013671875,1.4140625,0.0,9.303125000000023
2007-10-07 19:00:00+00:00,0.0,0.75,282.015625,73.62005615234375,1.5390625,0.75,8.865625000000023
2007-10-07 20:00:00+00:00,26.21875,44.796875,281.609375,72.87890625,1.25,71.015625,8.459375000000023
2007-10-07 21:00:00+00:00,238.4453125,72.8984375,280.96875,77.54412841796875,1.13671875,311.34375,7.818750000000023
2007-10-07 22:00:00+00:00,440.3984375,82.1796875,281.5625,71.25732421875,1.201171875,522.578125,8.412500000000023
2007-10-07 23:00:00+00:00,620.2265625,83.3046875,282.5625,64.395751953125,1.232421875,703.53125,9.412500000000023
2007-10-08 00:00:00+00:00,762.578125,81.265625,283.796875,57.564208984375,1.37890625,843.84375,10.646875000000023
2007-10-08 01:00:00+00:00,844.34375,74.0625,285.203125,48.12921142578125,1.349609375,918.40625,12.053125000000023
2007-10-08 02:00:00+00:00,365.2578125,206.2890625,286.421875,38.87274169921875,1.259765625,571.546875,13.271875000000023
2007-10-08 03:00:00+00:00,110.8359375,409.0390625,288.140625,39.35382080078125,2.1328125,519.875,14.990625000000023
2007-10-08 04:00:00+00:00,276.98828125,258.82421875,288.90625,35.9119873046875,2.4765625,535.8125,15.756250000000023
2007-10-08 05:00:00+00:00,285.13671875,170.59765625,289.46875,32.98577880859375,2.62109375,455.734375,16.318750000000023
2007-10-08 06:00:00+00:00,90.515625,143.15625,289.734375,32.2781982421875,3.044921875,233.671875,16.584375000000023
2007-10-08 07:00:00+00:00,13.95703125,58.21484375,289.515625,34.222900390625,3.44140625,72.171875,16.365625000000023
2007-10-08 08:00:00+00:00,0.01953125,4.18359375,289.046875,37.47430419921875,3.35546875,4.203125,15.896875000000023
2007-10-08 09:00:00+00:00,0.0,0.0,287.4375,52.2498779296875,3.568359375,0.0,14.287500000000023
2007-10-08 10:00:00+00:00,0.0,0.0,286.578125,58.3250732421875,2.892578125,0.0,13.428125000000023
2007-10-08 11:00:00+00:00,0.0,0.0,286.078125,61.5712890625,2.322265625,0.0,12.928125000000023
2007-10-08 12:00:00+00:00,0.0,0.0,285.515625,67.0421142578125,1.900390625,0.0,12.365625000000023
2007-10-08 13:00:00+00:00,0.0,0.0,285.203125,70.06097412109375,1.10546875,0.0,12.053125000000023
2007-10-08 14:00:00+00:00,0.0,0.0,285.125,68.297607421875,1.935546875,0.0,11.975000000000023
2007-10-08 15:00:00+00:00,0.0,0.0,284.421875,69.24615478515625,2.24609375,0.0,11.271875000000023
2007-10-08 16:00:00+00:00,0.0,0.0,283.75,71.6087646484375,2.25,0.0,10.600000000000023
2007-10-08 17:00:00+00:00,0.0,0.0,283.109375,74.79925537109375,1.931640625,0.0,9.959375000000023
2007-10-08 18:00:00+00:00,0.0,0.0,282.59375,76.88336181640625,1.701171875,0.0,9.443750000000023
2007-10-08 19:00:00+00:00,0.0,1.125,282.09375,78.85308837890625,1.376953125,1.125,8.943750000000023
2007-10-08 20:00:00+00:00,55.79296875,45.44140625,281.625,80.69207763671875,1.19140625,101.234375,8.475000000000023
2007-10-08 21:00:00+00:00,236.78125,74.953125,281.03125,80.055419921875,1.140625,311.734375,7.881250000000023
2007-10-08 22:00:00+00:00,436.8515625,84.6640625,281.234375,78.8358154296875,0.8203125,521.515625,8.084375000000023
2007-10-08 23:00:00+00:00,615.76953125,85.55859375,281.734375,76.77978515625,0.3125,701.328125,8.584375000000023
2007-10-09 00:00:00+00:00,756.2890625,82.9765625,282.84375,72.63671875,0.53125,839.265625,9.693750000000023
2007-10-09 01:00:00+00:00,838.203125,75.75,284.03125,68.41217041015625,0.21875,913.953125,10.881250000000023
2007-10-09 02:00:00+00:00,856.6875,67.4375,285.953125,58.64984130859375,0.95703125,924.125,12.803125000000023
2007-10-09 03:00:00+00:00,512.45703125,185.54296875,288.953125,38.594970703125,2.02734375,698.0,15.803125000000023
2007-10-09 04:00:00+00:00,650.92578125,103.24609375,289.78125,34.99700927734375,2.404296875,754.171875,16.631250000000023
2007-10-09 05:00:00+00:00,508.921875,55.890625,290.421875,33.19512939453125,2.8203125,564.8125,17.271875000000023
2007-10-09 06:00:00+00:00,313.33203125,49.18359375,290.5,35.8956298828125,3.28515625,362.515625,17.350000000000023
2007-10-09 07:00:00+00:00,117.01953125,29.87109375,290.25,40.368896484375,3.3125,146.890625,17.100000000000023
2007-10-09 08:00:00+00:00,5.76953125,1.91796875,289.8125,46.65924072265625,3.28125,7.6875,16.662500000000023
2007-10-09 09:00:00+00:00,0.0,0.0,289.15625,50.64105224609375,3.689453125,0.0,16.006250000000023
2007-10-09 10:00:00+00:00,0.0,0.0,288.203125,52.3079833984375,3.83203125,0.0,15.053125000000023
2007-10-09 11:00:00+00:00,0.0,0.0,287.109375,56.8798828125,3.66015625,0.0,13.959375000000023
2007-10-09 12:00:00+00:00,0.0,0.0,286.265625,59.924560546875,3.03515625,0.0,13.115625000000023
2007-10-09 13:00:00+00:00,0.0,0.0,285.515625,62.89306640625,2.3828125,0.0,12.365625000000023
2007-10-09 14:00:00+00:00,0.0,0.0,284.78125,68.2518310546875,1.822265625,0.0,11.631250000000023
2007-10-09 15:00:00+00:00,0.0,0.0,284.234375,68.98968505859375,0.650390625,0.0,11.084375000000023
2007-10-09 16:00:00+00:00,0.0,0.0,283.953125,70.6400146484375,0.71875,0.0,10.803125000000023
2007-10-09 17:00:00+00:00,0.0,0.0,283.59375,72.82977294921875,0.939453125,0.0,10.443750000000023
2007-10-09 18:00:00+00:00,0.0,0.0,283.3125,74.05950927734375,1.0,0.0,10.162500000000023
2007-10-09 19:00:00+00:00,0.0,1.578125,282.9375,75.9638671875,0.98046875,1.578125,9.787500000000023
2007-10-09 20:00:00+00:00,13.19140625,65.37109375,282.640625,77.64593505859375,1.30859375,78.5625,9.490625000000023
2007-10-09 21:00:00+00:00,153.1484375,122.4609375,281.90625,80.61578369140625,1.5703125,275.609375,8.756250000000023
2007-10-09 22:00:00+00:00,420.7890625,107.9921875,282.65625,75.50262451171875,1.630859375,528.78125,9.506250000000023
2007-10-09 23:00:00+00:00,526.94140625,148.98046875,284.765625,62.88653564453125,1.869140625,675.921875,11.615625000000023
2007-10-10 00:00:00+00:00,672.37109375,150.31640625,289.0,42.4073486328125,2.875,822.6875,15.850000000000023
2007-10-10 01:00:00+00:00,689.203125,180.28125,292.75,28.535888671875,4.451171875,869.484375,19.600000000000023
2007-10-10 02:00:00+00:00,278.5078125,371.6328125,294.625,25.4276123046875,4.767578125,650.140625,21.475000000000023
2007-10-10 03:00:00+00:00,343.375,315.6875,295.9375,22.77667236328125,5.4765625,659.0625,22.787500000000023
2007-10-10 04:00:00+00:00,328.484375,292.90625,296.328125,22.4296875,5.46875,621.390625,23.178125000000023
2007-10-10 05:00:00+00:00,275.8125,209.375,296.96875,22.0989990234375,5.140625,485.1875,23.818750000000023
2007-10-10 06:00:00+00:00,79.85546875,141.28515625,297.625,20.29742431640625,5.0390625,221.140625,24.475000000000023
2007-10-10 07:00:00+00:00,48.578125,75.515625,297.703125,18.29571533203125,4.70703125,124.09375,24.553125000000023
2007-10-10 08:00:00+00:00,2.0078125,7.1171875,297.46875,18.6903076171875,3.9921875,9.125,24.318750000000023
2007-10-10 09:00:00+00:00,0.0,0.0,296.484375,22.7386474609375,3.111328125,0.0,23.334375000000023
2007-10-10 10:00:00+00:00,0.0,0.0,295.546875,29.74603271484375,3.181640625,0.0,22.396875000000023
2007-10-10 11:00:00+00:00,0.0,0.0,294.625,32.346923828125,3.759765625,0.0,21.475000000000023
2007-10-10 12:00:00+00:00,0.0,0.0,293.875,31.7181396484375,3.857421875,0.0,20.725000000000023
2007-10-10 13:00:00+00:00,0.0,0.0,293.359375,28.59716796875,3.681640625,0.0,20.209375000000023
2007-10-10 14:00:00+00:00,0.0,0.0,293.078125,25.9637451171875,3.904296875,0.0,19.928125000000023
2007-10-10 15:00:00+00:00,0.0,0.0,292.515625,27.28192138671875,3.5546875,0.0,19.365625000000023
2007-10-10 16:00:00+00:00,0.0,0.0,292.515625,28.36810302734375,3.8125,0.0,19.365625000000023
2007-10-10 17:00:00+00:00,0.0,0.0,292.390625,27.29107666015625,4.625,0.0,19.240625000000023
2007-10-10 18:00:00+00:00,0.0,0.0,291.421875,28.413330078125,5.267578125,0.0,18.271875000000023
2007-10-10 19:00:00+00:00,0.0,1.796875,290.234375,35.0218505859375,3.91796875,1.796875,17.084375000000023
2007-10-10 20:00:00+00:00,47.05859375,52.64453125,289.515625,41.84002685546875,2.90234375,99.703125,16.365625000000023
2007-10-10 21:00:00+00:00,215.421875,88.796875,289.328125,41.955810546875,2.22265625,304.21875,16.178125000000023
2007-10-10 22:00:00+00:00,394.05078125,106.82421875,289.71875,43.16278076171875,1.54296875,500.875,16.568750000000023
2007-10-10 23:00:00+00:00,557.5546875,118.9296875,290.296875,46.71759033203125,2.19921875,676.484375,17.146875000000023
2007-10-11 00:00:00+00:00,707.48046875,110.48828125,291.515625,46.3514404296875,2.5625,817.96875,18.365625000000023
2007-10-11 01:00:00+00:00,794.109375,98.4375,292.78125,44.42584228515625,2.55078125,892.546875,19.631250000000023
2007-10-11 02:00:00+00:00,423.53515625,287.01171875,294.015625,42.690185546875,3.28125,710.546875,20.865625000000023
2007-10-11 03:00:00+00:00,33.77734375,317.37890625,293.203125,51.9083251953125,4.505859375,351.15625,20.053125000000023
2007-10-11 04:00:00+00:00,60.97265625,391.16796875,292.25,57.02532958984375,4.845703125,452.140625,19.100000000000023
2007-10-11 05:00:00+00:00,249.421875,227.25,290.796875,64.36431884765625,4.900390625,476.671875,17.646875000000023
2007-10-11 06:00:00+00:00,62.77734375,39.78515625,288.609375,76.3746337890625,4.9765625,102.5625,15.459375000000023
2007-10-11 07:00:00+00:00,2.703125,47.015625,287.5625,75.5086669921875,4.515625,49.71875,14.412500000000023
2007-10-11 08:00:00+00:00,0.84375,7.515625,287.0625,74.6768798828125,4.017578125,8.359375,13.912500000000023
2007-10-11 09:00:00+00:00,0.0,0.0,286.328125,81.47735595703125,3.607421875,0.0,13.178125000000023
2007-10-11 10:00:00+00:00,0.0,0.0,285.96875,82.47760009765625,3.033203125,0.0,12.818750000000023
2007-10-11 11:00:00+00:00,0.0,0.0,285.984375,79.618896484375,2.5,0.0,12.834375000000023
2007-10-11 12:00:00+00:00,0.0,0.0,286.046875,75.351806640625,2.1328125,0.0,12.896875000000023
2007-10-11 13:00:00+00:00,0.0,0.0,285.890625,74.22943115234375,1.966796875,0.0,12.740625000000023
2007-10-11 14:00:00+00:00,0.0,0.0,285.609375,75.29248046875,1.736328125,0.0,12.459375000000023
2007-10-11 15:00:00+00:00,0.0,0.0,284.6875,80.68536376953125,2.376953125,0.0,11.537500000000023
2007-10-11 16:00:00+00:00,0.0,0.0,284.0,82.83782958984375,2.4609375,0.0,10.850000000000023
2007-10-11 17:00:00+00:00,0.0,0.0,283.3125,86.1773681640625,2.640625,0.0,10.162500000000023
2007-10-11 18:00:00+00:00,0.0,0.0,282.90625,87.3223876953125,2.525390625,0.0,9.756250000000023
2007-10-11 19:00:00+00:00,0.0,2.203125,282.78125,85.19287109375,2.005859375,2.203125,9.631250000000023
2007-10-11 20:00:00+00:00,16.80859375,62.67578125,282.625,83.9952392578125,2.15234375,79.484375,9.475000000000023
2007-10-11 21:00:00+00:00,29.2265625,129.8359375,282.84375,84.10614013671875,3.06640625,159.0625,9.693750000000023
2007-10-11 22:00:00+00:00,4.765625,142.28125,283.09375,84.49957275390625,4.763671875,147.046875,9.943750000000023
2007-10-11 23:00:00+00:00,0.10546875,148.41015625,282.984375,80.80511474609375,5.837890625,148.515625,9.834375000000023
2007-10-12 00:00:00+00:00,1.8359375,253.0390625,282.6875,74.50311279296875,5.216796875,254.875,9.537500000000023
2007-10-12 01:00:00+00:00,8.29296875,363.11328125,283.21875,67.328369140625,4.86328125,371.40625,10.068750000000023
2007-10-12 02:00:00+00:00,4.69921875,212.86328125,284.453125,56.8800048828125,4.265625,217.5625,11.303125000000023
2007-10-12 03:00:00+00:00,343.76171875,379.92578125,284.734375,54.062255859375,5.169921875,723.6875,11.584375000000023
2007-10-12 04:00:00+00:00,170.8515625,339.8984375,286.078125,42.251220703125,5.15625,510.75,12.928125000000023
2007-10-12 05:00:00+00:00,105.77734375,259.17578125,286.65625,38.67083740234375,5.765625,364.953125,13.506250000000023
2007-10-12 06:00:00+00:00,10.97265625,82.85546875,286.46875,41.63873291015625,6.185546875,93.828125,13.318750000000023
2007-10-12 07:00:00+00:00,49.7265625,56.5234375,285.96875,44.37432861328125,6.19140625,106.25,12.818750000000023
2007-10-12 08:00:00+00:00,1.3125,6.953125,285.609375,45.06365966796875,6.3203125,8.265625,12.459375000000023
2007-10-12 09:00:00+00:00,0.0,0.0,284.640625,49.028076171875,5.8515625,0.0,11.490625000000023
2007-10-12 10:00:00+00:00,0.0,0.0,284.109375,53.78369140625,5.806640625,0.0,10.959375000000023
2007-10-12 11:00:00+00:00,0.0,0.0,283.671875,55.9873046875,5.1328125,0.0,10.521875000000023
2007-10-12 12:00:00+00:00,0.0,0.0,283.28125,59.85845947265625,4.640625,0.0,10.131250000000023
2007-10-12 13:00:00+00:00,0.0,0.0,282.671875,68.4720458984375,4.724609375,0.0,9.521875000000023
2007-10-12 14:00:00+00:00,0.0,0.0,282.796875,69.1082763671875,4.55078125,0.0,9.646875000000023
2007-10-12 15:00:00+00:00,0.0,0.0,281.9375,75.96478271484375,3.828125,0.0,8.787500000000023
2007-10-12 16:00:00+00:00,0.0,0.0,281.921875,74.46661376953125,3.56640625,0.0,8.771875000000023
2007-10-12 17:00:00+00:00,0.0,0.0,282.03125,72.04400634765625,3.35546875,0.0,8.881250000000023
2007-10-12 18:00:00+00:00,0.0,0.0,282.015625,71.88787841796875,3.306640625,0.0,8.865625000000023
2007-10-12 19:00:00+00:00,0.0,2.03125,282.046875,72.041748046875,3.2265625,2.03125,8.896875000000023
2007-10-12 20:00:00+00:00,3.8125,22.734375,282.125,71.52099609375,3.208984375,26.546875,8.975000000000023
2007-10-12 21:00:00+00:00,95.3046875,138.9453125,281.28125,77.839111328125,3.349609375,234.25,8.131250000000023
2007-10-12 22:00:00+00:00,57.88671875,212.47265625,282.03125,74.92724609375,3.81640625,270.359375,8.881250000000023
2007-10-12 23:00:00+00:00,412.859375,250.8125,283.1875,70.333740234375,4.189453125,663.671875,10.037500000000023
2007-10-13 00:00:00+00:00,522.55859375,203.84765625,284.75,59.1611328125,4.734375,726.40625,11.600000000000023
2007-10-13 01:00:00+00:00,154.23046875,199.16015625,286.125,48.88818359375,4.53125,353.390625,12.975000000000023
2007-10-13 02:00:00+00:00,17.015625,303.625,286.609375,48.69464111328125,4.419921875,320.640625,13.459375000000023
2007-10-13 03:00:00+00:00,24.23046875,398.83203125,287.78125,48.1671142578125,4.759765625,423.0625,14.631250000000023
2007-10-13 04:00:00+00:00,6.7109375,194.3671875,288.171875,48.938232421875,4.458984375,201.078125,15.021875000000023
2007-10-13 05:00:00+00:00,0.32421875,124.48828125,287.90625,53.330810546875,4.826171875,124.8125,14.756250000000023
2007-10-13 06:00:00+00:00,0.1015625,50.3203125,288.0,52.692138671875,4.82421875,50.421875,14.850000000000023
2007-10-13 07:00:00+00:00,0.015625,37.15625,287.71875,55.46795654296875,4.669921875,37.171875,14.568750000000023
2007-10-13 08:00:00+00:00,0.30859375,6.47265625,287.671875,55.37615966796875,3.953125,6.78125,14.521875000000023
2007-10-13 09:00:00+00:00,0.0,0.0,287.8125,54.662841796875,4.638671875,0.0,14.662500000000023
2007-10-13 10:00:00+00:00,0.0,0.0,287.140625,58.89764404296875,4.45703125,0.0,13.990625000000023
2007-10-13 11:00:00+00:00,0.0,0.0,286.515625,62.47955322265625,3.84375,0.0,13.365625000000023
2007-10-13 12:00:00+00:00,0.0,0.0,286.03125,64.8536376953125,3.333984375,0.0,12.881250000000023
2007-10-13 13:00:00+00:00,0.0,0.0,285.609375,66.6790771484375,3.064453125,0.0,12.459375000000023
2007-10-13 14:00:00+00:00,0.0,0.0,285.375,66.8140869140625,3.044921875,0.0,12.225000000000023
2007-10-13 15:00:00+00:00,0.0,0.0,285.203125,66.23663330078125,2.96484375,0.0,12.053125000000023
2007-10-13 16:00:00+00:00,0.0,0.0,284.875,67.12579345703125,2.802734375,0.0,11.725000000000023
2007-10-13 17:00:00+00:00,0.0,0.0,284.53125,68.2957763671875,2.689453125,0.0,11.381250000000023
2007-10-13 18:00:00+00:00,0.0,0.0,284.1875,69.61474609375,2.533203125,0.0,11.037500000000023
2007-10-13 19:00:00+00:00,0.00390625,3.66796875,283.78125,71.42059326171875,2.703125,3.671875,10.631250000000023
2007-10-13 20:00:00+00:00,18.9609375,73.5390625,283.4375,72.85601806640625,2.681640625,92.5,10.287500000000023
2007-10-13 21:00:00+00:00,214.52734375,102.12890625,283.734375,70.30267333984375,2.798828125,316.65625,10.584375000000023
2007-10-13 22:00:00+00:00,441.8984375,91.4765625,284.484375,66.6231689453125,3.09375,533.375,11.334375000000023
2007-10-13 23:00:00+00:00,284.20703125,261.08984375,286.125,60.34210205078125,3.16015625,545.296875,12.975000000000023
2007-10-14 00:00:00+00:00,670.20703125,164.15234375,288.515625,49.162841796875,3.275390625,834.359375,15.365625000000023
2007-10-14 01:00:00+00:00,720.296875,149.1875,290.71875,41.42608642578125,3.48046875,869.484375,17.568750000000023
2007-10-14 02:00:00+00:00,744.73828125,144.82421875,292.59375,36.84765625,3.58203125,889.5625,19.443750000000023
2007-10-14 03:00:00+00:00,622.328125,134.515625,293.765625,36.71551513671875,3.896484375,756.84375,20.615625000000023
2007-10-14 04:00:00+00:00,547.1875,132.5625,294.9375,34.49639892578125,4.265625,679.75,21.787500000000023
2007-10-14 05:00:00+00:00,439.65625,99.734375,295.640625,33.966552734375,4.517578125,539.390625,22.490625000000023
2007-10-14 06:00:00+00:00,227.16015625,97.16796875,296.0,33.6768798828125,4.732421875,324.328125,22.850000000000023
2007-10-14 07:00:00+00:00,112.6015625,35.8671875,295.8125,34.99615478515625,4.5703125,148.46875,22.662500000000023
2007-10-14 08:00:00+00:00,8.8671875,3.6015625,295.328125,37.294677734375,4.484375,12.46875,22.178125000000023
2007-10-14 09:00:00+00:00,0.0,0.0,294.375,40.42529296875,4.33203125,0.0,21.225000000000023
2007-10-14 10:00:00+00:00,0.0,0.0,293.453125,43.45599365234375,3.74609375,0.0,20.303125000000023
2007-10-14 11:00:00+00:00,0.0,0.0,292.328125,46.5755615234375,3.58984375,0.0,19.178125000000023
2007-10-14 12:00:00+00:00,0.0,0.0,291.625,49.96710205078125,3.171875,0.0,18.475000000000023
2007-10-14 13:00:00+00:00,0.0,0.0,290.921875,53.777099609375,2.93359375,0.0,17.771875000000023
2007-10-14 14:00:00+00:00,0.0,0.0,290.25,56.377197265625,2.427734375,0.0,17.100000000000023
2007-10-14 15:00:00+00:00,0.0,0.0,289.453125,57.99554443359375,1.66015625,0.0,16.303125000000023
2007-10-14 16:00:00+00:00,0.0,0.0,289.1875,58.67919921875,2.0546875,0.0,16.037500000000023
2007-10-14 17:00:00+00:00,0.0,0.0,288.515625,59.0052490234375,3.150390625,0.0,15.365625000000023
2007-10-14 18:00:00+00:00,0.0,0.0,287.9375,60.0286865234375,3.884765625,0.0,14.787500000000023
2007-10-14 19:00:00+00:00,0.21484375,4.31640625,287.90625,58.6923828125,4.228515625,4.53125,14.756250000000023
2007-10-14 20:00:00+00:00,77.078125,52.21875,287.890625,57.203857421875,4.33203125,129.296875,14.740625000000023
2007-10-14 21:00:00+00:00,267.20703125,75.43359375,287.984375,54.99853515625,5.166015625,342.640625,14.834375000000023
2007-10-14 22:00:00+00:00,465.9609375,83.7734375,289.03125,49.6986083984375,5.228515625,549.734375,15.881250000000023
2007-10-14 23:00:00+00:00,633.63671875,91.28515625,291.21875,41.98638916015625,4.927734375,724.921875,18.068750000000023
2007-10-15 00:00:00+00:00,756.4765625,97.6953125,294.171875,33.48284912109375,5.048828125,854.171875,21.021875000000023
2007-10-15 01:00:00+00:00,823.859375,97.8125,297.328125,23.2562255859375,5.6953125,921.671875,24.178125000000023
2007-10-15 02:00:00+00:00,835.62890625,92.46484375,299.078125,18.75726318359375,5.96875,928.09375,25.928125000000023
2007-10-15 03:00:00+00:00,782.10546875,85.36328125,300.984375,16.707275390625,5.75,867.46875,27.834375000000023
2007-10-15 04:00:00+00:00,669.1484375,79.3203125,302.359375,13.44549560546875,6.150390625,748.46875,29.209375000000023
2007-10-15 05:00:00+00:00,503.9765625,71.7109375,303.0625,12.8011474609375,6.662109375,575.6875,29.912500000000023
2007-10-15 06:00:00+00:00,288.97265625,71.30859375,303.328125,12.3739013671875,6.52734375,360.28125,30.178125000000023
2007-10-15 07:00:00+00:00,61.2890625,53.9609375,303.03125,12.51654052734375,6.41796875,115.25,29.881250000000023
2007-10-15 08:00:00+00:00,1.8046875,10.8203125,302.265625,13.16619873046875,6.314453125,12.625,29.115625000000023
2007-10-15 09:00:00+00:00,0.0,0.0,300.640625,16.34063720703125,5.2578125,0.0,27.490625000000023
2007-10-15 10:00:00+00:00,0.0,0.0,299.71875,17.8740234375,5.1875,0.0,26.568750000000023
2007-10-15 11:00:00+00:00,0.0,0.0,299.0,16.993896484375,5.314453125,0.0,25.850000000000023
2007-10-15 12:00:00+00:00,0.0,0.0,297.90625,17.1483154296875,4.73046875,0.0,24.756250000000023
2007-10-15 13:00:00+00:00,0.0,0.0,295.453125,24.68389892578125,6.271484375,0.0,22.303125000000023
2007-10-15 14:00:00+00:00,0.0,0.0,291.484375,48.2890625,6.41796875,0.0,18.334375000000023
2007-10-15 15:00:00+00:00,0.0,0.0,288.265625,72.7276611328125,6.20703125,0.0,15.115625000000023
2007-10-15 16:00:00+00:00,0.0,0.0,287.375,68.7110595703125,6.25390625,0.0,14.225000000000023
2007-10-15 17:00:00+00:00,0.0,0.0,286.203125,62.99310302734375,5.75,0.0,13.053125000000023
2007-10-15 18:00:00+00:00,0.0,0.0,285.28125,62.6324462890625,5.453125,0.0,12.131250000000023
2007-10-15 19:00:00+00:00,0.421875,5.0625,284.75,61.8394775390625,4.806640625,5.484375,11.600000000000023
2007-10-15 20:00:00+00:00,81.828125,54.0,284.578125,62.4439697265625,4.205078125,135.828125,11.428125000000023
2007-10-15 21:00:00+00:00,221.57421875,88.95703125,284.21875,64.893798828125,4.369140625,310.53125,11.068750000000023
2007-10-15 22:00:00+00:00,102.16796875,53.26953125,284.1875,69.0462646484375,6.220703125,155.4375,11.037500000000023
2007-10-15 23:00:00+00:00,410.52734375,232.45703125,284.578125,60.42010498046875,6.630859375,642.984375,11.428125000000023
2007-10-16 00:00:00+00:00,367.390625,172.25,286.125,37.9156494140625,7.2578125,539.640625,12.975000000000023
2007-10-16 01:00:00+00:00,72.03125,187.359375,287.0,32.635009765625,7.603515625,259.390625,13.850000000000023
2007-10-16 02:00:00+00:00,73.671875,351.015625,287.21875,33.37896728515625,7.841796875,424.6875,14.068750000000023
2007-10-16 03:00:00+00:00,636.0390625,219.3984375,288.390625,30.45562744140625,7.388671875,855.4375,15.240625000000023
2007-10-16 04:00:00+00:00,531.23046875,107.36328125,289.1875,29.71942138671875,7.822265625,638.59375,16.037500000000023
2007-10-16 05:00:00+00:00,253.84765625,205.63671875,289.046875,32.39251708984375,8.125,459.484375,15.896875000000023
2007-10-16 06:00:00+00:00,115.078125,110.578125,288.625,34.96875,8.087890625,225.65625,15.475000000000023
2007-10-16 07:00:00+00:00,114.75,51.625,287.734375,38.50640869140625,8.03515625,166.375,14.584375000000023
2007-10-16 08:00:00+00:00,15.9921875,2.8828125,286.921875,41.63525390625,7.56640625,18.875,13.771875000000023
2007-10-16 09:00:00+00:00,0.0,0.0,285.796875,50.002685546875,7.2109375,0.0,12.646875000000023
2007-10-16 10:00:00+00:00,0.0,0.0,285.328125,53.452880859375,6.5625,0.0,12.178125000000023
2007-10-16 11:00:00+00:00,0.0,0.0,285.015625,57.02069091796875,5.90234375,0.0,11.865625000000023
2007-10-16 12:00:00+00:00,0.0,0.0,284.828125,59.66143798828125,5.25,0.0,11.678125000000023
2007-10-16 13:00:00+00:00,0.0,0.0,284.703125,60.1336669921875,4.921875,0.0,11.553125000000023
2007-10-16 14:00:00+00:00,0.0,0.0,284.578125,60.03857421875,4.51171875,0.0,11.428125000000023
2007-10-16 15:00:00+00:00,0.0,0.0,284.078125,64.27520751953125,3.33984375,0.0,10.928125000000023
2007-10-16 16:00:00+00:00,0.0,0.0,284.15625,60.6947021484375,3.509765625,0.0,11.006250000000023
2007-10-16 17:00:00+00:00,0.0,0.0,283.8125,60.28662109375,3.328125,0.0,10.662500000000023
2007-10-16 18:00:00+00:00,0.0,0.0,283.3125,62.11376953125,2.94140625,0.0,10.162500000000023
2007-10-16 19:00:00+00:00,0.75,5.78125,282.828125,63.36700439453125,2.57421875,6.53125,9.678125000000023
2007-10-16 20:00:00+00:00,85.85546875,54.91015625,282.375,64.74774169921875,2.279296875,140.765625,9.225000000000023
2007-10-16 21:00:00+00:00,132.9765625,105.0078125,281.625,74.54119873046875,1.751953125,237.984375,8.475000000000023
2007-10-16 22:00:00+00:00,415.328125,136.5625,282.3125,71.59857177734375,1.720703125,551.890625,9.162500000000023
2007-10-16 23:00:00+00:00,452.5546875,202.4453125,283.6875,63.03485107421875,2.056640625,655.0,10.537500000000023
2007-10-17 00:00:00+00:00,194.73046875,338.61328125,285.140625,49.973388671875,2.611328125,533.34375,11.990625000000023
2007-10-17 01:00:00+00:00,128.69921875,455.61328125,286.03125,45.27691650390625,2.583984375,584.3125,12.881250000000023
2007-10-17 02:00:00+00:00,759.97265625,202.66796875,287.078125,40.83856201171875,2.583984375,962.640625,13.928125000000023
2007-10-17 03:00:00+00:00,848.20703125,58.93359375,289.0625,35.51348876953125,2.58984375,907.140625,15.912500000000023
2007-10-17 04:00:00+00:00,738.91796875,49.16015625,290.0625,33.5972900390625,2.767578125,788.078125,16.912500000000023
2007-10-17 05:00:00+00:00,578.84375,39.203125,290.828125,32.7020263671875,2.74609375,618.046875,17.678125000000023
2007-10-17 06:00:00+00:00,382.65234375,28.55078125,291.421875,32.42388916015625,2.888671875,411.203125,18.271875000000023
2007-10-17 07:00:00+00:00,175.671875,14.65625,291.515625,33.4239501953125,2.984375,190.328125,18.365625000000023
2007-10-17 08:00:00+00:00,20.3203125,0.0,291.40625,34.23779296875,3.103515625,20.234375,18.256250000000023
2007-10-17 09:00:00+00:00,0.0,0.0,289.34375,42.87847900390625,4.154296875,0.0,16.193750000000023
2007-10-17 10:00:00+00:00,0.0,0.0,288.125,46.86083984375,3.443359375,0.0,14.975000000000023
2007-10-17 11:00:00+00:00,0.0,0.0,287.21875,49.978515625,2.640625,0.0,14.068750000000023
2007-10-17 12:00:00+00:00,0.0,0.0,286.46875,53.2259521484375,1.583984375,0.0,13.318750000000023
2007-10-17 13:00:00+00:00,0.0,0.0,286.109375,54.3941650390625,0.62109375,0.0,12.959375000000023
2007-10-17 14:00:00+00:00,0.0,0.0,285.921875,55.47393798828125,0.044921875,0.0,12.771875000000023
2007-10-17 15:00:00+00:00,0.0,0.0,285.625,58.5850830078125,0.908203125,0.0,12.475000000000023
2007-10-17 16:00:00+00:00,0.0,0.0,284.90625,62.77374267578125,1.056640625,0.0,11.756250000000023
2007-10-17 17:00:00+00:00,0.0,0.0,284.46875,65.42974853515625,1.3984375,0.0,11.318750000000023
2007-10-17 18:00:00+00:00,0.0,0.0,284.0,67.2060546875,1.837890625,0.0,10.850000000000023
2007-10-17 19:00:00+00:00,1.125,6.71875,284.78125,55.02618408203125,2.791015625,7.84375,11.631250000000023
2007-10-17 20:00:00+00:00,92.7734375,56.8203125,285.625,42.9483642578125,4.375,149.59375,12.475000000000023
2007-10-17 21:00:00+00:00,290.44921875,79.47265625,285.125,48.7047119140625,4.673828125,369.921875,11.975000000000023
2007-10-17 22:00:00+00:00,489.03515625,90.91796875,286.28125,45.40838623046875,5.490234375,579.953125,13.131250000000023
2007-10-17 23:00:00+00:00,647.82421875,105.42578125,288.546875,38.3128662109375,6.59375,753.25,15.396875000000023
2007-10-18 00:00:00+00:00,758.21484375,122.58203125,290.859375,31.2884521484375,7.63671875,880.796875,17.709375000000023
2007-10-18 01:00:00+00:00,683.1484375,226.9453125,292.921875,25.5850830078125,7.935546875,910.09375,19.771875000000023
2007-10-18 02:00:00+00:00,718.765625,213.203125,294.75,21.63995361328125,8.013671875,931.96875,21.600000000000023
2007-10-18 03:00:00+00:00,596.16796875,238.92578125,296.546875,18.396484375,8.1328125,835.09375,23.396875000000023
2007-10-18 04:00:00+00:00,414.3515625,261.9140625,297.75,16.41693115234375,8.17578125,676.265625,24.600000000000023
2007-10-18 05:00:00+00:00,461.734375,136.484375,298.515625,15.0050048828125,7.91015625,598.21875,25.365625000000023
2007-10-18 06:00:00+00:00,303.671875,82.5,299.34375,13.1070556640625,7.65625,386.171875,26.193750000000023
2007-10-18 07:00:00+00:00,106.38671875,56.81640625,299.859375,11.87481689453125,7.111328125,163.203125,26.709375000000023
2007-10-18 08:00:00+00:00,6.59765625,10.62109375,299.578125,13.23785400390625,5.56640625,17.21875,26.428125000000023
2007-10-18 09:00:00+00:00,0.0,0.0,298.46875,13.84661865234375,5.5625,0.0,25.318750000000023
2007-10-18 10:00:00+00:00,0.0,0.0,297.65625,14.09136962890625,5.826171875,0.0,24.506250000000023
2007-10-18 11:00:00+00:00,0.0,0.0,297.015625,14.50567626953125,5.66015625,0.0,23.865625000000023
2007-10-18 12:00:00+00:00,0.0,0.0,296.5,14.97210693359375,5.927734375,0.0,23.350000000000023
2007-10-18 13:00:00+00:00,0.0,0.0,296.203125,15.31390380859375,6.0625,0.0,23.053125000000023
2007-10-18 14:00:00+00:00,0.0,0.0,295.25,18.12347412109375,4.822265625,0.0,22.100000000000023
2007-10-18 15:00:00+00:00,0.0,0.0,291.0625,55.3045654296875,3.509765625,0.0,17.912500000000023
2007-10-18 16:00:00+00:00,0.0,0.0,289.78125,64.837158203125,3.404296875,0.0,16.631250000000023
2007-10-18 17:00:00+00:00,0.0,0.0,288.75,70.04180908203125,3.26171875,0.0,15.600000000000023
2007-10-18 18:00:00+00:00,0.0,0.0,287.90625,75.2440185546875,3.658203125,0.0,14.756250000000023
2007-10-18 19:00:00+00:00,0.0625,5.78125,287.4375,79.97015380859375,3.064453125,5.84375,14.287500000000023
2007-10-18 20:00:00+00:00,52.1171875,68.5390625,286.90625,77.01739501953125,3.572265625,120.65625,13.756250000000023
2007-10-18 21:00:00+00:00,254.25,103.015625,286.078125,70.79052734375,3.93359375,357.265625,12.928125000000023
2007-10-18 22:00:00+00:00,448.19921875,118.30078125,286.234375,62.65020751953125,3.75,566.5,13.084375000000023
2007-10-18 23:00:00+00:00,665.25390625,95.77734375,287.125,54.5732421875,3.220703125,761.03125,13.975000000000023
2007-10-19 00:00:00+00:00,805.44921875,84.22265625,288.296875,48.9560546875,3.322265625,889.671875,15.146875000000023
2007-10-19 01:00:00+00:00,879.109375,78.5,289.625,45.322998046875,3.646484375,957.609375,16.475000000000023
2007-10-19 02:00:00+00:00,890.99609375,71.31640625,290.734375,42.7335205078125,3.275390625,962.3125,17.584375000000023
2007-10-19 03:00:00+00:00,802.7265625,88.3359375,291.78125,40.2127685546875,2.99609375,891.0625,18.631250000000023
2007-10-19 04:00:00+00:00,727.91796875,61.20703125,292.625,38.71673583984375,3.404296875,789.125,19.475000000000023
2007-10-19 05:00:00+00:00,577.6875,42.296875,292.703125,39.30963134765625,4.587890625,619.984375,19.553125000000023
2007-10-19 06:00:00+00:00,355.04296875,42.75390625,291.96875,43.49078369140625,4.94921875,397.796875,18.818750000000023
2007-10-19 07:00:00+00:00,168.2578125,23.4296875,290.984375,47.3885498046875,5.251953125,191.6875,17.834375000000023
2007-10-19 08:00:00+00:00,21.47265625,0.88671875,289.875,49.8643798828125,4.931640625,22.359375,16.725000000000023
2007-10-19 09:00:00+00:00,0.0,0.0,289.21875,48.1175537109375,4.443359375,0.0,16.068750000000023
2007-10-19 10:00:00+00:00,0.0,0.0,288.359375,53.3330078125,3.828125,0.0,15.209375000000023
2007-10-19 11:00:00+00:00,0.0,0.0,287.578125,58.9683837890625,3.380859375,0.0,14.428125000000023
2007-10-19 12:00:00+00:00,0.0,0.0,287.015625,63.00006103515625,2.640625,0.0,13.865625000000023
2007-10-19 13:00:00+00:00,0.0,0.0,286.5,65.360107421875,2.26171875,0.0,13.350000000000023
2007-10-19 14:00:00+00:00,0.0,0.0,286.0,66.8734130859375,2.15234375,0.0,12.850000000000023
2007-10-19 15:00:00+00:00,0.0,0.0,285.328125,70.2393798828125,1.396484375,0.0,12.178125000000023
2007-10-19 16:00:00+00:00,0.0,0.0,284.90625,73.43798828125,1.03515625,0.0,11.756250000000023
2007-10-19 17:00:00+00:00,0.0,0.0,284.40625,76.6884765625,1.296875,0.0,11.256250000000023
2007-10-19 18:00:00+00:00,0.0,0.0,283.890625,79.6702880859375,1.275390625,0.0,10.740625000000023
2007-10-19 19:00:00+00:00,1.9296875,8.0703125,283.359375,82.0716552734375,1.37109375,10.0,10.209375000000023
2007-10-19 20:00:00+00:00,100.7265625,57.1796875,282.84375,83.41900634765625,1.224609375,157.90625,9.693750000000023
2007-10-19 21:00:00+00:00,302.12109375,77.62890625,282.734375,80.75048828125,0.62890625,379.75,9.584375000000023
2007-10-19 22:00:00+00:00,507.88671875,84.47265625,283.53125,75.85479736328125,0.755859375,592.359375,10.381250000000023
2007-10-19 23:00:00+00:00,686.12890625,84.77734375,284.921875,68.2991943359375,1.140625,770.90625,11.771875000000023
2007-10-20 00:00:00+00:00,824.40234375,82.33203125,286.203125,62.639892578125,0.80078125,906.734375,13.053125000000023
2007-10-20 01:00:00+00:00,904.12109375,75.58203125,287.578125,57.07666015625,0.5390625,979.703125,14.428125000000023
2007-10-20 02:00:00+00:00,921.28125,67.6875,289.828125,48.7464599609375,0.919921875,988.96875,16.678125000000023
2007-10-20 03:00:00+00:00,857.85546875,55.98828125,293.0,40.58404541015625,1.39453125,913.84375,19.850000000000023
2007-10-20 04:00:00+00:00,740.5625,48.421875,295.84375,35.16436767578125,1.95703125,788.984375,22.693750000000023
2007-10-20 05:00:00+00:00,579.59765625,40.26171875,297.953125,31.7177734375,2.490234375,619.859375,24.803125000000023
2007-10-20 06:00:00+00:00,386.625,30.109375,299.109375,28.73382568359375,2.623046875,416.734375,25.959375000000023
2007-10-20 07:00:00+00:00,181.984375,16.359375,299.328125,28.5452880859375,3.05859375,198.34375,26.178125000000023
2007-10-20 08:00:00+00:00,23.8203125,0.1328125,298.65625,31.509033203125,3.046875,23.953125,25.506250000000023
2007-10-20 09:00:00+00:00,0.0,0.0,296.4375,42.34576416015625,2.806640625,0.0,23.287500000000023
2007-10-20 10:00:00+00:00,0.0,0.0,295.0,44.3914794921875,2.767578125,0.0,21.850000000000023
2007-10-20 11:00:00+00:00,0.0,0.0,293.75,48.1424560546875,1.869140625,0.0,20.600000000000023
2007-10-20 12:00:00+00:00,0.0,0.0,293.125,51.700439453125,1.115234375,0.0,19.975000000000023
2007-10-20 13:00:00+00:00,0.0,0.0,292.546875,54.26458740234375,0.91015625,0.0,19.396875000000023
2007-10-20 14:00:00+00:00,0.0,0.0,291.84375,56.87298583984375,0.755859375,0.0,18.693750000000023
2007-10-20 15:00:00+00:00,0.0,0.0,291.390625,57.773193359375,0.53125,0.0,18.240625000000023
2007-10-20 16:00:00+00:00,0.0,0.0,291.015625,59.7742919921875,0.875,0.0,17.865625000000023
2007-10-20 17:00:00+00:00,0.0,0.0,290.875,62.277099609375,1.830078125,0.0,17.725000000000023
2007-10-20 18:00:00+00:00,0.0,0.0,290.859375,56.4737548828125,2.091796875,0.0,17.709375000000023
2007-10-20 19:00:00+00:00,0.015625,8.125,291.71875,39.75421142578125,2.65625,8.140625,18.568750000000023
2007-10-20 20:00:00+00:00,24.4921875,90.2109375,293.125,25.8671875,2.84375,114.703125,19.975000000000023
2007-10-20 21:00:00+00:00,55.171875,197.53125,292.828125,30.03070068359375,2.5859375,252.703125,19.678125000000023
2007-10-20 22:00:00+00:00,53.9609375,254.6484375,294.625,26.49273681640625,3.1015625,308.609375,21.475000000000023
2007-10-20 23:00:00+00:00,186.4140625,383.7734375,296.546875,23.2431640625,3.6875,570.1875,23.396875000000023
2007-10-21 00:00:00+00:00,118.31640625,415.83984375,298.984375,19.640869140625,3.658203125,534.15625,25.834375000000023
2007-10-21 01:00:00+00:00,388.81640625,418.62109375,300.828125,17.94140625,4.375,807.4375,27.678125000000023
2007-10-21 02:00:00+00:00,637.74609375,240.91015625,302.046875,20.22406005859375,4.921875,878.65625,28.896875000000023
2007-10-21 03:00:00+00:00,331.28125,386.59375,305.046875,15.9019775390625,5.49609375,717.875,31.896875000000023
2007-10-21 04:00:00+00:00,424.8359375,251.9296875,306.734375,13.3531494140625,3.7734375,676.765625,33.58437500000002
2007-10-21 05:00:00+00:00,326.984375,176.40625,308.0,11.9676513671875,2.921875,503.390625,34.85000000000002
2007-10-21 06:00:00+00:00,55.6328125,112.1953125,308.734375,11.625244140625,3.455078125,167.828125,35.58437500000002
2007-10-21 07:00:00+00:00,0.92578125,49.77734375,308.953125,11.1756591796875,3.814453125,50.703125,35.80312500000002
2007-10-21 08:00:00+00:00,0.0,8.625,308.171875,13.168701171875,3.173828125,8.625,35.02187500000002
2007-10-21 09:00:00+00:00,0.0,0.0,307.796875,13.591064453125,2.904296875,0.0,34.64687500000002
2007-10-21 10:00:00+00:00,0.0,0.0,306.921875,15.39508056640625,3.078125,0.0,33.77187500000002
2007-10-21 11:00:00+00:00,0.0,0.0,305.453125,17.02069091796875,3.046875,0.0,32.30312500000002
2007-10-21 12:00:00+00:00,0.0,0.0,304.0,18.35968017578125,2.921875,0.0,30.850000000000023
2007-10-21 13:00:00+00:00,0.0,0.0,302.96875,19.06915283203125,2.7109375,0.0,29.818750000000023
2007-10-21 14:00:00+00:00,0.0,0.0,302.078125,19.691162109375,2.396484375,0.0,28.928125000000023
2007-10-21 15:00:00+00:00,0.0,0.0,301.484375,18.59991455078125,2.599609375,0.0,28.334375000000023
2007-10-21 16:00:00+00:00,0.0,0.0,300.3125,22.292724609375,2.02734375,0.0,27.162500000000023
2007-10-21 17:00:00+00:00,0.0,0.0,298.6875,26.9259033203125,2.609375,0.0,25.537500000000023
2007-10-21 18:00:00+00:00,0.0,0.0,298.171875,27.5048828125,1.09375,0.0,25.021875000000023
2007-10-21 19:00:00+00:00,0.0,4.359375,297.3125,29.864501953125,1.96875,4.359375,24.162500000000023
2007-10-21 20:00:00+00:00,0.046875,37.71875,296.1875,32.43817138671875,3.59375,37.765625,23.037500000000023
2007-10-21 21:00:00+00:00,1.6171875,116.6796875,292.203125,51.99639892578125,3.416015625,118.296875,19.053125000000023
2007-10-21 22:00:00+00:00,4.45703125,172.79296875,291.03125,58.48529052734375,2.630859375,177.25,17.881250000000023
2007-10-21 23:00:00+00:00,6.22265625,287.26171875,290.671875,59.34912109375,1.740234375,293.484375,17.521875000000023
2007-10-22 00:00:00+00:00,1.5390625,184.3359375,290.765625,58.4996337890625,1.869140625,185.875,17.615625000000023
2007-10-22 01:00:00+00:00,0.26171875,222.37890625,290.96875,58.2247314453125,2.697265625,222.640625,17.818750000000023
2007-10-22 02:00:00+00:00,0.3046875,224.5234375,290.265625,64.78155517578125,3.44140625,224.828125,17.115625000000023
2007-10-22 03:00:00+00:00,128.140625,390.9375,291.03125,66.19708251953125,4.0703125,519.078125,17.881250000000023
2007-10-22 04:00:00+00:00,13.4140625,175.3203125,290.4375,70.47515869140625,5.109375,188.734375,17.287500000000023
2007-10-22 05:00:00+00:00,0.0234375,115.1328125,289.109375,73.708984375,4.234375,115.15625,15.959375000000023
2007-10-22 06:00:00+00:00,0.0,86.5625,288.8125,73.34942626953125,3.21875,86.5625,15.662500000000023
2007-10-22 07:00:00+00:00,0.0,39.6875,288.78125,73.7454833984375,2.62890625,39.6875,15.631250000000023
2007-10-22 08:00:00+00:00,0.0,4.21875,288.484375,76.8673095703125,2.751953125,4.21875,15.334375000000023
2007-10-22 09:00:00+00:00,0.0,0.0,286.96875,88.1343994140625,2.984375,0.0,13.818750000000023
2007-10-22 10:00:00+00:00,0.0,0.0,286.625,88.26458740234375,2.806640625,0.0,13.475000000000023
2007-10-22 11:00:00+00:00,0.0,0.0,286.34375,88.8822021484375,3.306640625,0.0,13.193750000000023
2007-10-22 12:00:00+00:00,0.0,0.0,285.984375,88.11181640625,3.185546875,0.0,12.834375000000023
2007-10-22 13:00:00+00:00,0.0,0.0,285.578125,87.2830810546875,3.720703125,0.0,12.428125000000023
2007-10-22 14:00:00+00:00,0.0,0.0,285.296875,86.9061279296875,3.8046875,0.0,12.146875000000023
2007-10-22 15:00:00+00:00,0.0,0.0,285.03125,83.0208740234375,3.3046875,0.0,11.881250000000023
2007-10-22 16:00:00+00:00,0.0,0.0,284.9375,78.55328369140625,3.55859375,0.0,11.787500000000023
2007-10-22 17:00:00+00:00,0.0,0.0,284.796875,74.2689208984375,3.490234375,0.0,11.646875000000023
2007-10-22 18:00:00+00:00,0.0,0.0,284.515625,73.925537109375,3.501953125,0.0,11.365625000000023
2007-10-22 19:00:00+00:00,0.0234375,8.5078125,284.28125,73.3160400390625,3.201171875,8.53125,11.131250000000023
2007-10-22 20:00:00+00:00,16.421875,98.421875,284.109375,72.431640625,2.751953125,114.84375,10.959375000000023
2007-10-22 21:00:00+00:00,131.84765625,174.18359375,284.28125,71.34228515625,2.533203125,306.03125,11.131250000000023
2007-10-22 22:00:00+00:00,213.140625,208.875,284.75,67.3485107421875,3.103515625,422.015625,11.600000000000023
2007-10-22 23:00:00+00:00,57.33203125,202.02734375,285.421875,63.1468505859375,3.365234375,259.359375,12.271875000000023
2007-10-23 00:00:00+00:00,256.6015625,348.7890625,285.890625,59.87713623046875,3.279296875,605.390625,12.740625000000023
2007-10-23 01:00:00+00:00,494.515625,351.859375,286.53125,55.8997802734375,3.833984375,846.375,13.381250000000023
2007-10-23 02:00:00+00:00,123.86328125,344.74609375,287.15625,52.5257568359375,4.181640625,468.609375,14.006250000000023
2007-10-23 03:00:00+00:00,294.0625,427.9375,287.859375,52.31427001953125,4.48828125,722.0,14.709375000000023
2007-10-23 04:00:00+00:00,182.1015625,300.1328125,288.1875,51.2384033203125,4.93359375,482.234375,15.037500000000023
2007-10-23 05:00:00+00:00,344.2109375,210.2421875,288.1875,50.6810302734375,4.923828125,554.453125,15.037500000000023
2007-10-23 06:00:00+00:00,329.26171875,74.70703125,287.984375,51.6124267578125,4.95703125,403.96875,14.834375000000023
2007-10-23 07:00:00+00:00,153.3828125,38.4140625,287.609375,52.9637451171875,4.7265625,191.796875,14.459375000000023
2007-10-23 08:00:00+00:00,17.69140625,6.93359375,287.078125,54.3819580078125,4.3203125,24.625,13.928125000000023
2007-10-23 09:00:00+00:00,0.0,0.0,285.953125,60.1370849609375,3.759765625,0.0,12.803125000000023
2007-10-23 10:00:00+00:00,0.0,0.0,285.5625,61.9503173828125,3.6171875,0.0,12.412500000000023
2007-10-23 11:00:00+00:00,0.0,0.0,285.5,62.548583984375,3.5703125,0.0,12.350000000000023
2007-10-23 12:00:00+00:00,0.0,0.0,285.34375,64.195556640625,3.5546875,0.0,12.193750000000023
2007-10-23 13:00:00+00:00,0.0,0.0,285.140625,65.1993408203125,3.22265625,0.0,11.990625000000023
2007-10-23 14:00:00+00:00,0.0,0.0,284.96875,65.104248046875,2.845703125,0.0,11.818750000000023
2007-10-23 15:00:00+00:00,0.0,0.0,284.859375,63.30828857421875,2.833984375,0.0,11.709375000000023
2007-10-23 16:00:00+00:00,0.0,0.0,284.40625,67.90631103515625,2.91796875,0.0,11.256250000000023
2007-10-23 17:00:00+00:00,0.0,0.0,284.078125,71.30828857421875,2.751953125,0.0,10.928125000000023
2007-10-23 18:00:00+00:00,0.0,0.0,283.75,75.53411865234375,2.421875,0.0,10.600000000000023
2007-10-23 19:00:00+00:00,0.0,5.875,283.34375,81.11944580078125,2.203125,5.875,10.193750000000023
2007-10-23 20:00:00+00:00,5.96484375,83.36328125,283.28125,84.0206298828125,2.056640625,89.328125,10.131250000000023
2007-10-23 21:00:00+00:00,102.3671875,148.0234375,284.171875,70.69976806640625,2.1328125,250.390625,11.021875000000023
2007-10-23 22:00:00+00:00,32.34765625,179.10546875,284.640625,69.51123046875,2.4140625,211.453125,11.490625000000023
2007-10-23 23:00:00+00:00,59.1328125,413.5390625,285.046875,68.62237548828125,2.54296875,472.671875,11.896875000000023
2007-10-24 00:00:00+00:00,241.890625,380.578125,285.8125,66.1083984375,2.9140625,622.46875,12.662500000000023
2007-10-24 01:00:00+00:00,223.6328125,413.9609375,286.71875,64.14056396484375,3.30859375,637.59375,13.568750000000023
2007-10-24 02:00:00+00:00,430.5625,387.0625,287.6875,61.54962158203125,3.48046875,817.625,14.537500000000023
2007-10-24 03:00:00+00:00,708.453125,167.046875,289.234375,56.00445556640625,3.78515625,875.5,16.084375000000023
2007-10-24 04:00:00+00:00,656.48046875,109.05078125,290.140625,52.1302490234375,4.177734375,765.53125,16.990625000000023
2007-10-24 05:00:00+00:00,544.65625,74.328125,290.734375,49.3275146484375,4.775390625,618.984375,17.584375000000023
2007-10-24 06:00:00+00:00,362.0390625,53.5234375,290.625,50.31646728515625,5.244140625,415.5625,17.475000000000023
2007-10-24 07:00:00+00:00,159.09765625,32.83984375,290.21875,51.708984375,4.984375,191.9375,17.068750000000023
2007-10-24 08:00:00+00:00,20.796875,4.65625,289.578125,53.4990234375,4.84375,25.453125,16.428125000000023
2007-10-24 09:00:00+00:00,0.0,0.0,288.078125,61.2264404296875,4.65625,0.0,14.928125000000023
2007-10-24 10:00:00+00:00,0.0,0.0,287.21875,63.59942626953125,4.048828125,0.0,14.068750000000023
2007-10-24 11:00:00+00:00,0.0,0.0,286.5625,66.57080078125,3.89453125,0.0,13.412500000000023
2007-10-24 12:00:00+00:00,0.0,0.0,286.09375,71.57818603515625,3.0703125,0.0,12.943750000000023
2007-10-24 13:00:00+00:00,0.0,0.0,285.703125,75.37957763671875,2.837890625,0.0,12.553125000000023
2007-10-24 14:00:00+00:00,0.0,0.0,285.421875,76.9923095703125,2.638671875,0.0,12.271875000000023
2007-10-24 15:00:00+00:00,0.0,0.0,285.296875,78.6953125,2.3359375,0.0,12.146875000000023
2007-10-24 16:00:00+00:00,0.0,0.0,285.03125,80.689453125,2.125,0.0,11.881250000000023
2007-10-24 17:00:00+00:00,0.0,0.0,284.65625,83.074462890625,2.138671875,0.0,11.506250000000023
2007-10-24 18:00:00+00:00,0.0,0.0,284.390625,84.91552734375,2.279296875,0.0,11.240625000000023
2007-10-24 19:00:00+00:00,0.1328125,9.5546875,284.296875,85.7357177734375,2.205078125,9.6875,11.146875000000023
2007-10-24 20:00:00+00:00,3.2578125,80.6796875,284.234375,85.82330322265625,2.14453125,83.9375,11.084375000000023
2007-10-24 21:00:00+00:00,4.203125,155.328125,284.421875,85.7972412109375,1.552734375,159.53125,11.271875000000023
2007-10-24 22:00:00+00:00,57.1796875,302.5703125,284.953125,82.91546630859375,1.84765625,359.75,11.803125000000023
2007-10-24 23:00:00+00:00,172.19921875,357.17578125,285.796875,77.63836669921875,1.8125,529.375,12.646875000000023
2007-10-25 00:00:00+00:00,56.171875,183.40625,286.8125,72.98162841796875,1.783203125,239.578125,13.662500000000023
2007-10-25 01:00:00+00:00,191.8125,488.03125,287.484375,70.56793212890625,2.21484375,679.84375,14.334375000000023
2007-10-25 02:00:00+00:00,104.47265625,444.18359375,288.40625,67.21282958984375,2.912109375,548.65625,15.256250000000023
2007-10-25 03:00:00+00:00,1.41796875,147.87890625,287.625,70.912353515625,2.828125,149.296875,14.475000000000023
2007-10-25 04:00:00+00:00,11.4375,240.671875,287.890625,69.64837646484375,2.97265625,252.109375,14.740625000000023
2007-10-25 05:00:00+00:00,38.28515625,263.37109375,288.1875,68.3084716796875,3.775390625,301.65625,15.037500000000023
2007-10-25 06:00:00+00:00,4.3671875,119.9921875,288.484375,66.51202392578125,4.15625,124.359375,15.334375000000023
2007-10-25 07:00:00+00:00,1.2890625,92.4609375,288.578125,65.69866943359375,4.166015625,93.75,15.428125000000023
2007-10-25 08:00:00+00:00,0.125,11.8125,288.359375,66.416748046875,3.828125,11.9375,15.209375000000023
2007-10-25 09:00:00+00:00,0.0,0.0,286.3125,78.616943359375,3.19140625,0.0,13.162500000000023
2007-10-25 10:00:00+00:00,0.0,0.0,285.828125,82.42205810546875,2.994140625,0.0,12.678125000000023
2007-10-25 11:00:00+00:00,0.0,0.0,285.40625,86.16546630859375,3.0625,0.0,12.256250000000023
2007-10-25 12:00:00+00:00,0.0,0.0,285.09375,87.89349365234375,3.0703125,0.0,11.943750000000023
2007-10-25 13:00:00+00:00,0.0,0.0,284.890625,88.0931396484375,2.5859375,0.0,11.740625000000023
2007-10-25 14:00:00+00:00,0.0,0.0,284.875,86.922119140625,2.189453125,0.0,11.725000000000023
2007-10-25 15:00:00+00:00,0.0,0.0,284.796875,88.254638671875,2.486328125,0.0,11.646875000000023
2007-10-25 16:00:00+00:00,0.0,0.0,284.703125,88.72979736328125,2.244140625,0.0,11.553125000000023
2007-10-25 17:00:00+00:00,0.0,0.0,284.640625,88.9307861328125,2.0625,0.0,11.490625000000023
2007-10-25 18:00:00+00:00,0.0,0.0,284.59375,89.1700439453125,2.060546875,0.0,11.443750000000023
2007-10-25 19:00:00+00:00,0.0,7.6875,284.609375,89.078857421875,1.798828125,7.6875,11.459375000000023
2007-10-25 20:00:00+00:00,0.23046875,61.34765625,284.65625,88.53961181640625,1.69140625,61.578125,11.506250000000023
2007-10-25 21:00:00+00:00,0.12890625,87.43359375,285.078125,88.82293701171875,2.06640625,87.5625,11.928125000000023
2007-10-25 22:00:00+00:00,9.41796875,235.09765625,285.234375,89.04241943359375,1.9375,244.515625,12.084375000000023
2007-10-25 23:00:00+00:00,92.60546875,300.20703125,285.8125,86.3538818359375,1.826171875,392.8125,12.662500000000023
2007-10-26 00:00:00+00:00,153.48828125,382.05859375,286.609375,82.90863037109375,1.326171875,535.546875,13.459375000000023
2007-10-26 01:00:00+00:00,395.1953125,232.1796875,287.671875,78.0859375,1.10546875,627.375,14.521875000000023
2007-10-26 02:00:00+00:00,620.65625,259.953125,288.859375,73.703125,1.109375,880.609375,15.709375000000023
2007-10-26 03:00:00+00:00,450.5703125,281.0546875,290.15625,70.6278076171875,1.75,731.625,17.006250000000023
2007-10-26 04:00:00+00:00,208.47265625,305.49609375,291.46875,65.6025390625,2.15234375,513.96875,18.318750000000023
2007-10-26 05:00:00+00:00,173.2109375,223.0859375,292.1875,62.27081298828125,2.71875,396.296875,19.037500000000023
2007-10-26 06:00:00+00:00,228.41015625,136.55859375,292.546875,60.689697265625,2.990234375,364.96875,19.396875000000023
2007-10-26 07:00:00+00:00,123.88671875,52.89453125,292.84375,60.34710693359375,3.052734375,176.78125,19.693750000000023
2007-10-26 08:00:00+00:00,21.19921875,7.23828125,292.53125,62.474365234375,3.1640625,28.4375,19.381250000000023
2007-10-26 09:00:00+00:00,0.0,0.0,290.390625,75.399169921875,2.322265625,0.0,17.240625000000023
2007-10-26 10:00:00+00:00,0.0,0.0,290.171875,77.51934814453125,1.89453125,0.0,17.021875000000023
2007-10-26 11:00:00+00:00,0.0,0.0,289.875,79.69036865234375,1.7890625,0.0,16.725000000000023
2007-10-26 12:00:00+00:00,0.0,0.0,289.5625,81.46868896484375,1.318359375,0.0,16.412500000000023
2007-10-26 13:00:00+00:00,0.0,0.0,289.328125,82.57879638671875,1.150390625,0.0,16.178125000000023
2007-10-26 14:00:00+00:00,0.0,0.0,288.90625,84.70208740234375,1.166015625,0.0,15.756250000000023
2007-10-26 15:00:00+00:00,0.0,0.0,288.65625,84.3477783203125,0.5625,0.0,15.506250000000023
2007-10-26 16:00:00+00:00,0.0,0.0,288.34375,85.73382568359375,0.6015625,0.0,15.193750000000023
2007-10-26 17:00:00+00:00,0.0,0.0,288.0,87.51641845703125,0.17578125,0.0,14.850000000000023
2007-10-26 18:00:00+00:00,0.0,0.0,287.6875,89.73858642578125,0.849609375,0.0,14.537500000000023
2007-10-26 19:00:00+00:00,4.11328125,12.85546875,287.515625,91.27227783203125,1.103515625,16.96875,14.365625000000023
2007-10-26 20:00:00+00:00,105.73046875,65.42578125,287.5,91.0888671875,1.30078125,171.15625,14.350000000000023
2007-10-26 21:00:00+00:00,292.03125,88.84375,288.03125,84.56463623046875,1.52734375,380.875,14.881250000000023
2007-10-26 22:00:00+00:00,450.546875,120.84375,289.96875,73.4832763671875,1.875,571.390625,16.818750000000023
2007-10-26 23:00:00+00:00,632.8203125,120.8984375,293.078125,59.5302734375,2.826171875,753.71875,19.928125000000023
2007-10-27 00:00:00+00:00,795.46484375,99.50390625,296.3125,41.452392578125,4.220703125,894.96875,23.162500000000023
2007-10-27 01:00:00+00:00,844.34765625,101.65234375,298.25,32.50811767578125,4.7890625,946.0,25.100000000000023
2007-10-27 02:00:00+00:00,868.078125,93.25,299.734375,28.64471435546875,5.037109375,961.328125,26.584375000000023
2007-10-27 03:00:00+00:00,820.4765625,87.4296875,301.34375,25.741455078125,4.748046875,907.90625,28.193750000000023
2007-10-27 04:00:00+00:00,383.60546875,148.50390625,302.34375,23.76239013671875,4.798828125,532.109375,29.193750000000023
2007-10-27 05:00:00+00:00,155.23828125,226.23046875,302.796875,22.3006591796875,4.71875,381.46875,29.646875000000023
2007-10-27 06:00:00+00:00,259.6875,115.375,302.921875,21.369140625,4.9453125,375.0625,29.771875000000023
2007-10-27 07:00:00+00:00,87.8515625,60.7109375,302.953125,21.046875,5.326171875,148.5625,29.803125000000023
2007-10-27 08:00:00+00:00,15.89453125,13.43359375,302.59375,20.9788818359375,5.375,29.328125,29.443750000000023
2007-10-27 09:00:00+00:00,0.0,0.0,301.421875,28.41943359375,4.92578125,0.0,28.271875000000023
2007-10-27 10:00:00+00:00,0.0,0.0,300.390625,29.8743896484375,5.06640625,0.0,27.240625000000023
2007-10-27 11:00:00+00:00,0.0,0.0,299.25,32.5694580078125,5.33984375,0.0,26.100000000000023
2007-10-27 12:00:00+00:00,0.0,0.0,298.28125,33.65045166015625,5.51953125,0.0,25.131250000000023
2007-10-27 13:00:00+00:00,0.0,0.0,297.59375,34.317626953125,5.73046875,0.0,24.443750000000023
2007-10-27 14:00:00+00:00,0.0,0.0,297.21875,33.39892578125,5.826171875,0.0,24.068750000000023
2007-10-27 15:00:00+00:00,0.0,0.0,296.8125,31.03363037109375,5.21484375,0.0,23.662500000000023
2007-10-27 16:00:00+00:00,0.0,0.0,296.703125,31.11407470703125,5.775390625,0.0,23.553125000000023
2007-10-27 17:00:00+00:00,0.0,0.0,296.71875,30.21044921875,6.392578125,0.0,23.568750000000023
2007-10-27 18:00:00+00:00,0.0,0.0,296.875,27.88995361328125,7.296875,0.0,23.725000000000023
2007-10-27 19:00:00+00:00,0.0,9.359375,296.6875,27.9344482421875,6.662109375,9.359375,23.537500000000023
2007-10-27 20:00:00+00:00,20.50390625,103.15234375,296.59375,28.08209228515625,5.697265625,123.65625,23.443750000000023
2007-10-27 21:00:00+00:00,15.390625,155.40625,296.15625,30.66314697265625,6.689453125,170.796875,23.006250000000023
2007-10-27 22:00:00+00:00,0.765625,7.453125,295.703125,33.05450439453125,7.48828125,8.21875,22.553125000000023
2007-10-27 23:00:00+00:00,131.31640625,407.33984375,293.59375,53.66888427734375,6.525390625,538.65625,20.443750000000023
2007-10-28 00:00:00+00:00,620.8515625,236.8359375,294.125,51.64288330078125,6.404296875,857.6875,20.975000000000023
2007-10-28 01:00:00+00:00,671.2265625,209.8515625,296.90625,39.8651123046875,7.189453125,881.078125,23.756250000000023
2007-10-28 02:00:00+00:00,716.6953125,189.2890625,297.8125,40.47772216796875,7.513671875,905.984375,24.662500000000023
2007-10-28 03:00:00+00:00,520.68359375,224.80078125,298.609375,41.86761474609375,8.212890625,745.484375,25.459375000000023
2007-10-28 04:00:00+00:00,333.1328125,73.8203125,298.03125,48.438720703125,8.181640625,406.953125,24.881250000000023
2007-10-28 05:00:00+00:00,349.23828125,139.16796875,297.65625,49.89093017578125,7.18359375,488.40625,24.506250000000023
2007-10-28 06:00:00+00:00,279.1015625,103.9609375,298.703125,39.48846435546875,6.05078125,383.0625,25.553125000000023
2007-10-28 07:00:00+00:00,109.55859375,51.45703125,300.953125,22.32440185546875,6.673828125,161.015625,27.803125000000023
2007-10-28 08:00:00+00:00,10.77734375,15.42578125,300.484375,16.4639892578125,6.466796875,26.203125,27.334375000000023
2007-10-28 09:00:00+00:00,0.0,0.0,298.296875,17.14251708984375,5.984375,0.0,25.146875000000023
2007-10-28 10:00:00+00:00,0.0,0.0,295.46875,21.5157470703125,5.255859375,0.0,22.318750000000023
2007-10-28 11:00:00+00:00,0.0,0.0,292.734375,37.10626220703125,3.544921875,0.0,19.584375000000023
2007-10-28 12:00:00+00:00,0.0,0.0,292.25,35.1873779296875,4.1328125,0.0,19.100000000000023
2007-10-28 13:00:00+00:00,0.0,0.0,289.984375,41.80908203125,5.080078125,0.0,16.834375000000023
2007-10-28 14:00:00+00:00,0.0,0.0,289.25,44.6107177734375,2.546875,0.0,16.100000000000023
2007-10-28 15:00:00+00:00,0.0,0.0,288.640625,44.507080078125,1.9765625,0.0,15.490625000000023
2007-10-28 16:00:00+00:00,0.0,0.0,288.828125,42.171630859375,2.693359375,0.0,15.678125000000023
2007-10-28 17:00:00+00:00,0.0,0.0,289.09375,38.7996826171875,3.1640625,0.0,15.943750000000023
2007-10-28 18:00:00+00:00,0.0,0.0,288.484375,33.39178466796875,4.162109375,0.0,15.334375000000023
2007-10-28 19:00:00+00:00,5.859375,15.34375,286.921875,41.24237060546875,4.421875,21.203125,13.771875000000023
2007-10-28 20:00:00+00:00,111.25,69.46875,286.046875,49.15423583984375,4.533203125,180.71875,12.896875000000023
2007-10-28 21:00:00+00:00,311.57421875,91.19140625,285.140625,53.60675048828125,4.708984375,402.765625,11.990625000000023
2007-10-28 22:00:00+00:00,522.5546875,96.2578125,286.03125,49.4366455078125,4.77734375,618.8125,12.881250000000023
2007-10-28 23:00:00+00:00,607.5078125,112.7421875,287.703125,38.8797607421875,4.892578125,720.25,14.553125000000023
2007-10-29 00:00:00+00:00,706.3828125,183.6640625,289.46875,29.61419677734375,4.78125,890.046875,16.318750000000023
2007-10-29 01:00:00+00:00,520.6015625,339.9140625,291.234375,25.8978271484375,5.8203125,860.515625,18.084375000000023
2007-10-29 02:00:00+00:00,113.47265625,317.82421875,292.5,24.900634765625,5.98046875,431.296875,19.350000000000023
2007-10-29 03:00:00+00:00,22.4921875,302.1171875,292.84375,26.10797119140625,6.59765625,324.609375,19.693750000000023
2007-10-29 04:00:00+00:00,6.609375,230.84375,293.171875,25.34979248046875,6.5859375,237.453125,20.021875000000023
2007-10-29 05:00:00+00:00,76.3125,309.015625,293.046875,27.62603759765625,7.01953125,385.328125,19.896875000000023
2007-10-29 06:00:00+00:00,47.9375,227.53125,292.828125,30.264892578125,7.064453125,275.46875,19.678125000000023
2007-10-29 07:00:00+00:00,12.0234375,55.6171875,292.75,31.36578369140625,6.400390625,67.640625,19.600000000000023
2007-10-29 08:00:00+00:00,4.4375,9.953125,292.25,32.73126220703125,6.357421875,14.390625,19.100000000000023
2007-10-29 09:00:00+00:00,0.0,0.0,293.25,28.39404296875,5.57421875,0.0,20.100000000000023
2007-10-29 10:00:00+00:00,0.0,0.0,292.90625,29.30206298828125,5.16015625,0.0,19.756250000000023
2007-10-29 11:00:00+00:00,0.0,0.0,291.671875,35.2359619140625,3.099609375,0.0,18.521875000000023
2007-10-29 12:00:00+00:00,0.0,0.0,289.515625,48.76251220703125,3.744140625,0.0,16.365625000000023
2007-10-29 13:00:00+00:00,0.0,0.0,288.828125,51.02825927734375,3.46484375,0.0,15.678125000000023
2007-10-29 14:00:00+00:00,0.0,0.0,288.71875,49.0208740234375,2.744140625,0.0,15.568750000000023
2007-10-29 15:00:00+00:00,0.0,0.0,288.53125,47.4857177734375,2.408203125,0.0,15.381250000000023
2007-10-29 16:00:00+00:00,0.0,0.0,288.1875,48.05950927734375,2.787109375,0.0,15.037500000000023
2007-10-29 17:00:00+00:00,0.0,0.0,287.625,51.19915771484375,2.654296875,0.0,14.475000000000023
2007-10-29 18:00:00+00:00,0.0,0.0,287.125,53.46630859375,2.669921875,0.0,13.975000000000023
2007-10-29 19:00:00+00:00,7.59765625,15.49609375,286.4375,56.40460205078125,2.78125,23.09375,13.287500000000023
2007-10-29 20:00:00+00:00,127.73046875,64.55078125,285.765625,60.3292236328125,2.787109375,192.28125,12.615625000000023
2007-10-29 21:00:00+00:00,327.515625,82.765625,285.40625,56.49468994140625,3.439453125,410.28125,12.256250000000023
2007-10-29 22:00:00+00:00,526.69921875,90.14453125,286.59375,54.47125244140625,3.53125,616.84375,13.443750000000023
2007-10-29 23:00:00+00:00,620.79296875,136.89453125,288.796875,47.281005859375,3.779296875,757.6875,15.646875000000023
2007-10-30 00:00:00+00:00,677.69140625,147.21484375,290.625,37.86199951171875,3.857421875,824.90625,17.475000000000023
2007-10-30 01:00:00+00:00,438.19140625,254.71484375,292.234375,32.87530517578125,4.166015625,692.90625,19.084375000000023
2007-10-30 02:00:00+00:00,189.53125,431.9375,293.453125,31.52178955078125,4.953125,621.46875,20.303125000000023
2007-10-30 03:00:00+00:00,17.82421875,329.67578125,293.96875,32.10943603515625,5.26953125,347.5,20.818750000000023
2007-10-30 04:00:00+00:00,38.74609375,317.80078125,294.3125,30.7685546875,5.162109375,356.546875,21.162500000000023
2007-10-30 05:00:00+00:00,5.328125,72.5,294.609375,30.0142822265625,4.689453125,77.828125,21.459375000000023
2007-10-30 06:00:00+00:00,2.6015625,114.3671875,294.4375,30.5155029296875,4.400390625,116.96875,21.287500000000023
2007-10-30 07:00:00+00:00,7.9921875,91.4921875,293.859375,33.23480224609375,3.67578125,99.484375,20.709375000000023
2007-10-30 08:00:00+00:00,0.1875,22.390625,290.78125,52.8309326171875,4.328125,22.578125,17.631250000000023
2007-10-30 09:00:00+00:00,0.0,0.0,289.890625,57.21337890625,3.705078125,0.0,16.740625000000023
2007-10-30 10:00:00+00:00,0.0,0.0,289.28125,59.44317626953125,3.365234375,0.0,16.131250000000023
2007-10-30 11:00:00+00:00,0.0,0.0,288.5625,62.4947509765625,2.67578125,0.0,15.412500000000023
2007-10-30 12:00:00+00:00,0.0,0.0,287.890625,65.15972900390625,2.392578125,0.0,14.740625000000023
2007-10-30 13:00:00+00:00,0.0,0.0,287.640625,65.0589599609375,1.880859375,0.0,14.490625000000023
2007-10-30 14:00:00+00:00,0.0,0.0,287.65625,63.67327880859375,1.40625,0.0,14.506250000000023
2007-10-30 15:00:00+00:00,0.0,0.0,287.6875,63.6790771484375,1.197265625,0.0,14.537500000000023
2007-10-30 16:00:00+00:00,0.0,0.0,287.609375,63.0140380859375,0.921875,0.0,14.459375000000023
2007-10-30 17:00:00+00:00,0.0,0.0,287.46875,63.021484375,0.9765625,0.0,14.318750000000023
2007-10-30 18:00:00+00:00,0.0,0.0,287.234375,63.787841796875,1.013671875,0.0,14.084375000000023
2007-10-30 19:00:00+00:00,1.84375,18.875,286.859375,65.1363525390625,0.4765625,20.71875,13.709375000000023
2007-10-30 20:00:00+00:00,6.29296875,87.91015625,286.625,66.42474365234375,0.576171875,94.203125,13.475000000000023
2007-10-30 21:00:00+00:00,91.484375,215.75,286.46875,65.86962890625,0.66015625,307.234375,13.318750000000023
2007-10-30 22:00:00+00:00,47.5625,265.6875,286.984375,63.0133056640625,0.89453125,313.25,13.834375000000023
2007-10-30 23:00:00+00:00,113.83984375,376.94140625,287.453125,61.0809326171875,0.7890625,490.78125,14.303125000000023
2007-10-31 00:00:00+00:00,179.6953125,441.4453125,287.96875,59.7857666015625,1.1875,621.140625,14.818750000000023
2007-10-31 01:00:00+00:00,106.5,348.265625,288.578125,57.85162353515625,1.0078125,454.765625,15.428125000000023
2007-10-31 02:00:00+00:00,206.15234375,481.89453125,289.578125,54.20648193359375,1.373046875,688.046875,16.428125000000023
2007-10-31 03:00:00+00:00,495.640625,249.28125,291.546875,47.26263427734375,2.123046875,744.921875,18.396875000000023
2007-10-31 04:00:00+00:00,595.77734375,167.14453125,292.625,42.40740966796875,2.392578125,762.921875,19.475000000000023
2007-10-31 05:00:00+00:00,208.90625,171.859375,293.5625,39.7430419921875,2.966796875,380.765625,20.412500000000023
2007-10-31 06:00:00+00:00,18.51953125,128.54296875,293.8125,39.22479248046875,3.310546875,147.0625,20.662500000000023
2007-10-31 07:00:00+00:00,0.09765625,27.74609375,293.6875,39.69482421875,3.12890625,27.84375,20.537500000000023
2007-10-31 08:00:00+00:00,7.25,10.46875,293.0625,43.1685791015625,3.298828125,17.71875,19.912500000000023
2007-10-31 09:00:00+00:00,0.0,0.0,291.140625,50.70855712890625,3.83984375,0.0,17.990625000000023
2007-10-31 10:00:00+00:00,0.0,0.0,290.109375,52.9732666015625,4.09375,0.0,16.959375000000023
2007-10-31 11:00:00+00:00,0.0,0.0,289.0625,58.47784423828125,3.689453125,0.0,15.912500000000023
2007-10-31 12:00:00+00:00,0.0,0.0,288.375,63.48626708984375,3.001953125,0.0,15.225000000000023
2007-10-31 13:00:00+00:00,0.0,0.0,287.71875,70.49761962890625,2.4921875,0.0,14.568750000000023
2007-10-31 14:00:00+00:00,0.0,0.0,287.09375,77.16241455078125,1.962890625,0.0,13.943750000000023
2007-10-31 15:00:00+00:00,0.0,0.0,286.328125,81.7418212890625,1.318359375,0.0,13.178125000000023
2007-10-31 16:00:00+00:00,0.0,0.0,286.015625,84.16851806640625,0.939453125,0.0,12.865625000000023
2007-10-31 17:00:00+00:00,0.0,0.0,285.796875,85.7198486328125,0.46484375,0.0,12.646875000000023
2007-10-31 18:00:00+00:00,0.0,0.0,285.8125,85.6170654296875,0.392578125,0.0,12.662500000000023
2007-10-31 19:00:00+00:00,2.25,19.546875,285.71875,83.9320068359375,0.6015625,21.796875,12.568750000000023
2007-10-31 20:00:00+00:00,65.46484375,98.80078125,285.484375,82.14111328125,1.0390625,164.265625,12.334375000000023
2007-10-31 21:00:00+00:00,253.75390625,130.90234375,285.984375,75.80426025390625,1.158203125,384.65625,12.834375000000023
2007-10-31 22:00:00+00:00,246.88671875,239.19140625,286.578125,72.38232421875,0.71875,486.078125,13.428125000000023
2007-10-31 23:00:00+00:00,329.078125,325.703125,287.609375,67.83282470703125,0.7265625,654.78125,14.459375000000023
2007-11-01 00:00:00+00:00,459.59375,338.09375,289.59375,60.2005615234375,1.09375,797.6875,16.443750000000023
2007-11-01 01:00:00+00:00,136.390625,383.59375,292.828125,50.2559814453125,1.046875,519.984375,19.678125000000023
2007-11-01 02:00:00+00:00,518.8515625,374.4921875,294.875,43.0732421875,0.89453125,893.34375,21.725000000000023
2007-11-01 03:00:00+00:00,4.88671875,117.00390625,298.28125,31.673828125,2.81640625,121.890625,25.131250000000023
2007-11-01 04:00:00+00:00,10.51171875,297.70703125,297.6875,35.1302490234375,1.953125,308.21875,24.537500000000023
2007-11-01 05:00:00+00:00,130.8203125,303.1015625,297.71875,33.86712646484375,0.978515625,433.921875,24.568750000000023
2007-11-01 06:00:00+00:00,21.46875,121.8125,297.875,33.0770263671875,0.64453125,143.28125,24.725000000000023
2007-11-01 07:00:00+00:00,9.0078125,115.0078125,298.34375,31.12554931640625,0.62890625,124.015625,25.193750000000023
2007-11-01 08:00:00+00:00,0.265625,22.859375,297.84375,32.8031005859375,1.494140625,23.125,24.693750000000023
2007-11-01 09:00:00+00:00,0.0,0.0,293.71875,53.20361328125,2.9921875,0.0,20.568750000000023
2007-11-01 10:00:00+00:00,0.0,0.0,292.515625,62.278564453125,2.865234375,0.0,19.365625000000023
2007-11-01 11:00:00+00:00,0.0,0.0,291.59375,70.7979736328125,3.0234375,0.0,18.443750000000023
2007-11-01 12:00:00+00:00,0.0,0.0,290.78125,76.49658203125,2.7109375,0.0,17.631250000000023
2007-11-01 13:00:00+00:00,0.0,0.0,289.625,84.97381591796875,2.490234375,0.0,16.475000000000023
2007-11-01 14:00:00+00:00,0.0,0.0,289.15625,90.4996337890625,1.69140625,0.0,16.006250000000023
2007-11-01 15:00:00+00:00,0.0,0.0,288.171875,91.9129638671875,2.037109375,0.0,15.021875000000023
2007-11-01 16:00:00+00:00,0.0,0.0,288.15625,92.1026611328125,1.560546875,0.0,15.006250000000023
2007-11-01 17:00:00+00:00,0.0,0.0,288.125,91.537109375,1.189453125,0.0,14.975000000000023
2007-11-01 18:00:00+00:00,0.0,0.0,287.90625,93.36346435546875,1.884765625,0.0,14.756250000000023
2007-11-01 19:00:00+00:00,0.0,7.71875,287.59375,96.1171875,1.6796875,7.71875,14.443750000000023
2007-11-01 20:00:00+00:00,11.4765625,77.6171875,287.53125,96.42938232421875,1.4375,89.09375,14.381250000000023
2007-11-01 21:00:00+00:00,3.05859375,138.12890625,287.15625,96.11395263671875,1.705078125,141.1875,14.006250000000023
2007-11-01 22:00:00+00:00,0.25390625,68.66796875,287.390625,94.28314208984375,1.83203125,68.921875,14.240625000000023
2007-11-01 23:00:00+00:00,0.26953125,192.33984375,287.53125,92.73388671875,2.078125,192.609375,14.381250000000023
2007-11-02 00:00:00+00:00,156.53125,429.578125,287.75,90.76324462890625,2.08984375,586.109375,14.600000000000023
2007-11-02 01:00:00+00:00,135.71875,371.25,288.453125,86.5443115234375,1.978515625,506.96875,15.303125000000023
2007-11-02 02:00:00+00:00,660.4296875,293.7578125,289.234375,80.83404541015625,1.732421875,954.1875,16.084375000000023
2007-11-02 03:00:00+00:00,582.234375,212.0,290.953125,64.80999755859375,2.599609375,794.234375,17.803125000000023
2007-11-02 04:00:00+00:00,681.6953125,121.1171875,291.96875,58.73553466796875,3.0078125,802.8125,18.818750000000023
2007-11-02 05:00:00+00:00,182.92578125,130.23046875,292.78125,54.83447265625,3.626953125,313.15625,19.631250000000023
2007-11-02 06:00:00+00:00,41.08984375,208.37890625,292.96875,53.91259765625,4.203125,249.46875,19.818750000000023
2007-11-02 07:00:00+00:00,3.265625,75.40625,292.96875,54.88153076171875,3.9609375,78.671875,19.818750000000023
2007-11-02 08:00:00+00:00,0.09765625,26.99609375,292.375,57.2625732421875,4.19921875,27.09375,19.225000000000023
2007-11-02 09:00:00+00:00,0.0,0.0,290.90625,60.9366455078125,4.22265625,0.0,17.756250000000023
2007-11-02 10:00:00+00:00,0.0,0.0,289.671875,65.4862060546875,3.970703125,0.0,16.521875000000023
2007-11-02 11:00:00+00:00,0.0,0.0,288.59375,71.0947265625,3.55078125,0.0,15.443750000000023
2007-11-02 12:00:00+00:00,0.0,0.0,287.96875,73.84918212890625,3.287109375,0.0,14.818750000000023
2007-11-02 13:00:00+00:00,0.0,0.0,287.5,76.67364501953125,3.087890625,0.0,14.350000000000023
2007-11-02 14:00:00+00:00,0.0,0.0,287.0625,77.934814453125,3.376953125,0.0,13.912500000000023
2007-11-02 15:00:00+00:00,0.0,0.0,287.328125,82.6923828125,2.79296875,0.0,14.178125000000023
2007-11-02 16:00:00+00:00,0.0,0.0,286.953125,82.9638671875,3.50390625,0.0,13.803125000000023
2007-11-02 17:00:00+00:00,0.0,0.0,286.671875,83.14837646484375,3.07421875,0.0,13.521875000000023
2007-11-02 18:00:00+00:00,0.0,0.0,286.4375,84.1044921875,2.669921875,0.0,13.287500000000023
2007-11-02 19:00:00+00:00,0.0,4.015625,286.21875,84.59814453125,2.462890625,4.015625,13.068750000000023
2007-11-02 20:00:00+00:00,0.0,23.0625,286.0625,87.23504638671875,1.537109375,23.0625,12.912500000000023
2007-11-02 21:00:00+00:00,0.0,45.578125,286.28125,85.88330078125,2.068359375,45.578125,13.131250000000023
2007-11-02 22:00:00+00:00,0.0,92.859375,286.359375,88.96868896484375,1.341796875,92.859375,13.209375000000023
2007-11-02 23:00:00+00:00,38.35546875,350.31640625,286.46875,90.67144775390625,0.62890625,388.671875,13.318750000000023
2007-11-03 00:00:00+00:00,12.2265625,304.9921875,286.96875,88.4620361328125,0.50390625,317.21875,13.818750000000023
2007-11-03 01:00:00+00:00,29.6640625,302.1484375,287.734375,85.02899169921875,0.908203125,331.8125,14.584375000000023
2007-11-03 02:00:00+00:00,76.2421875,417.4765625,288.484375,80.557373046875,0.951171875,493.71875,15.334375000000023
2007-11-03 03:00:00+00:00,312.0078125,418.1171875,290.6875,67.91796875,0.623046875,730.125,17.537500000000023
2007-11-03 04:00:00+00:00,632.28125,159.46875,291.765625,62.794921875,0.962890625,791.75,18.615625000000023
2007-11-03 05:00:00+00:00,274.6796875,75.1328125,293.765625,55.2919921875,1.62109375,349.8125,20.615625000000023
2007-11-03 06:00:00+00:00,131.5078125,64.3046875,294.84375,52.967041015625,3.19140625,195.8125,21.693750000000023
2007-11-03 07:00:00+00:00,11.5078125,19.8984375,293.3125,64.94378662109375,3.009765625,31.40625,20.162500000000023
2007-11-03 08:00:00+00:00,2.0546875,12.3984375,292.359375,71.44775390625,3.580078125,14.453125,19.209375000000023
2007-11-03 09:00:00+00:00,0.0,0.0,292.796875,69.54010009765625,3.828125,0.0,19.646875000000023
2007-11-03 10:00:00+00:00,0.0,0.0,291.34375,74.409912109375,4.4296875,0.0,18.193750000000023
2007-11-03 11:00:00+00:00,0.0,0.0,289.75,83.2506103515625,3.7890625,0.0,16.600000000000023
2007-11-03 12:00:00+00:00,0.0,0.0,288.859375,87.241455078125,3.89453125,0.0,15.709375000000023
2007-11-03 13:00:00+00:00,0.0,0.0,288.40625,88.16046142578125,4.419921875,0.0,15.256250000000023
2007-11-03 14:00:00+00:00,0.0,0.0,288.171875,87.70452880859375,5.146484375,0.0,15.021875000000023
2007-11-03 15:00:00+00:00,0.0,0.0,288.171875,87.28515625,3.904296875,0.0,15.021875000000023
2007-11-03 16:00:00+00:00,0.0,0.0,287.890625,86.6724853515625,3.451171875,0.0,14.740625000000023
2007-11-03 17:00:00+00:00,0.0,0.0,287.71875,87.2047119140625,2.904296875,0.0,14.568750000000023
2007-11-03 18:00:00+00:00,0.0,0.0,287.390625,88.6243896484375,2.37890625,0.0,14.240625000000023
2007-11-03 19:00:00+00:00,6.33203125,16.19921875,287.28125,89.39019775390625,2.1015625,22.53125,14.131250000000023
2007-11-03 20:00:00+00:00,24.546875,96.125,287.1875,88.3875732421875,2.46484375,120.671875,14.037500000000023
2007-11-03 21:00:00+00:00,0.0,58.609375,286.375,90.03857421875,4.224609375,58.609375,13.225000000000023
2007-11-03 22:00:00+00:00,0.0,36.390625,285.703125,87.64788818359375,4.654296875,36.390625,12.553125000000023
2007-11-03 23:00:00+00:00,0.0,55.46875,285.65625,86.87750244140625,4.92578125,55.46875,12.506250000000023
2007-11-04 00:00:00+00:00,0.75390625,78.19921875,285.984375,86.684814453125,6.3046875,78.953125,12.834375000000023
2007-11-04 01:00:00+00:00,3.13671875,313.30078125,286.015625,80.95172119140625,7.65625,316.4375,12.865625000000023
2007-11-04 02:00:00+00:00,0.640625,64.25,285.859375,81.39385986328125,7.869140625,64.890625,12.709375000000023
2007-11-04 03:00:00+00:00,0.01953125,40.37109375,285.265625,85.43927001953125,7.294921875,40.390625,12.115625000000023
2007-11-04 04:00:00+00:00,0.0,34.125,284.921875,86.3740234375,6.78125,34.125,11.771875000000023
2007-11-04 05:00:00+00:00,0.0,118.296875,284.828125,87.5364990234375,5.841796875,118.296875,11.678125000000023
2007-11-04 06:00:00+00:00,37.6171875,227.8046875,285.03125,87.684814453125,6.275390625,265.421875,11.881250000000023
2007-11-04 07:00:00+00:00,14.0546875,64.3984375,285.40625,78.7022705078125,6.677734375,78.453125,12.256250000000023
2007-11-04 08:00:00+00:00,1.94921875,22.34765625,285.5625,69.3746337890625,5.880859375,24.296875,12.412500000000023
2007-11-04 09:00:00+00:00,0.0,0.0,285.453125,68.4669189453125,5.150390625,0.0,12.303125000000023
2007-11-04 10:00:00+00:00,0.0,0.0,285.15625,67.67523193359375,4.48046875,0.0,12.006250000000023
2007-11-04 11:00:00+00:00,0.0,0.0,284.703125,68.7930908203125,3.927734375,0.0,11.553125000000023
2007-11-04 12:00:00+00:00,0.0,0.0,284.265625,70.7244873046875,3.685546875,0.0,11.115625000000023
2007-11-04 13:00:00+00:00,0.0,0.0,283.890625,72.45062255859375,3.25,0.0,10.740625000000023
2007-11-04 14:00:00+00:00,0.0,0.0,283.578125,74.0335693359375,2.955078125,0.0,10.428125000000023
2007-11-04 15:00:00+00:00,0.0,0.0,283.359375,77.4755859375,3.251953125,0.0,10.209375000000023
2007-11-04 16:00:00+00:00,0.0,0.0,283.140625,78.9541015625,3.216796875,0.0,9.990625000000023
2007-11-04 17:00:00+00:00,0.0,0.0,283.09375,79.402099609375,3.05078125,0.0,9.943750000000023
2007-11-04 18:00:00+00:00,0.0,0.0,282.90625,78.13568115234375,3.306640625,0.0,9.756250000000023
2007-11-04 19:00:00+00:00,14.38671875,20.47265625,282.5625,75.611572265625,3.125,34.859375,9.412500000000023
2007-11-04 20:00:00+00:00,151.65234375,67.44140625,282.296875,74.24139404296875,3.12109375,219.09375,9.146875000000023
2007-11-04 21:00:00+00:00,354.640625,85.390625,282.8125,72.1995849609375,3.1640625,440.03125,9.662500000000023
2007-11-04 22:00:00+00:00,531.4453125,105.3359375,284.140625,65.4754638671875,4.0078125,636.78125,10.990625000000023
2007-11-04 23:00:00+00:00,645.9296875,119.1328125,286.03125,54.07763671875,4.732421875,765.0625,12.881250000000023
2007-11-05 00:00:00+00:00,521.859375,255.359375,287.59375,45.79132080078125,5.009765625,777.21875,14.443750000000023
2007-11-05 01:00:00+00:00,225.00390625,285.87109375,288.578125,42.73101806640625,5.14453125,510.875,15.428125000000023
2007-11-05 02:00:00+00:00,107.7109375,262.6171875,289.0,41.591796875,4.974609375,370.328125,15.850000000000023
2007-11-05 03:00:00+00:00,377.2265625,385.3515625,290.359375,39.9864501953125,5.388671875,762.578125,17.209375000000023
2007-11-05 04:00:00+00:00,392.5078125,294.3359375,290.96875,39.513671875,5.30078125,686.84375,17.818750000000023
2007-11-05 05:00:00+00:00,441.16796875,173.87890625,291.390625,37.552001953125,5.45703125,615.046875,18.240625000000023
2007-11-05 06:00:00+00:00,274.81640625,108.54296875,291.421875,37.85504150390625,5.755859375,383.359375,18.271875000000023
2007-11-05 07:00:00+00:00,81.53515625,70.55859375,290.828125,40.566162109375,5.8359375,152.09375,17.678125000000023
2007-11-05 08:00:00+00:00,19.05078125,15.91796875,289.96875,42.90032958984375,5.6328125,34.96875,16.818750000000023
2007-11-05 09:00:00+00:00,0.0,0.0,288.984375,47.741943359375,5.79296875,0.0,15.834375000000023
2007-11-05 10:00:00+00:00,0.0,0.0,287.71875,52.73486328125,6.005859375,0.0,14.568750000000023
2007-11-05 11:00:00+00:00,0.0,0.0,286.765625,56.1134033203125,5.642578125,0.0,13.615625000000023
2007-11-05 12:00:00+00:00,0.0,0.0,285.828125,61.72381591796875,5.40234375,0.0,12.678125000000023
2007-11-05 13:00:00+00:00,0.0,0.0,285.078125,65.8399658203125,4.88671875,0.0,11.928125000000023
2007-11-05 14:00:00+00:00,0.0,0.0,284.515625,69.1944580078125,4.291015625,0.0,11.365625000000023
2007-11-05 15:00:00+00:00,0.0,0.0,283.5625,80.007080078125,4.18359375,0.0,10.412500000000023
2007-11-05 16:00:00+00:00,0.0,0.0,283.34375,82.90142822265625,3.646484375,0.0,10.193750000000023
2007-11-05 17:00:00+00:00,0.0,0.0,283.25,84.03955078125,3.205078125,0.0,10.100000000000023
2007-11-05 18:00:00+00:00,0.0,0.0,283.09375,85.36474609375,2.876953125,0.0,9.943750000000023
2007-11-05 19:00:00+00:00,15.32421875,20.78515625,282.90625,86.543701171875,2.640625,36.109375,9.756250000000023
2007-11-05 20:00:00+00:00,152.90234375,66.92578125,282.890625,86.99237060546875,2.369140625,219.828125,9.740625000000023
2007-11-05 21:00:00+00:00,352.5234375,85.9296875,282.859375,85.39642333984375,0.833984375,438.453125,9.709375000000023
2007-11-05 22:00:00+00:00,539.0703125,99.1328125,283.578125,81.7724609375,0.853515625,638.203125,10.428125000000023
2007-11-05 23:00:00+00:00,727.5859375,92.2890625,284.734375,75.57470703125,0.927734375,819.875,11.584375000000023
2007-11-06 00:00:00+00:00,862.78515625,85.43359375,286.5,66.44140625,1.330078125,948.21875,13.350000000000023
2007-11-06 01:00:00+00:00,903.875,92.46875,288.4375,55.80303955078125,1.21484375,996.34375,15.287500000000023
2007-11-06 02:00:00+00:00,886.23046875,85.83203125,290.125,46.222412109375,0.791015625,972.0625,16.975000000000023
2007-11-06 03:00:00+00:00,657.59765625,214.93359375,291.578125,42.25506591796875,1.2890625,872.53125,18.428125000000023
2007-11-06 04:00:00+00:00,262.0,287.265625,294.53125,33.45916748046875,2.935546875,549.265625,21.381250000000023
2007-11-06 05:00:00+00:00,412.9921875,170.8203125,295.28125,33.25909423828125,4.56640625,583.8125,22.131250000000023
2007-11-06 06:00:00+00:00,258.06640625,85.99609375,295.1875,33.570068359375,5.48828125,344.0625,22.037500000000023
2007-11-06 07:00:00+00:00,189.28125,52.703125,294.21875,37.9737548828125,6.025390625,241.984375,21.068750000000023
2007-11-06 08:00:00+00:00,51.42578125,2.60546875,293.109375,42.1328125,6.0234375,54.03125,19.959375000000023
2007-11-06 09:00:00+00:00,0.0,0.0,291.5,49.8529052734375,6.37109375,0.0,18.350000000000023
2007-11-06 10:00:00+00:00,0.0,0.0,289.859375,56.62567138671875,6.103515625,0.0,16.709375000000023
2007-11-06 11:00:00+00:00,0.0,0.0,288.515625,62.98248291015625,5.703125,0.0,15.365625000000023
2007-11-06 12:00:00+00:00,0.0,0.0,287.4375,68.880126953125,5.169921875,0.0,14.287500000000023
2007-11-06 13:00:00+00:00,0.0,0.0,286.78125,72.71392822265625,4.71875,0.0,13.631250000000023
2007-11-06 14:00:00+00:00,0.0,0.0,286.296875,75.39288330078125,4.10546875,0.0,13.146875000000023
2007-11-06 15:00:00+00:00,0.0,0.0,285.84375,77.23748779296875,3.662109375,0.0,12.693750000000023
2007-11-06 16:00:00+00:00,0.0,0.0,285.40625,79.42523193359375,2.994140625,0.0,12.256250000000023
2007-11-06 17:00:00+00:00,0.0,0.0,285.0625,80.69232177734375,2.513671875,0.0,11.912500000000023
2007-11-06 18:00:00+00:00,0.0,0.0,284.71875,82.04815673828125,1.890625,0.0,11.568750000000023
2007-11-06 19:00:00+00:00,15.68359375,21.05078125,284.375,83.53741455078125,1.6640625,36.734375,11.225000000000023
2007-11-06 20:00:00+00:00,152.79296875,66.44140625,284.15625,84.51226806640625,1.603515625,219.234375,11.006250000000023
2007-11-06 21:00:00+00:00,341.15625,88.765625,284.546875,81.06976318359375,1.455078125,429.921875,11.396875000000023
2007-11-06 22:00:00+00:00,548.9140625,91.4765625,285.65625,74.64996337890625,1.634765625,640.390625,12.506250000000023
2007-11-06 23:00:00+00:00,724.078125,89.34375,286.984375,67.5709228515625,1.509765625,813.421875,13.834375000000023
2007-11-07 00:00:00+00:00,855.09375,86.640625,288.46875,59.98138427734375,1.224609375,941.734375,15.318750000000023
2007-11-07 01:00:00+00:00,929.609375,80.21875,290.078125,52.57867431640625,0.865234375,1009.828125,16.928125000000023
2007-11-07 02:00:00+00:00,698.8984375,133.7421875,291.3125,47.01715087890625,0.728515625,832.640625,18.162500000000023
2007-11-07 03:00:00+00:00,526.484375,262.578125,295.671875,28.5201416015625,3.2265625,789.0625,22.521875000000023
2007-11-07 04:00:00+00:00,284.390625,188.296875,296.71875,25.7423095703125,4.73046875,472.6875,23.568750000000023
2007-11-07 05:00:00+00:00,191.84375,269.40625,296.390625,27.354248046875,6.001953125,461.25,23.240625000000023
2007-11-07 06:00:00+00:00,377.19140625,97.71484375,295.46875,32.68145751953125,6.26171875,474.90625,22.318750000000023
2007-11-07 07:00:00+00:00,234.4375,22.125,294.625,38.0439453125,5.857421875,256.5625,21.475000000000023
2007-11-07 08:00:00+00:00,52.70703125,1.38671875,293.59375,40.51226806640625,5.75,54.09375,20.443750000000023
2007-11-07 09:00:00+00:00,0.0,0.0,291.734375,48.64617919921875,5.76953125,0.0,18.584375000000023
2007-11-07 10:00:00+00:00,0.0,0.0,290.140625,54.4537353515625,5.294921875,0.0,16.990625000000023
2007-11-07 11:00:00+00:00,0.0,0.0,288.703125,60.579345703125,4.939453125,0.0,15.553125000000023
2007-11-07 12:00:00+00:00,0.0,0.0,287.65625,65.263916015625,4.291015625,0.0,14.506250000000023
2007-11-07 13:00:00+00:00,0.0,0.0,286.921875,68.54095458984375,3.759765625,0.0,13.771875000000023
2007-11-07 14:00:00+00:00,0.0,0.0,286.3125,71.16241455078125,3.26953125,0.0,13.162500000000023
2007-11-07 15:00:00+00:00,0.0,0.0,285.75,73.85272216796875,2.3203125,0.0,12.600000000000023
2007-11-07 16:00:00+00:00,0.0,0.0,285.34375,76.0777587890625,1.912109375,0.0,12.193750000000023
2007-11-07 17:00:00+00:00,0.0,0.0,284.953125,78.14178466796875,1.658203125,0.0,11.803125000000023
2007-11-07 18:00:00+00:00,0.0,0.0,284.640625,79.78326416015625,1.326171875,0.0,11.490625000000023
2007-11-07 19:00:00+00:00,13.7265625,21.0546875,284.265625,81.9482421875,0.806640625,34.78125,11.115625000000023
2007-11-07 20:00:00+00:00,151.77734375,69.23828125,284.25,82.67999267578125,0.720703125,221.015625,11.100000000000023
2007-11-07 21:00:00+00:00,340.578125,91.8125,284.40625,82.67108154296875,1.13671875,432.390625,11.256250000000023
2007-11-07 22:00:00+00:00,530.203125,105.8125,285.015625,79.95989990234375,1.19140625,636.015625,11.865625000000023
2007-11-07 23:00:00+00:00,714.6953125,98.5234375,285.765625,76.5423583984375,0.962890625,813.21875,12.615625000000023
2007-11-08 00:00:00+00:00,847.05859375,94.83203125,286.875,71.7242431640625,0.751953125,941.890625,13.725000000000023
2007-11-08 01:00:00+00:00,909.25,95.59375,288.609375,63.830322265625,0.5625,1004.84375,15.459375000000023
2007-11-08 02:00:00+00:00,925.80078125,86.98046875,290.34375,55.3675537109375,0.189453125,1012.78125,17.193750000000023
2007-11-08 03:00:00+00:00,889.40234375,69.97265625,293.078125,45.37115478515625,1.546875,959.375,19.928125000000023
2007-11-08 04:00:00+00:00,787.33203125,57.91796875,295.71875,33.69940185546875,2.50390625,845.25,22.568750000000023
2007-11-08 05:00:00+00:00,430.84375,126.625,297.1875,27.55169677734375,3.12109375,557.46875,24.037500000000023
2007-11-08 06:00:00+00:00,165.98046875,163.12890625,297.53125,27.0361328125,3.14453125,329.109375,24.381250000000023
2007-11-08 07:00:00+00:00,100.6875,101.625,297.34375,28.3594970703125,3.826171875,202.3125,24.193750000000023
2007-11-08 08:00:00+00:00,40.90625,9.578125,296.359375,32.0126953125,4.40234375,50.484375,23.209375000000023
2007-11-08 09:00:00+00:00,0.0,0.0,294.953125,36.7100830078125,5.150390625,0.0,21.803125000000023
2007-11-08 10:00:00+00:00,0.0,0.0,293.234375,41.41448974609375,5.048828125,0.0,20.084375000000023
2007-11-08 11:00:00+00:00,0.0,0.0,291.625,45.864990234375,4.33203125,0.0,18.475000000000023
2007-11-08 12:00:00+00:00,0.0,0.0,290.453125,49.49932861328125,3.650390625,0.0,17.303125000000023
2007-11-08 13:00:00+00:00,0.0,0.0,289.453125,53.51275634765625,3.044921875,0.0,16.303125000000023
2007-11-08 14:00:00+00:00,0.0,0.0,288.75,57.1717529296875,2.375,0.0,15.600000000000023
2007-11-08 15:00:00+00:00,0.0,0.0,287.59375,61.373779296875,1.37109375,0.0,14.443750000000023
2007-11-08 16:00:00+00:00,0.0,0.0,287.125,63.88446044921875,0.91015625,0.0,13.975000000000023
2007-11-08 17:00:00+00:00,0.0,0.0,286.75,66.0830078125,0.53515625,0.0,13.600000000000023
2007-11-08 18:00:00+00:00,0.0,0.0,286.46875,67.927734375,0.4609375,0.0,13.318750000000023
2007-11-08 19:00:00+00:00,17.390625,22.484375,286.359375,69.73028564453125,1.20703125,39.875,13.209375000000023
2007-11-08 20:00:00+00:00,149.24609375,70.97265625,285.921875,74.1953125,1.517578125,220.21875,12.771875000000023
2007-11-08 21:00:00+00:00,352.06640625,86.49609375,286.21875,72.32073974609375,0.876953125,438.5625,13.068750000000023
2007-11-08 22:00:00+00:00,548.8125,93.65625,287.421875,67.2147216796875,0.91015625,642.46875,14.271875000000023
2007-11-08 23:00:00+00:00,689.45703125,107.57421875,289.484375,58.5888671875,1.474609375,797.03125,16.334375000000023
2007-11-09 00:00:00+00:00,840.625,100.109375,292.9375,45.0465087890625,2.470703125,940.734375,19.787500000000023
2007-11-09 01:00:00+00:00,878.13671875,87.08203125,295.5,34.79656982421875,2.728515625,965.21875,22.350000000000023
2007-11-09 02:00:00+00:00,849.328125,116.609375,296.5625,31.54302978515625,2.12109375,965.9375,23.412500000000023
2007-11-09 03:00:00+00:00,448.1796875,208.3984375,297.703125,26.27325439453125,2.166015625,656.578125,24.553125000000023
2007-11-09 04:00:00+00:00,75.82421875,62.14453125,298.359375,27.66864013671875,3.11328125,137.96875,25.209375000000023
2007-11-09 05:00:00+00:00,1.32421875,43.66015625,296.609375,34.9124755859375,3.0859375,44.984375,23.459375000000023
2007-11-09 06:00:00+00:00,298.84765625,151.57421875,296.359375,35.25958251953125,2.60546875,450.421875,23.209375000000023
2007-11-09 07:00:00+00:00,182.875,54.421875,296.390625,35.754638671875,2.09765625,237.296875,23.240625000000023
2007-11-09 08:00:00+00:00,45.7265625,9.8046875,296.359375,36.53411865234375,2.341796875,55.53125,23.209375000000023
2007-11-09 09:00:00+00:00,0.0,0.0,296.25,36.41351318359375,2.341796875,0.0,23.100000000000023
2007-11-09 10:00:00+00:00,0.0,0.0,295.9375,38.17755126953125,2.07421875,0.0,22.787500000000023
2007-11-09 11:00:00+00:00,0.0,0.0,295.34375,41.14019775390625,1.783203125,0.0,22.193750000000023
2007-11-09 12:00:00+00:00,0.0,0.0,294.5625,45.0611572265625,1.19140625,0.0,21.412500000000023
2007-11-09 13:00:00+00:00,0.0,0.0,293.765625,49.37713623046875,0.837890625,0.0,20.615625000000023
2007-11-09 14:00:00+00:00,0.0,0.0,292.921875,53.9508056640625,1.458984375,0.0,19.771875000000023
2007-11-09 15:00:00+00:00,0.0,0.0,292.234375,53.5006103515625,0.51953125,0.0,19.084375000000023
2007-11-09 16:00:00+00:00,0.0,0.0,291.34375,57.9576416015625,0.66796875,0.0,18.193750000000023
2007-11-09 17:00:00+00:00,0.0,0.0,290.578125,64.21820068359375,0.763671875,0.0,17.428125000000023
2007-11-09 18:00:00+00:00,0.0,0.0,289.625,72.1741943359375,0.53515625,0.0,16.475000000000023
2007-11-09 19:00:00+00:00,17.39453125,23.51171875,288.78125,76.97259521484375,0.33203125,40.90625,15.631250000000023
2007-11-09 20:00:00+00:00,155.4765625,69.9765625,289.171875,70.00518798828125,0.935546875,225.453125,16.021875000000023
2007-11-09 21:00:00+00:00,353.07421875,89.33203125,290.234375,51.76483154296875,1.2578125,442.40625,17.084375000000023
2007-11-09 22:00:00+00:00,539.8984375,103.3203125,290.921875,50.5806884765625,1.173828125,643.21875,17.771875000000023
2007-11-09 23:00:00+00:00,690.7265625,119.4765625,292.65625,46.91107177734375,1.52734375,810.203125,19.506250000000023
2007-11-10 00:00:00+00:00,823.8359375,116.5859375,294.421875,41.31170654296875,1.3046875,940.421875,21.271875000000023
2007-11-10 01:00:00+00:00,921.21484375,94.67578125,295.6875,36.980224609375,1.326171875,1015.890625,22.537500000000023
2007-11-10 02:00:00+00:00,916.7578125,99.0859375,297.078125,32.95733642578125,1.814453125,1015.84375,23.928125000000023
2007-11-10 03:00:00+00:00,889.5078125,73.1484375,298.421875,31.9495849609375,3.146484375,962.65625,25.271875000000023
2007-11-10 04:00:00+00:00,443.9765625,112.5234375,299.125,28.06585693359375,3.078125,556.5,25.975000000000023
2007-11-10 05:00:00+00:00,231.49609375,224.26953125,299.15625,29.74932861328125,2.814453125,455.765625,26.006250000000023
2007-11-10 06:00:00+00:00,49.265625,52.1875,298.265625,35.58343505859375,3.357421875,101.453125,25.115625000000023
2007-11-10 07:00:00+00:00,178.0390625,78.2734375,297.75,36.54150390625,3.599609375,256.3125,24.600000000000023
2007-11-10 08:00:00+00:00,55.30078125,5.01171875,297.3125,34.86712646484375,3.869140625,60.3125,24.162500000000023
2007-11-10 09:00:00+00:00,0.0,0.0,296.15625,26.16571044921875,3.4375,0.0,23.006250000000023
2007-11-10 10:00:00+00:00,0.0,0.0,295.109375,25.427734375,2.595703125,0.0,21.959375000000023
2007-11-10 11:00:00+00:00,0.0,0.0,293.890625,31.45941162109375,2.470703125,0.0,20.740625000000023
2007-11-10 12:00:00+00:00,0.0,0.0,292.65625,41.2098388671875,2.40234375,0.0,19.506250000000023
2007-11-10 13:00:00+00:00,0.0,0.0,291.359375,52.7431640625,2.115234375,0.0,18.209375000000023
2007-11-10 14:00:00+00:00,0.0,0.0,290.234375,61.51409912109375,1.6796875,0.0,17.084375000000023
2007-11-10 15:00:00+00:00,0.0,0.0,288.203125,85.960205078125,1.42578125,0.0,15.053125000000023
2007-11-10 16:00:00+00:00,0.0,0.0,287.84375,87.0076904296875,1.078125,0.0,14.693750000000023
2007-11-10 17:00:00+00:00,0.0,0.0,287.53125,86.7266845703125,1.01953125,0.0,14.381250000000023
2007-11-10 18:00:00+00:00,0.0,0.0,287.25,86.4285888671875,0.818359375,0.0,14.100000000000023
2007-11-10 19:00:00+00:00,20.65625,25.203125,286.890625,86.7244873046875,0.6015625,45.859375,13.740625000000023
2007-11-10 20:00:00+00:00,169.72265625,70.48046875,286.359375,88.84295654296875,0.220703125,240.203125,13.209375000000023
2007-11-10 21:00:00+00:00,373.41015625,87.05859375,286.890625,85.36065673828125,0.408203125,460.46875,13.740625000000023
2007-11-10 22:00:00+00:00,575.96875,92.59375,287.53125,81.69927978515625,1.46875,668.5625,14.381250000000023
2007-11-10 23:00:00+00:00,738.4453125,101.9453125,288.546875,71.19873046875,0.673828125,840.390625,15.396875000000023
2007-11-11 00:00:00+00:00,810.29296875,140.19140625,289.265625,65.7991943359375,0.365234375,950.484375,16.115625000000023
2007-11-11 01:00:00+00:00,793.40625,210.46875,290.84375,56.566162109375,0.625,1003.875,17.693750000000023
2007-11-11 02:00:00+00:00,750.28125,240.71875,293.125,42.47955322265625,0.755859375,991.0,19.975000000000023
2007-11-11 03:00:00+00:00,787.3515625,165.1640625,297.390625,19.272705078125,2.85546875,952.515625,24.240625000000023
2007-11-11 04:00:00+00:00,779.5078125,83.4921875,298.65625,13.97698974609375,3.51171875,863.0,25.506250000000023
2007-11-11 05:00:00+00:00,638.46484375,53.25390625,299.140625,13.10614013671875,3.865234375,691.71875,25.990625000000023
2007-11-11 06:00:00+00:00,442.90625,44.125,298.921875,14.13818359375,4.49609375,487.03125,25.771875000000023
2007-11-11 07:00:00+00:00,236.6328125,31.1171875,298.046875,17.98162841796875,4.9453125,267.75,24.896875000000023
2007-11-11 08:00:00+00:00,59.8046875,5.3828125,296.59375,25.16741943359375,4.572265625,65.1875,23.443750000000023
2007-11-11 09:00:00+00:00,0.0,0.0,295.125,23.70037841796875,3.890625,0.0,21.975000000000023
2007-11-11 10:00:00+00:00,0.0,0.0,293.703125,31.1785888671875,3.05859375,0.0,20.553125000000023
2007-11-11 11:00:00+00:00,0.0,0.0,292.140625,44.7081298828125,2.919921875,0.0,18.990625000000023
2007-11-11 12:00:00+00:00,0.0,0.0,290.21875,65.847412109375,3.271484375,0.0,17.068750000000023
2007-11-11 13:00:00+00:00,0.0,0.0,288.890625,76.412841796875,3.001953125,0.0,15.740625000000023
2007-11-11 14:00:00+00:00,0.0,0.0,288.171875,79.085693359375,2.8125,0.0,15.021875000000023
2007-11-11 15:00:00+00:00,0.0,0.0,287.828125,80.0404052734375,2.193359375,0.0,14.678125000000023
2007-11-11 16:00:00+00:00,0.0,0.0,287.609375,79.40765380859375,2.177734375,0.0,14.459375000000023
2007-11-11 17:00:00+00:00,0.0,0.0,287.40625,78.49896240234375,2.369140625,0.0,14.256250000000023
2007-11-11 18:00:00+00:00,0.0,0.0,287.234375,77.78485107421875,2.5859375,0.0,14.084375000000023
2007-11-11 19:00:00+00:00,0.01171875,23.05078125,287.15625,76.48065185546875,2.29296875,23.0625,14.006250000000023
2007-11-11 20:00:00+00:00,24.3828125,94.9921875,287.109375,75.27593994140625,2.017578125,119.375,13.959375000000023
2007-11-11 21:00:00+00:00,228.67578125,171.23046875,286.90625,70.775634765625,1.97265625,399.90625,13.756250000000023
2007-11-11 22:00:00+00:00,511.47265625,129.52734375,287.296875,66.4425048828125,1.818359375,641.0,14.146875000000023
2007-11-11 23:00:00+00:00,649.203125,156.421875,287.921875,62.71844482421875,1.65625,805.625,14.771875000000023
2007-11-12 00:00:00+00:00,861.30859375,107.70703125,288.84375,57.8392333984375,1.73046875,969.015625,15.693750000000023
2007-11-12 01:00:00+00:00,959.26171875,80.28515625,290.109375,51.804931640625,2.16796875,1039.546875,16.959375000000023
2007-11-12 02:00:00+00:00,974.296875,71.109375,291.703125,44.49481201171875,2.7578125,1045.40625,18.553125000000023
2007-11-12 03:00:00+00:00,923.97265625,61.26171875,292.59375,42.21697998046875,4.279296875,985.234375,19.443750000000023
2007-11-12 04:00:00+00:00,813.1875,52.25,293.140625,42.62286376953125,4.70703125,865.4375,19.990625000000023
2007-11-12 05:00:00+00:00,655.12890625,43.35546875,293.25,43.76776123046875,4.734375,698.484375,20.100000000000023
2007-11-12 06:00:00+00:00,462.74609375,33.92578125,293.125,45.61126708984375,4.71875,496.671875,19.975000000000023
2007-11-12 07:00:00+00:00,254.82421875,22.61328125,292.5,49.45050048828125,4.73046875,277.4375,19.350000000000023
2007-11-12 08:00:00+00:00,69.7109375,1.3359375,291.5,55.65130615234375,4.427734375,71.046875,18.350000000000023
2007-11-12 09:00:00+00:00,0.0,0.015625,290.53125,60.41925048828125,3.623046875,0.015625,17.381250000000023
2007-11-12 10:00:00+00:00,0.0,0.0,289.734375,64.5863037109375,3.310546875,0.0,16.584375000000023
2007-11-12 11:00:00+00:00,0.0,0.0,288.921875,69.54730224609375,3.353515625,0.0,15.771875000000023
2007-11-12 12:00:00+00:00,0.0,0.0,288.046875,74.48919677734375,3.00390625,0.0,14.896875000000023
2007-11-12 13:00:00+00:00,0.0,0.0,287.359375,78.42681884765625,2.666015625,0.0,14.209375000000023
2007-11-12 14:00:00+00:00,0.0,0.0,286.984375,79.73504638671875,2.2578125,0.0,13.834375000000023
2007-11-12 15:00:00+00:00,0.0,0.0,286.828125,81.421875,2.115234375,0.0,13.678125000000023
2007-11-12 16:00:00+00:00,0.0,0.0,286.640625,83.3543701171875,1.76953125,0.0,13.490625000000023
2007-11-12 17:00:00+00:00,0.0,0.0,286.546875,83.96673583984375,1.685546875,0.0,13.396875000000023
2007-11-12 18:00:00+00:00,0.0,0.0,286.484375,84.23565673828125,1.74609375,0.0,13.334375000000023
2007-11-12 19:00:00+00:00,0.01171875,18.76953125,286.328125,85.08740234375,1.8046875,18.78125,13.178125000000023
2007-11-12 20:00:00+00:00,13.6015625,116.4765625,286.21875,85.6527099609375,1.73046875,130.078125,13.068750000000023
2007-11-12 21:00:00+00:00,22.2890625,206.4140625,286.234375,84.48016357421875,1.5546875,228.703125,13.084375000000023
2007-11-12 22:00:00+00:00,138.6171875,313.8828125,286.5625,82.4954833984375,1.39453125,452.5,13.412500000000023
2007-11-12 23:00:00+00:00,304.43359375,332.89453125,287.203125,79.23089599609375,1.01171875,637.328125,14.053125000000023
2007-11-13 00:00:00+00:00,323.4765625,388.2890625,288.015625,74.5784912109375,0.712890625,711.765625,14.865625000000023
2007-11-13 01:00:00+00:00,571.87890625,271.38671875,289.25,68.624267578125,1.017578125,843.265625,16.100000000000023
2007-11-13 02:00:00+00:00,900.7421875,128.7890625,290.53125,64.376708984375,1.224609375,1029.53125,17.381250000000023
2007-11-13 03:00:00+00:00,907.76953125,64.88671875,292.765625,57.4798583984375,1.888671875,972.65625,19.615625000000023
2007-11-13 04:00:00+00:00,804.49609375,54.89453125,294.453125,50.89569091796875,2.197265625,859.390625,21.303125000000023
2007-11-13 05:00:00+00:00,646.5546875,44.1484375,295.796875,47.109619140625,2.6015625,690.703125,22.646875000000023
2007-11-13 06:00:00+00:00,454.70703125,35.08984375,296.671875,45.8643798828125,3.439453125,489.796875,23.521875000000023
2007-11-13 07:00:00+00:00,250.34375,24.015625,296.3125,48.7724609375,4.09375,274.359375,23.162500000000023
2007-11-13 08:00:00+00:00,69.83984375,2.53515625,295.015625,53.886474609375,4.21875,72.375,21.865625000000023
2007-11-13 09:00:00+00:00,0.0,0.0625,292.75,62.968017578125,3.796875,0.0625,19.600000000000023
2007-11-13 10:00:00+00:00,0.0,0.0,291.828125,65.9996337890625,2.8515625,0.0,18.678125000000023
2007-11-13 11:00:00+00:00,0.0,0.0,291.359375,67.04052734375,1.787109375,0.0,18.209375000000023
2007-11-13 12:00:00+00:00,0.0,0.0,290.6875,69.7796630859375,1.189453125,0.0,17.537500000000023
2007-11-13 13:00:00+00:00,0.0,0.0,290.265625,71.79052734375,1.28515625,0.0,17.115625000000023
2007-11-13 14:00:00+00:00,0.0,0.0,289.8125,73.892333984375,1.193359375,0.0,16.662500000000023
2007-11-13 15:00:00+00:00,0.0,0.0,289.28125,79.17236328125,0.65625,0.0,16.131250000000023
2007-11-13 16:00:00+00:00,0.0,0.0,288.78125,81.77349853515625,0.724609375,0.0,15.631250000000023
2007-11-13 17:00:00+00:00,0.0,0.0,288.28125,84.45587158203125,1.080078125,0.0,15.131250000000023
2007-11-13 18:00:00+00:00,0.0,0.0,287.703125,87.720703125,1.087890625,0.0,14.553125000000023
2007-11-13 19:00:00+00:00,16.90625,27.46875,287.1875,90.8587646484375,0.783203125,44.375,14.037500000000023
2007-11-13 20:00:00+00:00,94.30859375,97.75390625,286.828125,93.4119873046875,1.162109375,192.0625,13.678125000000023
2007-11-13 21:00:00+00:00,213.2890625,154.6796875,287.53125,90.67572021484375,1.7109375,367.96875,14.381250000000023
2007-11-13 22:00:00+00:00,359.15625,230.5625,287.453125,90.7119140625,1.388671875,589.71875,14.303125000000023
2007-11-13 23:00:00+00:00,167.1484375,308.6171875,288.03125,87.255126953125,1.748046875,475.765625,14.881250000000023
2007-11-14 00:00:00+00:00,177.50390625,452.68359375,288.484375,84.47906494140625,2.544921875,630.1875,15.334375000000023
2007-11-14 01:00:00+00:00,269.953125,457.0,289.234375,77.6484375,2.99609375,726.953125,16.084375000000023
2007-11-14 02:00:00+00:00,251.3359375,419.3046875,290.03125,73.38885498046875,2.65234375,670.640625,16.881250000000023
2007-11-14 03:00:00+00:00,523.15625,361.28125,290.390625,71.07470703125,1.94140625,884.4375,17.240625000000023
2007-11-14 04:00:00+00:00,687.62890625,152.77734375,292.265625,60.9063720703125,1.861328125,840.40625,19.115625000000023
2007-11-14 05:00:00+00:00,565.21875,101.890625,294.171875,50.63421630859375,2.564453125,667.109375,21.021875000000023
2007-11-14 06:00:00+00:00,415.75,65.59375,295.203125,45.18121337890625,3.205078125,481.34375,22.053125000000023
2007-11-14 07:00:00+00:00,232.5625,37.125,294.859375,46.2918701171875,4.078125,269.6875,21.709375000000023
2007-11-14 08:00:00+00:00,60.171875,9.875,293.4375,52.34637451171875,4.390625,70.046875,20.287500000000023
2007-11-14 09:00:00+00:00,0.0,0.125,290.859375,64.22650146484375,3.8359375,0.125,17.709375000000023
2007-11-14 10:00:00+00:00,0.0,0.0,289.96875,67.2392578125,3.138671875,0.0,16.818750000000023
2007-11-14 11:00:00+00:00,0.0,0.0,289.25,68.93023681640625,2.60546875,0.0,16.100000000000023
2007-11-14 12:00:00+00:00,0.0,0.0,288.6875,69.9259033203125,2.18359375,0.0,15.537500000000023
2007-11-14 13:00:00+00:00,0.0,0.0,288.15625,71.752197265625,2.05078125,0.0,15.006250000000023
2007-11-14 14:00:00+00:00,0.0,0.0,287.65625,74.034423828125,1.69140625,0.0,14.506250000000023
2007-11-14 15:00:00+00:00,0.0,0.0,287.484375,72.102294921875,1.501953125,0.0,14.334375000000023
2007-11-14 16:00:00+00:00,0.0,0.0,287.09375,74.558349609375,1.5625,0.0,13.943750000000023
2007-11-14 17:00:00+00:00,0.0,0.0,286.75,77.28143310546875,1.564453125,0.0,13.600000000000023
2007-11-14 18:00:00+00:00,0.0,0.0,286.515625,79.3800048828125,1.515625,0.0,13.365625000000023
2007-11-14 19:00:00+00:00,2.96875,27.765625,286.234375,81.30889892578125,1.4140625,30.734375,13.084375000000023
2007-11-14 20:00:00+00:00,14.10546875,98.61328125,286.0625,82.308349609375,1.349609375,112.71875,12.912500000000023
2007-11-14 21:00:00+00:00,184.0390625,179.3984375,286.296875,80.5830078125,1.373046875,363.4375,13.146875000000023
2007-11-14 22:00:00+00:00,88.125,269.8125,286.90625,78.69354248046875,1.13671875,357.9375,13.756250000000023
2007-11-14 23:00:00+00:00,312.9296875,365.7265625,287.40625,76.754150390625,0.8828125,678.65625,14.256250000000023
2007-11-15 00:00:00+00:00,409.171875,354.953125,288.21875,73.2794189453125,0.857421875,764.125,15.068750000000023
2007-11-15 01:00:00+00:00,849.48828125,183.41796875,289.453125,68.61676025390625,1.1484375,1032.90625,16.303125000000023
2007-11-15 02:00:00+00:00,895.546875,135.234375,291.609375,60.5875244140625,2.3671875,1030.78125,18.459375000000023
2007-11-15 03:00:00+00:00,895.62109375,98.11328125,294.65625,47.760009765625,1.888671875,993.734375,21.506250000000023
2007-11-15 04:00:00+00:00,824.0546875,64.7265625,296.296875,41.7952880859375,2.4609375,888.78125,23.146875000000023
2007-11-15 05:00:00+00:00,675.45703125,45.15234375,297.4375,36.36102294921875,3.3828125,720.609375,24.287500000000023
2007-11-15 06:00:00+00:00,480.0703125,35.3046875,297.71875,33.95098876953125,3.78515625,515.375,24.568750000000023
2007-11-15 07:00:00+00:00,265.8984375,25.7890625,297.453125,33.06915283203125,3.82421875,291.6875,24.303125000000023
2007-11-15 08:00:00+00:00,73.40625,6.21875,296.859375,34.4351806640625,3.546875,79.625,23.709375000000023
2007-11-15 09:00:00+00:00,0.0234375,0.1796875,295.671875,37.81134033203125,3.267578125,0.203125,22.521875000000023
2007-11-15 10:00:00+00:00,0.0,0.0,294.671875,38.78131103515625,2.837890625,0.0,21.521875000000023
2007-11-15 11:00:00+00:00,0.0,0.0,293.484375,43.53216552734375,2.189453125,0.0,20.334375000000023
2007-11-15 12:00:00+00:00,0.0,0.0,292.8125,45.649658203125,1.791015625,0.0,19.662500000000023
2007-11-15 13:00:00+00:00,0.0,0.0,292.234375,48.33428955078125,1.39453125,0.0,19.084375000000023
2007-11-15 14:00:00+00:00,0.0,0.0,291.578125,52.23114013671875,1.0390625,0.0,18.428125000000023
2007-11-15 15:00:00+00:00,0.0,0.0,290.546875,57.9176025390625,0.994140625,0.0,17.396875000000023
2007-11-15 16:00:00+00:00,0.0,0.0,289.984375,61.30926513671875,0.853515625,0.0,16.834375000000023
2007-11-15 17:00:00+00:00,0.0,0.0,289.484375,64.26708984375,1.07421875,0.0,16.334375000000023
2007-11-15 18:00:00+00:00,0.0,0.0,288.9375,67.92230224609375,0.9375,0.0,15.787500000000023
2007-11-15 19:00:00+00:00,19.75,28.921875,288.421875,71.33245849609375,0.6640625,48.671875,15.271875000000023
2007-11-15 20:00:00+00:00,159.69140625,78.65234375,288.234375,72.6324462890625,0.4765625,238.34375,15.084375000000023
2007-11-15 21:00:00+00:00,356.44140625,98.79296875,288.4375,69.9720458984375,0.6875,455.234375,15.287500000000023
2007-11-15 22:00:00+00:00,553.3203125,106.9296875,289.359375,65.33074951171875,0.822265625,660.25,16.209375000000023
2007-11-15 23:00:00+00:00,721.875,109.46875,290.421875,60.2742919921875,0.44140625,831.34375,17.271875000000023
2007-11-16 00:00:00+00:00,846.83984375,108.84765625,292.15625,53.6285400390625,0.484375,955.6875,19.006250000000023
2007-11-16 01:00:00+00:00,915.15234375,104.97265625,293.75,50.706787109375,0.087890625,1020.125,20.600000000000023
2007-11-16 02:00:00+00:00,924.5,98.828125,296.046875,46.161865234375,0.365234375,1023.328125,22.896875000000023
2007-11-16 03:00:00+00:00,877.765625,88.359375,301.53125,34.58453369140625,2.189453125,966.125,28.381250000000023
2007-11-16 04:00:00+00:00,770.4609375,77.3671875,304.203125,29.21343994140625,2.55078125,847.828125,31.053125000000023
2007-11-16 05:00:00+00:00,412.39453125,125.24609375,306.140625,21.552001953125,2.263671875,537.640625,32.99062500000002
2007-11-16 06:00:00+00:00,238.91796875,55.33203125,306.71875,19.5341796875,2.322265625,294.25,33.56875000000002
2007-11-16 07:00:00+00:00,176.203125,57.203125,306.515625,19.91668701171875,2.55078125,233.40625,33.36562500000002
2007-11-16 08:00:00+00:00,46.9140625,12.4921875,306.765625,18.83795166015625,3.16015625,59.40625,33.61562500000002
2007-11-16 09:00:00+00:00,0.0078125,0.2890625,304.90625,28.0745849609375,4.294921875,0.296875,31.756250000000023
2007-11-16 10:00:00+00:00,0.0,0.0,303.53125,33.49444580078125,4.013671875,0.0,30.381250000000023
2007-11-16 11:00:00+00:00,0.0,0.0,302.796875,35.3338623046875,2.9453125,0.0,29.646875000000023
2007-11-16 12:00:00+00:00,0.0,0.0,302.578125,35.804931640625,0.876953125,0.0,29.428125000000023
2007-11-16 13:00:00+00:00,0.0,0.0,299.859375,43.369873046875,3.041015625,0.0,26.709375000000023
2007-11-16 14:00:00+00:00,0.0,0.0,296.171875,57.41845703125,2.28125,0.0,23.021875000000023
2007-11-16 15:00:00+00:00,0.0,0.0,295.171875,55.2320556640625,2.181640625,0.0,22.021875000000023
2007-11-16 16:00:00+00:00,0.0,0.0,295.640625,50.6029052734375,1.873046875,0.0,22.490625000000023
2007-11-16 17:00:00+00:00,0.0,0.0,296.125,46.85821533203125,2.767578125,0.0,22.975000000000023
2007-11-16 18:00:00+00:00,0.0,0.0,296.0625,45.97412109375,1.953125,0.0,22.912500000000023
2007-11-16 19:00:00+00:00,9.01953125,25.08984375,296.703125,42.2783203125,2.140625,34.109375,23.553125000000023
2007-11-16 20:00:00+00:00,23.125,82.453125,298.296875,28.04388427734375,3.46484375,105.578125,25.146875000000023
2007-11-16 21:00:00+00:00,27.75,221.6875,297.8125,24.48211669921875,2.44921875,249.4375,24.662500000000023
2007-11-16 22:00:00+00:00,464.5546875,189.6796875,298.75,22.99786376953125,1.916015625,654.234375,25.600000000000023
2007-11-16 23:00:00+00:00,699.52734375,121.44140625,296.421875,40.121337890625,4.36328125,820.96875,23.271875000000023
2007-11-17 00:00:00+00:00,801.90625,132.34375,295.734375,49.761962890625,3.56640625,934.25,22.584375000000023
2007-11-17 01:00:00+00:00,806.82421875,174.01953125,296.3125,49.4598388671875,2.669921875,980.84375,23.162500000000023
2007-11-17 02:00:00+00:00,834.765625,154.03125,297.640625,44.11883544921875,1.791015625,988.796875,24.490625000000023
2007-11-17 03:00:00+00:00,770.94140625,152.29296875,296.953125,45.12017822265625,0.791015625,923.234375,23.803125000000023
2007-11-17 04:00:00+00:00,557.5,122.6875,299.9375,36.0982666015625,1.974609375,680.1875,26.787500000000023
2007-11-17 05:00:00+00:00,344.28515625,192.55859375,302.515625,29.6876220703125,1.296875,536.84375,29.365625000000023
2007-11-17 06:00:00+00:00,146.87109375,198.00390625,303.546875,28.9212646484375,2.876953125,344.875,30.396875000000023
2007-11-17 07:00:00+00:00,59.51171875,134.26953125,302.09375,35.206787109375,5.232421875,193.78125,28.943750000000023
2007-11-17 08:00:00+00:00,36.5546875,34.1015625,297.5,53.71905517578125,5.25,70.65625,24.350000000000023
2007-11-17 09:00:00+00:00,0.00390625,0.41796875,294.515625,63.997802734375,4.400390625,0.421875,21.365625000000023
2007-11-17 10:00:00+00:00,0.0,0.0,293.828125,64.9373779296875,3.189453125,0.0,20.678125000000023
2007-11-17 11:00:00+00:00,0.0,0.0,293.375,64.12652587890625,2.3671875,0.0,20.225000000000023
2007-11-17 12:00:00+00:00,0.0,0.0,292.78125,64.13714599609375,1.783203125,0.0,19.631250000000023
2007-11-17 13:00:00+00:00,0.0,0.0,292.203125,65.549560546875,2.068359375,0.0,19.053125000000023
2007-11-17 14:00:00+00:00,0.0,0.0,291.5625,69.2257080078125,0.98046875,0.0,18.412500000000023
2007-11-17 15:00:00+00:00,0.0,0.0,290.796875,80.09429931640625,2.64453125,0.0,17.646875000000023
2007-11-17 16:00:00+00:00,0.0,0.0,290.109375,83.81103515625,2.033203125,0.0,16.959375000000023
2007-11-17 17:00:00+00:00,0.0,0.0,289.734375,86.2850341796875,1.20703125,0.0,16.584375000000023
2007-11-17 18:00:00+00:00,0.0,0.0,289.75,88.3206787109375,0.771484375,0.0,16.600000000000023
2007-11-17 19:00:00+00:00,0.00390625,26.05859375,289.28125,91.090087890625,0.66796875,26.0625,16.131250000000023
2007-11-17 20:00:00+00:00,20.4921875,100.6640625,289.75,88.03662109375,2.728515625,121.15625,16.600000000000023
2007-11-17 21:00:00+00:00,236.40234375,161.31640625,294.65625,55.9432373046875,1.91015625,397.71875,21.506250000000023
2007-11-17 22:00:00+00:00,403.45703125,179.44921875,297.515625,43.8746337890625,2.806640625,582.90625,24.365625000000023
2007-11-17 23:00:00+00:00,467.07421875,268.39453125,300.40625,34.94561767578125,4.794921875,735.46875,27.256250000000023
2007-11-18 00:00:00+00:00,696.1953125,218.4609375,302.984375,27.607421875,5.8671875,914.65625,29.834375000000023
2007-11-18 01:00:00+00:00,892.58984375,122.08203125,305.3125,21.02838134765625,6.44140625,1014.671875,32.16250000000002
2007-11-18 02:00:00+00:00,167.8046875,29.2265625,306.03125,20.444580078125,5.744140625,197.03125,32.88125000000002
2007-11-18 03:00:00+00:00,112.48046875,174.41015625,304.34375,28.9730224609375,4.8125,286.890625,31.193750000000023
2007-11-18 04:00:00+00:00,57.63671875,269.48828125,303.359375,32.978271484375,5.98046875,327.125,30.209375000000023
2007-11-18 05:00:00+00:00,410.33984375,225.31640625,303.015625,33.30279541015625,5.146484375,635.65625,29.865625000000023
2007-11-18 06:00:00+00:00,354.25390625,103.88671875,303.3125,34.2354736328125,4.5859375,458.140625,30.162500000000023
2007-11-18 07:00:00+00:00,207.67578125,57.37109375,303.65625,32.87420654296875,5.146484375,265.046875,30.506250000000023
2007-11-18 08:00:00+00:00,56.08203125,18.71484375,303.359375,33.65753173828125,5.150390625,74.796875,30.209375000000023
2007-11-18 09:00:00+00:00,0.015625,0.546875,304.953125,21.221435546875,4.517578125,0.5625,31.803125000000023
2007-11-18 10:00:00+00:00,0.0,0.0,303.59375,29.399658203125,4.033203125,0.0,30.443750000000023
2007-11-18 11:00:00+00:00,0.0,0.0,302.53125,33.2806396484375,3.720703125,0.0,29.381250000000023
2007-11-18 12:00:00+00:00,0.0,0.0,302.078125,32.564697265625,3.72265625,0.0,28.928125000000023
2007-11-18 13:00:00+00:00,0.0,0.0,301.46875,33.0120849609375,3.189453125,0.0,28.318750000000023
2007-11-18 14:00:00+00:00,0.0,0.0,299.59375,41.000244140625,3.1953125,0.0,26.443750000000023
2007-11-18 15:00:00+00:00,0.0,0.0,297.0625,53.75531005859375,2.72265625,0.0,23.912500000000023
2007-11-18 16:00:00+00:00,0.0,0.0,295.453125,61.93182373046875,1.43359375,0.0,22.303125000000023
2007-11-18 17:00:00+00:00,0.0,0.0,295.3125,62.4322509765625,0.875,0.0,22.162500000000023
2007-11-18 18:00:00+00:00,0.0,0.0,295.328125,62.064208984375,0.220703125,0.0,22.178125000000023
2007-11-18 19:00:00+00:00,22.42578125,30.12109375,295.3125,59.7689208984375,1.3046875,52.546875,22.162500000000023
2007-11-18 20:00:00+00:00,165.08984375,79.14453125,296.515625,50.1124267578125,2.740234375,244.234375,23.365625000000023
2007-11-18 21:00:00+00:00,364.38671875,97.58203125,297.140625,46.23529052734375,4.462890625,461.96875,23.990625000000023
2007-11-18 22:00:00+00:00,532.41796875,122.64453125,298.671875,42.49871826171875,4.689453125,655.0625,25.521875000000023
2007-11-18 23:00:00+00:00,687.53125,135.109375,300.71875,34.77093505859375,4.630859375,822.640625,27.568750000000023
2007-11-19 00:00:00+00:00,816.7734375,130.4453125,302.59375,28.2076416015625,4.419921875,947.21875,29.443750000000023
2007-11-19 01:00:00+00:00,885.75,128.578125,304.890625,19.61248779296875,3.607421875,1014.328125,31.740625000000023
2007-11-19 02:00:00+00:00,847.14453125,159.57421875,306.9375,12.6256103515625,2.85546875,1006.71875,33.78750000000002
2007-11-19 03:00:00+00:00,731.23828125,187.07421875,307.15625,15.09423828125,1.404296875,918.3125,34.00625000000002
2007-11-19 04:00:00+00:00,269.78125,331.109375,308.0625,13.798828125,1.1875,600.890625,34.91250000000002
2007-11-19 05:00:00+00:00,440.73046875,212.89453125,308.984375,13.6124267578125,1.595703125,653.625,35.83437500000002
2007-11-19 06:00:00+00:00,261.5234375,151.8828125,309.9375,14.05194091796875,2.482421875,413.40625,36.78750000000002
2007-11-19 07:00:00+00:00,40.54296875,0.0,310.171875,14.85845947265625,3.75390625,33.359375,37.02187500000002
2007-11-19 08:00:00+00:00,20.77734375,46.11328125,309.296875,17.05328369140625,3.1640625,66.890625,36.14687500000002
2007-11-19 09:00:00+00:00,0.00390625,0.76171875,308.265625,20.218994140625,4.509765625,0.765625,35.11562500000002
2007-11-19 10:00:00+00:00,0.0,0.0,307.359375,19.9442138671875,4.70703125,0.0,34.20937500000002
2007-11-19 11:00:00+00:00,0.0,0.0,306.546875,19.35650634765625,4.333984375,0.0,33.39687500000002
2007-11-19 12:00:00+00:00,0.0,0.0,305.625,19.2928466796875,4.369140625,0.0,32.47500000000002
2007-11-19 13:00:00+00:00,0.0,0.0,304.59375,20.9617919921875,4.333984375,0.0,31.443750000000023
2007-11-19 14:00:00+00:00,0.0,0.0,303.796875,25.01959228515625,4.517578125,0.0,30.646875000000023
2007-11-19 15:00:00+00:00,0.0,0.0,302.921875,25.48486328125,3.662109375,0.0,29.771875000000023
2007-11-19 16:00:00+00:00,0.0,0.0,302.671875,25.824951171875,3.669921875,0.0,29.521875000000023
2007-11-19 17:00:00+00:00,0.0,0.0,302.46875,24.43939208984375,4.076171875,0.0,29.318750000000023
2007-11-19 18:00:00+00:00,0.0,0.0,302.3125,24.14056396484375,4.291015625,0.0,29.162500000000023
2007-11-19 19:00:00+00:00,7.35546875,33.53515625,302.125,24.16461181640625,4.279296875,40.890625,28.975000000000023
2007-11-19 20:00:00+00:00,125.94921875,100.95703125,302.09375,23.8699951171875,4.416015625,226.90625,28.943750000000023
2007-11-19 21:00:00+00:00,334.16796875,112.12890625,302.328125,27.43292236328125,4.751953125,446.296875,29.178125000000023
2007-11-19 22:00:00+00:00,524.7421875,122.7109375,303.34375,26.78436279296875,5.701171875,647.453125,30.193750000000023
2007-11-19 23:00:00+00:00,688.04296875,128.25390625,304.671875,26.30047607421875,6.49609375,816.296875,31.521875000000023
2007-11-20 00:00:00+00:00,795.40234375,142.31640625,306.546875,22.52923583984375,6.900390625,937.71875,33.39687500000002
2007-11-20 01:00:00+00:00,773.1484375,204.3828125,308.359375,18.71417236328125,6.626953125,977.53125,35.20937500000002
2007-11-20 02:00:00+00:00,617.87890625,295.10546875,309.234375,17.189453125,2.15234375,912.984375,36.08437500000002
2007-11-20 03:00:00+00:00,704.1484375,229.6796875,302.203125,30.1829833984375,3.16796875,933.828125,29.053125000000023
2007-11-20 04:00:00+00:00,606.2265625,189.9140625,304.46875,26.049560546875,3.044921875,796.140625,31.318750000000023
2007-11-20 05:00:00+00:00,335.06640625,191.76171875,305.5,24.60009765625,4.248046875,526.828125,32.35000000000002
2007-11-20 06:00:00+00:00,49.3046875,173.0546875,303.859375,27.83917236328125,6.28515625,222.359375,30.709375000000023
2007-11-20 07:00:00+00:00,5.83203125,133.54296875,301.671875,32.880126953125,4.248046875,139.375,28.521875000000023
2007-11-20 08:00:00+00:00,0.8125,49.4375,298.390625,44.47857666015625,5.123046875,50.25,25.240625000000023
2007-11-20 09:00:00+00:00,0.0,0.703125,297.453125,43.63995361328125,3.625,0.703125,24.303125000000023
2007-11-20 10:00:00+00:00,0.0,0.0,296.703125,42.6864013671875,2.5625,0.0,23.553125000000023
2007-11-20 11:00:00+00:00,0.0,0.0,295.609375,48.7413330078125,2.8046875,0.0,22.459375000000023
2007-11-20 12:00:00+00:00,0.0,0.0,294.65625,54.54901123046875,2.416015625,0.0,21.506250000000023
2007-11-20 13:00:00+00:00,0.0,0.0,293.875,59.55242919921875,3.28125,0.0,20.725000000000023
2007-11-20 14:00:00+00:00,0.0,0.0,291.046875,85.0101318359375,5.982421875,0.0,17.896875000000023
2007-11-20 15:00:00+00:00,0.0,0.0,289.859375,87.2960205078125,5.5703125,0.0,16.709375000000023
2007-11-20 16:00:00+00:00,0.0,0.0,289.390625,84.91107177734375,5.263671875,0.0,16.240625000000023
2007-11-20 17:00:00+00:00,0.0,0.0,289.15625,82.94720458984375,4.888671875,0.0,16.006250000000023
2007-11-20 18:00:00+00:00,0.0,0.0,288.96875,79.2960205078125,4.072265625,0.0,15.818750000000023
2007-11-20 19:00:00+00:00,0.0,2.9375,288.625,80.88580322265625,3.837890625,2.9375,15.475000000000023
2007-11-20 20:00:00+00:00,0.0,26.9375,288.09375,87.4027099609375,3.5703125,26.9375,14.943750000000023
2007-11-20 21:00:00+00:00,0.0,27.46875,287.703125,92.81048583984375,3.041015625,27.46875,14.553125000000023
2007-11-20 22:00:00+00:00,0.0,32.234375,287.859375,94.170166015625,3.017578125,32.234375,14.709375000000023
2007-11-20 23:00:00+00:00,3.20703125,226.58984375,287.921875,93.14532470703125,3.00390625,229.796875,14.771875000000023
2007-11-21 00:00:00+00:00,1.796875,268.59375,288.015625,89.68670654296875,3.796875,270.390625,14.865625000000023
2007-11-21 01:00:00+00:00,0.62109375,272.86328125,288.25,86.05810546875,4.517578125,273.484375,15.100000000000023
2007-11-21 02:00:00+00:00,0.08984375,162.16015625,288.15625,84.3338623046875,4.603515625,162.25,15.006250000000023
2007-11-21 03:00:00+00:00,0.0,104.46875,287.765625,86.2655029296875,4.126953125,104.46875,14.615625000000023
2007-11-21 04:00:00+00:00,0.71484375,186.31640625,287.34375,87.62359619140625,5.259765625,187.03125,14.193750000000023
2007-11-21 05:00:00+00:00,5.62890625,265.62109375,287.125,85.9720458984375,5.380859375,271.25,13.975000000000023
2007-11-21 06:00:00+00:00,27.09375,230.171875,286.78125,82.51806640625,6.353515625,257.265625,13.631250000000023
2007-11-21 07:00:00+00:00,3.93359375,103.53515625,286.75,75.15765380859375,6.12890625,107.46875,13.600000000000023
2007-11-21 08:00:00+00:00,6.7421875,25.3203125,286.484375,66.64208984375,5.763671875,32.0625,13.334375000000023
2007-11-21 09:00:00+00:00,0.0,0.53125,285.828125,67.6170654296875,4.916015625,0.53125,12.678125000000023
2007-11-21 10:00:00+00:00,0.0,0.0,285.875,69.86456298828125,3.607421875,0.0,12.725000000000023
2007-11-21 11:00:00+00:00,0.0,0.0,285.78125,74.68634033203125,2.921875,0.0,12.631250000000023
2007-11-21 12:00:00+00:00,0.0,0.0,286.125,70.15997314453125,2.501953125,0.0,12.975000000000023
2007-11-21 13:00:00+00:00,0.0,0.0,286.515625,65.66064453125,2.810546875,0.0,13.365625000000023
2007-11-21 14:00:00+00:00,0.0,0.0,286.734375,63.7608642578125,3.16796875,0.0,13.584375000000023
2007-11-21 15:00:00+00:00,0.0,0.0,285.96875,72.0281982421875,2.5703125,0.0,12.818750000000023
2007-11-21 16:00:00+00:00,0.0,0.0,286.296875,69.6165771484375,2.759765625,0.0,13.146875000000023
2007-11-21 17:00:00+00:00,0.0,0.0,286.390625,69.410888671875,2.828125,0.0,13.240625000000023
2007-11-21 18:00:00+00:00,0.0,0.0,286.34375,70.40570068359375,2.912109375,0.0,13.193750000000023
2007-11-21 19:00:00+00:00,10.6953125,33.6953125,286.296875,71.20501708984375,2.849609375,44.390625,13.146875000000023
2007-11-21 20:00:00+00:00,138.05859375,97.50390625,286.3125,71.86578369140625,2.69921875,235.5625,13.162500000000023
2007-11-21 21:00:00+00:00,82.65234375,206.26953125,286.296875,74.8353271484375,2.58984375,288.921875,13.146875000000023
2007-11-21 22:00:00+00:00,309.7109375,269.2734375,287.265625,66.7060546875,3.689453125,578.984375,14.115625000000023
2007-11-21 23:00:00+00:00,404.35546875,319.78515625,288.375,60.88543701171875,3.939453125,724.140625,15.225000000000023
2007-11-22 00:00:00+00:00,482.16796875,367.95703125,289.34375,56.39764404296875,4.099609375,850.125,16.193750000000023
2007-11-22 01:00:00+00:00,310.953125,469.0625,290.09375,53.23822021484375,4.673828125,780.015625,16.943750000000023
2007-11-22 02:00:00+00:00,487.20703125,373.99609375,290.546875,51.766357421875,4.970703125,861.203125,17.396875000000023
2007-11-22 03:00:00+00:00,551.15234375,223.73828125,290.25,54.11138916015625,4.693359375,774.890625,17.100000000000023
2007-11-22 04:00:00+00:00,587.6875,239.25,290.734375,52.69635009765625,4.982421875,826.9375,17.584375000000023
2007-11-22 05:00:00+00:00,249.31640625,289.15234375,291.125,53.71392822265625,5.693359375,538.46875,17.975000000000023
2007-11-22 06:00:00+00:00,141.64453125,216.90234375,290.890625,55.64483642578125,6.14453125,358.546875,17.740625000000023
2007-11-22 07:00:00+00:00,40.6640625,106.1015625,290.421875,54.5072021484375,5.7734375,146.765625,17.271875000000023
2007-11-22 08:00:00+00:00,22.64453125,50.10546875,289.765625,59.7518310546875,5.1484375,72.75,16.615625000000023
2007-11-22 09:00:00+00:00,0.00390625,1.01171875,289.046875,63.512939453125,4.56640625,1.015625,15.896875000000023
2007-11-22 10:00:00+00:00,0.0,0.0,288.71875,65.40802001953125,4.240234375,0.0,15.568750000000023
2007-11-22 11:00:00+00:00,0.0,0.0,288.21875,72.15582275390625,4.0703125,0.0,15.068750000000023
2007-11-22 12:00:00+00:00,0.0,0.0,288.25,72.1865234375,3.599609375,0.0,15.100000000000023
2007-11-22 13:00:00+00:00,0.0,0.0,287.75,80.109130859375,3.853515625,0.0,14.600000000000023
2007-11-22 14:00:00+00:00,0.0,0.0,287.671875,84.034423828125,3.48828125,0.0,14.521875000000023
2007-11-22 15:00:00+00:00,0.0,0.0,287.46875,83.56341552734375,3.29296875,0.0,14.318750000000023
2007-11-22 16:00:00+00:00,0.0,0.0,287.296875,82.21337890625,2.640625,0.0,14.146875000000023
2007-11-22 17:00:00+00:00,0.0,0.0,287.296875,79.429443359375,2.537109375,0.0,14.146875000000023
2007-11-22 18:00:00+00:00,0.0,0.0,286.71875,85.6177978515625,2.501953125,0.0,13.568750000000023
2007-11-22 19:00:00+00:00,0.58203125,33.65234375,286.5,87.80194091796875,2.5703125,34.234375,13.350000000000023
2007-11-22 20:00:00+00:00,5.76171875,57.05078125,286.671875,84.0128173828125,2.296875,62.8125,13.521875000000023
2007-11-22 21:00:00+00:00,37.6796875,141.9296875,287.359375,73.30029296875,2.32421875,179.609375,14.209375000000023
2007-11-22 22:00:00+00:00,359.26953125,235.40234375,287.84375,68.47064208984375,2.7734375,594.671875,14.693750000000023
2007-11-22 23:00:00+00:00,296.98046875,200.58203125,288.734375,63.5699462890625,3.3984375,497.5625,15.584375000000023
2007-11-23 00:00:00+00:00,239.94921875,280.14453125,289.40625,60.05517578125,3.62109375,520.09375,16.256250000000023
2007-11-23 01:00:00+00:00,235.63671875,464.12890625,290.0,58.12939453125,4.00390625,699.765625,16.850000000000023
2007-11-23 02:00:00+00:00,92.51171875,409.20703125,290.75,54.540283203125,4.38671875,501.71875,17.600000000000023
2007-11-23 03:00:00+00:00,666.4453125,273.3203125,291.453125,52.1937255859375,4.865234375,939.765625,18.303125000000023
2007-11-23 04:00:00+00:00,806.6328125,86.1328125,291.9375,48.15716552734375,4.873046875,892.765625,18.787500000000023
2007-11-23 05:00:00+00:00,679.79296875,49.80078125,292.34375,45.9044189453125,4.94921875,729.59375,19.193750000000023
2007-11-23 06:00:00+00:00,487.88671875,40.73828125,292.515625,44.81884765625,5.01953125,528.625,19.365625000000023
2007-11-23 07:00:00+00:00,276.9453125,31.9140625,292.1875,48.6009521484375,5.00390625,308.859375,19.037500000000023
2007-11-23 08:00:00+00:00,72.75390625,18.90234375,291.6875,51.46661376953125,4.578125,91.65625,18.537500000000023
2007-11-23 09:00:00+00:00,0.4140625,1.3828125,291.09375,55.15740966796875,3.921875,1.796875,17.943750000000023
2007-11-23 10:00:00+00:00,0.0,0.0,290.5,58.208984375,2.9921875,0.0,17.350000000000023
2007-11-23 11:00:00+00:00,0.0,0.0,289.890625,61.294189453125,2.6484375,0.0,16.740625000000023
2007-11-23 12:00:00+00:00,0.0,0.0,289.234375,65.30511474609375,2.421875,0.0,16.084375000000023
2007-11-23 13:00:00+00:00,0.0,0.0,288.703125,70.06268310546875,2.48828125,0.0,15.553125000000023
2007-11-23 14:00:00+00:00,0.0,0.0,288.359375,72.47442626953125,2.5625,0.0,15.209375000000023
2007-11-23 15:00:00+00:00,0.0,0.0,288.078125,72.192626953125,2.23046875,0.0,14.928125000000023
2007-11-23 16:00:00+00:00,0.0,0.0,287.890625,72.90863037109375,2.017578125,0.0,14.740625000000023
2007-11-23 17:00:00+00:00,0.0,0.0,287.609375,74.89483642578125,1.671875,0.0,14.459375000000023
2007-11-23 18:00:00+00:00,0.0,0.0,287.296875,77.32598876953125,1.29296875,0.0,14.146875000000023
2007-11-23 19:00:00+00:00,22.9765625,30.7578125,286.984375,80.55633544921875,1.126953125,53.734375,13.834375000000023
2007-11-23 20:00:00+00:00,136.15234375,98.06640625,286.921875,81.20330810546875,1.05078125,234.21875,13.771875000000023
2007-11-23 21:00:00+00:00,367.953125,99.953125,287.203125,74.691162109375,1.20703125,467.90625,14.053125000000023
2007-11-23 22:00:00+00:00,558.23046875,112.26953125,287.796875,71.39007568359375,1.146484375,670.5,14.646875000000023
2007-11-23 23:00:00+00:00,759.328125,96.390625,288.3125,68.93475341796875,0.65625,855.71875,15.162500000000023
2007-11-24 00:00:00+00:00,895.05859375,86.33203125,288.6875,67.7117919921875,0.5234375,981.390625,15.537500000000023
2007-11-24 01:00:00+00:00,969.98046875,80.39453125,290.546875,60.23431396484375,1.3984375,1050.375,17.396875000000023
2007-11-24 02:00:00+00:00,985.2734375,73.0390625,293.078125,49.86077880859375,2.19921875,1058.3125,19.928125000000023
2007-11-24 03:00:00+00:00,939.6640625,65.0078125,295.234375,43.96649169921875,2.78125,1004.671875,22.084375000000023
2007-11-24 04:00:00+00:00,838.109375,55.328125,296.390625,41.3135986328125,3.74609375,893.4375,23.240625000000023
2007-11-24 05:00:00+00:00,685.625,45.71875,296.5625,39.90374755859375,4.53515625,731.34375,23.412500000000023
2007-11-24 06:00:00+00:00,496.29296875,36.33203125,296.046875,39.8717041015625,5.078125,532.625,22.896875000000023
2007-11-24 07:00:00+00:00,290.26171875,25.97265625,295.28125,42.3184814453125,4.892578125,316.234375,22.131250000000023
2007-11-24 08:00:00+00:00,99.85546875,8.70703125,294.234375,47.78173828125,4.666015625,108.5625,21.084375000000023
2007-11-24 09:00:00+00:00,1.2734375,0.9921875,292.453125,57.1680908203125,4.228515625,2.265625,19.303125000000023
2007-11-24 10:00:00+00:00,0.0,0.0,291.390625,62.0604248046875,3.828125,0.0,18.240625000000023
2007-11-24 11:00:00+00:00,0.0,0.0,290.390625,66.42205810546875,3.72265625,0.0,17.240625000000023
2007-11-24 12:00:00+00:00,0.0,0.0,289.53125,69.80096435546875,3.28125,0.0,16.381250000000023
2007-11-24 13:00:00+00:00,0.0,0.0,289.03125,71.34930419921875,2.705078125,0.0,15.881250000000023
2007-11-24 14:00:00+00:00,0.0,0.0,288.53125,73.52606201171875,2.427734375,0.0,15.381250000000023
2007-11-24 15:00:00+00:00,0.0,0.0,288.265625,72.62103271484375,2.357421875,0.0,15.115625000000023
2007-11-24 16:00:00+00:00,0.0,0.0,288.0625,72.2174072265625,2.046875,0.0,14.912500000000023
2007-11-24 17:00:00+00:00,0.0,0.0,287.90625,72.85943603515625,1.841796875,0.0,14.756250000000023
2007-11-24 18:00:00+00:00,0.0,0.0,287.75,74.47918701171875,1.865234375,0.0,14.600000000000023
2007-11-24 19:00:00+00:00,0.0,20.03125,287.375,78.1109619140625,1.95703125,20.03125,14.225000000000023
2007-11-24 20:00:00+00:00,5.546875,82.109375,286.96875,80.94573974609375,2.236328125,87.65625,13.818750000000023
2007-11-24 21:00:00+00:00,8.3828125,156.9296875,287.671875,74.68310546875,2.244140625,165.3125,14.521875000000023
2007-11-24 22:00:00+00:00,81.5078125,274.4453125,287.78125,73.7694091796875,2.427734375,355.953125,14.631250000000023
2007-11-24 23:00:00+00:00,129.9296875,439.9765625,288.375,69.86834716796875,2.603515625,569.90625,15.225000000000023
2007-11-25 00:00:00+00:00,285.609375,409.578125,289.203125,66.772216796875,2.8984375,695.1875,16.053125000000023
2007-11-25 01:00:00+00:00,645.19921875,241.33203125,289.90625,65.21820068359375,3.125,886.53125,16.756250000000023
2007-11-25 02:00:00+00:00,400.81640625,425.38671875,290.890625,62.0185546875,3.607421875,826.203125,17.740625000000023
2007-11-25 03:00:00+00:00,405.765625,418.8125,291.40625,61.2781982421875,3.7265625,824.578125,18.256250000000023
2007-11-25 04:00:00+00:00,704.16015625,173.16796875,292.171875,57.00775146484375,4.169921875,877.328125,19.021875000000023
2007-11-25 05:00:00+00:00,657.03125,73.5625,292.5625,54.578369140625,4.357421875,730.59375,19.412500000000023
2007-11-25 06:00:00+00:00,497.27734375,43.23828125,292.75,52.70770263671875,4.685546875,540.515625,19.600000000000023
2007-11-25 07:00:00+00:00,270.90625,38.546875,292.578125,52.1231689453125,4.751953125,309.453125,19.428125000000023
2007-11-25 08:00:00+00:00,98.05859375,14.26953125,292.171875,53.15966796875,4.578125,112.328125,19.021875000000023
2007-11-25 09:00:00+00:00,1.5234375,1.2265625,291.125,54.5772705078125,4.5390625,2.75,17.975000000000023
2007-11-25 10:00:00+00:00,0.0,0.0,289.859375,59.42474365234375,4.0859375,0.0,16.709375000000023
2007-11-25 11:00:00+00:00,0.0,0.0,288.96875,62.90509033203125,3.6875,0.0,15.818750000000023
2007-11-25 12:00:00+00:00,0.0,0.0,288.3125,68.278564453125,3.37109375,0.0,15.162500000000023
2007-11-25 13:00:00+00:00,0.0,0.0,287.984375,72.73907470703125,3.220703125,0.0,14.834375000000023
2007-11-25 14:00:00+00:00,0.0,0.0,287.65625,74.478759765625,3.337890625,0.0,14.506250000000023
2007-11-25 15:00:00+00:00,0.0,0.0,287.765625,70.75408935546875,3.11328125,0.0,14.615625000000023
2007-11-25 16:00:00+00:00,0.0,0.0,287.625,71.65643310546875,2.810546875,0.0,14.475000000000023
2007-11-25 17:00:00+00:00,0.0,0.0,287.40625,72.6031494140625,2.640625,0.0,14.256250000000023
2007-11-25 18:00:00+00:00,0.0,0.0,287.171875,73.89599609375,2.708984375,0.0,14.021875000000023
2007-11-25 19:00:00+00:00,3.546875,29.765625,287.015625,75.53118896484375,2.935546875,33.3125,13.865625000000023
2007-11-25 20:00:00+00:00,21.3515625,127.7890625,286.921875,76.8648681640625,2.919921875,149.140625,13.771875000000023
2007-11-25 21:00:00+00:00,25.0703125,152.0390625,287.0625,73.96405029296875,3.123046875,177.109375,13.912500000000023
2007-11-25 22:00:00+00:00,197.1953125,266.0859375,287.4375,72.0704345703125,3.162109375,463.28125,14.287500000000023
2007-11-25 23:00:00+00:00,428.53515625,319.94921875,288.390625,67.52880859375,3.455078125,748.484375,15.240625000000023
2007-11-26 00:00:00+00:00,723.46875,204.75,289.703125,60.77008056640625,3.626953125,928.21875,16.553125000000023
2007-11-26 01:00:00+00:00,839.0546875,181.8671875,290.921875,55.5384521484375,3.783203125,1020.921875,17.771875000000023
2007-11-26 02:00:00+00:00,875.234375,149.890625,292.125,50.71734619140625,4.041015625,1025.125,18.975000000000023
2007-11-26 03:00:00+00:00,889.10546875,101.53515625,292.734375,46.768310546875,4.341796875,990.640625,19.584375000000023
2007-11-26 04:00:00+00:00,835.5,71.359375,293.5,43.75347900390625,4.625,906.859375,20.350000000000023
2007-11-26 05:00:00+00:00,697.66015625,48.12109375,293.859375,42.33514404296875,4.9140625,745.78125,20.709375000000023
2007-11-26 06:00:00+00:00,508.8984375,37.8828125,293.75,42.311767578125,5.232421875,546.78125,20.600000000000023
2007-11-26 07:00:00+00:00,301.109375,27.046875,293.359375,43.21966552734375,4.826171875,328.15625,20.209375000000023
2007-11-26 08:00:00+00:00,106.515625,9.875,292.96875,44.49700927734375,4.15625,116.390625,19.818750000000023
2007-11-26 09:00:00+00:00,1.9921875,0.9296875,292.25,52.715087890625,4.482421875,2.921875,19.100000000000023
2007-11-26 10:00:00+00:00,0.0,0.0,291.421875,58.661865234375,4.177734375,0.0,18.271875000000023
2007-11-26 11:00:00+00:00,0.0,0.0,290.90625,65.33160400390625,3.828125,0.0,17.756250000000023
2007-11-26 12:00:00+00:00,0.0,0.0,290.734375,65.28985595703125,3.216796875,0.0,17.584375000000023
2007-11-26 13:00:00+00:00,0.0,0.0,290.0,66.41607666015625,3.044921875,0.0,16.850000000000023
2007-11-26 14:00:00+00:00,0.0,0.0,288.96875,71.18182373046875,2.89453125,0.0,15.818750000000023
2007-11-26 15:00:00+00:00,0.0,0.0,288.09375,74.6778564453125,2.61328125,0.0,14.943750000000023
2007-11-26 16:00:00+00:00,0.0,0.0,287.546875,76.29229736328125,1.908203125,0.0,14.396875000000023
2007-11-26 17:00:00+00:00,0.0,0.0,287.3125,77.00177001953125,1.0390625,0.0,14.162500000000023
2007-11-26 18:00:00+00:00,0.0,0.03125,287.09375,78.3394775390625,0.798828125,0.03125,13.943750000000023
2007-11-26 19:00:00+00:00,29.15625,33.140625,286.859375,79.9893798828125,0.625,62.296875,13.709375000000023
2007-11-26 20:00:00+00:00,145.4453125,91.3828125,286.96875,80.332763671875,1.048828125,236.828125,13.818750000000023
2007-11-26 21:00:00+00:00,378.375,91.921875,287.171875,80.60650634765625,1.341796875,470.296875,14.021875000000023
2007-11-26 22:00:00+00:00,574.640625,98.78125,287.703125,78.77044677734375,0.958984375,673.421875,14.553125000000023
2007-11-26 23:00:00+00:00,744.03125,101.0,288.703125,74.6812744140625,0.7734375,845.03125,15.553125000000023
2007-11-27 00:00:00+00:00,867.97265625,103.65234375,291.046875,64.8338623046875,0.962890625,971.625,17.896875000000023
2007-11-27 01:00:00+00:00,954.1328125,92.4765625,294.359375,55.592529296875,1.345703125,1046.609375,21.209375000000023
2007-11-27 02:00:00+00:00,961.8359375,85.1171875,298.203125,49.56060791015625,2.091796875,1046.953125,25.053125000000023
2007-11-27 03:00:00+00:00,642.43359375,55.66015625,301.375,38.0865478515625,0.962890625,698.09375,28.225000000000023
2007-11-27 04:00:00+00:00,641.72265625,176.26171875,302.078125,33.3251953125,0.6328125,817.984375,28.928125000000023
2007-11-27 05:00:00+00:00,542.0625,104.546875,303.671875,27.2689208984375,1.49609375,646.609375,30.521875000000023
2007-11-27 06:00:00+00:00,366.3515625,87.1015625,304.890625,23.86761474609375,1.96875,453.453125,31.740625000000023
2007-11-27 07:00:00+00:00,219.796875,50.96875,305.453125,23.24261474609375,2.60546875,270.765625,32.30312500000002
2007-11-27 08:00:00+00:00,58.6953125,25.9453125,305.0625,26.05718994140625,3.423828125,84.640625,31.912500000000023
2007-11-27 09:00:00+00:00,1.52734375,1.62890625,302.109375,41.54705810546875,5.0703125,3.15625,28.959375000000023
2007-11-27 10:00:00+00:00,0.0,0.0,300.9375,45.646484375,4.22265625,0.0,27.787500000000023
2007-11-27 11:00:00+00:00,0.0,0.0,300.234375,48.2088623046875,3.34765625,0.0,27.084375000000023
2007-11-27 12:00:00+00:00,0.0,0.0,300.0625,48.41009521484375,2.65625,0.0,26.912500000000023
2007-11-27 13:00:00+00:00,0.0,0.0,300.453125,47.081298828125,1.927734375,0.0,27.303125000000023
2007-11-27 14:00:00+00:00,0.0,0.0,300.265625,45.5914306640625,1.94921875,0.0,27.115625000000023
2007-11-27 15:00:00+00:00,0.0,0.0,298.4375,53.80535888671875,1.3984375,0.0,25.287500000000023
2007-11-27 16:00:00+00:00,0.0,0.0,298.125,53.6878662109375,1.529296875,0.0,24.975000000000023
2007-11-27 17:00:00+00:00,0.0,0.0,298.125,47.65283203125,2.046875,0.0,24.975000000000023
2007-11-27 18:00:00+00:00,0.0,0.03125,297.015625,46.6004638671875,4.2109375,0.03125,23.865625000000023
2007-11-27 19:00:00+00:00,0.6796875,43.6796875,296.140625,52.4906005859375,4.900390625,44.359375,22.990625000000023
2007-11-27 20:00:00+00:00,10.1953125,146.7578125,295.78125,54.5648193359375,5.232421875,156.953125,22.631250000000023
2007-11-27 21:00:00+00:00,40.2578125,242.7265625,295.890625,57.29986572265625,5.15234375,282.984375,22.740625000000023
2007-11-27 22:00:00+00:00,120.87890625,352.52734375,296.28125,56.92767333984375,5.35546875,473.40625,23.131250000000023
2007-11-27 23:00:00+00:00,364.2890625,355.7734375,296.9375,55.33026123046875,5.625,720.0625,23.787500000000023
2007-11-28 00:00:00+00:00,287.6171875,410.1484375,298.28125,51.6754150390625,5.736328125,697.765625,25.131250000000023
2007-11-28 01:00:00+00:00,435.2265625,438.7734375,299.34375,48.80267333984375,5.568359375,874.0,26.193750000000023
2007-11-28 02:00:00+00:00,79.7421875,0.0,300.15625,46.00390625,4.880859375,77.890625,27.006250000000023
2007-11-28 03:00:00+00:00,340.77734375,449.42578125,301.5,41.15130615234375,4.4140625,790.203125,28.350000000000023
2007-11-28 04:00:00+00:00,159.52734375,358.92578125,300.90625,44.480712890625,3.94921875,518.453125,27.756250000000023
2007-11-28 05:00:00+00:00,100.1015625,319.8671875,300.65625,45.18475341796875,2.94921875,419.96875,27.506250000000023
2007-11-28 06:00:00+00:00,11.80078125,178.16796875,300.515625,44.5982666015625,1.98046875,189.96875,27.365625000000023
2007-11-28 07:00:00+00:00,115.62109375,139.56640625,298.859375,51.02569580078125,2.873046875,255.1875,25.709375000000023
2007-11-28 08:00:00+00:00,28.7890625,46.7265625,297.15625,54.94091796875,3.564453125,75.515625,24.006250000000023
2007-11-28 09:00:00+00:00,0.0,1.328125,295.125,67.15997314453125,3.38671875,1.328125,21.975000000000023
2007-11-28 10:00:00+00:00,0.0,0.0,294.140625,72.12860107421875,3.130859375,0.0,20.990625000000023
2007-11-28 11:00:00+00:00,0.0,0.0,293.375,74.95086669921875,2.8515625,0.0,20.225000000000023
2007-11-28 12:00:00+00:00,0.0,0.0,292.578125,76.9923095703125,2.923828125,0.0,19.428125000000023
2007-11-28 13:00:00+00:00,0.0,0.0,291.859375,78.75848388671875,2.88671875,0.0,18.709375000000023
2007-11-28 14:00:00+00:00,0.0,0.0,291.234375,80.126708984375,2.6015625,0.0,18.084375000000023
2007-11-28 15:00:00+00:00,0.0,0.0,290.234375,82.35009765625,2.181640625,0.0,17.084375000000023
2007-11-28 16:00:00+00:00,0.0,0.0,290.125,81.10943603515625,2.1015625,0.0,16.975000000000023
2007-11-28 17:00:00+00:00,0.0,0.0,290.09375,80.00994873046875,1.900390625,0.0,16.943750000000023
2007-11-28 18:00:00+00:00,0.0,0.046875,290.03125,79.733154296875,1.857421875,0.046875,16.881250000000023
2007-11-28 19:00:00+00:00,0.87109375,33.20703125,289.84375,81.43310546875,1.76953125,34.078125,16.693750000000023
2007-11-28 20:00:00+00:00,23.44921875,91.39453125,289.671875,83.3602294921875,1.61328125,114.84375,16.521875000000023
2007-11-28 21:00:00+00:00,152.87109375,167.06640625,290.078125,82.14801025390625,1.173828125,319.9375,16.928125000000023
2007-11-28 22:00:00+00:00,172.7421875,208.3828125,290.359375,81.66778564453125,1.041015625,381.125,17.209375000000023
2007-11-28 23:00:00+00:00,148.640625,300.4375,290.84375,80.3023681640625,0.857421875,449.078125,17.693750000000023
2007-11-29 00:00:00+00:00,314.84375,387.140625,291.515625,78.36981201171875,1.09375,701.984375,18.365625000000023
2007-11-29 01:00:00+00:00,532.80078125,294.05859375,292.796875,73.946533203125,1.408203125,826.859375,19.646875000000023
2007-11-29 02:00:00+00:00,772.3984375,222.3359375,294.328125,68.93896484375,1.689453125,994.734375,21.178125000000023
2007-11-29 03:00:00+00:00,400.80859375,415.17578125,294.703125,66.5269775390625,1.478515625,815.984375,21.553125000000023
2007-11-29 04:00:00+00:00,399.984375,293.015625,296.765625,60.31109619140625,1.9453125,693.0,23.615625000000023
2007-11-29 05:00:00+00:00,88.2265625,279.9765625,298.21875,55.82916259765625,3.203125,368.203125,25.068750000000023
2007-11-29 06:00:00+00:00,55.0703125,285.8203125,298.328125,54.837646484375,3.591796875,340.890625,25.178125000000023
2007-11-29 07:00:00+00:00,19.296875,130.390625,298.140625,55.4066162109375,3.55859375,149.6875,24.990625000000023
2007-11-29 08:00:00+00:00,1.953125,64.8125,298.1875,55.421875,2.90625,66.765625,25.037500000000023
2007-11-29 09:00:00+00:00,0.0,3.015625,298.890625,49.85662841796875,4.068359375,3.015625,25.740625000000023
2007-11-29 10:00:00+00:00,0.0,0.0,297.6875,55.83331298828125,3.65625,0.0,24.537500000000023
2007-11-29 11:00:00+00:00,0.0,0.0,296.9375,58.767578125,2.908203125,0.0,23.787500000000023
2007-11-29 12:00:00+00:00,0.0,0.0,296.421875,60.22259521484375,2.125,0.0,23.271875000000023
2007-11-29 13:00:00+00:00,0.0,0.0,296.1875,60.8594970703125,1.21484375,0.0,23.037500000000023
2007-11-29 14:00:00+00:00,0.0,0.0,295.9375,61.76336669921875,0.494140625,0.0,22.787500000000023
2007-11-29 15:00:00+00:00,0.0,0.0,294.890625,63.96417236328125,0.376953125,0.0,21.740625000000023
2007-11-29 16:00:00+00:00,0.0,0.0,294.484375,66.37384033203125,1.42578125,0.0,21.334375000000023
2007-11-29 17:00:00+00:00,0.0,0.0,293.421875,71.44036865234375,1.6875,0.0,20.271875000000023
2007-11-29 18:00:00+00:00,0.0,0.0625,292.578125,74.905517578125,1.61328125,0.0625,19.428125000000023
2007-11-29 19:00:00+00:00,6.01953125,34.58984375,292.171875,76.55926513671875,1.099609375,40.609375,19.021875000000023
2007-11-29 20:00:00+00:00,112.90625,112.671875,291.90625,77.568603515625,1.18359375,225.578125,18.756250000000023
2007-11-29 21:00:00+00:00,293.828125,137.96875,291.78125,77.21905517578125,1.408203125,431.796875,18.631250000000023
2007-11-29 22:00:00+00:00,403.94140625,198.04296875,292.1875,74.914794921875,1.15625,601.984375,19.037500000000023
2007-11-29 23:00:00+00:00,671.48046875,148.23828125,293.0625,70.8270263671875,0.755859375,819.71875,19.912500000000023
2007-11-30 00:00:00+00:00,829.58984375,120.34765625,294.109375,66.9512939453125,0.4765625,949.9375,20.959375000000023
2007-11-30 01:00:00+00:00,925.28125,102.390625,295.953125,60.69873046875,0.8203125,1027.671875,22.803125000000023
2007-11-30 02:00:00+00:00,944.140625,95.53125,298.9375,48.849609375,2.400390625,1039.671875,25.787500000000023
2007-11-30 03:00:00+00:00,927.25,79.765625,299.03125,43.21234130859375,3.564453125,1007.015625,25.881250000000023
2007-11-30 04:00:00+00:00,829.5625,68.65625,299.9375,38.49053955078125,4.017578125,898.21875,26.787500000000023
2007-11-30 05:00:00+00:00,681.13671875,57.14453125,300.09375,38.7108154296875,4.45703125,738.28125,26.943750000000023
2007-11-30 06:00:00+00:00,497.515625,45.546875,299.796875,40.9462890625,4.822265625,543.0625,26.646875000000023
2007-11-30 07:00:00+00:00,299.40625,32.796875,299.359375,42.72003173828125,4.705078125,332.203125,26.209375000000023
2007-11-30 08:00:00+00:00,111.359375,14.046875,299.421875,36.414794921875,4.248046875,125.40625,26.271875000000023
2007-11-30 09:00:00+00:00,3.1875,1.453125,296.390625,57.88055419921875,4.279296875,4.640625,23.240625000000023
2007-11-30 10:00:00+00:00,0.0,0.0,295.03125,65.97784423828125,3.884765625,0.0,21.881250000000023
2007-11-30 11:00:00+00:00,0.0,0.0,293.65625,70.97125244140625,3.7890625,0.0,20.506250000000023
2007-11-30 12:00:00+00:00,0.0,0.0,292.515625,75.26177978515625,3.75,0.0,19.365625000000023
2007-11-30 13:00:00+00:00,0.0,0.0,291.921875,77.31036376953125,3.556640625,0.0,18.771875000000023
2007-11-30 14:00:00+00:00,0.0,0.0,291.328125,78.92132568359375,3.416015625,0.0,18.178125000000023
2007-11-30 15:00:00+00:00,0.0,0.0,290.546875,81.25494384765625,2.833984375,0.0,17.396875000000023
2007-11-30 16:00:00+00:00,0.0,0.0,290.1875,82.7579345703125,2.318359375,0.0,17.037500000000023
2007-11-30 17:00:00+00:00,0.0,0.0,289.796875,84.42498779296875,2.369140625,0.0,16.646875000000023
2007-11-30 18:00:00+00:00,0.0,0.03125,289.453125,85.8017578125,2.37890625,0.03125,16.303125000000023
2007-11-30 19:00:00+00:00,0.0,17.8125,289.046875,87.58038330078125,2.1875,17.8125,15.896875000000023
2007-11-30 20:00:00+00:00,1.88671875,104.11328125,288.859375,88.51690673828125,1.59375,106.0,15.709375000000023
2007-11-30 21:00:00+00:00,52.3046875,174.3203125,289.203125,86.51605224609375,1.814453125,226.625,16.053125000000023
2007-11-30 22:00:00+00:00,103.9453125,262.0859375,289.6875,83.59393310546875,1.53125,366.03125,16.537500000000023
2007-11-30 23:00:00+00:00,169.58984375,348.62890625,290.40625,79.556640625,1.44140625,518.21875,17.256250000000023
2007-12-01 00:00:00+00:00,207.94921875,441.91015625,291.671875,73.41558837890625,1.056640625,649.859375,18.521875000000023
2007-12-01 01:00:00+00:00,674.328125,307.78125,293.046875,67.5382080078125,0.708984375,982.109375,19.896875000000023
2007-12-01 02:00:00+00:00,909.26953125,138.94921875,294.5,61.632080078125,0.16796875,1048.21875,21.350000000000023
2007-12-01 03:00:00+00:00,707.7109375,185.3359375,298.828125,39.8494873046875,2.0859375,893.046875,25.678125000000023
2007-12-01 04:00:00+00:00,758.703125,122.375,300.34375,32.4613037109375,2.365234375,881.078125,27.193750000000023
2007-12-01 05:00:00+00:00,678.5390625,61.6328125,301.4375,28.27691650390625,2.51953125,740.171875,28.287500000000023
2007-12-01 06:00:00+00:00,494.58984375,48.30078125,302.125,26.70489501953125,2.724609375,542.890625,28.975000000000023
2007-12-01 07:00:00+00:00,300.83203125,32.74609375,302.796875,25.07977294921875,2.802734375,333.578125,29.646875000000023
2007-12-01 08:00:00+00:00,112.48828125,13.80859375,302.890625,25.947021484375,3.25,126.296875,29.740625000000023
2007-12-01 09:00:00+00:00,3.98046875,1.45703125,301.375,33.59527587890625,4.18359375,5.4375,28.225000000000023
2007-12-01 10:00:00+00:00,0.0,0.0,299.859375,40.090576171875,3.7109375,0.0,26.709375000000023
2007-12-01 11:00:00+00:00,0.0,0.0,299.0,42.94256591796875,2.46875,0.0,25.850000000000023
2007-12-01 12:00:00+00:00,0.0,0.0,298.3125,44.97418212890625,1.412109375,0.0,25.162500000000023
2007-12-01 13:00:00+00:00,0.0,0.0,297.625,47.017333984375,0.84375,0.0,24.475000000000023
2007-12-01 14:00:00+00:00,0.0,0.0,296.6875,50.34039306640625,0.6875,0.0,23.537500000000023
2007-12-01 15:00:00+00:00,0.0,0.0,296.015625,55.90478515625,1.36328125,0.0,22.865625000000023
2007-12-01 16:00:00+00:00,0.0,0.0,295.421875,59.9942626953125,1.830078125,0.0,22.271875000000023
2007-12-01 17:00:00+00:00,0.0,0.0,295.484375,57.869140625,2.728515625,0.0,22.334375000000023
2007-12-01 18:00:00+00:00,0.0,0.09375,295.0,56.58837890625,3.880859375,0.09375,21.850000000000023
2007-12-01 19:00:00+00:00,29.4921875,35.6796875,294.421875,58.56927490234375,4.2890625,65.171875,21.271875000000023
2007-12-01 20:00:00+00:00,175.58203125,79.77734375,294.125,59.90625,4.640625,255.359375,20.975000000000023
2007-12-01 21:00:00+00:00,365.27734375,101.01953125,294.765625,56.54034423828125,5.357421875,466.296875,21.615625000000023
2007-12-01 22:00:00+00:00,478.12109375,161.09765625,296.09375,54.51678466796875,6.0703125,639.21875,22.943750000000023
2007-12-01 23:00:00+00:00,700.19140625,135.74609375,297.984375,48.63421630859375,6.533203125,835.9375,24.834375000000023
2007-12-02 00:00:00+00:00,851.3203125,112.7578125,299.703125,43.956787109375,6.56640625,964.078125,26.553125000000023
2007-12-02 01:00:00+00:00,892.91796875,130.80078125,301.703125,37.8214111328125,6.283203125,1023.71875,28.553125000000023
2007-12-02 02:00:00+00:00,926.9296875,108.1640625,303.578125,31.731689453125,5.927734375,1035.09375,30.428125000000023
2007-12-02 03:00:00+00:00,644.078125,263.953125,304.921875,26.81304931640625,5.357421875,908.03125,31.771875000000023
2007-12-02 04:00:00+00:00,161.5390625,303.0703125,305.921875,23.53045654296875,4.720703125,464.609375,32.77187500000002
2007-12-02 05:00:00+00:00,253.5,318.0625,306.390625,21.385009765625,4.26953125,571.5625,33.24062500000002
2007-12-02 06:00:00+00:00,37.3046875,0.0,306.515625,21.42803955078125,4.2109375,11.75,33.36562500000002
2007-12-02 07:00:00+00:00,94.70703125,97.37109375,305.421875,23.6251220703125,4.333984375,192.078125,32.27187500000002
2007-12-02 08:00:00+00:00,28.70703125,55.57421875,304.9375,25.0277099609375,4.916015625,84.28125,31.787500000000023
2007-12-02 09:00:00+00:00,0.421875,3.421875,303.671875,30.247314453125,5.720703125,3.84375,30.521875000000023
2007-12-02 10:00:00+00:00,0.0,0.0,302.609375,33.56048583984375,5.171875,0.0,29.459375000000023
2007-12-02 11:00:00+00:00,0.0,0.0,301.8125,35.79541015625,2.978515625,0.0,28.662500000000023
2007-12-02 12:00:00+00:00,0.0,0.0,301.03125,38.42767333984375,2.189453125,0.0,27.881250000000023
2007-12-02 13:00:00+00:00,0.0,0.0,297.75,48.81341552734375,2.822265625,0.0,24.600000000000023
2007-12-02 14:00:00+00:00,0.0,0.0,295.140625,60.22088623046875,2.67578125,0.0,21.990625000000023
2007-12-02 15:00:00+00:00,0.0,0.0,297.0625,47.04296875,0.951171875,0.0,23.912500000000023
2007-12-02 16:00:00+00:00,0.0,0.0,297.09375,47.29412841796875,0.380859375,0.0,23.943750000000023
2007-12-02 17:00:00+00:00,0.0,0.0,296.71875,50.2772216796875,1.4453125,0.0,23.568750000000023
2007-12-02 18:00:00+00:00,0.0,0.03125,295.546875,56.75274658203125,1.9375,0.03125,22.396875000000023
2007-12-02 19:00:00+00:00,0.0,21.875,294.65625,61.87451171875,1.521484375,21.875,21.506250000000023
2007-12-02 20:00:00+00:00,0.01953125,80.46484375,294.15625,62.95538330078125,0.625,80.484375,21.006250000000023
2007-12-02 21:00:00+00:00,50.40234375,207.59765625,295.15625,64.4871826171875,4.158203125,258.0,22.006250000000023
2007-12-02 22:00:00+00:00,279.65234375,220.91015625,296.0,59.86041259765625,4.20703125,500.5625,22.850000000000023
2007-12-02 23:00:00+00:00,664.7421875,157.7265625,297.65625,53.0164794921875,4.4921875,822.46875,24.506250000000023
2007-12-03 00:00:00+00:00,465.01953125,278.23046875,300.0625,45.1875,4.1328125,743.25,26.912500000000023
2007-12-03 01:00:00+00:00,128.08203125,404.83984375,300.859375,44.2772216796875,3.044921875,532.921875,27.709375000000023
2007-12-03 02:00:00+00:00,11.73046875,38.70703125,298.046875,61.05303955078125,5.048828125,50.4375,24.896875000000023
2007-12-03 03:00:00+00:00,189.4375,489.265625,295.484375,74.17315673828125,2.298828125,678.703125,22.334375000000023
2007-12-03 04:00:00+00:00,148.07421875,281.51953125,295.53125,74.3489990234375,1.166015625,429.59375,22.381250000000023
2007-12-03 05:00:00+00:00,523.74609375,181.08203125,295.890625,68.66455078125,2.20703125,704.828125,22.740625000000023
2007-12-03 06:00:00+00:00,225.22265625,155.46484375,294.09375,76.50677490234375,4.802734375,380.6875,20.943750000000023
2007-12-03 07:00:00+00:00,49.2109375,112.3671875,294.59375,69.489501953125,2.865234375,161.578125,21.443750000000023
2007-12-03 08:00:00+00:00,76.078125,45.71875,294.765625,66.82275390625,2.107421875,121.796875,21.615625000000023
2007-12-03 09:00:00+00:00,2.02734375,2.16015625,292.421875,78.0965576171875,3.375,4.1875,19.271875000000023
2007-12-03 10:00:00+00:00,0.0,0.0,291.640625,79.2706298828125,2.947265625,0.0,18.490625000000023
2007-12-03 11:00:00+00:00,0.0,0.0,291.171875,77.56353759765625,2.43359375,0.0,18.021875000000023
2007-12-03 12:00:00+00:00,0.0,0.0,290.875,74.51312255859375,1.73828125,0.0,17.725000000000023
2007-12-03 13:00:00+00:00,0.0,0.0,290.578125,73.535400390625,1.228515625,0.0,17.428125000000023
2007-12-03 14:00:00+00:00,0.0,0.0,290.375,74.11077880859375,1.171875,0.0,17.225000000000023
2007-12-03 15:00:00+00:00,0.0,0.0,290.484375,71.6827392578125,0.998046875,0.0,17.334375000000023
2007-12-03 16:00:00+00:00,0.0,0.0,290.28125,75.3076171875,1.173828125,0.0,17.131250000000023
2007-12-03 17:00:00+00:00,0.0,0.0,289.953125,78.4532470703125,1.640625,0.0,16.803125000000023
2007-12-03 18:00:00+00:00,0.0,0.109375,289.34375,77.46942138671875,2.34375,0.109375,16.193750000000023
2007-12-03 19:00:00+00:00,33.15625,35.828125,288.734375,70.8226318359375,2.5625,68.984375,15.584375000000023
2007-12-03 20:00:00+00:00,164.98828125,82.30859375,288.125,68.35089111328125,2.96875,247.296875,14.975000000000023
2007-12-03 21:00:00+00:00,323.44921875,128.06640625,287.859375,67.88800048828125,3.11328125,451.515625,14.709375000000023
2007-12-03 22:00:00+00:00,338.8359375,228.7109375,288.28125,67.5914306640625,3.11328125,567.546875,15.131250000000023
2007-12-03 23:00:00+00:00,400.9921875,261.8203125,289.46875,62.46331787109375,2.8125,662.8125,16.318750000000023
2007-12-04 00:00:00+00:00,536.4375,320.703125,291.109375,55.32318115234375,2.515625,857.140625,17.959375000000023
2007-12-04 01:00:00+00:00,672.80859375,309.12890625,292.96875,47.7113037109375,2.15234375,981.9375,19.818750000000023
2007-12-04 02:00:00+00:00,407.921875,375.328125,295.15625,39.76824951171875,2.80078125,783.25,22.006250000000023
2007-12-04 03:00:00+00:00,86.7734375,363.6796875,296.578125,36.54595947265625,2.935546875,450.453125,23.428125000000023
2007-12-04 04:00:00+00:00,177.875,443.296875,297.265625,35.56011962890625,3.6953125,621.171875,24.115625000000023
2007-12-04 05:00:00+00:00,238.1015625,264.3359375,297.15625,37.6790771484375,4.73046875,502.4375,24.006250000000023
2007-12-04 06:00:00+00:00,217.95703125,152.35546875,296.0625,44.1552734375,5.521484375,370.3125,22.912500000000023
2007-12-04 07:00:00+00:00,177.65625,119.765625,294.703125,51.81427001953125,5.3671875,297.421875,21.553125000000023
2007-12-04 08:00:00+00:00,29.8984375,17.3515625,293.328125,58.48431396484375,5.62109375,47.25,20.178125000000023
2007-12-04 09:00:00+00:00,0.125,3.3125,291.671875,63.1527099609375,5.26171875,3.4375,18.521875000000023
2007-12-04 10:00:00+00:00,0.0,0.0,290.875,64.55059814453125,4.5390625,0.0,17.725000000000023
2007-12-04 11:00:00+00:00,0.0,0.0,290.15625,66.967041015625,3.89453125,0.0,17.006250000000023
2007-12-04 12:00:00+00:00,0.0,0.0,289.828125,66.84576416015625,3.408203125,0.0,16.678125000000023
2007-12-04 13:00:00+00:00,0.0,0.0,289.546875,67.23602294921875,3.064453125,0.0,16.396875000000023
2007-12-04 14:00:00+00:00,0.0,0.0,289.34375,66.93115234375,2.8203125,0.0,16.193750000000023
2007-12-04 15:00:00+00:00,0.0,0.0,289.28125,64.26385498046875,2.978515625,0.0,16.131250000000023
2007-12-04 16:00:00+00:00,0.0,0.0,289.078125,63.4697265625,2.845703125,0.0,15.928125000000023
2007-12-04 17:00:00+00:00,0.0,0.0,288.921875,63.2091064453125,2.712890625,0.0,15.771875000000023
2007-12-04 18:00:00+00:00,0.0,0.125,288.78125,64.3680419921875,2.470703125,0.125,15.631250000000023
2007-12-04 19:00:00+00:00,33.8671875,35.4921875,288.421875,68.0233154296875,2.19140625,69.359375,15.271875000000023
2007-12-04 20:00:00+00:00,190.8515625,74.2265625,288.1875,70.139892578125,2.033203125,265.078125,15.037500000000023
2007-12-04 21:00:00+00:00,368.86328125,99.21484375,288.5,66.0662841796875,2.396484375,468.078125,15.350000000000023
2007-12-04 22:00:00+00:00,532.41796875,126.62890625,289.421875,60.16064453125,2.669921875,659.046875,16.271875000000023
2007-12-04 23:00:00+00:00,712.7109375,128.5703125,290.75,54.8095703125,2.876953125,841.28125,17.600000000000023
2007-12-05 00:00:00+00:00,819.8671875,133.9765625,292.265625,50.7972412109375,2.900390625,953.84375,19.115625000000023
2007-12-05 01:00:00+00:00,690.11328125,200.35546875,293.78125,47.474365234375,3.15234375,890.46875,20.631250000000023
2007-12-05 02:00:00+00:00,352.1171875,195.5546875,295.1875,43.92108154296875,3.15234375,547.671875,22.037500000000023
2007-12-05 03:00:00+00:00,741.7265625,213.9609375,296.96875,42.695556640625,3.087890625,955.6875,23.818750000000023
2007-12-05 04:00:00+00:00,765.7421875,117.3984375,298.125,39.35205078125,2.6875,883.140625,24.975000000000023
2007-12-05 05:00:00+00:00,481.046875,176.4375,298.796875,38.14013671875,2.654296875,657.484375,25.646875000000023
2007-12-05 06:00:00+00:00,216.7578125,166.9453125,299.046875,38.44757080078125,3.837890625,383.703125,25.896875000000023
2007-12-05 07:00:00+00:00,261.08984375,78.76953125,297.96875,43.5679931640625,4.818359375,339.859375,24.818750000000023
2007-12-05 08:00:00+00:00,117.71484375,17.16015625,297.484375,46.2080078125,4.490234375,134.875,24.334375000000023
2007-12-05 09:00:00+00:00,5.5546875,1.9453125,298.609375,45.0645751953125,3.474609375,7.5,25.459375000000023
2007-12-05 10:00:00+00:00,0.0,0.0,297.15625,50.350341796875,3.931640625,0.0,24.006250000000023
2007-12-05 11:00:00+00:00,0.0,0.0,295.9375,53.4720458984375,3.564453125,0.0,22.787500000000023
2007-12-05 12:00:00+00:00,0.0,0.0,295.046875,56.44940185546875,2.623046875,0.0,21.896875000000023
2007-12-05 13:00:00+00:00,0.0,0.0,294.5625,58.6383056640625,1.32421875,0.0,21.412500000000023
2007-12-05 14:00:00+00:00,0.0,0.0,294.484375,59.23651123046875,0.353515625,0.0,21.334375000000023
2007-12-05 15:00:00+00:00,0.0,0.0,293.546875,62.84613037109375,1.013671875,0.0,20.396875000000023
2007-12-05 16:00:00+00:00,0.0,0.0,292.546875,68.74383544921875,1.46875,0.0,19.396875000000023
2007-12-05 17:00:00+00:00,0.0,0.0,292.015625,71.63409423828125,1.546875,0.0,18.865625000000023
2007-12-05 18:00:00+00:00,0.0,0.125,291.875,72.02410888671875,1.013671875,0.125,18.725000000000023
2007-12-05 19:00:00+00:00,27.86328125,36.35546875,291.734375,72.4769287109375,1.318359375,64.21875,18.584375000000023
2007-12-05 20:00:00+00:00,172.078125,80.84375,291.875,72.0889892578125,1.763671875,252.921875,18.725000000000023
2007-12-05 21:00:00+00:00,365.67578125,99.26171875,293.09375,68.023681640625,2.458984375,464.9375,19.943750000000023
2007-12-05 22:00:00+00:00,560.015625,107.09375,295.390625,60.373779296875,3.181640625,667.109375,22.240625000000023
2007-12-05 23:00:00+00:00,730.890625,108.25,297.96875,52.3790283203125,4.3984375,839.140625,24.818750000000023
2007-12-06 00:00:00+00:00,859.4140625,105.7890625,300.171875,45.47003173828125,4.900390625,965.203125,27.021875000000023
2007-12-06 01:00:00+00:00,932.34765625,102.74609375,302.1875,37.12628173828125,5.251953125,1035.09375,29.037500000000023
2007-12-06 02:00:00+00:00,590.9296875,152.1640625,304.15625,27.8720703125,5.234375,743.09375,31.006250000000023
2007-12-06 03:00:00+00:00,554.13671875,184.33203125,305.671875,22.0704345703125,4.345703125,738.46875,32.52187500000002
2007-12-06 04:00:00+00:00,589.61328125,213.82421875,306.046875,22.8741455078125,4.509765625,803.4375,32.89687500000002
2007-12-06 05:00:00+00:00,553.15234375,136.55078125,306.28125,23.81024169921875,4.6953125,689.703125,33.13125000000002
2007-12-06 06:00:00+00:00,317.85546875,141.16015625,306.609375,23.71661376953125,4.40625,459.015625,33.45937500000002
2007-12-06 07:00:00+00:00,111.6875,69.859375,306.8125,23.8212890625,4.705078125,181.546875,33.66250000000002
2007-12-06 08:00:00+00:00,31.671875,65.515625,306.265625,25.26348876953125,5.1875,97.1875,33.11562500000002
2007-12-06 09:00:00+00:00,0.75390625,6.69921875,306.0,25.66375732421875,4.712890625,7.453125,32.85000000000002
2007-12-06 10:00:00+00:00,0.0,0.0,304.765625,30.2054443359375,5.353515625,0.0,31.615625000000023
2007-12-06 11:00:00+00:00,0.0,0.0,303.65625,33.10662841796875,5.130859375,0.0,30.506250000000023
2007-12-06 12:00:00+00:00,0.0,0.0,302.859375,34.75823974609375,5.1875,0.0,29.709375000000023
2007-12-06 13:00:00+00:00,0.0,0.0,302.203125,36.22991943359375,5.642578125,0.0,29.053125000000023
2007-12-06 14:00:00+00:00,0.0,0.0,301.65625,37.7847900390625,5.814453125,0.0,28.506250000000023
2007-12-06 15:00:00+00:00,0.0,0.0,301.890625,38.147705078125,5.20703125,0.0,28.740625000000023
2007-12-06 16:00:00+00:00,0.0,0.0,301.578125,39.377685546875,5.603515625,0.0,28.428125000000023
2007-12-06 17:00:00+00:00,0.0,0.0,300.875,43.59222412109375,5.7734375,0.0,27.725000000000023
2007-12-06 18:00:00+00:00,0.0,0.09375,300.328125,45.11480712890625,5.205078125,0.09375,27.178125000000023
2007-12-06 19:00:00+00:00,0.0,12.515625,300.140625,45.46307373046875,5.87890625,12.515625,26.990625000000023
2007-12-06 20:00:00+00:00,0.0,13.21875,299.84375,47.47869873046875,5.744140625,13.21875,26.693750000000023
2007-12-06 21:00:00+00:00,0.08203125,142.12109375,293.75,51.13665771484375,5.498046875,142.203125,20.600000000000023
2007-12-06 22:00:00+00:00,0.0625,92.703125,293.875,54.62872314453125,4.712890625,92.765625,20.725000000000023
2007-12-06 23:00:00+00:00,0.0,27.25,293.484375,54.5894775390625,4.349609375,27.25,20.334375000000023
2007-12-07 00:00:00+00:00,182.0390625,503.7734375,292.546875,59.34222412109375,2.091796875,685.8125,19.396875000000023
2007-12-07 01:00:00+00:00,576.7890625,332.6328125,292.453125,64.6671142578125,2.84375,909.421875,19.303125000000023
2007-12-07 02:00:00+00:00,646.56640625,229.07421875,293.34375,59.58795166015625,1.51953125,875.640625,20.193750000000023
2007-12-07 03:00:00+00:00,733.3359375,163.4921875,296.875,37.1302490234375,3.11328125,896.828125,23.725000000000023
2007-12-07 04:00:00+00:00,543.2421875,258.4140625,298.40625,31.18524169921875,3.935546875,801.65625,25.256250000000023
2007-12-07 05:00:00+00:00,619.140625,119.796875,297.96875,34.09765625,5.28515625,738.9375,24.818750000000023
2007-12-07 06:00:00+00:00,464.01953125,77.74609375,297.390625,35.10211181640625,5.5546875,541.765625,24.240625000000023
2007-12-07 07:00:00+00:00,302.109375,45.25,296.09375,39.5948486328125,5.806640625,347.359375,22.943750000000023
2007-12-07 08:00:00+00:00,106.7734375,23.2890625,294.578125,44.79095458984375,6.0234375,130.0625,21.428125000000023
2007-12-07 09:00:00+00:00,1.95703125,5.26171875,292.546875,51.52301025390625,5.076171875,7.21875,19.396875000000023
2007-12-07 10:00:00+00:00,0.0,0.0,291.921875,52.37799072265625,4.283203125,0.0,18.771875000000023
2007-12-07 11:00:00+00:00,0.0,0.0,291.109375,55.1380615234375,3.873046875,0.0,17.959375000000023
2007-12-07 12:00:00+00:00,0.0,0.0,290.34375,57.73974609375,3.681640625,0.0,17.193750000000023
2007-12-07 13:00:00+00:00,0.0,0.0,289.84375,58.5291748046875,3.369140625,0.0,16.693750000000023
2007-12-07 14:00:00+00:00,0.0,0.0,289.453125,59.6278076171875,2.623046875,0.0,16.303125000000023
2007-12-07 15:00:00+00:00,0.0,0.0,289.0,60.75,2.359375,0.0,15.850000000000023
2007-12-07 16:00:00+00:00,0.0,0.0,288.578125,62.9798583984375,2.17578125,0.0,15.428125000000023
2007-12-07 17:00:00+00:00,0.0,0.0,288.1875,65.20501708984375,1.908203125,0.0,15.037500000000023
2007-12-07 18:00:00+00:00,0.0,0.125,287.8125,67.08026123046875,1.751953125,0.125,14.662500000000023
2007-12-07 19:00:00+00:00,34.015625,35.8125,287.421875,69.32989501953125,1.46484375,69.828125,14.271875000000023
2007-12-07 20:00:00+00:00,191.19921875,74.61328125,287.28125,70.5264892578125,1.552734375,265.8125,14.131250000000023
2007-12-07 21:00:00+00:00,391.5078125,90.2890625,287.609375,69.6492919921875,1.21484375,481.796875,14.459375000000023
2007-12-07 22:00:00+00:00,591.109375,96.328125,288.390625,66.12603759765625,1.4140625,687.4375,15.240625000000023
2007-12-07 23:00:00+00:00,765.546875,96.671875,289.421875,61.72650146484375,1.12109375,862.21875,16.271875000000023
2007-12-08 00:00:00+00:00,899.8046875,93.4765625,290.671875,57.43231201171875,0.806640625,993.28125,17.521875000000023
2007-12-08 01:00:00+00:00,982.109375,87.359375,291.59375,54.3511962890625,0.447265625,1069.46875,18.443750000000023
2007-12-08 02:00:00+00:00,1000.03515625,79.52734375,294.078125,44.30389404296875,0.986328125,1079.5625,20.928125000000023
2007-12-08 03:00:00+00:00,957.67578125,70.37109375,296.5,37.4376220703125,1.984375,1028.046875,23.350000000000023
2007-12-08 04:00:00+00:00,854.5390625,63.6328125,298.015625,34.2916259765625,2.212890625,918.171875,24.865625000000023
2007-12-08 05:00:00+00:00,694.0390625,61.0859375,299.375,31.94873046875,2.865234375,755.125,26.225000000000023
2007-12-08 06:00:00+00:00,507.5625,52.703125,300.25,30.5186767578125,3.357421875,560.265625,27.100000000000023
2007-12-08 07:00:00+00:00,268.72265625,60.77734375,300.5,30.7509765625,3.662109375,329.5,27.350000000000023
2007-12-08 08:00:00+00:00,47.640625,53.84375,300.015625,33.65667724609375,3.84375,101.484375,26.865625000000023
2007-12-08 09:00:00+00:00,4.24609375,4.86328125,298.1875,42.13116455078125,3.96875,9.109375,25.037500000000023
2007-12-08 10:00:00+00:00,0.0,0.0,296.21875,49.24383544921875,4.0390625,0.0,23.068750000000023
2007-12-08 11:00:00+00:00,0.0,0.0,294.421875,56.646728515625,3.3359375,0.0,21.271875000000023
2007-12-08 12:00:00+00:00,0.0,0.0,293.515625,61.17620849609375,2.859375,0.0,20.365625000000023
2007-12-08 13:00:00+00:00,0.0,0.0,292.234375,67.9725341796875,2.85546875,0.0,19.084375000000023
2007-12-08 14:00:00+00:00,0.0,0.0,291.375,73.622802734375,2.484375,0.0,18.225000000000023
2007-12-08 15:00:00+00:00,0.0,0.0,290.46875,79.72265625,2.556640625,0.0,17.318750000000023
2007-12-08 16:00:00+00:00,0.0,0.0,289.984375,82.302734375,2.125,0.0,16.834375000000023
2007-12-08 17:00:00+00:00,0.0,0.0,289.515625,83.57537841796875,1.994140625,0.0,16.365625000000023
2007-12-08 18:00:00+00:00,0.0,0.078125,288.984375,83.53204345703125,3.05859375,0.078125,15.834375000000023
2007-12-08 19:00:00+00:00,0.0,23.421875,288.390625,83.1177978515625,2.50390625,23.421875,15.240625000000023
2007-12-08 20:00:00+00:00,28.66015625,146.79296875,288.296875,82.3419189453125,1.55078125,175.453125,15.146875000000023
2007-12-08 21:00:00+00:00,270.484375,162.828125,288.796875,73.307861328125,2.23046875,433.3125,15.646875000000023
2007-12-08 22:00:00+00:00,376.77734375,219.42578125,289.34375,68.1387939453125,0.939453125,596.203125,16.193750000000023
2007-12-08 23:00:00+00:00,606.640625,210.484375,290.265625,63.3546142578125,0.833984375,817.125,17.115625000000023
2007-12-09 00:00:00+00:00,788.546875,173.8125,291.34375,59.49371337890625,0.853515625,962.359375,18.193750000000023
2007-12-09 01:00:00+00:00,941.87109375,113.41015625,292.28125,56.28948974609375,0.15625,1055.28125,19.131250000000023
2007-12-09 02:00:00+00:00,982.1015625,86.8046875,295.28125,45.141357421875,0.9375,1068.90625,22.131250000000023
2007-12-09 03:00:00+00:00,647.35546875,152.12890625,297.390625,38.3839111328125,1.318359375,799.484375,24.240625000000023
2007-12-09 04:00:00+00:00,133.94140625,0.0,301.15625,24.88232421875,5.673828125,132.796875,28.006250000000023
2007-12-09 05:00:00+00:00,108.7265625,310.1171875,298.265625,34.5589599609375,7.82421875,418.84375,25.115625000000023
2007-12-09 06:00:00+00:00,64.5390625,79.6796875,294.984375,50.79412841796875,6.744140625,144.21875,21.834375000000023
2007-12-09 07:00:00+00:00,7.10546875,89.30078125,294.46875,46.4967041015625,6.38671875,96.40625,21.318750000000023
2007-12-09 08:00:00+00:00,0.0390625,19.7734375,292.734375,48.16278076171875,6.490234375,19.8125,19.584375000000023
2007-12-09 09:00:00+00:00,0.8515625,6.7890625,291.578125,43.9476318359375,4.900390625,7.640625,18.428125000000023
2007-12-09 10:00:00+00:00,0.0,0.0,290.484375,45.013427734375,5.818359375,0.0,17.334375000000023
2007-12-09 11:00:00+00:00,0.0,0.0,289.265625,47.1639404296875,5.087890625,0.0,16.115625000000023
2007-12-09 12:00:00+00:00,0.0,0.0,288.546875,43.73358154296875,4.49609375,0.0,15.396875000000023
2007-12-09 13:00:00+00:00,0.0,0.0,287.796875,45.23626708984375,4.392578125,0.0,14.646875000000023
2007-12-09 14:00:00+00:00,0.0,0.0,287.34375,46.8665771484375,3.853515625,0.0,14.193750000000023
2007-12-09 15:00:00+00:00,0.0,0.0,286.703125,55.28680419921875,3.806640625,0.0,13.553125000000023
2007-12-09 16:00:00+00:00,0.0,0.0,286.390625,56.4183349609375,3.4296875,0.0,13.240625000000023
2007-12-09 17:00:00+00:00,0.0,0.0,286.03125,57.00341796875,3.1328125,0.0,12.881250000000023
2007-12-09 18:00:00+00:00,0.0,0.125,285.53125,60.7578125,2.9765625,0.125,12.381250000000023
2007-12-09 19:00:00+00:00,20.859375,40.953125,284.953125,64.439697265625,2.66015625,61.8125,11.803125000000023
2007-12-09 20:00:00+00:00,172.41015625,89.27734375,284.625,65.4466552734375,2.322265625,261.6875,11.475000000000023
2007-12-09 21:00:00+00:00,387.16015625,100.79296875,284.546875,64.09832763671875,2.5546875,487.953125,11.396875000000023
2007-12-09 22:00:00+00:00,564.953125,117.078125,285.484375,60.3563232421875,2.51953125,682.03125,12.334375000000023
2007-12-09 23:00:00+00:00,760.40625,107.375,287.21875,51.27264404296875,2.9140625,867.78125,14.068750000000023
2007-12-10 00:00:00+00:00,648.2109375,225.1953125,288.75,43.29962158203125,2.99609375,873.40625,15.600000000000023
2007-12-10 01:00:00+00:00,184.0859375,264.9765625,290.0,38.61749267578125,3.431640625,449.0625,16.850000000000023
2007-12-10 02:00:00+00:00,49.29296875,395.67578125,290.625,36.8333740234375,3.7734375,444.96875,17.475000000000023
2007-12-10 03:00:00+00:00,132.265625,396.0,291.09375,38.1707763671875,4.25,528.265625,17.943750000000023
2007-12-10 04:00:00+00:00,227.06640625,315.65234375,291.1875,39.37786865234375,4.4296875,542.71875,18.037500000000023
2007-12-10 05:00:00+00:00,180.33984375,197.36328125,291.390625,39.8634033203125,4.384765625,377.703125,18.240625000000023
2007-12-10 06:00:00+00:00,51.0546875,195.8515625,291.21875,41.01776123046875,4.09765625,246.90625,18.068750000000023
2007-12-10 07:00:00+00:00,54.78125,100.203125,290.84375,43.7791748046875,4.40625,154.984375,17.693750000000023
2007-12-10 08:00:00+00:00,3.71484375,23.92578125,290.453125,45.6058349609375,3.74609375,27.640625,17.303125000000023
2007-12-10 09:00:00+00:00,0.015625,4.109375,290.015625,46.049560546875,3.72265625,4.125,16.865625000000023
2007-12-10 10:00:00+00:00,0.0,0.0,289.515625,48.750244140625,3.35546875,0.0,16.365625000000023
2007-12-10 11:00:00+00:00,0.0,0.0,289.078125,51.31707763671875,2.888671875,0.0,15.928125000000023
2007-12-10 12:00:00+00:00,0.0,0.0,288.5,55.239013671875,2.533203125,0.0,15.350000000000023
2007-12-10 13:00:00+00:00,0.0,0.0,288.28125,57.19427490234375,1.955078125,0.0,15.131250000000023
2007-12-10 14:00:00+00:00,0.0,0.0,288.171875,57.869140625,1.43359375,0.0,15.021875000000023
2007-12-10 15:00:00+00:00,0.0,0.0,287.921875,60.6241455078125,1.19140625,0.0,14.771875000000023
2007-12-10 16:00:00+00:00,0.0,0.0,287.828125,60.04217529296875,1.44140625,0.0,14.678125000000023
2007-12-10 17:00:00+00:00,0.0,0.0,287.578125,59.57464599609375,1.396484375,0.0,14.428125000000023
2007-12-10 18:00:00+00:00,0.0,0.125,287.21875,60.4840087890625,1.845703125,0.125,14.068750000000023
2007-12-10 19:00:00+00:00,34.2890625,34.9296875,286.5625,63.62127685546875,1.947265625,69.21875,13.412500000000023
2007-12-10 20:00:00+00:00,190.140625,73.15625,286.109375,66.4188232421875,1.626953125,263.296875,12.959375000000023
2007-12-10 21:00:00+00:00,387.1015625,89.1796875,285.625,67.73907470703125,1.728515625,476.28125,12.475000000000023
2007-12-10 22:00:00+00:00,583.58984375,95.86328125,286.390625,65.7518310546875,1.482421875,679.453125,13.240625000000023
2007-12-10 23:00:00+00:00,739.7734375,107.2265625,287.53125,63.4637451171875,1.4609375,847.0,14.381250000000023
2007-12-11 00:00:00+00:00,756.078125,151.234375,288.984375,57.54913330078125,1.7578125,907.3125,15.834375000000023
2007-12-11 01:00:00+00:00,750.5390625,204.0859375,290.5,51.41900634765625,1.986328125,954.625,17.350000000000023
2007-12-11 02:00:00+00:00,813.4765625,179.2265625,292.171875,44.99334716796875,2.5703125,992.703125,19.021875000000023
2007-12-11 03:00:00+00:00,909.0390625,116.8671875,293.609375,40.73236083984375,3.123046875,1025.90625,20.459375000000023
2007-12-11 04:00:00+00:00,393.921875,210.53125,294.6875,37.4404296875,3.63671875,604.453125,21.537500000000023
2007-12-11 05:00:00+00:00,268.984375,234.8125,294.984375,37.18408203125,4.625,503.796875,21.834375000000023
2007-12-11 06:00:00+00:00,440.20703125,116.65234375,294.78125,38.62933349609375,4.990234375,556.859375,21.631250000000023
2007-12-11 07:00:00+00:00,264.49609375,45.09765625,294.09375,43.49755859375,5.072265625,309.59375,20.943750000000023
2007-12-11 08:00:00+00:00,106.2109375,29.8359375,293.265625,49.0919189453125,4.951171875,136.046875,20.115625000000023
2007-12-11 09:00:00+00:00,7.75,2.1875,292.703125,51.43475341796875,4.443359375,9.9375,19.553125000000023
2007-12-11 10:00:00+00:00,0.0,0.0,291.96875,54.21759033203125,3.966796875,0.0,18.818750000000023
2007-12-11 11:00:00+00:00,0.0,0.0,290.984375,58.348876953125,3.708984375,0.0,17.834375000000023
2007-12-11 12:00:00+00:00,0.0,0.0,290.203125,63.59930419921875,3.626953125,0.0,17.053125000000023
2007-12-11 13:00:00+00:00,0.0,0.0,289.625,67.9063720703125,3.076171875,0.0,16.475000000000023
2007-12-11 14:00:00+00:00,0.0,0.0,289.1875,71.0986328125,2.484375,0.0,16.037500000000023
2007-12-11 15:00:00+00:00,0.0,0.0,288.90625,73.7218017578125,2.318359375,0.0,15.756250000000023
2007-12-11 16:00:00+00:00,0.0,0.0,288.515625,76.8134765625,2.076171875,0.0,15.365625000000023
2007-12-11 17:00:00+00:00,0.0,0.0,287.984375,80.52325439453125,1.908203125,0.0,14.834375000000023
2007-12-11 18:00:00+00:00,0.0,0.109375,287.40625,83.81396484375,1.994140625,0.109375,14.256250000000023
2007-12-11 19:00:00+00:00,34.00390625,34.83984375,286.9375,85.57666015625,2.064453125,68.84375,13.787500000000023
2007-12-11 20:00:00+00:00,190.2421875,73.1640625,286.671875,85.66796875,1.9765625,263.40625,13.521875000000023
2007-12-11 21:00:00+00:00,384.62109375,91.76953125,287.203125,81.9168701171875,2.16015625,476.390625,14.053125000000023
2007-12-11 22:00:00+00:00,589.5,95.1875,288.6875,69.35821533203125,2.453125,684.6875,15.537500000000023
2007-12-11 23:00:00+00:00,766.85546875,94.36328125,290.8125,50.66754150390625,2.57421875,861.21875,17.662500000000023
2007-12-12 00:00:00+00:00,902.8515625,91.3203125,292.765625,41.146240234375,2.65625,994.171875,19.615625000000023
2007-12-12 01:00:00+00:00,985.44140625,85.51171875,294.515625,35.9833984375,2.783203125,1070.953125,21.365625000000023
2007-12-12 02:00:00+00:00,881.203125,138.921875,296.203125,31.30078125,3.017578125,1020.125,23.053125000000023
2007-12-12 03:00:00+00:00,685.3359375,190.9765625,297.796875,29.00946044921875,3.384765625,876.3125,24.646875000000023
2007-12-12 04:00:00+00:00,655.02734375,172.50390625,298.4375,29.6890869140625,4.171875,827.53125,25.287500000000023
2007-12-12 05:00:00+00:00,621.69921875,113.22265625,298.71875,30.78643798828125,4.642578125,734.921875,25.568750000000023
2007-12-12 06:00:00+00:00,520.44140625,55.80859375,298.890625,31.7833251953125,4.7734375,576.25,25.740625000000023
2007-12-12 07:00:00+00:00,303.49609375,45.19140625,299.015625,32.1268310546875,4.16796875,348.6875,25.865625000000023
2007-12-12 08:00:00+00:00,109.27734375,25.84765625,299.15625,31.85009765625,3.064453125,135.125,26.006250000000023
2007-12-12 09:00:00+00:00,8.0859375,2.9296875,298.25,35.262939453125,5.779296875,11.015625,25.100000000000023
2007-12-12 10:00:00+00:00,0.0,0.0,296.25,39.81256103515625,5.814453125,0.0,23.100000000000023
2007-12-12 11:00:00+00:00,0.0,0.0,294.90625,42.05450439453125,4.701171875,0.0,21.756250000000023
2007-12-12 12:00:00+00:00,0.0,0.0,293.984375,44.3719482421875,3.83984375,0.0,20.834375000000023
2007-12-12 13:00:00+00:00,0.0,0.0,293.21875,47.8006591796875,3.12890625,0.0,20.068750000000023
2007-12-12 14:00:00+00:00,0.0,0.0,292.703125,50.55755615234375,2.369140625,0.0,19.553125000000023
2007-12-12 15:00:00+00:00,0.0,0.0,292.03125,55.03485107421875,1.240234375,0.0,18.881250000000023
2007-12-12 16:00:00+00:00,0.0,0.0,291.703125,56.71209716796875,0.703125,0.0,18.553125000000023
2007-12-12 17:00:00+00:00,0.0,0.0,291.234375,59.14324951171875,0.11328125,0.0,18.084375000000023
2007-12-12 18:00:00+00:00,0.0,0.109375,291.109375,60.0025634765625,0.978515625,0.109375,17.959375000000023
2007-12-12 19:00:00+00:00,13.9609375,38.2109375,290.546875,62.88067626953125,1.28515625,52.171875,17.396875000000023
2007-12-12 20:00:00+00:00,42.1328125,104.2890625,290.9375,60.41851806640625,1.455078125,146.421875,17.787500000000023
2007-12-12 21:00:00+00:00,147.99609375,217.78515625,291.5,61.56427001953125,1.96875,365.78125,18.350000000000023
2007-12-12 22:00:00+00:00,503.2578125,161.8359375,292.6875,54.89044189453125,2.298828125,665.09375,19.537500000000023
2007-12-12 23:00:00+00:00,605.24609375,200.67578125,294.34375,47.2667236328125,2.888671875,805.921875,21.193750000000023
2007-12-13 00:00:00+00:00,783.63671875,176.22265625,296.546875,39.01239013671875,3.02734375,959.859375,23.396875000000023
2007-12-13 01:00:00+00:00,847.2734375,176.7109375,298.71875,33.0369873046875,3.119140625,1023.984375,25.568750000000023
2007-12-13 02:00:00+00:00,742.01953125,190.54296875,300.71875,27.17279052734375,2.81640625,932.5625,27.568750000000023
2007-12-13 03:00:00+00:00,691.46875,272.21875,302.15625,23.73724365234375,2.431640625,963.6875,29.006250000000023
2007-12-13 04:00:00+00:00,203.42578125,331.08984375,303.046875,21.8397216796875,2.1015625,534.515625,29.896875000000023
2007-12-13 05:00:00+00:00,33.40625,334.53125,303.515625,20.7261962890625,2.03125,367.9375,30.365625000000023
2007-12-13 06:00:00+00:00,5.1953125,186.0234375,303.609375,20.9591064453125,2.5,191.21875,30.459375000000023
2007-12-13 07:00:00+00:00,18.8203125,178.1640625,303.3125,21.86956787109375,3.40234375,196.984375,30.162500000000023
2007-12-13 08:00:00+00:00,3.8828125,66.0234375,302.578125,25.41015625,4.115234375,69.90625,29.428125000000023
2007-12-13 09:00:00+00:00,4.2421875,8.5234375,301.21875,32.93994140625,5.775390625,12.765625,28.068750000000023
2007-12-13 10:00:00+00:00,0.0,0.0,300.09375,35.9888916015625,5.427734375,0.0,26.943750000000023
2007-12-13 11:00:00+00:00,0.0,0.0,299.09375,38.87762451171875,4.599609375,0.0,25.943750000000023
2007-12-13 12:00:00+00:00,0.0,0.0,298.484375,40.7032470703125,3.71875,0.0,25.334375000000023
2007-12-13 13:00:00+00:00,0.0,0.0,298.140625,41.70867919921875,2.625,0.0,24.990625000000023
2007-12-13 14:00:00+00:00,0.0,0.0,297.78125,42.6944580078125,1.732421875,0.0,24.631250000000023
2007-12-13 15:00:00+00:00,0.0,0.0,296.375,46.6214599609375,1.751953125,0.0,23.225000000000023
2007-12-13 16:00:00+00:00,0.0,0.0,296.09375,47.31707763671875,1.501953125,0.0,22.943750000000023
2007-12-13 17:00:00+00:00,0.0,0.0,295.6875,48.40435791015625,1.419921875,0.0,22.537500000000023
2007-12-13 18:00:00+00:00,0.0,0.09375,295.34375,48.66204833984375,2.17578125,0.09375,22.193750000000023
2007-12-13 19:00:00+00:00,27.44140625,35.93359375,294.90625,45.68133544921875,3.615234375,63.375,21.756250000000023
2007-12-13 20:00:00+00:00,169.59375,81.140625,294.25,44.33013916015625,4.1796875,250.734375,21.100000000000023
2007-12-13 21:00:00+00:00,359.8046875,101.3828125,294.578125,41.184814453125,3.95703125,461.1875,21.428125000000023
2007-12-13 22:00:00+00:00,554.46875,110.171875,295.984375,37.750244140625,4.826171875,664.640625,22.834375000000023
2007-12-13 23:00:00+00:00,724.7734375,113.3515625,297.6875,34.46820068359375,4.98046875,838.125,24.537500000000023
2007-12-14 00:00:00+00:00,853.41796875,113.56640625,299.453125,31.05047607421875,4.751953125,966.984375,26.303125000000023
2007-12-14 01:00:00+00:00,929.796875,111.546875,301.484375,26.6031494140625,4.662109375,1041.34375,28.334375000000023
2007-12-14 02:00:00+00:00,947.5703125,107.4921875,303.421875,21.51873779296875,4.125,1055.0625,30.271875000000023
2007-12-14 03:00:00+00:00,820.93359375,141.98828125,304.625,19.71875,3.771484375,962.921875,31.475000000000023
2007-12-14 04:00:00+00:00,731.68359375,102.44140625,305.640625,18.20269775390625,3.44140625,834.125,32.49062500000002
2007-12-14 05:00:00+00:00,505.61328125,145.60546875,306.359375,17.12884521484375,3.232421875,651.21875,33.20937500000002
2007-12-14 06:00:00+00:00,274.23828125,125.71484375,306.78125,16.57977294921875,3.32421875,399.953125,33.63125000000002
2007-12-14 07:00:00+00:00,194.6328125,105.0078125,306.9375,16.4161376953125,3.5625,299.640625,33.78750000000002
2007-12-14 08:00:00+00:00,51.1171875,42.8671875,306.953125,16.53717041015625,4.17578125,93.984375,33.80312500000002
2007-12-14 09:00:00+00:00,5.44921875,6.67578125,305.78125,19.67083740234375,4.669921875,12.125,32.63125000000002
2007-12-14 10:00:00+00:00,0.0,0.0,304.9375,20.5753173828125,4.869140625,0.0,31.787500000000023
2007-12-14 11:00:00+00:00,0.0,0.0,304.125,22.3363037109375,4.46484375,0.0,30.975000000000023
2007-12-14 12:00:00+00:00,0.0,0.0,303.234375,23.18939208984375,4.41015625,0.0,30.084375000000023
2007-12-14 13:00:00+00:00,0.0,0.0,302.5,23.1162109375,4.60546875,0.0,29.350000000000023
2007-12-14 14:00:00+00:00,0.0,0.0,301.8125,23.43157958984375,4.69140625,0.0,28.662500000000023
2007-12-14 15:00:00+00:00,0.0,0.0,300.4375,25.7039794921875,2.759765625,0.0,27.287500000000023
2007-12-14 16:00:00+00:00,0.0,0.0,296.03125,39.64044189453125,5.791015625,0.0,22.881250000000023
2007-12-14 17:00:00+00:00,0.0,0.0,294.40625,51.1993408203125,3.76953125,0.0,21.256250000000023
2007-12-14 18:00:00+00:00,0.0,0.046875,293.703125,55.66357421875,2.4609375,0.046875,20.553125000000023
2007-12-14 19:00:00+00:00,0.0625,34.234375,292.65625,63.53826904296875,3.728515625,34.296875,19.506250000000023
2007-12-14 20:00:00+00:00,0.1953125,75.6484375,291.59375,72.0484619140625,3.8125,75.84375,18.443750000000023
2007-12-14 21:00:00+00:00,0.48828125,168.49609375,291.59375,72.16766357421875,2.1015625,168.984375,18.443750000000023
2007-12-14 22:00:00+00:00,0.296875,69.296875,291.234375,76.6842041015625,1.78515625,69.59375,18.084375000000023
2007-12-14 23:00:00+00:00,0.109375,90.125,290.75,83.56231689453125,1.72265625,90.234375,17.600000000000023
2007-12-15 00:00:00+00:00,2.15625,309.421875,290.421875,87.630859375,2.3515625,311.578125,17.271875000000023
2007-12-15 01:00:00+00:00,0.7578125,84.1640625,290.0,86.82843017578125,3.994140625,84.921875,16.850000000000023
2007-12-15 02:00:00+00:00,0.8828125,323.5390625,289.53125,83.50048828125,3.93359375,324.421875,16.381250000000023
2007-12-15 03:00:00+00:00,1.1015625,182.9609375,290.3125,74.38677978515625,3.236328125,184.0625,17.162500000000023
2007-12-15 04:00:00+00:00,51.37109375,352.09765625,290.609375,69.14013671875,3.25390625,403.46875,17.459375000000023
2007-12-15 05:00:00+00:00,11.34765625,258.82421875,291.015625,64.04986572265625,3.845703125,270.171875,17.865625000000023
2007-12-15 06:00:00+00:00,52.0703125,179.6015625,290.984375,60.51171875,4.025390625,231.671875,17.834375000000023
2007-12-15 07:00:00+00:00,6.5703125,120.6484375,291.015625,58.1746826171875,3.875,127.21875,17.865625000000023
2007-12-15 08:00:00+00:00,11.0390625,77.9140625,291.109375,57.2110595703125,3.55859375,88.953125,17.959375000000023
2007-12-15 09:00:00+00:00,0.0,5.921875,290.453125,59.31427001953125,3.44140625,5.921875,17.303125000000023
2007-12-15 10:00:00+00:00,0.0,0.0,290.140625,58.7373046875,3.15625,0.0,16.990625000000023
2007-12-15 11:00:00+00:00,0.0,0.0,289.671875,58.6268310546875,3.0703125,0.0,16.521875000000023
2007-12-15 12:00:00+00:00,0.0,0.0,289.1875,59.45623779296875,2.89453125,0.0,16.037500000000023
2007-12-15 13:00:00+00:00,0.0,0.0,288.796875,60.55218505859375,2.89453125,0.0,15.646875000000023
2007-12-15 14:00:00+00:00,0.0,0.0,288.421875,62.00830078125,2.8515625,0.0,15.271875000000023
2007-12-15 15:00:00+00:00,0.0,0.0,287.921875,65.43121337890625,2.685546875,0.0,14.771875000000023
2007-12-15 16:00:00+00:00,0.0,0.0,287.734375,66.5089111328125,2.56640625,0.0,14.584375000000023
2007-12-15 17:00:00+00:00,0.0,0.0,287.5625,67.0574951171875,2.349609375,0.0,14.412500000000023
2007-12-15 18:00:00+00:00,0.0,0.015625,287.390625,67.43475341796875,2.349609375,0.015625,14.240625000000023
2007-12-15 19:00:00+00:00,0.09375,32.359375,287.28125,67.53741455078125,2.326171875,32.453125,14.131250000000023
2007-12-15 20:00:00+00:00,9.13671875,119.62890625,287.234375,67.36297607421875,2.3125,128.765625,14.084375000000023
2007-12-15 21:00:00+00:00,0.2890625,93.0390625,287.671875,65.7349853515625,2.990234375,93.328125,14.521875000000023
2007-12-15 22:00:00+00:00,42.734375,265.078125,287.953125,62.2491455078125,3.380859375,307.8125,14.803125000000023
2007-12-15 23:00:00+00:00,72.60546875,416.75390625,288.5625,57.71905517578125,3.248046875,489.359375,15.412500000000023
2007-12-16 00:00:00+00:00,417.70703125,376.13671875,289.484375,52.597412109375,3.380859375,793.84375,16.334375000000023
2007-12-16 01:00:00+00:00,725.76171875,286.64453125,290.578125,48.30804443359375,4.05078125,1012.40625,17.428125000000023
2007-12-16 02:00:00+00:00,950.109375,128.9375,291.5,45.7772216796875,4.80859375,1079.046875,18.350000000000023
2007-12-16 03:00:00+00:00,363.67578125,450.96484375,291.6875,44.96417236328125,5.3515625,814.640625,18.537500000000023
2007-12-16 04:00:00+00:00,534.9765625,231.1328125,291.890625,45.758056640625,5.90234375,766.109375,18.740625000000023
2007-12-16 05:00:00+00:00,552.3515625,169.0234375,291.875,46.227783203125,6.017578125,721.375,18.725000000000023
2007-12-16 06:00:00+00:00,473.05078125,87.15234375,291.8125,46.5032958984375,5.9609375,560.203125,18.662500000000023
2007-12-16 07:00:00+00:00,331.43359375,45.01953125,291.8125,45.2579345703125,5.68359375,376.453125,18.662500000000023
2007-12-16 08:00:00+00:00,115.6015625,26.4140625,291.640625,44.6402587890625,5.291015625,142.015625,18.490625000000023
2007-12-16 09:00:00+00:00,9.6875,2.78125,290.96875,50.72705078125,4.99609375,12.46875,17.818750000000023
2007-12-16 10:00:00+00:00,0.0,0.0,290.21875,55.5157470703125,4.7734375,0.0,17.068750000000023
2007-12-16 11:00:00+00:00,0.0,0.0,289.734375,60.30645751953125,4.3203125,0.0,16.584375000000023
2007-12-16 12:00:00+00:00,0.0,0.0,289.328125,64.0662841796875,4.279296875,0.0,16.178125000000023
2007-12-16 13:00:00+00:00,0.0,0.0,288.765625,65.14276123046875,4.171875,0.0,15.615625000000023
2007-12-16 14:00:00+00:00,0.0,0.0,288.515625,62.0313720703125,3.6953125,0.0,15.365625000000023
2007-12-16 15:00:00+00:00,0.0,0.0,288.078125,62.82232666015625,3.478515625,0.0,14.928125000000023
2007-12-16 16:00:00+00:00,0.0,0.0,287.71875,64.948486328125,3.009765625,0.0,14.568750000000023
2007-12-16 17:00:00+00:00,0.0,0.0,287.421875,66.96392822265625,2.986328125,0.0,14.271875000000023
2007-12-16 18:00:00+00:00,0.0,0.0625,287.1875,68.80181884765625,2.935546875,0.0625,14.037500000000023
2007-12-16 19:00:00+00:00,31.3125,34.078125,286.890625,71.0089111328125,2.798828125,65.390625,13.740625000000023
2007-12-16 20:00:00+00:00,160.26953125,80.68359375,286.859375,70.9403076171875,2.62890625,240.953125,13.709375000000023
2007-12-16 21:00:00+00:00,393.6484375,89.4296875,287.25,66.6837158203125,2.15234375,483.078125,14.100000000000023
2007-12-16 22:00:00+00:00,596.60546875,95.73828125,288.4375,62.84735107421875,2.396484375,692.34375,15.287500000000023
2007-12-16 23:00:00+00:00,697.26953125,127.87109375,289.859375,56.70977783203125,2.439453125,825.140625,16.709375000000023
2007-12-17 00:00:00+00:00,827.64453125,137.66796875,291.546875,49.9837646484375,2.865234375,965.3125,18.396875000000023
2007-12-17 01:00:00+00:00,912.1640625,143.9453125,293.578125,44.22247314453125,3.384765625,1056.109375,20.428125000000023
2007-12-17 02:00:00+00:00,867.3125,142.296875,295.4375,39.986083984375,3.447265625,1009.609375,22.287500000000023
2007-12-17 03:00:00+00:00,970.06640625,73.71484375,295.140625,45.93182373046875,4.69921875,1043.78125,21.990625000000023
2007-12-17 04:00:00+00:00,874.78125,64.4375,295.921875,45.71856689453125,4.6796875,939.21875,22.771875000000023
2007-12-17 05:00:00+00:00,728.92578125,55.41796875,296.546875,44.94635009765625,4.55078125,784.34375,23.396875000000023
2007-12-17 06:00:00+00:00,533.50390625,53.52734375,296.859375,45.77081298828125,4.578125,587.03125,23.709375000000023
2007-12-17 07:00:00+00:00,332.375,41.875,296.78125,48.0006103515625,4.529296875,374.25,23.631250000000023
2007-12-17 08:00:00+00:00,138.40625,24.828125,296.515625,48.60272216796875,4.2421875,163.234375,23.365625000000023
2007-12-17 09:00:00+00:00,12.390625,3.828125,296.5625,46.91351318359375,2.67578125,16.21875,23.412500000000023
2007-12-17 10:00:00+00:00,0.0,0.0,296.515625,42.6368408203125,4.14453125,0.0,23.365625000000023
2007-12-17 11:00:00+00:00,0.0,0.0,294.625,49.5233154296875,5.0625,0.0,21.475000000000023
2007-12-17 12:00:00+00:00,0.0,0.0,293.5625,52.43646240234375,4.388671875,0.0,20.412500000000023
2007-12-17 13:00:00+00:00,0.0,0.0,292.890625,54.44659423828125,3.49609375,0.0,19.740625000000023
2007-12-17 14:00:00+00:00,0.0,0.0,292.5,55.60418701171875,2.75,0.0,19.350000000000023
2007-12-17 15:00:00+00:00,0.0,0.0,291.671875,58.5294189453125,2.064453125,0.0,18.521875000000023
2007-12-17 16:00:00+00:00,0.0,0.0,291.234375,60.16290283203125,1.744140625,0.0,18.084375000000023
2007-12-17 17:00:00+00:00,0.0,0.0,290.8125,61.7593994140625,1.63671875,0.0,17.662500000000023
2007-12-17 18:00:00+00:00,0.0,0.046875,290.859375,62.10174560546875,0.89453125,0.046875,17.709375000000023
2007-12-17 19:00:00+00:00,2.09765625,45.24609375,290.671875,64.0211181640625,0.98046875,47.34375,17.521875000000023
2007-12-17 20:00:00+00:00,45.28515625,141.26171875,290.359375,66.94744873046875,0.6875,186.546875,17.209375000000023
2007-12-17 21:00:00+00:00,225.09375,185.640625,290.515625,69.048828125,1.025390625,410.734375,17.365625000000023
2007-12-17 22:00:00+00:00,476.48828125,165.01171875,291.125,67.41839599609375,1.31640625,641.5,17.975000000000023
2007-12-17 23:00:00+00:00,484.62890625,264.13671875,292.546875,61.322509765625,1.349609375,748.765625,19.396875000000023
2007-12-18 00:00:00+00:00,672.70703125,254.33984375,294.515625,52.6785888671875,1.779296875,927.046875,21.365625000000023
2007-12-18 01:00:00+00:00,540.09375,292.59375,297.0625,42.76324462890625,2.26953125,832.6875,23.912500000000023
2007-12-18 02:00:00+00:00,88.765625,178.21875,299.609375,32.07666015625,2.724609375,266.984375,26.459375000000023
2007-12-18 03:00:00+00:00,2.72265625,341.16796875,300.21875,30.562255859375,2.947265625,343.890625,27.068750000000023
2007-12-18 04:00:00+00:00,59.90234375,422.22265625,300.875,27.81689453125,3.0546875,482.125,27.725000000000023
2007-12-18 05:00:00+00:00,417.45703125,271.33984375,301.53125,25.3665771484375,3.255859375,688.796875,28.381250000000023
2007-12-18 06:00:00+00:00,67.90625,107.796875,302.1875,23.12322998046875,3.328125,175.703125,29.037500000000023
2007-12-18 07:00:00+00:00,18.3203125,179.4296875,302.140625,22.97894287109375,2.998046875,197.75,28.990625000000023
2007-12-18 08:00:00+00:00,52.9609375,69.5546875,302.15625,23.193359375,3.03125,122.515625,29.006250000000023
2007-12-18 09:00:00+00:00,0.03125,6.46875,301.375,28.20697021484375,3.771484375,6.5,28.225000000000023
2007-12-18 10:00:00+00:00,0.0,0.0,300.453125,33.6805419921875,3.91015625,0.0,27.303125000000023
2007-12-18 11:00:00+00:00,0.0,0.0,299.203125,41.73052978515625,3.78125,0.0,26.053125000000023
2007-12-18 12:00:00+00:00,0.0,0.0,298.78125,41.81396484375,3.072265625,0.0,25.631250000000023
2007-12-18 13:00:00+00:00,0.0,0.0,298.46875,42.25323486328125,2.51171875,0.0,25.318750000000023
2007-12-18 14:00:00+00:00,0.0,0.0,298.421875,41.772705078125,1.892578125,0.0,25.271875000000023
2007-12-18 15:00:00+00:00,0.0,0.0,297.359375,45.536376953125,1.95703125,0.0,24.209375000000023
2007-12-18 16:00:00+00:00,0.0,0.0,297.296875,45.10272216796875,1.328125,0.0,24.146875000000023
2007-12-18 17:00:00+00:00,0.0,0.0,297.28125,42.1729736328125,0.814453125,0.0,24.131250000000023
2007-12-18 18:00:00+00:00,0.0,0.015625,297.25,35.5191650390625,1.43359375,0.015625,24.100000000000023
2007-12-18 19:00:00+00:00,0.046875,18.703125,296.78125,33.88116455078125,1.919921875,18.75,23.631250000000023
2007-12-18 20:00:00+00:00,0.1796875,67.1953125,295.921875,39.2403564453125,3.537109375,67.375,22.771875000000023
2007-12-18 21:00:00+00:00,1.62890625,71.77734375,296.6875,37.7718505859375,3.02734375,73.40625,23.537500000000023
2007-12-18 22:00:00+00:00,69.80078125,296.24609375,295.640625,45.44219970703125,3.51953125,366.046875,22.490625000000023
2007-12-18 23:00:00+00:00,380.71875,331.09375,296.40625,45.0130615234375,3.212890625,711.8125,23.256250000000023
2007-12-19 00:00:00+00:00,559.3515625,304.6015625,298.5,39.0772705078125,3.712890625,863.953125,25.350000000000023
2007-12-19 01:00:00+00:00,627.61328125,303.29296875,300.453125,32.25146484375,4.376953125,930.90625,27.303125000000023
2007-12-19 02:00:00+00:00,175.265625,445.421875,302.171875,29.984375,4.48828125,620.6875,29.021875000000023
2007-12-19 03:00:00+00:00,22.37109375,426.61328125,301.03125,35.5479736328125,4.583984375,448.984375,27.881250000000023
2007-12-19 04:00:00+00:00,656.5234375,236.7734375,301.515625,34.57562255859375,3.92578125,893.296875,28.365625000000023
2007-12-19 05:00:00+00:00,246.69140625,56.76171875,302.671875,31.951416015625,3.64453125,303.453125,29.521875000000023
2007-12-19 06:00:00+00:00,150.83984375,271.48828125,303.03125,31.21759033203125,3.6640625,422.328125,29.881250000000023
2007-12-19 07:00:00+00:00,116.3984375,154.1015625,303.671875,29.29180908203125,3.873046875,270.5,30.521875000000023
2007-12-19 08:00:00+00:00,33.21875,67.96875,303.828125,29.63726806640625,4.697265625,101.1875,30.678125000000023
2007-12-19 09:00:00+00:00,4.07421875,9.92578125,303.84375,30.82012939453125,5.046875,14.0,30.693750000000023
2007-12-19 10:00:00+00:00,0.0,0.0,302.640625,35.38128662109375,5.51953125,0.0,29.490625000000023
2007-12-19 11:00:00+00:00,0.0,0.0,301.328125,39.4139404296875,5.5234375,0.0,28.178125000000023
2007-12-19 12:00:00+00:00,0.0,0.0,300.359375,42.29547119140625,5.51953125,0.0,27.209375000000023
2007-12-19 13:00:00+00:00,0.0,0.0,299.5,45.71209716796875,5.689453125,0.0,26.350000000000023
2007-12-19 14:00:00+00:00,0.0,0.0,298.71875,49.515625,5.28125,0.0,25.568750000000023
2007-12-19 15:00:00+00:00,0.0,0.0,296.90625,61.1630859375,4.6015625,0.0,23.756250000000023
2007-12-19 16:00:00+00:00,0.0,0.0,296.265625,64.05364990234375,4.150390625,0.0,23.115625000000023
2007-12-19 17:00:00+00:00,0.0,0.0,295.984375,64.343994140625,3.982421875,0.0,22.834375000000023
2007-12-19 18:00:00+00:00,0.0,0.015625,295.921875,63.7159423828125,4.33203125,0.015625,22.771875000000023
2007-12-19 19:00:00+00:00,21.625,32.9375,295.5,66.83953857421875,5.20703125,54.5625,22.350000000000023
2007-12-19 20:00:00+00:00,112.671875,97.234375,295.0,72.25970458984375,4.990234375,209.90625,21.850000000000023
2007-12-19 21:00:00+00:00,316.87109375,117.01953125,295.5,70.3646240234375,3.896484375,433.890625,22.350000000000023
2007-12-19 22:00:00+00:00,432.83203125,147.62109375,296.890625,66.7686767578125,4.0703125,580.453125,23.740625000000023
2007-12-19 23:00:00+00:00,543.203125,183.53125,298.0625,63.7069091796875,5.8125,726.734375,24.912500000000023
2007-12-20 00:00:00+00:00,585.18359375,253.44140625,299.03125,61.08172607421875,6.5390625,838.625,25.881250000000023
2007-12-20 01:00:00+00:00,319.28125,129.046875,300.1875,57.96051025390625,5.79296875,448.328125,27.037500000000023
2007-12-20 02:00:00+00:00,392.8984375,371.8515625,299.96875,59.651123046875,5.10546875,764.75,26.818750000000023
2007-12-20 03:00:00+00:00,213.5703125,365.0859375,300.046875,56.17803955078125,3.87890625,578.65625,26.896875000000023
2007-12-20 04:00:00+00:00,161.6875,407.25,300.34375,56.24749755859375,3.138671875,568.9375,27.193750000000023
2007-12-20 05:00:00+00:00,23.94140625,119.68359375,298.9375,63.379150390625,2.75390625,143.625,25.787500000000023
2007-12-20 06:00:00+00:00,82.27734375,260.22265625,297.578125,73.957763671875,3.1875,342.5,24.428125000000023
2007-12-20 07:00:00+00:00,68.73046875,178.67578125,297.203125,76.18975830078125,2.69921875,247.40625,24.053125000000023
2007-12-20 08:00:00+00:00,74.62109375,54.50390625,297.421875,74.3489990234375,1.873046875,129.125,24.271875000000023
2007-12-20 09:00:00+00:00,6.76171875,8.12890625,293.875,81.87054443359375,2.63671875,14.890625,20.725000000000023
2007-12-20 10:00:00+00:00,0.0,0.0,293.046875,82.05657958984375,2.865234375,0.0,19.896875000000023
2007-12-20 11:00:00+00:00,0.0,0.0,292.515625,83.60687255859375,2.1328125,0.0,19.365625000000023
2007-12-20 12:00:00+00:00,0.0,0.0,291.96875,85.774658203125,2.16796875,0.0,18.818750000000023
2007-12-20 13:00:00+00:00,0.0,0.0,291.4375,87.82427978515625,2.1953125,0.0,18.287500000000023
2007-12-20 14:00:00+00:00,0.0,0.0,291.171875,89.4688720703125,1.583984375,0.0,18.021875000000023
2007-12-20 15:00:00+00:00,0.0,0.0,290.78125,88.19775390625,1.34375,0.0,17.631250000000023
2007-12-20 16:00:00+00:00,0.0,0.0,290.8125,88.2916259765625,0.318359375,0.0,17.662500000000023
2007-12-20 17:00:00+00:00,0.0,0.0,290.859375,88.657470703125,0.671875,0.0,17.709375000000023
2007-12-20 18:00:00+00:00,0.0,0.015625,290.875,90.23211669921875,1.146484375,0.015625,17.725000000000023
2007-12-20 19:00:00+00:00,0.19140625,36.08984375,291.03125,91.78973388671875,1.384765625,36.28125,17.881250000000023
2007-12-20 20:00:00+00:00,1.296875,92.921875,291.4375,92.37762451171875,1.021484375,94.21875,18.287500000000023
2007-12-20 21:00:00+00:00,277.98828125,157.02734375,293.4375,85.4573974609375,1.5703125,435.015625,20.287500000000023
2007-12-20 22:00:00+00:00,499.421875,132.1875,295.15625,79.770263671875,1.55078125,631.609375,22.006250000000023
2007-12-20 23:00:00+00:00,550.203125,209.546875,297.234375,73.29437255859375,2.40234375,759.75,24.084375000000023
2007-12-21 00:00:00+00:00,201.53125,261.828125,299.78125,63.64190673828125,3.927734375,463.359375,26.631250000000023
2007-12-21 01:00:00+00:00,514.75,404.03125,301.5,53.79443359375,4.322265625,918.78125,28.350000000000023
2007-12-21 02:00:00+00:00,102.2421875,192.4765625,303.234375,47.88311767578125,4.880859375,294.71875,30.084375000000023
2007-12-21 03:00:00+00:00,0.09765625,40.13671875,303.96875,41.7171630859375,4.8984375,40.234375,30.818750000000023
2007-12-21 04:00:00+00:00,0.0,27.296875,300.4375,63.05426025390625,4.099609375,27.296875,27.287500000000023
2007-12-21 05:00:00+00:00,0.0,27.125,299.78125,70.61614990234375,4.3046875,27.125,26.631250000000023
2007-12-21 06:00:00+00:00,0.0,12.796875,298.65625,78.16070556640625,5.30078125,12.796875,25.506250000000023
2007-12-21 07:00:00+00:00,0.00390625,79.04296875,298.046875,80.4515380859375,5.791015625,79.046875,24.896875000000023
2007-12-21 08:00:00+00:00,0.0,42.359375,298.125,76.58648681640625,8.771484375,42.359375,24.975000000000023
2007-12-21 09:00:00+00:00,0.0,3.34375,297.359375,80.2215576171875,5.7578125,3.34375,24.209375000000023
2007-12-21 10:00:00+00:00,0.0,0.0,296.890625,78.314453125,3.478515625,0.0,23.740625000000023
2007-12-21 11:00:00+00:00,0.0,0.0,296.484375,79.84521484375,2.53515625,0.0,23.334375000000023
2007-12-21 12:00:00+00:00,0.0,0.0,295.734375,88.0679931640625,3.109375,0.0,22.584375000000023
2007-12-21 13:00:00+00:00,0.0,0.0,293.09375,83.40325927734375,4.81640625,0.0,19.943750000000023
2007-12-21 14:00:00+00:00,0.0,0.0,292.109375,79.6209716796875,3.865234375,0.0,18.959375000000023
2007-12-21 15:00:00+00:00,0.0,0.0,291.578125,83.118408203125,3.4296875,0.0,18.428125000000023
2007-12-21 16:00:00+00:00,0.0,0.0,290.90625,86.44970703125,3.244140625,0.0,17.756250000000023
2007-12-21 17:00:00+00:00,0.0,0.0,290.671875,85.88116455078125,3.451171875,0.0,17.521875000000023
2007-12-21 18:00:00+00:00,0.0,0.0,290.21875,86.0748291015625,3.814453125,0.0,17.068750000000023
2007-12-21 19:00:00+00:00,8.88671875,24.44140625,289.734375,83.72808837890625,4.271484375,33.328125,16.584375000000023
2007-12-21 20:00:00+00:00,66.09765625,111.62109375,289.5,81.441162109375,3.794921875,177.71875,16.350000000000023
2007-12-21 21:00:00+00:00,264.671875,147.71875,289.953125,82.57958984375,3.98046875,412.390625,16.803125000000023
2007-12-21 22:00:00+00:00,370.46875,193.125,290.140625,79.8203125,4.47265625,563.59375,16.990625000000023
2007-12-21 23:00:00+00:00,78.765625,140.28125,289.640625,73.1156005859375,6.431640625,219.046875,16.490625000000023
2007-12-22 00:00:00+00:00,4.0625,262.625,288.421875,73.29180908203125,7.564453125,266.6875,15.271875000000023
2007-12-22 01:00:00+00:00,32.1640625,450.6640625,289.078125,65.8082275390625,5.75390625,482.828125,15.928125000000023
2007-12-22 02:00:00+00:00,70.71484375,196.08203125,289.859375,58.647705078125,7.447265625,266.796875,16.709375000000023
2007-12-22 03:00:00+00:00,27.8359375,30.5859375,289.171875,67.109375,8.716796875,58.421875,16.021875000000023
2007-12-22 04:00:00+00:00,53.9140625,201.2109375,288.90625,69.046142578125,8.580078125,255.125,15.756250000000023
2007-12-22 05:00:00+00:00,18.125,167.90625,288.28125,75.33856201171875,8.43359375,186.03125,15.131250000000023
2007-12-22 06:00:00+00:00,1.1171875,7.7421875,288.046875,73.044677734375,7.513671875,8.859375,14.896875000000023
2007-12-22 07:00:00+00:00,31.796875,115.234375,287.46875,79.2333984375,7.896484375,147.03125,14.318750000000023
2007-12-22 08:00:00+00:00,18.6328125,49.4140625,287.140625,80.86102294921875,7.875,68.046875,13.990625000000023
2007-12-22 09:00:00+00:00,0.1015625,2.8046875,286.921875,76.0050048828125,7.912109375,2.90625,13.771875000000023
2007-12-22 10:00:00+00:00,0.0,0.0,286.953125,68.57696533203125,6.7421875,0.0,13.803125000000023
2007-12-22 11:00:00+00:00,0.0,0.0,286.8125,64.74920654296875,6.037109375,0.0,13.662500000000023
2007-12-22 12:00:00+00:00,0.0,0.0,286.75,57.7012939453125,5.443359375,0.0,13.600000000000023
2007-12-22 13:00:00+00:00,0.0,0.0,286.40625,56.19915771484375,5.060546875,0.0,13.256250000000023
2007-12-22 14:00:00+00:00,0.0,0.0,286.046875,56.89752197265625,4.52734375,0.0,12.896875000000023
2007-12-22 15:00:00+00:00,0.0,0.0,284.90625,65.942626953125,4.138671875,0.0,11.756250000000023
2007-12-22 16:00:00+00:00,0.0,0.0,284.78125,66.5484619140625,3.697265625,0.0,11.631250000000023
2007-12-22 17:00:00+00:00,0.0,0.0,284.578125,67.72607421875,3.41015625,0.0,11.428125000000023
2007-12-22 18:00:00+00:00,0.0,0.0,284.453125,68.4095458984375,3.328125,0.0,11.303125000000023
2007-12-22 19:00:00+00:00,11.9296875,28.0234375,284.359375,69.1075439453125,3.216796875,39.953125,11.209375000000023
2007-12-22 20:00:00+00:00,75.8203125,96.5390625,284.484375,68.548583984375,2.630859375,172.359375,11.334375000000023
2007-12-22 21:00:00+00:00,62.1015625,133.4765625,284.21875,72.49169921875,3.13671875,195.578125,11.068750000000023
2007-12-22 22:00:00+00:00,76.87890625,239.18359375,285.09375,70.055908203125,3.517578125,316.0625,11.943750000000023
2007-12-22 23:00:00+00:00,110.578125,398.5625,286.28125,65.67724609375,3.73828125,509.140625,13.131250000000023
2007-12-23 00:00:00+00:00,306.05078125,355.93359375,287.578125,59.26385498046875,3.9296875,661.984375,14.428125000000023
2007-12-23 01:00:00+00:00,129.74609375,425.16015625,288.84375,53.2352294921875,3.884765625,554.90625,15.693750000000023
2007-12-23 02:00:00+00:00,108.1328125,348.7109375,289.75,49.8934326171875,4.07421875,456.84375,16.600000000000023
2007-12-23 03:00:00+00:00,186.76953125,463.85546875,290.59375,49.48162841796875,4.078125,650.625,17.443750000000023
2007-12-23 04:00:00+00:00,85.9453125,435.9921875,291.375,47.46142578125,4.22265625,521.9375,18.225000000000023
2007-12-23 05:00:00+00:00,104.78125,317.703125,291.734375,48.67144775390625,4.357421875,422.484375,18.584375000000023
2007-12-23 06:00:00+00:00,63.3046875,137.2578125,291.796875,50.335693359375,4.24609375,200.5625,18.646875000000023
2007-12-23 07:00:00+00:00,67.4453125,118.6328125,291.453125,53.51373291015625,4.033203125,186.078125,18.303125000000023
2007-12-23 08:00:00+00:00,5.5546875,50.0703125,291.453125,52.4412841796875,3.359375,55.625,18.303125000000023
2007-12-23 09:00:00+00:00,1.109375,4.765625,290.921875,55.23675537109375,2.96875,5.875,17.771875000000023
2007-12-23 10:00:00+00:00,0.0,0.0,290.78125,56.0526123046875,2.326171875,0.0,17.631250000000023
2007-12-23 11:00:00+00:00,0.0,0.0,290.640625,56.2481689453125,1.734375,0.0,17.490625000000023
2007-12-23 12:00:00+00:00,0.0,0.0,290.25,59.754638671875,2.916015625,0.0,17.100000000000023
2007-12-23 13:00:00+00:00,0.0,0.0,289.578125,64.0179443359375,3.794921875,0.0,16.428125000000023
2007-12-23 14:00:00+00:00,0.0,0.0,288.875,69.320068359375,3.91796875,0.0,15.725000000000023
2007-12-23 15:00:00+00:00,0.0,0.0,287.828125,74.582763671875,4.00390625,0.0,14.678125000000023
2007-12-23 16:00:00+00:00,0.0,0.0,287.3125,77.931640625,3.94921875,0.0,14.162500000000023
2007-12-23 17:00:00+00:00,0.0,0.0,286.953125,79.21685791015625,3.71875,0.0,13.803125000000023
2007-12-23 18:00:00+00:00,0.0,0.0,286.6875,80.3260498046875,3.5703125,0.0,13.537500000000023
2007-12-23 19:00:00+00:00,1.91796875,13.09765625,286.75,80.516357421875,3.212890625,15.015625,13.600000000000023
2007-12-23 20:00:00+00:00,7.10546875,86.72265625,286.875,80.06048583984375,2.974609375,93.828125,13.725000000000023
2007-12-23 21:00:00+00:00,237.8515625,145.7421875,287.421875,76.12188720703125,3.6015625,383.59375,14.271875000000023
2007-12-23 22:00:00+00:00,417.53125,137.609375,288.53125,71.77471923828125,4.287109375,555.140625,15.381250000000023
2007-12-23 23:00:00+00:00,137.3828125,0.5390625,288.984375,72.69927978515625,5.888671875,137.921875,15.834375000000023
2007-12-24 00:00:00+00:00,175.39453125,345.24609375,288.90625,60.89898681640625,5.990234375,520.640625,15.756250000000023
2007-12-24 01:00:00+00:00,429.4609375,422.3046875,289.484375,52.6044921875,6.14453125,851.765625,16.334375000000023
2007-12-24 02:00:00+00:00,274.2421875,273.2734375,290.171875,46.2742919921875,6.09375,547.515625,17.021875000000023
2007-12-24 03:00:00+00:00,628.30859375,334.64453125,289.75,45.1556396484375,6.4296875,962.953125,16.600000000000023
2007-12-24 04:00:00+00:00,410.5859375,297.0390625,290.296875,42.02813720703125,6.55859375,707.625,17.146875000000023
2007-12-24 05:00:00+00:00,280.3203125,352.4140625,290.375,40.87921142578125,6.818359375,632.734375,17.225000000000023
2007-12-24 06:00:00+00:00,413.4140625,161.0234375,290.21875,41.49951171875,6.9609375,574.4375,17.068750000000023
2007-12-24 07:00:00+00:00,229.69921875,85.28515625,289.875,42.52130126953125,6.810546875,314.984375,16.725000000000023
2007-12-24 08:00:00+00:00,95.03515625,49.12109375,289.375,43.26470947265625,6.408203125,144.15625,16.225000000000023
2007-12-24 09:00:00+00:00,12.34765625,2.65234375,288.796875,44.98394775390625,6.1015625,15.0,15.646875000000023
2007-12-24 10:00:00+00:00,0.0,0.0,288.296875,45.57415771484375,5.517578125,0.0,15.146875000000023
2007-12-24 11:00:00+00:00,0.0,0.0,288.046875,43.7591552734375,4.908203125,0.0,14.896875000000023
2007-12-24 12:00:00+00:00,0.0,0.0,287.90625,43.8779296875,4.453125,0.0,14.756250000000023
2007-12-24 13:00:00+00:00,0.0,0.0,287.8125,45.08209228515625,4.189453125,0.0,14.662500000000023
2007-12-24 14:00:00+00:00,0.0,0.0,287.546875,46.9024658203125,3.845703125,0.0,14.396875000000023
2007-12-24 15:00:00+00:00,0.0,0.0,287.421875,48.4688720703125,3.265625,0.0,14.271875000000023
2007-12-24 16:00:00+00:00,0.0,0.0,287.265625,48.83099365234375,3.16015625,0.0,14.115625000000023
2007-12-24 17:00:00+00:00,0.0,0.0,287.171875,48.337158203125,3.01953125,0.0,14.021875000000023
2007-12-24 18:00:00+00:00,0.0,0.0,287.0625,49.1820068359375,3.037109375,0.0,13.912500000000023
2007-12-24 19:00:00+00:00,0.0078125,22.2578125,286.921875,50.7896728515625,2.751953125,22.265625,13.771875000000023
2007-12-24 20:00:00+00:00,14.7734375,86.9921875,286.875,51.51544189453125,2.841796875,101.765625,13.725000000000023
2007-12-24 21:00:00+00:00,7.21875,127.328125,286.765625,54.04119873046875,2.55859375,134.546875,13.615625000000023
2007-12-24 22:00:00+00:00,25.390625,268.875,287.109375,52.2301025390625,3.447265625,294.265625,13.959375000000023
2007-12-24 23:00:00+00:00,296.984375,230.015625,287.640625,50.00128173828125,3.830078125,527.0,14.490625000000023
2007-12-25 00:00:00+00:00,367.26953125,327.93359375,288.421875,46.70281982421875,3.541015625,695.203125,15.271875000000023
2007-12-25 01:00:00+00:00,148.84375,450.078125,289.328125,44.78045654296875,3.828125,598.921875,16.178125000000023
2007-12-25 02:00:00+00:00,221.7734375,455.6796875,289.90625,44.1134033203125,4.220703125,677.453125,16.756250000000023
2007-12-25 03:00:00+00:00,797.91796875,174.23828125,291.3125,41.96533203125,4.5703125,972.15625,18.162500000000023
2007-12-25 04:00:00+00:00,693.8359375,176.8046875,291.796875,41.365966796875,4.46484375,870.640625,18.646875000000023
2007-12-25 05:00:00+00:00,571.26953125,163.35546875,292.109375,41.40301513671875,4.6328125,734.625,18.959375000000023
2007-12-25 06:00:00+00:00,291.4609375,131.6796875,291.9375,43.62640380859375,4.79296875,423.140625,18.787500000000023
2007-12-25 07:00:00+00:00,63.29296875,147.69140625,291.546875,46.00384521484375,4.62109375,210.984375,18.396875000000023
2007-12-25 08:00:00+00:00,10.46484375,59.62890625,291.09375,47.29229736328125,4.345703125,70.09375,17.943750000000023
2007-12-25 09:00:00+00:00,5.5,7.875,290.890625,47.6292724609375,4.189453125,13.375,17.740625000000023
2007-12-25 10:00:00+00:00,0.0,0.0,290.1875,49.87139892578125,3.61328125,0.0,17.037500000000023
2007-12-25 11:00:00+00:00,0.0,0.0,289.5625,51.88458251953125,3.431640625,0.0,16.412500000000023
2007-12-25 12:00:00+00:00,0.0,0.0,288.984375,53.9234619140625,3.076171875,0.0,15.834375000000023
2007-12-25 13:00:00+00:00,0.0,0.0,288.625,55.838623046875,2.759765625,0.0,15.475000000000023
2007-12-25 14:00:00+00:00,0.0,0.0,288.25,58.66107177734375,2.42578125,0.0,15.100000000000023
2007-12-25 15:00:00+00:00,0.0,0.0,287.515625,64.40093994140625,1.95703125,0.0,14.365625000000023
2007-12-25 16:00:00+00:00,0.0,0.0,286.78125,68.8018798828125,1.923828125,0.0,13.631250000000023
2007-12-25 17:00:00+00:00,0.0,0.0,286.21875,69.93145751953125,1.591796875,0.0,13.068750000000023
2007-12-25 18:00:00+00:00,0.0,0.0,285.765625,70.8306884765625,1.373046875,0.0,12.615625000000023
2007-12-25 19:00:00+00:00,27.4296875,28.9140625,285.359375,72.15625,0.98046875,56.34375,12.209375000000023
2007-12-25 20:00:00+00:00,176.46484375,71.50390625,285.21875,72.4005126953125,0.783203125,247.96875,12.068750000000023
2007-12-25 21:00:00+00:00,377.359375,88.5,285.390625,72.03851318359375,0.5625,465.859375,12.240625000000023
2007-12-25 22:00:00+00:00,579.3984375,94.9609375,286.359375,66.99462890625,0.67578125,674.359375,13.209375000000023
2007-12-25 23:00:00+00:00,758.8984375,96.4765625,287.296875,63.3665771484375,0.57421875,855.375,14.146875000000023
2007-12-26 00:00:00+00:00,897.39453125,94.05859375,288.546875,59.1680908203125,0.98046875,991.453125,15.396875000000023
2007-12-26 01:00:00+00:00,986.6640625,89.1953125,289.65625,55.37042236328125,0.7265625,1075.859375,16.506250000000023
2007-12-26 02:00:00+00:00,1019.76953125,81.35546875,291.234375,49.29669189453125,0.888671875,1101.125,18.084375000000023
2007-12-26 03:00:00+00:00,983.40625,71.96875,295.75,37.9156494140625,2.5859375,1055.375,22.600000000000023
2007-12-26 04:00:00+00:00,889.0546875,61.5703125,297.609375,32.6131591796875,3.564453125,950.625,24.459375000000023
2007-12-26 05:00:00+00:00,743.84765625,53.40234375,298.125,30.51629638671875,4.416015625,797.25,24.975000000000023
2007-12-26 06:00:00+00:00,559.1796875,47.1640625,297.9375,30.04119873046875,4.833984375,606.34375,24.787500000000023
2007-12-26 07:00:00+00:00,303.63671875,63.98828125,297.78125,27.25335693359375,4.609375,367.625,24.631250000000023
2007-12-26 08:00:00+00:00,146.3828125,35.3671875,297.390625,26.88653564453125,4.349609375,181.75,24.240625000000023
2007-12-26 09:00:00+00:00,15.0859375,5.2265625,296.25,35.33135986328125,4.296875,20.3125,23.100000000000023
2007-12-26 10:00:00+00:00,0.0,0.0,294.65625,44.5311279296875,3.5625,0.0,21.506250000000023
2007-12-26 11:00:00+00:00,0.0,0.0,293.40625,49.6710205078125,3.083984375,0.0,20.256250000000023
2007-12-26 12:00:00+00:00,0.0,0.0,292.234375,53.33184814453125,2.681640625,0.0,19.084375000000023
2007-12-26 13:00:00+00:00,0.0,0.0,291.046875,59.3857421875,2.857421875,0.0,17.896875000000023
2007-12-26 14:00:00+00:00,0.0,0.0,290.03125,65.9781494140625,2.892578125,0.0,16.881250000000023
2007-12-26 15:00:00+00:00,0.0,0.0,289.1875,68.97119140625,1.42578125,0.0,16.037500000000023
2007-12-26 16:00:00+00:00,0.0,0.0,288.859375,72.11676025390625,1.759765625,0.0,15.709375000000023
2007-12-26 17:00:00+00:00,0.0,0.0,288.640625,74.3592529296875,1.3984375,0.0,15.490625000000023
2007-12-26 18:00:00+00:00,0.0,0.0,288.4375,75.53790283203125,1.259765625,0.0,15.287500000000023
2007-12-26 19:00:00+00:00,0.390625,32.953125,288.21875,76.06597900390625,1.216796875,33.34375,15.068750000000023
2007-12-26 20:00:00+00:00,13.68359375,85.28515625,288.078125,76.173583984375,1.39453125,98.96875,14.928125000000023
2007-12-26 21:00:00+00:00,51.28125,236.625,288.015625,76.2674560546875,1.126953125,287.90625,14.865625000000023
2007-12-26 22:00:00+00:00,309.6875,233.484375,288.421875,74.364990234375,1.314453125,543.171875,15.271875000000023
2007-12-26 23:00:00+00:00,486.9296875,250.5234375,289.328125,67.89349365234375,1.419921875,737.453125,16.178125000000023
2007-12-27 00:00:00+00:00,835.74609375,141.78515625,290.359375,60.80047607421875,1.44140625,977.53125,17.209375000000023
2007-12-27 01:00:00+00:00,963.2421875,99.1328125,291.4375,56.59185791015625,1.388671875,1062.375,18.287500000000023
2007-12-27 02:00:00+00:00,1002.6640625,86.2734375,292.90625,51.35870361328125,1.623046875,1088.9375,19.756250000000023
2007-12-27 03:00:00+00:00,965.1171875,84.2421875,295.203125,43.65594482421875,2.365234375,1049.359375,22.053125000000023
2007-12-27 04:00:00+00:00,885.99609375,64.95703125,296.734375,38.78765869140625,3.033203125,950.953125,23.584375000000023
2007-12-27 05:00:00+00:00,745.34375,55.140625,297.671875,36.3492431640625,3.443359375,800.484375,24.521875000000023
2007-12-27 06:00:00+00:00,566.75,45.390625,298.109375,35.2088623046875,3.646484375,612.140625,24.959375000000023
2007-12-27 07:00:00+00:00,365.25,34.25,298.25,35.1690673828125,3.658203125,399.5,25.100000000000023
2007-12-27 08:00:00+00:00,165.46875,20.21875,297.984375,37.09930419921875,3.916015625,185.6875,24.834375000000023
2007-12-27 09:00:00+00:00,20.32421875,2.12890625,297.09375,43.27423095703125,3.8984375,22.453125,23.943750000000023
2007-12-27 10:00:00+00:00,0.0,0.0,295.75,47.527587890625,3.755859375,0.0,22.600000000000023
2007-12-27 11:00:00+00:00,0.0,0.0,293.859375,56.38055419921875,3.6015625,0.0,20.709375000000023
2007-12-27 12:00:00+00:00,0.0,0.0,292.625,62.5577392578125,2.921875,0.0,19.475000000000023
2007-12-27 13:00:00+00:00,0.0,0.0,291.890625,66.603515625,1.828125,0.0,18.740625000000023
2007-12-27 14:00:00+00:00,0.0,0.0,291.71875,67.9439697265625,0.884765625,0.0,18.568750000000023
2007-12-27 15:00:00+00:00,0.0,0.0,290.921875,69.1092529296875,1.01171875,0.0,17.771875000000023
2007-12-27 16:00:00+00:00,0.0,0.0,290.671875,70.4755859375,0.9140625,0.0,17.521875000000023
2007-12-27 17:00:00+00:00,0.0,0.0,290.484375,71.86285400390625,0.2265625,0.0,17.334375000000023
2007-12-27 18:00:00+00:00,0.0,0.0,290.375,72.9620361328125,0.5078125,0.0,17.225000000000023
2007-12-27 19:00:00+00:00,16.28515625,31.40234375,290.28125,73.71478271484375,0.90234375,47.6875,17.131250000000023
2007-12-27 20:00:00+00:00,158.3671875,77.7734375,290.265625,74.121826171875,1.314453125,236.140625,17.115625000000023
2007-12-27 21:00:00+00:00,343.453125,102.484375,290.84375,71.63299560546875,1.583984375,445.9375,17.693750000000023
2007-12-27 22:00:00+00:00,470.546875,158.828125,293.359375,54.89984130859375,1.66015625,629.375,20.209375000000023
2007-12-27 23:00:00+00:00,670.71875,155.703125,296.65625,38.44097900390625,1.849609375,826.421875,23.506250000000023
2007-12-28 00:00:00+00:00,798.5234375,150.1328125,300.03125,26.0323486328125,1.888671875,948.65625,26.881250000000023
2007-12-28 01:00:00+00:00,917.359375,136.171875,302.640625,16.5947265625,1.849609375,1053.53125,29.490625000000023
2007-12-28 02:00:00+00:00,995.921875,93.734375,304.734375,12.5035400390625,2.083984375,1089.65625,31.584375000000023
2007-12-28 03:00:00+00:00,930.33984375,106.01953125,306.875,12.14361572265625,2.501953125,1036.359375,33.72500000000002
2007-12-28 04:00:00+00:00,857.0390625,86.5703125,307.953125,10.93695068359375,2.68359375,943.609375,34.80312500000002
2007-12-28 05:00:00+00:00,705.84765625,86.48046875,308.609375,9.31011962890625,2.673828125,792.328125,35.45937500000002
2007-12-28 06:00:00+00:00,548.73828125,62.01171875,308.96875,8.49945068359375,2.720703125,610.75,35.81875000000002
2007-12-28 07:00:00+00:00,343.546875,47.953125,309.1875,8.823486328125,2.54296875,391.5,36.03750000000002
2007-12-28 08:00:00+00:00,127.02734375,41.41015625,309.28125,9.18023681640625,2.240234375,168.4375,36.13125000000002
2007-12-28 09:00:00+00:00,12.66796875,7.67578125,308.796875,9.2606201171875,2.5078125,20.34375,35.64687500000002
2007-12-28 10:00:00+00:00,0.0,0.0,307.1875,12.4669189453125,3.36328125,0.0,34.03750000000002
2007-12-28 11:00:00+00:00,0.0,0.0,306.375,15.26470947265625,3.267578125,0.0,33.22500000000002
2007-12-28 12:00:00+00:00,0.0,0.0,306.1875,17.84393310546875,2.658203125,0.0,33.03750000000002
2007-12-28 13:00:00+00:00,0.0,0.0,306.40625,14.09698486328125,3.22265625,0.0,33.25625000000002
2007-12-28 14:00:00+00:00,0.0,0.0,305.21875,13.70294189453125,3.197265625,0.0,32.06875000000002
2007-12-28 15:00:00+00:00,0.0,0.0,303.3125,13.60064697265625,2.345703125,0.0,30.162500000000023
2007-12-28 16:00:00+00:00,0.0,0.0,301.65625,16.015380859375,2.115234375,0.0,28.506250000000023
2007-12-28 17:00:00+00:00,0.0,0.0,300.5,15.80828857421875,2.2890625,0.0,27.350000000000023
2007-12-28 18:00:00+00:00,0.0,0.0,299.640625,16.67236328125,3.279296875,0.0,26.490625000000023
2007-12-28 19:00:00+00:00,14.8125,31.640625,299.140625,18.0240478515625,4.015625,46.453125,25.990625000000023
2007-12-28 20:00:00+00:00,144.6796875,85.6171875,298.890625,17.15545654296875,4.40625,230.296875,25.740625000000023
2007-12-28 21:00:00+00:00,345.015625,103.25,299.5,19.52105712890625,4.875,448.265625,26.350000000000023
2007-12-28 22:00:00+00:00,542.8515625,113.8046875,300.8125,18.90020751953125,5.1953125,656.65625,27.662500000000023
2007-12-28 23:00:00+00:00,718.37109375,117.69140625,303.09375,17.10040283203125,5.775390625,836.0625,29.943750000000023
2007-12-29 00:00:00+00:00,854.2421875,117.2265625,305.609375,15.72088623046875,5.98046875,971.46875,32.45937500000002
2007-12-29 01:00:00+00:00,940.640625,114.375,308.484375,11.80047607421875,5.884765625,1055.015625,35.33437500000002
2007-12-29 02:00:00+00:00,971.8359375,108.3359375,310.890625,8.30078125,5.7578125,1080.171875,37.74062500000002
2007-12-29 03:00:00+00:00,939.9609375,100.8671875,312.171875,7.46490478515625,5.2421875,1040.828125,39.02187500000002
2007-12-29 04:00:00+00:00,780.06640625,119.18359375,313.296875,6.92803955078125,4.88671875,899.25,40.14687500000002
2007-12-29 05:00:00+00:00,464.5859375,201.9296875,314.21875,6.076171875,4.8984375,666.515625,41.06875000000002
2007-12-29 06:00:00+00:00,327.171875,167.71875,310.578125,10.70733642578125,5.19921875,494.890625,37.42812500000002
2007-12-29 07:00:00+00:00,131.07421875,107.33203125,303.828125,26.80926513671875,6.03125,238.40625,30.678125000000023
2007-12-29 08:00:00+00:00,51.57421875,82.31640625,303.0625,24.30523681640625,5.283203125,133.890625,29.912500000000023
2007-12-29 09:00:00+00:00,6.69140625,12.80859375,299.0,31.083740234375,4.796875,19.5,25.850000000000023
2007-12-29 10:00:00+00:00,0.0,0.0,297.5,37.188720703125,3.353515625,0.0,24.350000000000023
2007-12-29 11:00:00+00:00,0.0,0.0,295.921875,46.979736328125,3.201171875,0.0,22.771875000000023
2007-12-29 12:00:00+00:00,0.0,0.0,294.53125,56.68505859375,2.859375,0.0,21.381250000000023
2007-12-29 13:00:00+00:00,0.0,0.0,293.75,60.809814453125,2.232421875,0.0,20.600000000000023
2007-12-29 14:00:00+00:00,0.0,0.0,293.09375,63.954833984375,1.9375,0.0,19.943750000000023
2007-12-29 15:00:00+00:00,0.0,0.0,291.96875,72.3272705078125,2.125,0.0,18.818750000000023
2007-12-29 16:00:00+00:00,0.0,0.0,291.140625,78.0859375,2.365234375,0.0,17.990625000000023
2007-12-29 17:00:00+00:00,0.0,0.0,290.328125,82.343505859375,2.3203125,0.0,17.178125000000023
2007-12-29 18:00:00+00:00,0.0,0.0,289.859375,83.386474609375,2.43359375,0.0,16.709375000000023
2007-12-29 19:00:00+00:00,1.5,24.375,289.65625,81.71954345703125,2.431640625,25.875,16.506250000000023
2007-12-29 20:00:00+00:00,11.37890625,85.10546875,289.53125,80.79571533203125,2.251953125,96.484375,16.381250000000023
2007-12-29 21:00:00+00:00,56.5390625,139.9296875,289.4375,79.87506103515625,2.56640625,196.46875,16.287500000000023
2007-12-29 22:00:00+00:00,138.49609375,313.58203125,289.640625,79.1544189453125,2.23828125,452.078125,16.490625000000023
2007-12-29 23:00:00+00:00,373.95703125,305.44921875,290.359375,74.83984375,1.970703125,679.40625,17.209375000000023
2007-12-30 00:00:00+00:00,722.3828125,205.3359375,291.5625,67.98004150390625,1.6875,927.71875,18.412500000000023
2007-12-30 01:00:00+00:00,866.35546875,153.03515625,293.203125,60.53277587890625,1.728515625,1019.390625,20.053125000000023
2007-12-30 02:00:00+00:00,920.50390625,131.37109375,294.609375,56.23541259765625,1.43359375,1051.875,21.459375000000023
2007-12-30 03:00:00+00:00,894.3984375,119.2109375,297.421875,50.88909912109375,2.484375,1013.609375,24.271875000000023
2007-12-30 04:00:00+00:00,794.25,114.671875,299.6875,44.46728515625,3.0,908.921875,26.537500000000023
2007-12-30 05:00:00+00:00,511.2578125,170.0390625,300.859375,41.8414306640625,3.326171875,681.296875,27.709375000000023
2007-12-30 06:00:00+00:00,356.0703125,151.7109375,301.0,42.2569580078125,3.970703125,507.78125,27.850000000000023
2007-12-30 07:00:00+00:00,292.41796875,81.66015625,300.8125,43.28955078125,4.0703125,374.078125,27.662500000000023
2007-12-30 08:00:00+00:00,128.84375,39.1875,300.328125,45.1070556640625,3.853515625,168.03125,27.178125000000023
2007-12-30 09:00:00+00:00,11.65625,8.5,299.3125,51.3095703125,3.353515625,20.15625,26.162500000000023
2007-12-30 10:00:00+00:00,0.0,0.0,298.703125,54.236572265625,2.947265625,0.0,25.553125000000023
2007-12-30 11:00:00+00:00,0.0,0.0,297.78125,58.27593994140625,2.6171875,0.0,24.631250000000023
2007-12-30 12:00:00+00:00,0.0,0.0,296.796875,62.1513671875,2.171875,0.0,23.646875000000023
2007-12-30 13:00:00+00:00,0.0,0.0,296.109375,64.6700439453125,1.873046875,0.0,22.959375000000023
2007-12-30 14:00:00+00:00,0.0,0.0,295.546875,66.38397216796875,1.52734375,0.0,22.396875000000023
2007-12-30 15:00:00+00:00,0.0,0.0,295.703125,66.62744140625,0.607421875,0.0,22.553125000000023
2007-12-30 16:00:00+00:00,0.0,0.0,295.640625,67.1983642578125,0.625,0.0,22.490625000000023
2007-12-30 17:00:00+00:00,0.0,0.0,295.25,68.91485595703125,0.59375,0.0,22.100000000000023
2007-12-30 18:00:00+00:00,0.0,0.0,294.71875,72.05877685546875,0.70703125,0.0,21.568750000000023
2007-12-30 19:00:00+00:00,12.7578125,29.2578125,294.171875,75.529296875,0.962890625,42.015625,21.021875000000023
2007-12-30 20:00:00+00:00,129.2734375,86.6640625,294.0,76.9171142578125,1.4140625,215.9375,20.850000000000023
2007-12-30 21:00:00+00:00,315.02734375,110.62890625,295.515625,68.73175048828125,1.759765625,425.65625,22.365625000000023
2007-12-30 22:00:00+00:00,509.0546875,122.2265625,299.421875,46.45355224609375,2.642578125,631.28125,26.271875000000023
2007-12-30 23:00:00+00:00,682.3359375,128.0859375,303.15625,29.30767822265625,4.3203125,810.421875,30.006250000000023
2007-12-31 00:00:00+00:00,815.44140625,128.33984375,305.625,24.546142578125,5.802734375,943.78125,32.47500000000002
2007-12-31 01:00:00+00:00,901.61328125,126.05859375,308.296875,19.67333984375,6.162109375,1027.671875,35.14687500000002
2007-12-31 02:00:00+00:00,929.73828125,121.08984375,310.53125,16.60516357421875,6.078125,1050.828125,37.38125000000002
2007-12-31 03:00:00+00:00,896.1796875,114.8359375,312.796875,13.963134765625,5.255859375,1011.015625,39.64687500000002
2007-12-31 04:00:00+00:00,513.96484375,145.72265625,314.125,11.94012451171875,4.5625,659.6875,40.97500000000002
2007-12-31 05:00:00+00:00,407.421875,219.59375,314.328125,11.31610107421875,3.943359375,627.015625,41.17812500000002
2007-12-31 06:00:00+00:00,84.34765625,184.30859375,314.953125,10.61114501953125,4.04296875,268.65625,41.80312500000002
2007-12-31 07:00:00+00:00,46.1171875,141.6171875,314.984375,10.5543212890625,4.51171875,187.734375,41.83437500000002
2007-12-31 08:00:00+00:00,17.09375,96.546875,314.484375,11.12371826171875,4.931640625,113.640625,41.33437500000002
2007-12-31 09:00:00+00:00,7.4609375,11.8046875,313.1875,12.75830078125,4.59375,19.265625,40.03750000000002
2007-12-31 10:00:00+00:00,0.0,0.0,312.0625,14.77471923828125,5.05078125,0.0,38.91250000000002
2007-12-31 11:00:00+00:00,0.0,0.0,310.625,15.20965576171875,4.97265625,0.0,37.47500000000002
2007-12-31 12:00:00+00:00,0.0,0.0,309.28125,15.608642578125,5.1015625,0.0,36.13125000000002
2007-12-31 13:00:00+00:00,0.0,0.0,308.390625,15.89349365234375,4.634765625,0.0,35.24062500000002
2007-12-31 14:00:00+00:00,0.0,0.0,307.5,16.97528076171875,2.484375,0.0,34.35000000000002
2007-12-31 15:00:00+00:00,0.0,0.0,306.640625,17.1094970703125,2.728515625,0.0,33.49062500000002
2007-12-31 16:00:00+00:00,0.0,0.0,305.875,17.854736328125,2.064453125,0.0,32.72500000000002
2007-12-31 17:00:00+00:00,0.0,0.0,304.671875,19.66436767578125,2.91015625,0.0,31.521875000000023
2007-12-31 18:00:00+00:00,0.0,0.0,303.734375,20.56512451171875,3.1640625,0.0,30.584375000000023
2007-12-31 19:00:00+00:00,2.484375,26.046875,303.109375,20.70538330078125,3.8125,28.53125,29.959375000000023
2007-12-31 20:00:00+00:00,114.5234375,95.5234375,302.8125,20.3153076171875,3.625,210.046875,29.662500000000023
2007-12-31 21:00:00+00:00,265.328125,120.90625,303.171875,19.7574462890625,2.96875,386.234375,30.021875000000023
2007-12-31 22:00:00+00:00,132.64453125,188.48046875,304.484375,18.71923828125,4.173828125,321.125,31.334375000000023
2007-12-31 23:00:00+00:00,461.04296875,264.92578125,305.875,17.77978515625,4.572265625,725.96875,32.72500000000002
