time_UTC,rsdsdir_Wm2,rsdsdif_Wm2,temp_K,rel_humidity_percent,wind_ms,rsds_total_Wm2,temp_C
2007-01-01 00:00:00+00:00,232.54296875,395.12890625,296.578125,69.400390625,2.48046875,627.671875,23.428125000000023
2007-01-01 01:00:00+00:00,497.234375,414.375,298.40625,49.439453125,2.533203125,911.609375,25.256250000000023
2007-01-01 02:00:00+00:00,434.12109375,384.25390625,298.640625,46.53607177734375,2.013671875,818.375,25.490625000000023
2007-01-01 03:00:00+00:00,174.375,440.0625,298.046875,50.79437255859375,3.59375,614.4375,24.896875000000023
2007-01-01 04:00:00+00:00,556.83203125,256.21484375,298.375,51.45318603515625,4.2734375,813.046875,25.225000000000023
2007-01-01 05:00:00+00:00,333.90625,218.484375,299.125,49.88153076171875,3.91015625,552.390625,25.975000000000023
2007-01-01 06:00:00+00:00,86.765625,278.375,299.25,48.641845703125,4.015625,365.140625,26.100000000000023
2007-01-01 07:00:00+00:00,146.3203125,129.6796875,299.515625,47.2764892578125,3.53515625,276.0,26.365625000000023
2007-01-01 08:00:00+00:00,49.43359375,81.11328125,299.109375,50.233154296875,3.5859375,130.546875,25.959375000000023
2007-01-01 09:00:00+00:00,11.953125,9.875,297.296875,61.12701416015625,4.81640625,21.828125,24.146875000000023
2007-01-01 10:00:00+00:00,0.0,0.0,296.09375,65.50091552734375,5.013671875,0.0,22.943750000000023
2007-01-01 11:00:00+00:00,0.0,0.0,295.015625,69.138916015625,5.03125,0.0,21.865625000000023
2007-01-01 12:00:00+00:00,0.0,0.0,294.046875,71.482177734375,4.568359375,0.0,20.896875000000023
2007-01-01 13:00:00+00:00,0.0,0.0,293.421875,74.0133056640625,4.07421875,0.0,20.271875000000023
2007-01-01 14:00:00+00:00,0.0,0.0,292.953125,76.76507568359375,3.578125,0.0,19.803125000000023
2007-01-01 15:00:00+00:00,0.0,0.0,291.375,80.60595703125,2.095703125,0.0,18.225000000000023
2007-01-01 16:00:00+00:00,0.0,0.0,291.5,80.3114013671875,1.412109375,0.0,18.350000000000023
2007-01-01 17:00:00+00:00,0.0,0.0,291.046875,82.2891845703125,1.0703125,0.0,17.896875000000023
2007-01-01 18:00:00+00:00,0.0,0.0,291.171875,78.287841796875,1.330078125,0.0,18.021875000000023
2007-01-01 19:00:00+00:00,1.2265625,29.3984375,291.53125,68.64886474609375,1.490234375,30.625,18.381250000000023
2007-01-01 20:00:00+00:00,3.37890625,84.38671875,293.109375,58.2939453125,1.61328125,87.765625,19.959375000000023
2007-01-01 21:00:00+00:00,72.66796875,225.00390625,291.546875,85.38092041015625,1.654296875,297.671875,18.396875000000023
2007-01-01 22:00:00+00:00,301.42578125,247.18359375,293.0625,80.7901611328125,1.484375,548.609375,19.912500000000023
2007-01-01 23:00:00+00:00,582.1640625,182.7265625,294.828125,71.0491943359375,1.46484375,764.890625,21.678125000000023
2007-01-02 00:00:00+00:00,452.0546875,318.4921875,296.453125,63.36138916015625,1.4375,770.546875,23.303125000000023
2007-01-02 01:00:00+00:00,544.3203125,216.3203125,297.890625,52.38525390625,1.375,760.640625,24.740625000000023
2007-01-02 02:00:00+00:00,352.0234375,233.1796875,298.953125,45.6695556640625,1.54296875,585.203125,25.803125000000023
2007-01-02 03:00:00+00:00,461.7265625,393.5703125,300.515625,39.50384521484375,2.001953125,855.296875,27.365625000000023
2007-01-02 04:00:00+00:00,451.5,317.015625,301.734375,35.3975830078125,3.09375,768.515625,28.584375000000023
2007-01-02 05:00:00+00:00,67.01953125,118.55859375,302.109375,35.939208984375,4.26953125,185.578125,28.959375000000023
2007-01-02 06:00:00+00:00,0.3984375,142.0703125,300.59375,41.434326171875,4.130859375,142.46875,27.443750000000023
2007-01-02 07:00:00+00:00,15.265625,202.484375,300.234375,42.943115234375,3.509765625,217.75,27.084375000000023
2007-01-02 08:00:00+00:00,3.10546875,93.45703125,300.21875,44.94903564453125,3.181640625,96.5625,27.068750000000023
2007-01-02 09:00:00+00:00,1.2890625,16.1953125,299.578125,45.802490234375,2.99609375,17.484375,26.428125000000023
2007-01-02 10:00:00+00:00,0.0,0.0,298.46875,54.348388671875,3.95703125,0.0,25.318750000000023
2007-01-02 11:00:00+00:00,0.0,0.0,297.390625,57.09429931640625,4.291015625,0.0,24.240625000000023
2007-01-02 12:00:00+00:00,0.0,0.0,296.65625,59.69354248046875,3.546875,0.0,23.506250000000023
2007-01-02 13:00:00+00:00,0.0,0.0,296.34375,60.504638671875,2.328125,0.0,23.193750000000023
2007-01-02 14:00:00+00:00,0.0,0.0,296.296875,58.417236328125,1.634765625,0.0,23.146875000000023
2007-01-02 15:00:00+00:00,0.0,0.0,294.28125,67.5736083984375,0.751953125,0.0,21.131250000000023
2007-01-02 16:00:00+00:00,0.0,0.0,294.890625,63.21209716796875,2.2578125,0.0,21.740625000000023
2007-01-02 17:00:00+00:00,0.0,0.0,294.953125,59.98126220703125,3.0234375,0.0,21.803125000000023
2007-01-02 18:00:00+00:00,0.0,0.0,294.765625,58.37158203125,3.4765625,0.0,21.615625000000023
2007-01-02 19:00:00+00:00,8.51171875,28.36328125,294.25,59.4383544921875,3.46875,36.875,21.100000000000023
2007-01-02 20:00:00+00:00,119.19140625,87.01171875,294.234375,58.84869384765625,3.3203125,206.203125,21.084375000000023
2007-01-02 21:00:00+00:00,330.44921875,91.73828125,295.140625,58.49053955078125,1.685546875,422.1875,21.990625000000023
2007-01-02 22:00:00+00:00,525.078125,99.875,295.90625,52.88641357421875,2.62890625,624.953125,22.756250000000023
2007-01-02 23:00:00+00:00,700.64453125,102.44921875,297.078125,48.080322265625,3.03125,803.09375,23.928125000000023
2007-01-03 00:00:00+00:00,838.70703125,100.54296875,298.515625,43.8154296875,3.044921875,939.25,25.365625000000023
2007-01-03 01:00:00+00:00,929.35546875,95.67578125,299.828125,41.15362548828125,2.53125,1025.03125,26.678125000000023
2007-01-03 02:00:00+00:00,962.140625,88.25,300.84375,39.53375244140625,1.923828125,1050.390625,27.693750000000023
2007-01-03 03:00:00+00:00,802.78515625,130.66796875,302.765625,34.8582763671875,2.44140625,933.453125,29.615625000000023
2007-01-03 04:00:00+00:00,749.86328125,90.35546875,303.484375,33.62298583984375,3.6015625,840.21875,30.334375000000023
2007-01-03 05:00:00+00:00,537.25,23.765625,303.6875,33.2994384765625,4.8125,561.015625,30.537500000000023
2007-01-03 06:00:00+00:00,513.609375,80.3125,303.25,35.62249755859375,5.23046875,593.921875,30.100000000000023
2007-01-03 07:00:00+00:00,349.96875,38.4375,303.078125,37.21478271484375,5.650390625,388.40625,29.928125000000023
2007-01-03 08:00:00+00:00,156.87890625,23.76171875,302.234375,40.2333984375,5.5390625,180.640625,29.084375000000023
2007-01-03 09:00:00+00:00,19.546875,3.359375,300.53125,43.44989013671875,5.162109375,22.90625,27.381250000000023
2007-01-03 10:00:00+00:00,0.0,0.0,298.90625,50.948486328125,4.349609375,0.0,25.756250000000023
2007-01-03 11:00:00+00:00,0.0,0.0,297.78125,53.69354248046875,4.73828125,0.0,24.631250000000023
2007-01-03 12:00:00+00:00,0.0,0.0,296.546875,56.30633544921875,4.380859375,0.0,23.396875000000023
2007-01-03 13:00:00+00:00,0.0,0.0,295.609375,59.46649169921875,3.29296875,0.0,22.459375000000023
2007-01-03 14:00:00+00:00,0.0,0.0,294.984375,61.84796142578125,2.548828125,0.0,21.834375000000023
2007-01-03 15:00:00+00:00,0.0,0.0,294.515625,63.71014404296875,1.4453125,0.0,21.365625000000023
2007-01-03 16:00:00+00:00,0.0,0.0,294.078125,65.394775390625,0.859375,0.0,20.928125000000023
2007-01-03 17:00:00+00:00,0.0,0.0,294.546875,63.901123046875,1.751953125,0.0,21.396875000000023
2007-01-03 18:00:00+00:00,0.0,0.0,294.40625,65.384033203125,2.224609375,0.0,21.256250000000023
2007-01-03 19:00:00+00:00,3.1015625,15.9453125,295.0,52.42169189453125,4.28125,19.046875,21.850000000000023
2007-01-03 20:00:00+00:00,23.640625,97.34375,294.890625,45.33795166015625,4.951171875,120.984375,21.740625000000023
2007-01-03 21:00:00+00:00,319.8515625,100.6328125,295.609375,43.362060546875,4.984375,420.484375,22.459375000000023
2007-01-03 22:00:00+00:00,515.55859375,110.92578125,296.875,43.05462646484375,5.744140625,626.484375,23.725000000000023
2007-01-03 23:00:00+00:00,692.9609375,113.8046875,298.671875,40.220703125,6.125,806.765625,25.521875000000023
2007-01-04 00:00:00+00:00,829.59375,112.40625,300.34375,37.76531982421875,6.28125,942.0,27.193750000000023
2007-01-04 01:00:00+00:00,917.5,109.171875,302.03125,33.4166259765625,5.712890625,1026.671875,28.881250000000023
2007-01-04 02:00:00+00:00,951.75390625,102.51171875,303.40625,29.23663330078125,4.931640625,1054.265625,30.256250000000023
2007-01-04 03:00:00+00:00,392.4140625,283.3203125,304.921875,24.90869140625,4.59375,675.734375,31.771875000000023
2007-01-04 04:00:00+00:00,309.30859375,139.81640625,305.15625,23.70361328125,4.169921875,449.125,32.00625000000002
2007-01-04 05:00:00+00:00,161.25,131.109375,304.96875,23.393310546875,4.12890625,292.359375,31.818750000000023
2007-01-04 06:00:00+00:00,397.0859375,168.1640625,304.59375,23.412353515625,4.599609375,565.25,31.443750000000023
2007-01-04 07:00:00+00:00,210.953125,120.25,305.328125,22.33062744140625,4.947265625,331.203125,32.17812500000002
2007-01-04 08:00:00+00:00,124.11328125,51.08984375,304.46875,24.704345703125,5.0390625,175.203125,31.318750000000023
2007-01-04 09:00:00+00:00,15.390625,6.765625,303.71875,26.51690673828125,4.6171875,22.15625,30.568750000000023
2007-01-04 10:00:00+00:00,0.0,0.0,302.46875,29.8310546875,4.419921875,0.0,29.318750000000023
2007-01-04 11:00:00+00:00,0.0,0.0,301.359375,32.80120849609375,3.83203125,0.0,28.209375000000023
2007-01-04 12:00:00+00:00,0.0,0.0,300.53125,35.24908447265625,3.361328125,0.0,27.381250000000023
2007-01-04 13:00:00+00:00,0.0,0.0,299.78125,37.0791015625,3.46484375,0.0,26.631250000000023
2007-01-04 14:00:00+00:00,0.0,0.0,298.859375,39.2108154296875,3.64453125,0.0,25.709375000000023
2007-01-04 15:00:00+00:00,0.0,0.0,298.09375,42.05572509765625,2.9765625,0.0,24.943750000000023
2007-01-04 16:00:00+00:00,0.0,0.0,297.734375,41.37451171875,3.123046875,0.0,24.584375000000023
2007-01-04 17:00:00+00:00,0.0,0.0,297.171875,42.0572509765625,2.978515625,0.0,24.021875000000023
2007-01-04 18:00:00+00:00,0.0,0.0,296.828125,42.5032958984375,3.087890625,0.0,23.678125000000023
2007-01-04 19:00:00+00:00,10.93359375,23.59765625,296.453125,42.24346923828125,3.41796875,34.53125,23.303125000000023
2007-01-04 20:00:00+00:00,101.01953125,94.98046875,297.203125,38.29888916015625,4.21875,196.0,24.053125000000023
2007-01-04 21:00:00+00:00,288.08203125,123.52734375,298.359375,38.4375,3.90234375,411.609375,25.209375000000023
2007-01-04 22:00:00+00:00,510.03125,115.375,299.734375,37.60894775390625,4.57421875,625.40625,26.584375000000023
2007-01-04 23:00:00+00:00,672.046875,125.328125,301.25,35.81427001953125,5.5,797.375,28.100000000000023
2007-01-05 00:00:00+00:00,710.17578125,186.58984375,303.140625,31.8101806640625,6.380859375,896.765625,29.990625000000023
2007-01-05 01:00:00+00:00,784.92578125,201.76171875,304.875,25.39117431640625,7.138671875,986.6875,31.725000000000023
2007-01-05 02:00:00+00:00,836.5859375,187.2734375,305.984375,22.6182861328125,6.548828125,1023.859375,32.83437500000002
2007-01-05 03:00:00+00:00,822.91015625,163.38671875,307.09375,20.64862060546875,6.033203125,986.296875,33.94375000000002
2007-01-05 04:00:00+00:00,655.078125,128.03125,308.015625,19.748046875,4.9765625,783.109375,34.86562500000002
2007-01-05 05:00:00+00:00,581.06640625,143.41796875,308.5,19.100341796875,4.328125,724.484375,35.35000000000002
2007-01-05 06:00:00+00:00,199.6171875,132.3203125,308.953125,18.4117431640625,3.998046875,331.9375,35.80312500000002
2007-01-05 07:00:00+00:00,100.9921875,166.1015625,308.078125,19.13861083984375,3.30078125,267.09375,34.92812500000002
2007-01-05 08:00:00+00:00,7.94921875,37.53515625,307.46875,20.1585693359375,2.94921875,45.484375,34.31875000000002
2007-01-05 09:00:00+00:00,0.0,8.59375,305.6875,22.1793212890625,3.11328125,8.59375,32.53750000000002
2007-01-05 10:00:00+00:00,0.0,0.0,304.75,23.0848388671875,2.650390625,0.0,31.600000000000023
2007-01-05 11:00:00+00:00,0.0,0.0,304.046875,24.26837158203125,2.5078125,0.0,30.896875000000023
2007-01-05 12:00:00+00:00,0.0,0.0,303.578125,25.0892333984375,2.373046875,0.0,30.428125000000023
2007-01-05 13:00:00+00:00,0.0,0.0,301.78125,30.7041015625,1.173828125,0.0,28.631250000000023
2007-01-05 14:00:00+00:00,0.0,0.0,301.265625,31.546875,0.576171875,0.0,28.115625000000023
2007-01-05 15:00:00+00:00,0.0,0.0,299.359375,38.30462646484375,1.20703125,0.0,26.209375000000023
2007-01-05 16:00:00+00:00,0.0,0.0,298.828125,39.91180419921875,1.681640625,0.0,25.678125000000023
2007-01-05 17:00:00+00:00,0.0,0.0,298.5,39.68035888671875,1.615234375,0.0,25.350000000000023
2007-01-05 18:00:00+00:00,0.0,0.0,298.046875,41.355712890625,0.783203125,0.0,24.896875000000023
2007-01-05 19:00:00+00:00,0.0,7.59375,298.328125,37.4833984375,1.845703125,7.59375,25.178125000000023
2007-01-05 20:00:00+00:00,3.31640625,113.37109375,298.84375,33.7142333984375,3.369140625,116.6875,25.693750000000023
2007-01-05 21:00:00+00:00,115.09765625,208.98046875,299.296875,36.4327392578125,3.779296875,324.078125,26.146875000000023
2007-01-05 22:00:00+00:00,233.234375,243.8125,300.765625,32.6962890625,4.7578125,477.046875,27.615625000000023
2007-01-05 23:00:00+00:00,211.7734375,341.4453125,301.734375,31.7935791015625,5.5546875,553.21875,28.584375000000023
2007-01-06 00:00:00+00:00,285.7578125,433.1015625,302.40625,31.51763916015625,6.25390625,718.859375,29.256250000000023
2007-01-06 01:00:00+00:00,279.78125,391.390625,303.9375,28.877685546875,6.486328125,671.171875,30.787500000000023
2007-01-06 02:00:00+00:00,320.203125,489.8125,305.46875,26.4957275390625,6.806640625,810.015625,32.31875000000002
2007-01-06 03:00:00+00:00,634.3046875,252.0546875,308.921875,20.72412109375,8.583984375,886.359375,35.77187500000002
2007-01-06 04:00:00+00:00,482.33984375,300.06640625,309.890625,19.28082275390625,8.283203125,782.40625,36.74062500000002
2007-01-06 05:00:00+00:00,375.90625,226.28125,310.390625,19.17510986328125,8.06640625,602.1875,37.24062500000002
2007-01-06 06:00:00+00:00,137.2265625,215.9296875,310.3125,20.500732421875,7.572265625,353.15625,37.16250000000002
2007-01-06 07:00:00+00:00,10.46875,3.421875,308.265625,25.54302978515625,7.353515625,13.890625,35.11562500000002
2007-01-06 08:00:00+00:00,0.05859375,9.89453125,305.984375,30.40185546875,6.869140625,9.953125,32.83437500000002
2007-01-06 09:00:00+00:00,0.07421875,7.45703125,305.390625,31.75225830078125,6.7734375,7.53125,32.24062500000002
2007-01-06 10:00:00+00:00,0.0,0.0,304.015625,35.0186767578125,5.751953125,0.0,30.865625000000023
2007-01-06 11:00:00+00:00,0.0,0.0,300.21875,58.2371826171875,4.375,0.0,27.068750000000023
2007-01-06 12:00:00+00:00,0.0,0.0,297.921875,74.22637939453125,3.873046875,0.0,24.771875000000023
2007-01-06 13:00:00+00:00,0.0,0.0,297.25,78.05950927734375,2.56640625,0.0,24.100000000000023
2007-01-06 14:00:00+00:00,0.0,0.0,296.453125,81.391357421875,3.333984375,0.0,23.303125000000023
2007-01-06 15:00:00+00:00,0.0,0.0,297.296875,70.8819580078125,6.529296875,0.0,24.146875000000023
2007-01-06 16:00:00+00:00,0.0,0.0,296.734375,75.126953125,5.6171875,0.0,23.584375000000023
2007-01-06 17:00:00+00:00,0.0,0.0,296.40625,78.4739990234375,4.900390625,0.0,23.256250000000023
2007-01-06 18:00:00+00:00,0.0,0.0,295.6875,85.37188720703125,4.169921875,0.0,22.537500000000023
2007-01-06 19:00:00+00:00,9.921875,22.4375,293.921875,74.5457763671875,5.57421875,32.359375,20.771875000000023
2007-01-06 20:00:00+00:00,117.47265625,79.68359375,293.390625,73.3216552734375,4.5,197.15625,20.240625000000023
2007-01-06 21:00:00+00:00,196.65234375,117.00390625,294.234375,69.18499755859375,4.751953125,313.65625,21.084375000000023
2007-01-06 22:00:00+00:00,164.91796875,177.50390625,294.984375,66.8897705078125,4.306640625,342.421875,21.834375000000023
2007-01-06 23:00:00+00:00,152.859375,327.09375,295.84375,62.84161376953125,5.451171875,479.953125,22.693750000000023
2007-01-07 00:00:00+00:00,30.6484375,167.6796875,296.421875,56.76104736328125,6.728515625,198.328125,23.271875000000023
2007-01-07 01:00:00+00:00,166.5859375,364.9765625,295.890625,56.70013427734375,6.947265625,531.5625,22.740625000000023
2007-01-07 02:00:00+00:00,113.49609375,76.75390625,294.53125,66.540283203125,8.71484375,190.25,21.381250000000023
2007-01-07 03:00:00+00:00,420.34375,312.75,293.671875,59.9071044921875,8.6796875,733.09375,20.521875000000023
2007-01-07 04:00:00+00:00,340.75390625,351.29296875,292.25,65.35614013671875,9.05078125,692.046875,19.100000000000023
2007-01-07 05:00:00+00:00,247.19140625,280.27734375,291.65625,64.08837890625,8.685546875,527.46875,18.506250000000023
2007-01-07 06:00:00+00:00,99.97265625,195.16796875,291.234375,59.85760498046875,9.04296875,295.140625,18.084375000000023
2007-01-07 07:00:00+00:00,129.2890625,142.4140625,290.375,62.48052978515625,8.90625,271.703125,17.225000000000023
2007-01-07 08:00:00+00:00,36.02734375,72.47265625,289.8125,63.9737548828125,8.94921875,108.5,16.662500000000023
2007-01-07 09:00:00+00:00,9.1953125,5.8671875,288.890625,67.344970703125,8.662109375,15.0625,15.740625000000023
2007-01-07 10:00:00+00:00,0.0,0.0,288.125,70.6317138671875,8.220703125,0.0,14.975000000000023
2007-01-07 11:00:00+00:00,0.0,0.0,287.96875,70.92742919921875,7.912109375,0.0,14.818750000000023
2007-01-07 12:00:00+00:00,0.0,0.0,287.5,74.1790771484375,7.234375,0.0,14.350000000000023
2007-01-07 13:00:00+00:00,0.0,0.0,287.34375,72.94696044921875,6.357421875,0.0,14.193750000000023
2007-01-07 14:00:00+00:00,0.0,0.0,287.28125,70.3450927734375,5.806640625,0.0,14.131250000000023
2007-01-07 15:00:00+00:00,0.0,0.0,287.484375,67.80950927734375,5.583984375,0.0,14.334375000000023
2007-01-07 16:00:00+00:00,0.0,0.0,287.28125,68.1148681640625,5.099609375,0.0,14.131250000000023
2007-01-07 17:00:00+00:00,0.0,0.0,287.046875,69.40203857421875,4.244140625,0.0,13.896875000000023
2007-01-07 18:00:00+00:00,0.0,0.0,287.046875,68.6534423828125,3.783203125,0.0,13.896875000000023
2007-01-07 19:00:00+00:00,9.55078125,18.46484375,286.90625,69.40509033203125,3.806640625,28.015625,13.756250000000023
2007-01-07 20:00:00+00:00,29.59765625,88.79296875,286.84375,69.572509765625,3.751953125,118.390625,13.693750000000023
2007-01-07 21:00:00+00:00,31.3671875,139.6484375,287.3125,67.268798828125,4.580078125,171.015625,14.162500000000023
2007-01-07 22:00:00+00:00,171.359375,228.03125,287.78125,64.27972412109375,4.50390625,399.390625,14.631250000000023
2007-01-07 23:00:00+00:00,529.0703125,212.0078125,289.046875,57.50079345703125,4.546875,741.078125,15.896875000000023
2007-01-08 00:00:00+00:00,361.29296875,299.00390625,290.484375,52.83551025390625,5.20703125,660.296875,17.334375000000023
2007-01-08 01:00:00+00:00,339.4765625,372.4765625,290.734375,53.57244873046875,5.375,711.953125,17.584375000000023
2007-01-08 02:00:00+00:00,465.93359375,332.72265625,291.28125,52.064697265625,5.146484375,798.65625,18.131250000000023
2007-01-08 03:00:00+00:00,932.98046875,112.37890625,291.625,52.14178466796875,5.171875,1045.359375,18.475000000000023
2007-01-08 04:00:00+00:00,887.9453125,69.1171875,292.484375,46.9666748046875,4.978515625,957.0625,19.334375000000023
2007-01-08 05:00:00+00:00,712.73828125,74.54296875,292.9375,44.30487060546875,4.751953125,787.28125,19.787500000000023
2007-01-08 06:00:00+00:00,566.7421875,56.8671875,293.140625,42.22784423828125,4.76953125,623.609375,19.990625000000023
2007-01-08 07:00:00+00:00,376.46875,36.234375,292.921875,41.84283447265625,5.107421875,412.703125,19.771875000000023
2007-01-08 08:00:00+00:00,174.39453125,21.35546875,292.015625,44.34405517578125,4.890625,195.75,18.865625000000023
2007-01-08 09:00:00+00:00,24.1171875,1.9609375,290.328125,50.12841796875,4.76953125,26.078125,17.178125000000023
2007-01-08 10:00:00+00:00,0.0,0.0,288.671875,57.5455322265625,4.408203125,0.0,15.521875000000023
2007-01-08 11:00:00+00:00,0.0,0.0,287.828125,61.740478515625,3.904296875,0.0,14.678125000000023
2007-01-08 12:00:00+00:00,0.0,0.0,287.265625,66.26104736328125,3.390625,0.0,14.115625000000023
2007-01-08 13:00:00+00:00,0.0,0.0,286.703125,71.1746826171875,2.728515625,0.0,13.553125000000023
2007-01-08 14:00:00+00:00,0.0,0.0,286.0625,75.64251708984375,2.33984375,0.0,12.912500000000023
2007-01-08 15:00:00+00:00,0.0,0.0,285.015625,81.19061279296875,2.208984375,0.0,11.865625000000023
2007-01-08 16:00:00+00:00,0.0,0.0,284.53125,83.96600341796875,2.125,0.0,11.381250000000023
2007-01-08 17:00:00+00:00,0.0,0.0,284.234375,85.02740478515625,2.107421875,0.0,11.084375000000023
2007-01-08 18:00:00+00:00,0.0,0.0,284.1875,85.1671142578125,2.298828125,0.0,11.037500000000023
2007-01-08 19:00:00+00:00,12.9453125,22.2734375,284.125,86.0643310546875,2.419921875,35.21875,10.975000000000023
2007-01-08 20:00:00+00:00,66.015625,78.109375,284.515625,84.83636474609375,2.10546875,144.125,11.365625000000023
2007-01-08 21:00:00+00:00,350.9765625,87.3984375,285.53125,78.311279296875,2.30078125,438.375,12.381250000000023
2007-01-08 22:00:00+00:00,540.51171875,100.03515625,286.9375,74.89501953125,1.916015625,640.546875,13.787500000000023
2007-01-08 23:00:00+00:00,731.50390625,99.24609375,288.046875,71.33514404296875,1.060546875,830.75,14.896875000000023
2007-01-09 00:00:00+00:00,872.89453125,95.49609375,289.546875,65.32415771484375,1.4140625,968.390625,16.396875000000023
2007-01-09 01:00:00+00:00,963.3125,92.46875,291.515625,57.6329345703125,1.546875,1055.78125,18.365625000000023
2007-01-09 02:00:00+00:00,998.78515625,85.41796875,293.921875,48.53228759765625,2.01171875,1084.203125,20.771875000000023
2007-01-09 03:00:00+00:00,972.421875,76.375,296.0,42.69586181640625,2.078125,1048.796875,22.850000000000023
2007-01-09 04:00:00+00:00,872.34765625,75.63671875,297.5,39.25457763671875,2.08203125,947.984375,24.350000000000023
2007-01-09 05:00:00+00:00,727.16015625,71.60546875,298.8125,35.35089111328125,2.669921875,798.765625,25.662500000000023
2007-01-09 06:00:00+00:00,562.35546875,53.62890625,299.140625,33.870849609375,3.48046875,615.984375,25.990625000000023
2007-01-09 07:00:00+00:00,364.80859375,39.00390625,298.28125,36.44671630859375,4.375,403.8125,25.131250000000023
2007-01-09 08:00:00+00:00,167.0703125,22.9765625,297.0,41.5726318359375,4.36328125,190.046875,23.850000000000023
2007-01-09 09:00:00+00:00,20.5703125,3.5234375,295.9375,44.23675537109375,3.271484375,24.09375,22.787500000000023
2007-01-09 10:00:00+00:00,0.0,0.0,294.96875,48.03179931640625,2.55859375,0.0,21.818750000000023
2007-01-09 11:00:00+00:00,0.0,0.0,294.15625,52.11920166015625,2.02734375,0.0,21.006250000000023
2007-01-09 12:00:00+00:00,0.0,0.0,293.0,54.64239501953125,2.09375,0.0,19.850000000000023
2007-01-09 13:00:00+00:00,0.0,0.0,292.0,58.037353515625,1.3125,0.0,18.850000000000023
2007-01-09 14:00:00+00:00,0.0,0.0,291.265625,61.01025390625,1.0,0.0,18.115625000000023
2007-01-09 15:00:00+00:00,0.0,0.0,289.828125,65.467041015625,0.365234375,0.0,16.678125000000023
2007-01-09 16:00:00+00:00,0.0,0.0,289.484375,67.331298828125,0.43359375,0.0,16.334375000000023
2007-01-09 17:00:00+00:00,0.0,0.0,288.84375,71.654541015625,0.46875,0.0,15.693750000000023
2007-01-09 18:00:00+00:00,0.0,0.0,288.484375,73.06207275390625,1.15625,0.0,15.334375000000023
2007-01-09 19:00:00+00:00,15.2421875,20.8671875,288.34375,73.12921142578125,1.568359375,36.109375,15.193750000000023
2007-01-09 20:00:00+00:00,149.85546875,66.59765625,290.015625,66.4110107421875,1.404296875,216.453125,16.865625000000023
2007-01-09 21:00:00+00:00,348.70703125,87.05859375,291.3125,68.94146728515625,2.056640625,435.765625,18.162500000000023
2007-01-09 22:00:00+00:00,531.82421875,106.56640625,293.828125,57.87908935546875,2.19140625,638.390625,20.678125000000023
2007-01-09 23:00:00+00:00,570.3359375,198.6953125,296.84375,41.27850341796875,2.98828125,769.03125,23.693750000000023
2007-01-10 00:00:00+00:00,742.74609375,185.30078125,300.03125,25.94964599609375,3.78125,928.046875,26.881250000000023
2007-01-10 01:00:00+00:00,811.54296875,205.53515625,302.890625,17.03399658203125,3.939453125,1017.078125,29.740625000000023
2007-01-10 02:00:00+00:00,927.02734375,146.05078125,304.890625,13.89984130859375,4.212890625,1073.078125,31.740625000000023
2007-01-10 03:00:00+00:00,936.58203125,104.41796875,306.875,12.32806396484375,4.486328125,1041.0,33.72500000000002
2007-01-10 04:00:00+00:00,871.98046875,79.53515625,308.078125,11.04351806640625,4.34375,951.515625,34.92812500000002
2007-01-10 05:00:00+00:00,742.30078125,63.87109375,309.125,9.869384765625,4.22265625,806.171875,35.97500000000002
2007-01-10 06:00:00+00:00,561.5390625,54.8671875,309.8125,9.07293701171875,3.708984375,616.40625,36.66250000000002
2007-01-10 07:00:00+00:00,355.7578125,45.4140625,309.875,9.08697509765625,3.345703125,401.171875,36.72500000000002
2007-01-10 08:00:00+00:00,152.46484375,31.05078125,309.015625,9.59344482421875,3.169921875,183.515625,35.86562500000002
2007-01-10 09:00:00+00:00,17.3359375,5.5078125,306.78125,12.7667236328125,5.404296875,22.84375,33.63125000000002
2007-01-10 10:00:00+00:00,0.0,0.0,305.40625,14.53692626953125,6.099609375,0.0,32.25625000000002
2007-01-10 11:00:00+00:00,0.0,0.0,303.875,15.32464599609375,6.1640625,0.0,30.725000000000023
2007-01-10 12:00:00+00:00,0.0,0.0,303.234375,14.708740234375,6.640625,0.0,30.084375000000023
2007-01-10 13:00:00+00:00,0.0,0.0,302.734375,14.34271240234375,7.123046875,0.0,29.584375000000023
2007-01-10 14:00:00+00:00,0.0,0.0,302.3125,13.98980712890625,7.84375,0.0,29.162500000000023
2007-01-10 15:00:00+00:00,0.0,0.0,301.96875,13.14013671875,7.353515625,0.0,28.818750000000023
2007-01-10 16:00:00+00:00,0.0,0.0,301.5625,13.4195556640625,7.392578125,0.0,28.412500000000023
2007-01-10 17:00:00+00:00,0.0,0.0,301.203125,13.153564453125,7.27734375,0.0,28.053125000000023
2007-01-10 18:00:00+00:00,0.0,0.0,300.765625,12.87799072265625,6.921875,0.0,27.615625000000023
2007-01-10 19:00:00+00:00,3.4375,20.9375,300.65625,12.93572998046875,6.568359375,24.375,27.506250000000023
2007-01-10 20:00:00+00:00,35.09765625,106.76171875,300.265625,13.49310302734375,5.630859375,141.859375,27.115625000000023
2007-01-10 21:00:00+00:00,221.3515625,141.9453125,301.9375,11.98846435546875,5.55078125,363.296875,28.787500000000023
2007-01-10 22:00:00+00:00,442.171875,154.921875,302.328125,11.85455322265625,4.837890625,597.09375,29.178125000000023
2007-01-10 23:00:00+00:00,660.52734375,140.05078125,301.578125,19.16400146484375,3.708984375,800.578125,28.428125000000023
2007-01-11 00:00:00+00:00,791.16015625,139.68359375,301.9375,24.27496337890625,2.673828125,930.84375,28.787500000000023
2007-01-11 01:00:00+00:00,874.1796875,141.0234375,302.671875,25.54962158203125,4.58203125,1015.203125,29.521875000000023
2007-01-11 02:00:00+00:00,904.75390625,135.38671875,302.890625,27.36370849609375,5.826171875,1040.140625,29.740625000000023
2007-01-11 03:00:00+00:00,867.4609375,128.3515625,300.375,38.61383056640625,5.94921875,995.8125,27.225000000000023
2007-01-11 04:00:00+00:00,781.21875,117.65625,301.3125,37.181396484375,5.705078125,898.875,28.162500000000023
2007-01-11 05:00:00+00:00,651.6171875,101.6953125,300.359375,42.2308349609375,6.326171875,753.3125,27.209375000000023
2007-01-11 06:00:00+00:00,473.44921875,91.05078125,298.796875,44.8453369140625,6.44921875,564.5,25.646875000000023
2007-01-11 07:00:00+00:00,302.02734375,68.20703125,297.078125,45.83416748046875,6.2265625,370.234375,23.928125000000023
2007-01-11 08:00:00+00:00,124.7265625,41.9921875,295.59375,46.69287109375,5.5625,166.71875,22.443750000000023
2007-01-11 09:00:00+00:00,10.75,9.203125,294.59375,44.54840087890625,4.595703125,19.953125,21.443750000000023
2007-01-11 10:00:00+00:00,0.0,0.0,293.4375,46.76092529296875,4.2421875,0.0,20.287500000000023
2007-01-11 11:00:00+00:00,0.0,0.0,292.5,49.49407958984375,3.59765625,0.0,19.350000000000023
2007-01-11 12:00:00+00:00,0.0,0.0,291.703125,56.4840087890625,3.05859375,0.0,18.553125000000023
2007-01-11 13:00:00+00:00,0.0,0.0,291.015625,64.53326416015625,2.822265625,0.0,17.865625000000023
2007-01-11 14:00:00+00:00,0.0,0.0,290.515625,69.55389404296875,2.16015625,0.0,17.365625000000023
2007-01-11 15:00:00+00:00,0.0,0.0,290.328125,67.87176513671875,1.875,0.0,17.178125000000023
2007-01-11 16:00:00+00:00,0.0,0.0,289.8125,72.44854736328125,1.720703125,0.0,16.662500000000023
2007-01-11 17:00:00+00:00,0.0,0.0,289.40625,75.43878173828125,1.189453125,0.0,16.256250000000023
2007-01-11 18:00:00+00:00,0.0,0.0,289.1875,77.117919921875,1.109375,0.0,16.037500000000023
2007-01-11 19:00:00+00:00,2.5703125,13.9453125,289.578125,75.89349365234375,0.92578125,16.515625,16.428125000000023
2007-01-11 20:00:00+00:00,84.30859375,81.00390625,289.84375,75.68975830078125,1.482421875,165.3125,16.693750000000023
2007-01-11 21:00:00+00:00,286.29296875,105.92578125,290.609375,72.3924560546875,2.359375,392.21875,17.459375000000023
2007-01-11 22:00:00+00:00,483.46875,117.015625,291.78125,59.7742919921875,3.439453125,600.484375,18.631250000000023
2007-01-11 23:00:00+00:00,615.66796875,154.61328125,292.625,54.404541015625,3.56640625,770.28125,19.475000000000023
2007-01-12 00:00:00+00:00,465.5078125,319.3984375,293.59375,49.53656005859375,4.046875,784.90625,20.443750000000023
2007-01-12 01:00:00+00:00,481.48828125,364.49609375,294.28125,42.08673095703125,4.529296875,845.984375,21.131250000000023
2007-01-12 02:00:00+00:00,912.7265625,160.5234375,295.125,35.9931640625,4.45703125,1073.25,21.975000000000023
2007-01-12 03:00:00+00:00,941.80859375,88.12890625,296.84375,31.18194580078125,3.646484375,1029.9375,23.693750000000023
2007-01-12 04:00:00+00:00,494.66796875,289.78515625,297.796875,31.44525146484375,3.3828125,784.453125,24.646875000000023
2007-01-12 05:00:00+00:00,448.08984375,252.09765625,298.171875,31.9398193359375,3.3203125,700.1875,25.021875000000023
2007-01-12 06:00:00+00:00,143.09375,227.390625,298.40625,32.3541259765625,5.009765625,370.484375,25.256250000000023
2007-01-12 07:00:00+00:00,49.85546875,99.05078125,297.8125,34.92919921875,4.58984375,148.90625,24.662500000000023
2007-01-12 08:00:00+00:00,58.60546875,87.56640625,295.9375,43.35943603515625,4.916015625,146.171875,22.787500000000023
2007-01-12 09:00:00+00:00,12.61328125,8.40234375,294.4375,46.40093994140625,4.41796875,21.015625,21.287500000000023
2007-01-12 10:00:00+00:00,0.0,0.0,293.15625,47.5576171875,4.0078125,0.0,20.006250000000023
2007-01-12 11:00:00+00:00,0.0,0.0,292.078125,51.9144287109375,3.55078125,0.0,18.928125000000023
2007-01-12 12:00:00+00:00,0.0,0.0,291.125,60.1934814453125,2.798828125,0.0,17.975000000000023
2007-01-12 13:00:00+00:00,0.0,0.0,290.375,67.78106689453125,2.16796875,0.0,17.225000000000023
2007-01-12 14:00:00+00:00,0.0,0.0,289.734375,73.06134033203125,1.68359375,0.0,16.584375000000023
2007-01-12 15:00:00+00:00,0.0,0.0,290.65625,76.01068115234375,3.69140625,0.0,17.506250000000023
2007-01-12 16:00:00+00:00,0.0,0.0,289.015625,82.978271484375,5.26953125,0.0,15.865625000000023
2007-01-12 17:00:00+00:00,0.0,0.0,289.0625,74.20947265625,4.478515625,0.0,15.912500000000023
2007-01-12 18:00:00+00:00,0.0,0.0,288.703125,72.1260986328125,3.787109375,0.0,15.553125000000023
2007-01-12 19:00:00+00:00,3.3984375,17.4921875,288.375,71.255859375,3.38671875,20.890625,15.225000000000023
2007-01-12 20:00:00+00:00,20.33203125,103.82421875,288.078125,69.88848876953125,3.28515625,124.15625,14.928125000000023
2007-01-12 21:00:00+00:00,102.546875,171.6875,288.625,60.54010009765625,4.1171875,274.234375,15.475000000000023
2007-01-12 22:00:00+00:00,67.66796875,285.92578125,288.921875,56.87139892578125,3.775390625,353.59375,15.771875000000023
2007-01-12 23:00:00+00:00,94.15234375,307.91015625,289.453125,54.6556396484375,3.638671875,402.0625,16.303125000000023
2007-01-13 00:00:00+00:00,422.97265625,342.62109375,290.40625,51.67840576171875,4.09375,765.59375,17.256250000000023
2007-01-13 01:00:00+00:00,662.75,278.734375,291.8125,48.0869140625,4.982421875,941.484375,18.662500000000023
2007-01-13 02:00:00+00:00,825.8515625,186.7265625,292.703125,45.86328125,5.576171875,1012.578125,19.553125000000023
2007-01-13 03:00:00+00:00,912.9609375,108.4765625,293.9375,42.051025390625,5.919921875,1021.4375,20.787500000000023
2007-01-13 04:00:00+00:00,862.765625,72.890625,294.359375,40.32452392578125,5.740234375,935.65625,21.209375000000023
2007-01-13 05:00:00+00:00,728.828125,61.078125,294.625,37.9493408203125,5.45703125,789.90625,21.475000000000023
2007-01-13 06:00:00+00:00,559.8671875,47.6484375,294.5,37.8408203125,5.404296875,607.515625,21.350000000000023
2007-01-13 07:00:00+00:00,361.55078125,36.01171875,293.875,40.935546875,5.482421875,397.5625,20.725000000000023
2007-01-13 08:00:00+00:00,164.3125,21.609375,292.859375,45.1868896484375,5.193359375,185.921875,19.709375000000023
2007-01-13 09:00:00+00:00,21.1171875,2.2265625,291.5625,50.87921142578125,5.044921875,23.34375,18.412500000000023
2007-01-13 10:00:00+00:00,0.0,0.0,290.265625,57.55584716796875,4.634765625,0.0,17.115625000000023
2007-01-13 11:00:00+00:00,0.0,0.0,289.484375,62.567138671875,3.9921875,0.0,16.334375000000023
2007-01-13 12:00:00+00:00,0.0,0.0,288.984375,65.70086669921875,3.388671875,0.0,15.834375000000023
2007-01-13 13:00:00+00:00,0.0,0.0,288.421875,69.235595703125,3.0078125,0.0,15.271875000000023
2007-01-13 14:00:00+00:00,0.0,0.0,287.796875,72.75732421875,2.599609375,0.0,14.646875000000023
2007-01-13 15:00:00+00:00,0.0,0.0,286.890625,78.41357421875,2.296875,0.0,13.740625000000023
2007-01-13 16:00:00+00:00,0.0,0.0,286.3125,81.5181884765625,1.73828125,0.0,13.162500000000023
2007-01-13 17:00:00+00:00,0.0,0.0,285.953125,83.389892578125,1.60546875,0.0,12.803125000000023
2007-01-13 18:00:00+00:00,0.0,0.0,285.5625,85.49462890625,1.380859375,0.0,12.412500000000023
2007-01-13 19:00:00+00:00,9.26953125,17.96484375,285.1875,87.73040771484375,1.263671875,27.234375,12.037500000000023
2007-01-13 20:00:00+00:00,110.3203125,69.6953125,285.921875,84.80908203125,0.9765625,180.015625,12.771875000000023
2007-01-13 21:00:00+00:00,315.40625,88.203125,287.515625,78.79656982421875,1.146484375,403.609375,14.365625000000023
2007-01-13 22:00:00+00:00,489.703125,112.265625,289.375,72.23809814453125,1.869140625,601.96875,16.225000000000023
2007-01-13 23:00:00+00:00,558.59375,191.703125,291.203125,62.54498291015625,2.388671875,750.296875,18.053125000000023
2007-01-14 00:00:00+00:00,805.46484375,127.22265625,293.03125,55.40509033203125,3.134765625,932.6875,19.881250000000023
2007-01-14 01:00:00+00:00,909.38671875,106.62890625,294.796875,50.35821533203125,3.525390625,1016.015625,21.646875000000023
2007-01-14 02:00:00+00:00,879.2734375,150.6015625,296.21875,46.492919921875,4.12109375,1029.875,23.068750000000023
2007-01-14 03:00:00+00:00,870.5390625,148.8828125,296.359375,47.92999267578125,4.314453125,1019.421875,23.209375000000023
2007-01-14 04:00:00+00:00,860.61328125,68.73046875,297.453125,44.4229736328125,4.71484375,929.34375,24.303125000000023
2007-01-14 05:00:00+00:00,729.1640625,57.1640625,297.765625,43.75775146484375,5.138671875,786.328125,24.615625000000023
2007-01-14 06:00:00+00:00,554.26953125,47.69921875,297.46875,44.45880126953125,5.388671875,601.96875,24.318750000000023
2007-01-14 07:00:00+00:00,358.37890625,36.44921875,296.625,46.711181640625,5.369140625,394.828125,23.475000000000023
2007-01-14 08:00:00+00:00,162.953125,21.71875,295.140625,51.36602783203125,5.046875,184.671875,21.990625000000023
2007-01-14 09:00:00+00:00,20.85546875,2.23828125,292.53125,60.1175537109375,4.615234375,23.09375,19.381250000000023
2007-01-14 10:00:00+00:00,0.0,0.0,290.890625,68.5887451171875,4.1875,0.0,17.740625000000023
2007-01-14 11:00:00+00:00,0.0,0.0,289.71875,77.53424072265625,3.5390625,0.0,16.568750000000023
2007-01-14 12:00:00+00:00,0.0,0.0,289.25,80.46392822265625,3.2578125,0.0,16.100000000000023
2007-01-14 13:00:00+00:00,0.0,0.0,289.140625,80.23809814453125,3.138671875,0.0,15.990625000000023
2007-01-14 14:00:00+00:00,0.0,0.0,288.796875,81.08428955078125,3.103515625,0.0,15.646875000000023
2007-01-14 15:00:00+00:00,0.0,0.0,288.640625,80.11785888671875,3.060546875,0.0,15.490625000000023
2007-01-14 16:00:00+00:00,0.0,0.0,287.921875,84.419921875,2.701171875,0.0,14.771875000000023
2007-01-14 17:00:00+00:00,0.0,0.0,287.609375,86.11627197265625,2.267578125,0.0,14.459375000000023
2007-01-14 18:00:00+00:00,0.0,0.0,286.921875,89.68896484375,2.06640625,0.0,13.771875000000023
2007-01-14 19:00:00+00:00,0.3828125,12.2890625,287.296875,87.48095703125,1.97265625,12.671875,14.146875000000023
2007-01-14 20:00:00+00:00,12.45703125,70.55859375,287.453125,85.9884033203125,1.97265625,83.015625,14.303125000000023
2007-01-14 21:00:00+00:00,96.1796875,136.7265625,287.953125,85.05767822265625,1.765625,232.90625,14.803125000000023
2007-01-14 22:00:00+00:00,97.4453125,200.7109375,289.140625,79.62353515625,1.9453125,298.15625,15.990625000000023
2007-01-14 23:00:00+00:00,248.02734375,359.00390625,290.25,74.544189453125,2.125,607.03125,17.100000000000023
2007-01-15 00:00:00+00:00,589.1796875,271.0546875,291.78125,68.32623291015625,1.818359375,860.234375,18.631250000000023
2007-01-15 01:00:00+00:00,874.5,139.71875,293.78125,61.15673828125,1.62890625,1014.21875,20.631250000000023
2007-01-15 02:00:00+00:00,954.7734375,93.9609375,296.109375,53.52081298828125,1.66796875,1048.734375,22.959375000000023
2007-01-15 03:00:00+00:00,934.03125,83.265625,297.40625,50.6473388671875,1.650390625,1017.296875,24.256250000000023
2007-01-15 04:00:00+00:00,851.46875,74.25,299.21875,46.007080078125,2.7890625,925.71875,26.068750000000023
2007-01-15 05:00:00+00:00,716.8828125,64.6953125,299.96875,44.0689697265625,3.783203125,781.578125,26.818750000000023
2007-01-15 06:00:00+00:00,542.875,54.15625,299.984375,44.454345703125,4.556640625,597.03125,26.834375000000023
2007-01-15 07:00:00+00:00,346.76953125,42.33984375,299.8125,44.325439453125,4.615234375,389.109375,26.662500000000023
2007-01-15 08:00:00+00:00,152.87109375,26.45703125,298.296875,47.61370849609375,4.794921875,179.328125,25.146875000000023
2007-01-15 09:00:00+00:00,17.4296875,4.0234375,294.546875,60.57672119140625,4.6171875,21.453125,21.396875000000023
2007-01-15 10:00:00+00:00,0.0,0.0,292.640625,67.54962158203125,4.033203125,0.0,19.490625000000023
2007-01-15 11:00:00+00:00,0.0,0.0,291.703125,73.3636474609375,2.990234375,0.0,18.553125000000023
2007-01-15 12:00:00+00:00,0.0,0.0,291.15625,77.629150390625,2.125,0.0,18.006250000000023
2007-01-15 13:00:00+00:00,0.0,0.0,290.828125,80.45257568359375,1.666015625,0.0,17.678125000000023
2007-01-15 14:00:00+00:00,0.0,0.0,290.640625,82.336181640625,1.373046875,0.0,17.490625000000023
2007-01-15 15:00:00+00:00,0.0,0.0,290.140625,86.118408203125,0.919921875,0.0,16.990625000000023
2007-01-15 16:00:00+00:00,0.0,0.0,289.953125,87.69287109375,1.056640625,0.0,16.803125000000023
2007-01-15 17:00:00+00:00,0.0,0.0,289.75,89.4276123046875,1.14453125,0.0,16.600000000000023
2007-01-15 18:00:00+00:00,0.0,0.0,289.46875,91.33807373046875,1.0390625,0.0,16.318750000000023
2007-01-15 19:00:00+00:00,5.4609375,16.3359375,289.3125,91.9107666015625,1.3125,21.796875,16.162500000000023
2007-01-15 20:00:00+00:00,106.91796875,71.22265625,289.828125,88.78863525390625,0.97265625,178.140625,16.678125000000023
2007-01-15 21:00:00+00:00,289.4921875,94.9140625,291.0,83.85723876953125,1.095703125,384.40625,17.850000000000023
2007-01-15 22:00:00+00:00,480.2890625,107.3203125,292.9375,76.87335205078125,1.119140625,587.609375,19.787500000000023
2007-01-15 23:00:00+00:00,652.640625,113.484375,295.640625,69.34368896484375,1.60546875,766.125,22.490625000000023
2007-01-16 00:00:00+00:00,789.7890625,114.1015625,301.5,49.54425048828125,3.171875,903.890625,28.350000000000023
2007-01-16 01:00:00+00:00,880.55859375,111.86328125,306.9375,32.45745849609375,5.62109375,992.421875,33.78750000000002
2007-01-16 02:00:00+00:00,915.08203125,106.79296875,309.515625,27.69781494140625,5.8984375,1021.875,36.36562500000002
2007-01-16 03:00:00+00:00,824.859375,132.484375,312.140625,23.53802490234375,6.318359375,957.34375,38.99062500000002
2007-01-16 04:00:00+00:00,502.87890625,219.05859375,312.984375,20.0733642578125,6.130859375,721.9375,39.83437500000002
2007-01-16 05:00:00+00:00,227.12109375,122.78515625,310.078125,28.65252685546875,5.912109375,349.90625,36.92812500000002
2007-01-16 06:00:00+00:00,339.8984375,181.0234375,309.84375,28.5615234375,5.923828125,520.921875,36.69375000000002
2007-01-16 07:00:00+00:00,255.57421875,91.06640625,310.59375,26.815673828125,5.08203125,346.640625,37.44375000000002
2007-01-16 08:00:00+00:00,55.21875,11.5625,310.25,26.78765869140625,5.2421875,66.78125,37.10000000000002
2007-01-16 09:00:00+00:00,7.6484375,9.8359375,310.703125,20.07769775390625,5.7578125,17.484375,37.55312500000002
2007-01-16 10:00:00+00:00,0.0,0.0,309.171875,22.78436279296875,4.7421875,0.0,36.02187500000002
2007-01-16 11:00:00+00:00,0.0,0.0,308.484375,24.25421142578125,5.5859375,0.0,35.33437500000002
2007-01-16 12:00:00+00:00,0.0,0.0,308.34375,24.13641357421875,6.345703125,0.0,35.19375000000002
2007-01-16 13:00:00+00:00,0.0,0.0,307.453125,24.9219970703125,6.005859375,0.0,34.30312500000002
2007-01-16 14:00:00+00:00,0.0,0.0,306.59375,25.127197265625,4.3203125,0.0,33.44375000000002
2007-01-16 15:00:00+00:00,0.0,0.0,301.75,43.318603515625,2.5234375,0.0,28.600000000000023
2007-01-16 16:00:00+00:00,0.0,0.0,300.484375,46.97021484375,1.8671875,0.0,27.334375000000023
2007-01-16 17:00:00+00:00,0.0,0.0,300.6875,43.13458251953125,1.642578125,0.0,27.537500000000023
2007-01-16 18:00:00+00:00,0.0,0.0,299.953125,41.71893310546875,1.07421875,0.0,26.803125000000023
2007-01-16 19:00:00+00:00,0.6796875,11.7265625,299.96875,39.5841064453125,1.978515625,12.40625,26.818750000000023
2007-01-16 20:00:00+00:00,3.796875,58.796875,300.8125,34.179443359375,2.59375,62.59375,27.662500000000023
2007-01-16 21:00:00+00:00,127.734375,151.765625,304.15625,22.5775146484375,4.77734375,279.5,31.006250000000023
2007-01-16 22:00:00+00:00,71.328125,244.8125,305.21875,23.019775390625,5.18359375,316.140625,32.06875000000002
2007-01-16 23:00:00+00:00,100.8125,327.34375,305.65625,23.5865478515625,5.33203125,428.15625,32.50625000000002
2007-01-17 00:00:00+00:00,26.4921875,218.8203125,307.109375,22.7349853515625,4.630859375,245.3125,33.95937500000002
2007-01-17 01:00:00+00:00,397.671875,427.953125,304.765625,28.26568603515625,1.927734375,825.625,31.615625000000023
2007-01-17 02:00:00+00:00,531.3359375,335.5390625,303.859375,33.6986083984375,4.544921875,866.875,30.709375000000023
2007-01-17 03:00:00+00:00,411.16796875,386.48828125,300.96875,45.6689453125,3.521484375,797.65625,27.818750000000023
2007-01-17 04:00:00+00:00,458.72265625,330.52734375,301.84375,44.23968505859375,3.826171875,789.25,28.693750000000023
2007-01-17 05:00:00+00:00,525.14453125,186.85546875,301.828125,45.2574462890625,4.654296875,712.0,28.678125000000023
2007-01-17 06:00:00+00:00,446.921875,104.765625,301.28125,47.7376708984375,5.005859375,551.6875,28.131250000000023
2007-01-17 07:00:00+00:00,174.96875,102.484375,300.15625,50.919921875,4.845703125,277.453125,27.006250000000023
2007-01-17 08:00:00+00:00,33.8515625,75.3828125,297.96875,56.78143310546875,4.61328125,109.234375,24.818750000000023
2007-01-17 09:00:00+00:00,1.5,13.890625,294.21875,69.8812255859375,4.541015625,15.390625,21.068750000000023
2007-01-17 10:00:00+00:00,0.0,0.0,293.171875,73.15679931640625,3.923828125,0.0,20.021875000000023
2007-01-17 11:00:00+00:00,0.0,0.0,292.53125,75.83935546875,3.248046875,0.0,19.381250000000023
2007-01-17 12:00:00+00:00,0.0,0.0,292.078125,78.3045654296875,2.56640625,0.0,18.928125000000023
2007-01-17 13:00:00+00:00,0.0,0.0,291.84375,79.40411376953125,2.306640625,0.0,18.693750000000023
2007-01-17 14:00:00+00:00,0.0,0.0,291.578125,80.2017822265625,2.203125,0.0,18.428125000000023
2007-01-17 15:00:00+00:00,0.0,0.0,290.953125,84.407470703125,2.4375,0.0,17.803125000000023
2007-01-17 16:00:00+00:00,0.0,0.0,290.65625,84.46636962890625,2.427734375,0.0,17.506250000000023
2007-01-17 17:00:00+00:00,0.0,0.0,290.296875,85.17364501953125,2.17578125,0.0,17.146875000000023
2007-01-17 18:00:00+00:00,0.0,0.0,290.015625,85.96466064453125,2.001953125,0.0,16.865625000000023
2007-01-17 19:00:00+00:00,0.16015625,11.21484375,289.796875,86.6614990234375,2.150390625,11.375,16.646875000000023
2007-01-17 20:00:00+00:00,0.82421875,55.28515625,289.703125,86.6563720703125,2.478515625,56.109375,16.553125000000023
2007-01-17 21:00:00+00:00,24.609375,166.953125,289.9375,85.24176025390625,2.5234375,191.5625,16.787500000000023
2007-01-17 22:00:00+00:00,127.44921875,263.47265625,290.609375,82.6435546875,2.3671875,390.921875,17.459375000000023
2007-01-17 23:00:00+00:00,406.21484375,280.16015625,291.84375,78.28814697265625,2.373046875,686.375,18.693750000000023
2007-01-18 00:00:00+00:00,701.30078125,174.43359375,293.84375,72.00152587890625,1.8125,875.734375,20.693750000000023
2007-01-18 01:00:00+00:00,834.89453125,136.63671875,295.84375,66.3829345703125,1.505859375,971.53125,22.693750000000023
2007-01-18 02:00:00+00:00,886.6484375,119.3984375,298.0625,60.25634765625,1.67578125,1006.046875,24.912500000000023
2007-01-18 03:00:00+00:00,864.234375,109.34375,298.5625,63.01904296875,0.931640625,973.578125,25.412500000000023
2007-01-18 04:00:00+00:00,776.421875,105.46875,301.328125,55.40032958984375,1.72265625,881.890625,28.178125000000023
2007-01-18 05:00:00+00:00,586.0703125,125.9921875,303.765625,47.5216064453125,2.236328125,712.0625,30.615625000000023
2007-01-18 06:00:00+00:00,412.3203125,124.3515625,304.921875,41.70452880859375,2.078125,536.671875,31.771875000000023
2007-01-18 07:00:00+00:00,121.29296875,91.28515625,304.90625,39.81500244140625,1.693359375,212.578125,31.756250000000023
2007-01-18 08:00:00+00:00,6.0703125,31.9765625,303.84375,45.37353515625,1.18359375,38.046875,30.693750000000023
2007-01-18 09:00:00+00:00,0.0,10.515625,303.265625,46.2548828125,4.625,10.515625,30.115625000000023
2007-01-18 10:00:00+00:00,0.0,0.0,302.203125,51.8399658203125,3.98046875,0.0,29.053125000000023
2007-01-18 11:00:00+00:00,0.0,0.0,301.171875,56.31158447265625,4.138671875,0.0,28.021875000000023
2007-01-18 12:00:00+00:00,0.0,0.0,300.15625,59.809326171875,3.529296875,0.0,27.006250000000023
2007-01-18 13:00:00+00:00,0.0,0.0,299.4375,62.52178955078125,1.568359375,0.0,26.287500000000023
2007-01-18 14:00:00+00:00,0.0,0.0,298.265625,63.99462890625,2.14453125,0.0,25.115625000000023
2007-01-18 15:00:00+00:00,0.0,0.0,295.59375,72.6131591796875,2.47265625,0.0,22.443750000000023
2007-01-18 16:00:00+00:00,0.0,0.0,295.28125,73.60675048828125,1.814453125,0.0,22.131250000000023
2007-01-18 17:00:00+00:00,0.0,0.0,295.34375,73.376708984375,1.404296875,0.0,22.193750000000023
2007-01-18 18:00:00+00:00,0.0,0.0,295.171875,74.19488525390625,2.75,0.0,22.021875000000023
2007-01-18 19:00:00+00:00,0.0,7.296875,293.953125,80.70574951171875,3.28515625,7.296875,20.803125000000023
2007-01-18 20:00:00+00:00,0.00390625,62.15234375,293.578125,87.37005615234375,1.09375,62.15625,20.428125000000023
2007-01-18 21:00:00+00:00,0.0,59.84375,293.9375,85.89111328125,1.5078125,59.84375,20.787500000000023
2007-01-18 22:00:00+00:00,0.0,44.78125,294.609375,83.72003173828125,1.162109375,44.78125,21.459375000000023
2007-01-18 23:00:00+00:00,0.15234375,124.26953125,294.9375,83.048095703125,0.6015625,124.421875,21.787500000000023
2007-01-19 00:00:00+00:00,0.06640625,71.19921875,295.390625,82.70806884765625,1.00390625,71.265625,22.240625000000023
2007-01-19 01:00:00+00:00,0.51953125,170.62109375,295.265625,85.050537109375,0.267578125,171.140625,22.115625000000023
2007-01-19 02:00:00+00:00,0.12890625,175.74609375,295.46875,85.68646240234375,0.703125,175.875,22.318750000000023
2007-01-19 03:00:00+00:00,38.875,389.234375,299.0625,75.68994140625,3.6953125,428.109375,25.912500000000023
2007-01-19 04:00:00+00:00,7.28125,178.828125,301.390625,63.51275634765625,3.17578125,186.109375,28.240625000000023
2007-01-19 05:00:00+00:00,334.65625,317.859375,301.96875,59.9342041015625,3.837890625,652.515625,28.818750000000023
2007-01-19 06:00:00+00:00,138.0859375,228.8671875,304.0625,51.1888427734375,3.0625,366.953125,30.912500000000023
2007-01-19 07:00:00+00:00,52.0234375,130.7421875,303.234375,54.56915283203125,3.09375,182.765625,30.084375000000023
2007-01-19 08:00:00+00:00,71.7109375,74.4765625,303.25,55.82391357421875,2.09765625,146.1875,30.100000000000023
2007-01-19 09:00:00+00:00,6.44140625,5.77734375,301.875,60.65606689453125,2.990234375,12.21875,28.725000000000023
2007-01-19 10:00:00+00:00,0.0,0.0,300.9375,65.34033203125,2.84375,0.0,27.787500000000023
2007-01-19 11:00:00+00:00,0.0,0.0,300.59375,65.35797119140625,2.6015625,0.0,27.443750000000023
2007-01-19 12:00:00+00:00,0.0,0.0,300.453125,62.44720458984375,2.541015625,0.0,27.303125000000023
2007-01-19 13:00:00+00:00,0.0,0.0,300.375,60.35723876953125,2.48828125,0.0,27.225000000000023
2007-01-19 14:00:00+00:00,0.0,0.0,300.609375,58.12884521484375,2.935546875,0.0,27.459375000000023
2007-01-19 15:00:00+00:00,0.0,0.0,298.21875,72.5638427734375,0.9453125,0.0,25.068750000000023
2007-01-19 16:00:00+00:00,0.0,0.0,297.703125,74.6966552734375,1.380859375,0.0,24.553125000000023
2007-01-19 17:00:00+00:00,0.0,0.0,297.390625,75.492431640625,1.5546875,0.0,24.240625000000023
2007-01-19 18:00:00+00:00,0.0,0.0,297.265625,75.96197509765625,1.49609375,0.0,24.115625000000023
2007-01-19 19:00:00+00:00,0.140625,12.078125,297.65625,73.8555908203125,1.900390625,12.21875,24.506250000000023
2007-01-19 20:00:00+00:00,2.44140625,63.60546875,299.0,62.6513671875,2.857421875,66.046875,25.850000000000023
2007-01-19 21:00:00+00:00,8.90234375,135.67578125,297.75,80.8497314453125,0.58203125,144.578125,24.600000000000023
2007-01-19 22:00:00+00:00,216.18359375,173.20703125,298.53125,79.703125,1.0390625,389.390625,25.381250000000023
2007-01-19 23:00:00+00:00,57.0625,38.96875,299.875,74.002197265625,0.615234375,96.03125,26.725000000000023
2007-01-20 00:00:00+00:00,169.3984375,473.4765625,300.03125,70.77154541015625,0.6875,642.875,26.881250000000023
2007-01-20 01:00:00+00:00,63.40625,313.28125,302.140625,57.6849365234375,0.66796875,376.6875,28.990625000000023
2007-01-20 02:00:00+00:00,440.84765625,351.58984375,301.59375,61.3837890625,3.443359375,792.4375,28.443750000000023
2007-01-20 03:00:00+00:00,101.2890625,423.6171875,303.40625,42.5615234375,7.18359375,524.90625,30.256250000000023
2007-01-20 04:00:00+00:00,15.2734375,275.0703125,302.96875,41.576171875,6.666015625,290.34375,29.818750000000023
2007-01-20 05:00:00+00:00,9.0546875,304.1171875,302.65625,43.50555419921875,4.009765625,313.171875,29.506250000000023
2007-01-20 06:00:00+00:00,0.9765625,43.9296875,300.28125,58.59814453125,4.001953125,44.90625,27.131250000000023
2007-01-20 07:00:00+00:00,0.0,7.375,298.84375,63.53546142578125,2.86328125,7.375,25.693750000000023
2007-01-20 08:00:00+00:00,0.0,4.90625,297.15625,76.4686279296875,1.869140625,4.90625,24.006250000000023
2007-01-20 09:00:00+00:00,0.0,1.65625,296.046875,82.945068359375,1.076171875,1.65625,22.896875000000023
2007-01-20 10:00:00+00:00,0.0,0.0,295.515625,87.50439453125,1.662109375,0.0,22.365625000000023
2007-01-20 11:00:00+00:00,0.0,0.0,295.40625,88.4237060546875,3.53515625,0.0,22.256250000000023
2007-01-20 12:00:00+00:00,0.0,0.0,295.578125,85.150390625,5.56640625,0.0,22.428125000000023
2007-01-20 13:00:00+00:00,0.0,0.0,295.515625,81.34539794921875,5.724609375,0.0,22.365625000000023
2007-01-20 14:00:00+00:00,0.0,0.0,295.625,79.96490478515625,6.58203125,0.0,22.475000000000023
2007-01-20 15:00:00+00:00,0.0,0.0,295.3125,83.05438232421875,5.71484375,0.0,22.162500000000023
2007-01-20 16:00:00+00:00,0.0,0.0,292.4375,83.37420654296875,6.439453125,0.0,19.287500000000023
2007-01-20 17:00:00+00:00,0.0,0.0,291.0625,85.199462890625,2.166015625,0.0,17.912500000000023
2007-01-20 18:00:00+00:00,0.0,0.0,291.484375,85.49468994140625,2.181640625,0.0,18.334375000000023
2007-01-20 19:00:00+00:00,1.7265625,11.9765625,291.421875,84.42041015625,3.205078125,13.703125,18.271875000000023
2007-01-20 20:00:00+00:00,32.6171875,64.3671875,291.171875,75.3963623046875,3.77734375,96.984375,18.021875000000023
2007-01-20 21:00:00+00:00,83.85546875,164.62890625,290.734375,75.9674072265625,4.85546875,248.484375,17.584375000000023
2007-01-20 22:00:00+00:00,25.58203125,126.21484375,291.21875,72.34307861328125,6.048828125,151.796875,18.068750000000023
2007-01-20 23:00:00+00:00,203.36328125,245.02734375,291.421875,69.798095703125,6.16796875,448.390625,18.271875000000023
2007-01-21 00:00:00+00:00,219.9921875,311.5234375,292.921875,61.1837158203125,6.61328125,531.515625,19.771875000000023
2007-01-21 01:00:00+00:00,186.87890625,322.63671875,294.15625,54.39190673828125,7.185546875,509.515625,21.006250000000023
2007-01-21 02:00:00+00:00,382.6328125,347.5234375,294.953125,48.91766357421875,7.34765625,730.15625,21.803125000000023
2007-01-21 03:00:00+00:00,147.203125,479.5625,295.25,50.79931640625,7.896484375,626.765625,22.100000000000023
2007-01-21 04:00:00+00:00,26.328125,90.59375,295.078125,58.22027587890625,8.13671875,116.921875,21.928125000000023
2007-01-21 05:00:00+00:00,229.56640625,206.12109375,293.8125,63.51385498046875,7.013671875,435.6875,20.662500000000023
2007-01-21 06:00:00+00:00,434.76953125,124.65234375,295.078125,53.16705322265625,5.4921875,559.421875,21.928125000000023
2007-01-21 07:00:00+00:00,289.6328125,54.8515625,295.609375,50.50543212890625,4.119140625,344.484375,22.459375000000023
2007-01-21 08:00:00+00:00,69.0,47.109375,294.875,56.2021484375,3.181640625,116.109375,21.725000000000023
2007-01-21 09:00:00+00:00,6.58203125,5.41796875,292.734375,68.5906982421875,6.95703125,12.0,19.584375000000023
2007-01-21 10:00:00+00:00,0.0,0.0,291.625,76.57537841796875,6.73046875,0.0,18.475000000000023
2007-01-21 11:00:00+00:00,0.0,0.0,290.421875,77.747314453125,6.44140625,0.0,17.271875000000023
2007-01-21 12:00:00+00:00,0.0,0.0,289.359375,83.21942138671875,6.26171875,0.0,16.209375000000023
2007-01-21 13:00:00+00:00,0.0,0.0,288.875,84.19708251953125,5.7421875,0.0,15.725000000000023
2007-01-21 14:00:00+00:00,0.0,0.0,288.484375,87.4305419921875,4.8359375,0.0,15.334375000000023
2007-01-21 15:00:00+00:00,0.0,0.0,288.296875,89.919189453125,4.48828125,0.0,15.146875000000023
2007-01-21 16:00:00+00:00,0.0,0.0,288.265625,90.950927734375,4.259765625,0.0,15.115625000000023
2007-01-21 17:00:00+00:00,0.0,0.0,288.09375,91.5528564453125,4.111328125,0.0,14.943750000000023
2007-01-21 18:00:00+00:00,0.0,0.0,287.90625,91.0052490234375,3.92578125,0.0,14.756250000000023
2007-01-21 19:00:00+00:00,0.0703125,6.2578125,287.8125,89.26739501953125,3.59375,6.328125,14.662500000000023
2007-01-21 20:00:00+00:00,10.40625,51.40625,287.9375,84.9058837890625,3.470703125,61.8125,14.787500000000023
2007-01-21 21:00:00+00:00,204.83984375,134.26953125,288.3125,78.22454833984375,3.677734375,339.109375,15.162500000000023
2007-01-21 22:00:00+00:00,427.14453125,118.87109375,289.0,71.88751220703125,3.5546875,546.015625,15.850000000000023
2007-01-21 23:00:00+00:00,320.69921875,250.00390625,289.71875,66.86083984375,3.26171875,570.703125,16.568750000000023
2007-01-22 00:00:00+00:00,223.0859375,333.6328125,290.078125,64.9801025390625,2.85546875,556.71875,16.928125000000023
2007-01-22 01:00:00+00:00,630.6171875,287.3515625,290.6875,61.6109619140625,2.541015625,917.96875,17.537500000000023
2007-01-22 02:00:00+00:00,486.30078125,235.87109375,291.65625,58.65386962890625,2.916015625,722.171875,18.506250000000023
2007-01-22 03:00:00+00:00,869.0078125,167.3359375,292.375,54.65185546875,3.09375,1036.34375,19.225000000000023
2007-01-22 04:00:00+00:00,868.12890625,71.82421875,293.1875,52.8243408203125,3.484375,939.953125,20.037500000000023
2007-01-22 05:00:00+00:00,742.9140625,56.3515625,293.40625,53.5477294921875,3.380859375,799.265625,20.256250000000023
2007-01-22 06:00:00+00:00,567.5078125,43.8671875,293.734375,53.44482421875,3.197265625,611.375,20.584375000000023
2007-01-22 07:00:00+00:00,364.4765625,33.2265625,293.953125,53.20220947265625,3.259765625,397.703125,20.803125000000023
2007-01-22 08:00:00+00:00,162.3671875,18.8203125,293.90625,51.67718505859375,3.580078125,181.1875,20.756250000000023
2007-01-22 09:00:00+00:00,18.4453125,1.4453125,292.953125,57.6473388671875,3.716796875,19.890625,19.803125000000023
2007-01-22 10:00:00+00:00,0.0,0.0,291.8125,60.957763671875,3.591796875,0.0,18.662500000000023
2007-01-22 11:00:00+00:00,0.0,0.0,290.40625,65.9771728515625,3.55859375,0.0,17.256250000000023
2007-01-22 12:00:00+00:00,0.0,0.0,289.421875,71.9884033203125,3.130859375,0.0,16.271875000000023
2007-01-22 13:00:00+00:00,0.0,0.0,288.71875,78.10711669921875,2.845703125,0.0,15.568750000000023
2007-01-22 14:00:00+00:00,0.0,0.0,288.234375,81.26605224609375,2.55078125,0.0,15.084375000000023
2007-01-22 15:00:00+00:00,0.0,0.0,287.421875,83.85784912109375,2.224609375,0.0,14.271875000000023
2007-01-22 16:00:00+00:00,0.0,0.0,287.0,85.85528564453125,1.77734375,0.0,13.850000000000023
2007-01-22 17:00:00+00:00,0.0,0.0,286.640625,88.245849609375,1.66015625,0.0,13.490625000000023
2007-01-22 18:00:00+00:00,0.0,0.0,286.40625,90.025390625,1.49609375,0.0,13.256250000000023
2007-01-22 19:00:00+00:00,4.1796875,11.7421875,286.140625,91.8984375,0.884765625,15.921875,12.990625000000023
2007-01-22 20:00:00+00:00,104.015625,63.078125,286.15625,92.24066162109375,0.939453125,167.09375,13.006250000000023
2007-01-22 21:00:00+00:00,284.875,93.53125,286.9375,87.5430908203125,1.0625,378.40625,13.787500000000023
2007-01-22 22:00:00+00:00,489.40625,103.015625,288.109375,81.552001953125,0.607421875,592.421875,14.959375000000023
2007-01-22 23:00:00+00:00,672.015625,108.34375,288.96875,78.660888671875,0.0703125,780.359375,15.818750000000023
2007-01-23 00:00:00+00:00,745.88671875,156.59765625,290.390625,74.25067138671875,0.6015625,902.484375,17.240625000000023
2007-01-23 01:00:00+00:00,481.25390625,357.41796875,291.9375,69.2611083984375,1.0546875,838.671875,18.787500000000023
2007-01-23 02:00:00+00:00,668.62109375,301.56640625,293.484375,64.1300048828125,1.591796875,970.1875,20.334375000000023
2007-01-23 03:00:00+00:00,797.82421875,184.59765625,296.65625,50.6805419921875,2.48046875,982.421875,23.506250000000023
2007-01-23 04:00:00+00:00,711.33203125,174.27734375,297.890625,45.115234375,3.40625,885.609375,24.740625000000023
2007-01-23 05:00:00+00:00,518.49609375,193.95703125,298.375,41.703369140625,4.16015625,712.453125,25.225000000000023
2007-01-23 06:00:00+00:00,114.16796875,202.75390625,298.5625,41.4134521484375,3.994140625,316.921875,25.412500000000023
2007-01-23 07:00:00+00:00,136.6328125,155.9453125,297.59375,47.45501708984375,3.970703125,292.578125,24.443750000000023
2007-01-23 08:00:00+00:00,96.4453125,59.7890625,296.359375,53.15283203125,4.03125,156.234375,23.209375000000023
2007-01-23 09:00:00+00:00,11.71875,5.046875,293.203125,63.130126953125,4.75390625,16.765625,20.053125000000023
2007-01-23 10:00:00+00:00,0.0,0.0,291.8125,67.5616455078125,4.00390625,0.0,18.662500000000023
2007-01-23 11:00:00+00:00,0.0,0.0,291.1875,68.52178955078125,3.376953125,0.0,18.037500000000023
2007-01-23 12:00:00+00:00,0.0,0.0,290.40625,72.974853515625,3.095703125,0.0,17.256250000000023
2007-01-23 13:00:00+00:00,0.0,0.0,289.828125,76.15435791015625,2.251953125,0.0,16.678125000000023
2007-01-23 14:00:00+00:00,0.0,0.0,289.453125,78.41552734375,1.39453125,0.0,16.303125000000023
2007-01-23 15:00:00+00:00,0.0,0.0,289.125,80.90667724609375,1.13671875,0.0,15.975000000000023
2007-01-23 16:00:00+00:00,0.0,0.0,288.8125,82.6597900390625,1.0625,0.0,15.662500000000023
2007-01-23 17:00:00+00:00,0.0,0.0,288.640625,83.56646728515625,0.59765625,0.0,15.490625000000023
2007-01-23 18:00:00+00:00,0.0,0.0,288.578125,84.22882080078125,0.59765625,0.0,15.428125000000023
2007-01-23 19:00:00+00:00,0.29296875,6.84765625,288.78125,84.55548095703125,1.525390625,7.140625,15.631250000000023
2007-01-23 20:00:00+00:00,12.71875,64.65625,289.15625,85.41339111328125,1.568359375,77.375,16.006250000000023
2007-01-23 21:00:00+00:00,34.3125,132.953125,289.421875,86.0164794921875,2.0546875,167.265625,16.271875000000023
2007-01-23 22:00:00+00:00,86.265625,236.625,289.78125,84.51763916015625,3.154296875,322.890625,16.631250000000023
2007-01-23 23:00:00+00:00,112.3203125,408.8984375,290.265625,79.3076171875,3.54296875,521.21875,17.115625000000023
2007-01-24 00:00:00+00:00,85.59765625,322.33984375,290.9375,76.77276611328125,3.736328125,407.9375,17.787500000000023
2007-01-24 01:00:00+00:00,39.3203125,143.1953125,290.984375,76.81414794921875,4.341796875,182.515625,17.834375000000023
2007-01-24 02:00:00+00:00,595.2109375,342.8671875,290.828125,70.6220703125,4.798828125,938.078125,17.678125000000023
2007-01-24 03:00:00+00:00,395.42578125,315.68359375,292.515625,53.941650390625,4.919921875,711.109375,19.365625000000023
2007-01-24 04:00:00+00:00,656.49609375,213.78515625,292.90625,50.76934814453125,5.162109375,870.28125,19.756250000000023
2007-01-24 05:00:00+00:00,580.56640625,108.33984375,293.1875,49.33544921875,5.1875,688.90625,20.037500000000023
2007-01-24 06:00:00+00:00,408.296875,93.421875,292.9375,49.423583984375,5.255859375,501.71875,19.787500000000023
2007-01-24 07:00:00+00:00,297.25,77.53125,292.5,49.8621826171875,4.978515625,374.78125,19.350000000000023
2007-01-24 08:00:00+00:00,130.47265625,30.41796875,291.984375,49.95294189453125,4.646484375,160.890625,18.834375000000023
2007-01-24 09:00:00+00:00,14.6015625,2.9921875,291.359375,51.19537353515625,4.3828125,17.59375,18.209375000000023
2007-01-24 10:00:00+00:00,0.0,0.0,290.109375,55.57672119140625,3.787109375,0.0,16.959375000000023
2007-01-24 11:00:00+00:00,0.0,0.0,289.21875,58.9366455078125,3.26171875,0.0,16.068750000000023
2007-01-24 12:00:00+00:00,0.0,0.0,288.59375,61.07049560546875,2.6875,0.0,15.443750000000023
2007-01-24 13:00:00+00:00,0.0,0.0,288.15625,63.28863525390625,2.283203125,0.0,15.006250000000023
2007-01-24 14:00:00+00:00,0.0,0.0,288.0625,64.56683349609375,2.22265625,0.0,14.912500000000023
2007-01-24 15:00:00+00:00,0.0,0.0,287.71875,68.27239990234375,1.939453125,0.0,14.568750000000023
2007-01-24 16:00:00+00:00,0.0,0.0,287.71875,67.369873046875,1.75390625,0.0,14.568750000000023
2007-01-24 17:00:00+00:00,0.0,0.0,287.578125,68.194580078125,1.25,0.0,14.428125000000023
2007-01-24 18:00:00+00:00,0.0,0.0,287.453125,69.95220947265625,1.0,0.0,14.303125000000023
2007-01-24 19:00:00+00:00,0.4609375,5.3203125,287.421875,70.84576416015625,1.068359375,5.78125,14.271875000000023
2007-01-24 20:00:00+00:00,30.76171875,45.45703125,287.234375,72.6265869140625,0.95703125,76.21875,14.084375000000023
2007-01-24 21:00:00+00:00,4.296875,72.515625,286.515625,76.84405517578125,1.103515625,76.8125,13.365625000000023
2007-01-24 22:00:00+00:00,38.6171875,188.7109375,286.21875,81.400390625,0.705078125,227.328125,13.068750000000023
2007-01-24 23:00:00+00:00,46.16796875,250.72265625,286.796875,78.77490234375,1.453125,296.890625,13.646875000000023
2007-01-25 00:00:00+00:00,366.37109375,292.25390625,288.109375,69.6922607421875,2.3359375,658.625,14.959375000000023
2007-01-25 01:00:00+00:00,223.734375,433.28125,289.671875,60.27587890625,3.283203125,657.015625,16.521875000000023
2007-01-25 02:00:00+00:00,248.2578125,463.2265625,290.078125,58.72882080078125,3.91796875,711.484375,16.928125000000023
2007-01-25 03:00:00+00:00,542.58203125,316.21484375,291.703125,52.52532958984375,4.4765625,858.796875,18.553125000000023
2007-01-25 04:00:00+00:00,570.34765625,244.94921875,292.171875,50.9420166015625,4.212890625,815.296875,19.021875000000023
2007-01-25 05:00:00+00:00,690.28125,99.4375,292.71875,48.04144287109375,4.076171875,789.71875,19.568750000000023
2007-01-25 06:00:00+00:00,558.3515625,43.8984375,293.03125,46.34161376953125,4.126953125,602.25,19.881250000000023
2007-01-25 07:00:00+00:00,354.8515625,33.5234375,293.0,47.73455810546875,3.96875,388.375,19.850000000000023
2007-01-25 08:00:00+00:00,154.5390625,19.0859375,292.625,50.4150390625,3.849609375,173.625,19.475000000000023
2007-01-25 09:00:00+00:00,15.6484375,1.6796875,291.875,53.76458740234375,3.748046875,17.328125,18.725000000000023
2007-01-25 10:00:00+00:00,0.0,0.0,290.734375,58.59552001953125,3.4375,0.0,17.584375000000023
2007-01-25 11:00:00+00:00,0.0,0.0,289.765625,62.99603271484375,2.912109375,0.0,16.615625000000023
2007-01-25 12:00:00+00:00,0.0,0.0,289.015625,66.386474609375,2.220703125,0.0,15.865625000000023
2007-01-25 13:00:00+00:00,0.0,0.0,288.515625,68.83013916015625,1.6953125,0.0,15.365625000000023
2007-01-25 14:00:00+00:00,0.0,0.0,288.078125,71.61181640625,1.3359375,0.0,14.928125000000023
2007-01-25 15:00:00+00:00,0.0,0.0,287.28125,73.91876220703125,0.53125,0.0,14.131250000000023
2007-01-25 16:00:00+00:00,0.0,0.0,286.921875,75.83575439453125,0.841796875,0.0,13.771875000000023
2007-01-25 17:00:00+00:00,0.0,0.0,286.40625,78.74237060546875,0.337890625,0.0,13.256250000000023
2007-01-25 18:00:00+00:00,0.0,0.0,286.140625,80.03741455078125,0.58984375,0.0,12.990625000000023
2007-01-25 19:00:00+00:00,0.953125,9.5,286.078125,80.93511962890625,0.875,10.453125,12.928125000000023
2007-01-25 20:00:00+00:00,69.4296875,73.5703125,286.265625,81.09405517578125,1.283203125,143.0,13.115625000000023
2007-01-25 21:00:00+00:00,236.359375,109.875,287.03125,77.7037353515625,1.3828125,346.234375,13.881250000000023
2007-01-25 22:00:00+00:00,406.953125,137.75,288.109375,71.71392822265625,1.171875,544.703125,14.959375000000023
2007-01-25 23:00:00+00:00,534.6953125,186.3203125,289.03125,68.37286376953125,0.900390625,721.015625,15.881250000000023
2007-01-26 00:00:00+00:00,741.0546875,150.6484375,289.953125,64.75640869140625,1.076171875,891.703125,16.803125000000023
2007-01-26 01:00:00+00:00,874.9375,119.109375,291.390625,58.5098876953125,1.263671875,994.046875,18.240625000000023
2007-01-26 02:00:00+00:00,927.84375,101.46875,292.96875,50.6124267578125,1.38671875,1029.3125,19.818750000000023
2007-01-26 03:00:00+00:00,911.6796875,88.6015625,294.703125,47.189697265625,2.279296875,1000.28125,21.553125000000023
2007-01-26 04:00:00+00:00,833.32421875,77.91015625,296.125,43.92730712890625,2.72265625,911.234375,22.975000000000023
2007-01-26 05:00:00+00:00,699.63671875,68.50390625,296.765625,43.16522216796875,3.33984375,768.140625,23.615625000000023
2007-01-26 06:00:00+00:00,430.58984375,110.58203125,296.53125,44.4190673828125,4.30859375,541.171875,23.381250000000023
2007-01-26 07:00:00+00:00,311.33203125,62.02734375,295.625,47.48748779296875,4.916015625,373.359375,22.475000000000023
2007-01-26 08:00:00+00:00,136.44140625,26.35546875,293.6875,55.3546142578125,6.13671875,162.796875,20.537500000000023
2007-01-26 09:00:00+00:00,9.78515625,3.08984375,291.953125,61.41302490234375,5.572265625,12.875,18.803125000000023
2007-01-26 10:00:00+00:00,0.0,0.0,291.046875,62.583251953125,4.7421875,0.0,17.896875000000023
2007-01-26 11:00:00+00:00,0.0,0.0,290.34375,69.0626220703125,3.734375,0.0,17.193750000000023
2007-01-26 12:00:00+00:00,0.0,0.0,290.515625,72.10211181640625,4.16796875,0.0,17.365625000000023
2007-01-26 13:00:00+00:00,0.0,0.0,289.703125,74.03253173828125,5.4921875,0.0,16.553125000000023
2007-01-26 14:00:00+00:00,0.0,0.0,288.953125,76.18792724609375,5.43359375,0.0,15.803125000000023
2007-01-26 15:00:00+00:00,0.0,0.0,287.90625,81.2606201171875,5.814453125,0.0,14.756250000000023
2007-01-26 16:00:00+00:00,0.0,0.0,287.59375,75.0491943359375,5.41796875,0.0,14.443750000000023
2007-01-26 17:00:00+00:00,0.0,0.0,286.9375,82.629638671875,5.783203125,0.0,13.787500000000023
2007-01-26 18:00:00+00:00,0.0,0.0,286.234375,86.12640380859375,6.474609375,0.0,13.084375000000023
2007-01-26 19:00:00+00:00,0.59375,8.5625,286.046875,73.8350830078125,6.83984375,9.15625,12.896875000000023
2007-01-26 20:00:00+00:00,17.50390625,67.68359375,286.15625,61.4957275390625,6.6875,85.1875,13.006250000000023
2007-01-26 21:00:00+00:00,61.11328125,165.85546875,286.53125,56.2996826171875,6.64453125,226.96875,13.381250000000023
2007-01-26 22:00:00+00:00,133.59375,227.359375,287.171875,50.1522216796875,7.427734375,360.953125,14.021875000000023
2007-01-26 23:00:00+00:00,102.421875,288.109375,287.875,45.51220703125,7.357421875,390.53125,14.725000000000023
2007-01-27 00:00:00+00:00,346.8984375,201.1484375,288.1875,43.2401123046875,7.341796875,548.046875,15.037500000000023
2007-01-27 01:00:00+00:00,219.37109375,86.91015625,288.578125,42.783447265625,7.76953125,306.28125,15.428125000000023
2007-01-27 02:00:00+00:00,318.65234375,326.12890625,288.171875,44.66522216796875,7.630859375,644.78125,15.021875000000023
2007-01-27 03:00:00+00:00,158.1875,124.53125,289.6875,41.91180419921875,8.337890625,282.71875,16.537500000000023
2007-01-27 04:00:00+00:00,12.1875,219.5,288.671875,45.3446044921875,8.2578125,231.6875,15.521875000000023
2007-01-27 05:00:00+00:00,66.79296875,200.86328125,288.234375,48.72021484375,8.134765625,267.65625,15.084375000000023
2007-01-27 06:00:00+00:00,110.7890625,185.0703125,288.296875,48.6103515625,7.833984375,295.859375,15.146875000000023
2007-01-27 07:00:00+00:00,41.0390625,80.2109375,288.125,51.1044921875,7.939453125,121.25,14.975000000000023
2007-01-27 08:00:00+00:00,14.55078125,63.48046875,287.75,50.8875732421875,7.72265625,78.03125,14.600000000000023
2007-01-27 09:00:00+00:00,2.7890625,7.7578125,287.53125,53.11529541015625,7.54296875,10.546875,14.381250000000023
2007-01-27 10:00:00+00:00,0.0,0.0,287.46875,51.3316650390625,6.607421875,0.0,14.318750000000023
2007-01-27 11:00:00+00:00,0.0,0.0,287.171875,54.3377685546875,5.974609375,0.0,14.021875000000023
2007-01-27 12:00:00+00:00,0.0,0.0,287.109375,54.8197021484375,6.1640625,0.0,13.959375000000023
2007-01-27 13:00:00+00:00,0.0,0.0,286.96875,55.60052490234375,5.521484375,0.0,13.818750000000023
2007-01-27 14:00:00+00:00,0.0,0.0,286.734375,57.8433837890625,5.0,0.0,13.584375000000023
2007-01-27 15:00:00+00:00,0.0,0.0,286.34375,62.24542236328125,5.404296875,0.0,13.193750000000023
2007-01-27 16:00:00+00:00,0.0,0.0,286.171875,64.6348876953125,4.814453125,0.0,13.021875000000023
2007-01-27 17:00:00+00:00,0.0,0.0,285.90625,66.88580322265625,4.693359375,0.0,12.756250000000023
2007-01-27 18:00:00+00:00,0.0,0.0,286.03125,67.63104248046875,4.66015625,0.0,12.881250000000023
2007-01-27 19:00:00+00:00,0.1015625,4.5234375,286.0,69.82958984375,5.0078125,4.625,12.850000000000023
2007-01-27 20:00:00+00:00,1.08984375,12.33203125,285.859375,74.0428466796875,5.3125,13.421875,12.709375000000023
2007-01-27 21:00:00+00:00,10.42578125,128.63671875,286.21875,76.07611083984375,5.6640625,139.0625,13.068750000000023
2007-01-27 22:00:00+00:00,242.25,217.890625,287.140625,73.76287841796875,5.78125,460.140625,13.990625000000023
2007-01-27 23:00:00+00:00,133.80078125,298.87109375,288.984375,67.35369873046875,7.095703125,432.671875,15.834375000000023
2007-01-28 00:00:00+00:00,118.53125,451.5625,289.90625,63.2110595703125,7.05078125,570.09375,16.756250000000023
2007-01-28 01:00:00+00:00,284.59765625,501.85546875,291.3125,57.75115966796875,6.7265625,786.453125,18.162500000000023
2007-01-28 02:00:00+00:00,380.9921875,316.7265625,292.359375,56.4376220703125,7.12109375,697.71875,19.209375000000023
2007-01-28 03:00:00+00:00,607.15625,250.703125,291.953125,58.4727783203125,7.005859375,857.859375,18.803125000000023
2007-01-28 04:00:00+00:00,692.42578125,138.62109375,292.1875,53.48187255859375,7.53125,831.046875,19.037500000000023
2007-01-28 05:00:00+00:00,612.421875,119.125,292.234375,51.4881591796875,7.79296875,731.546875,19.084375000000023
2007-01-28 06:00:00+00:00,455.90234375,96.05078125,291.859375,52.0716552734375,7.861328125,551.953125,18.709375000000023
2007-01-28 07:00:00+00:00,329.80859375,48.78515625,291.390625,51.5279541015625,7.48828125,378.59375,18.240625000000023
2007-01-28 08:00:00+00:00,142.50390625,20.37109375,290.6875,53.8043212890625,7.150390625,162.875,17.537500000000023
2007-01-28 09:00:00+00:00,10.79296875,3.58203125,289.765625,59.506103515625,6.12890625,14.375,16.615625000000023
2007-01-28 10:00:00+00:00,0.0,0.0,289.140625,62.32012939453125,5.49609375,0.0,15.990625000000023
2007-01-28 11:00:00+00:00,0.0,0.0,288.953125,62.62884521484375,4.875,0.0,15.803125000000023
2007-01-28 12:00:00+00:00,0.0,0.0,288.828125,61.70404052734375,4.53125,0.0,15.678125000000023
2007-01-28 13:00:00+00:00,0.0,0.0,288.421875,60.781494140625,4.20703125,0.0,15.271875000000023
2007-01-28 14:00:00+00:00,0.0,0.0,287.8125,66.38299560546875,4.1796875,0.0,14.662500000000023
2007-01-28 15:00:00+00:00,0.0,0.0,287.46875,69.0145263671875,3.849609375,0.0,14.318750000000023
2007-01-28 16:00:00+00:00,0.0,0.0,287.640625,70.0732421875,3.572265625,0.0,14.490625000000023
2007-01-28 17:00:00+00:00,0.0,0.0,287.515625,71.76251220703125,3.26171875,0.0,14.365625000000023
2007-01-28 18:00:00+00:00,0.0,0.0,287.453125,73.47943115234375,3.103515625,0.0,14.303125000000023
2007-01-28 19:00:00+00:00,0.0,2.28125,287.4375,75.38385009765625,2.84375,2.28125,14.287500000000023
2007-01-28 20:00:00+00:00,1.55078125,39.30859375,287.390625,76.802490234375,2.482421875,40.859375,14.240625000000023
2007-01-28 21:00:00+00:00,6.46875,102.8125,288.0625,74.50128173828125,3.0625,109.28125,14.912500000000023
2007-01-28 22:00:00+00:00,38.51953125,181.52734375,288.34375,73.65679931640625,3.3125,220.046875,15.193750000000023
2007-01-28 23:00:00+00:00,360.73828125,288.71484375,288.84375,71.88006591796875,3.478515625,649.453125,15.693750000000023
2007-01-29 00:00:00+00:00,401.0390625,322.4765625,290.34375,64.76171875,3.4140625,723.515625,17.193750000000023
2007-01-29 01:00:00+00:00,175.13671875,414.47265625,291.59375,59.30059814453125,3.23046875,589.609375,18.443750000000023
2007-01-29 02:00:00+00:00,110.41796875,450.19140625,292.21875,58.16217041015625,2.888671875,560.609375,19.068750000000023
2007-01-29 03:00:00+00:00,747.3203125,129.1953125,294.578125,53.904052734375,3.140625,876.515625,21.428125000000023
2007-01-29 04:00:00+00:00,669.4765625,142.8828125,295.390625,51.6961669921875,2.923828125,812.359375,22.240625000000023
2007-01-29 05:00:00+00:00,651.9921875,98.4296875,296.46875,48.1915283203125,2.947265625,750.421875,23.318750000000023
2007-01-29 06:00:00+00:00,387.2890625,108.3359375,297.546875,44.6806640625,3.11328125,495.625,24.396875000000023
2007-01-29 07:00:00+00:00,224.62109375,67.81640625,298.1875,41.9202880859375,2.9296875,292.4375,25.037500000000023
2007-01-29 08:00:00+00:00,104.71875,36.703125,298.234375,40.8056640625,3.185546875,141.421875,25.084375000000023
2007-01-29 09:00:00+00:00,10.6484375,2.7578125,295.765625,53.27203369140625,2.611328125,13.40625,22.615625000000023
2007-01-29 10:00:00+00:00,0.0,0.0,294.421875,60.5369873046875,3.232421875,0.0,21.271875000000023
2007-01-29 11:00:00+00:00,0.0,0.0,292.234375,70.821044921875,3.59765625,0.0,19.084375000000023
2007-01-29 12:00:00+00:00,0.0,0.0,290.828125,76.22906494140625,3.232421875,0.0,17.678125000000023
2007-01-29 13:00:00+00:00,0.0,0.0,290.234375,80.15081787109375,2.302734375,0.0,17.084375000000023
2007-01-29 14:00:00+00:00,0.0,0.0,289.671875,84.04974365234375,1.056640625,0.0,16.521875000000023
2007-01-29 15:00:00+00:00,0.0,0.0,289.109375,87.9976806640625,0.865234375,0.0,15.959375000000023
2007-01-29 16:00:00+00:00,0.0,0.0,288.8125,89.3890380859375,0.587890625,0.0,15.662500000000023
2007-01-29 17:00:00+00:00,0.0,0.0,288.625,90.120361328125,0.87109375,0.0,15.475000000000023
2007-01-29 18:00:00+00:00,0.0,0.0,288.515625,90.11761474609375,1.162109375,0.0,15.365625000000023
2007-01-29 19:00:00+00:00,0.44140625,7.46484375,288.25,91.5928955078125,1.060546875,7.90625,15.100000000000023
2007-01-29 20:00:00+00:00,69.44140625,64.63671875,288.25,92.854736328125,1.125,134.078125,15.100000000000023
2007-01-29 21:00:00+00:00,239.9921875,100.0703125,290.0625,85.3089599609375,2.017578125,340.0625,16.912500000000023
2007-01-29 22:00:00+00:00,438.31640625,113.87109375,291.671875,72.812744140625,2.935546875,552.1875,18.521875000000023
2007-01-29 23:00:00+00:00,556.77734375,158.92578125,291.828125,71.869140625,4.908203125,715.703125,18.678125000000023
2007-01-30 00:00:00+00:00,732.859375,142.109375,292.6875,68.0283203125,4.806640625,874.96875,19.537500000000023
2007-01-30 01:00:00+00:00,814.4765625,143.5234375,294.109375,58.62646484375,4.6484375,958.0,20.959375000000023
2007-01-30 02:00:00+00:00,440.265625,361.5625,295.65625,48.867431640625,5.02734375,801.828125,22.506250000000023
2007-01-30 03:00:00+00:00,766.41015625,201.32421875,298.0625,43.7994384765625,5.470703125,967.734375,24.912500000000023
2007-01-30 04:00:00+00:00,716.96484375,133.19140625,298.65625,45.2261962890625,6.5390625,850.15625,25.506250000000023
2007-01-30 05:00:00+00:00,513.17578125,139.99609375,298.125,46.3677978515625,6.318359375,653.171875,24.975000000000023
2007-01-30 06:00:00+00:00,67.8828125,0.0,296.875,50.225341796875,5.435546875,31.28125,23.725000000000023
2007-01-30 07:00:00+00:00,29.375,75.125,294.453125,59.9202880859375,4.79296875,104.5,21.303125000000023
2007-01-30 08:00:00+00:00,3.91796875,70.03515625,293.703125,63.71636962890625,5.21484375,73.953125,20.553125000000023
2007-01-30 09:00:00+00:00,5.72265625,0.43359375,291.8125,72.9254150390625,5.76171875,6.15625,18.662500000000023
2007-01-30 10:00:00+00:00,0.0,0.0,290.265625,77.4072265625,5.46875,0.0,17.115625000000023
2007-01-30 11:00:00+00:00,0.0,0.0,289.765625,70.9532470703125,4.8984375,0.0,16.615625000000023
2007-01-30 12:00:00+00:00,0.0,0.0,289.109375,70.9129638671875,4.1171875,0.0,15.959375000000023
2007-01-30 13:00:00+00:00,0.0,0.0,288.71875,70.9945068359375,3.37890625,0.0,15.568750000000023
2007-01-30 14:00:00+00:00,0.0,0.0,288.203125,72.86553955078125,3.15625,0.0,15.053125000000023
2007-01-30 15:00:00+00:00,0.0,0.0,287.6875,72.925048828125,3.71875,0.0,14.537500000000023
2007-01-30 16:00:00+00:00,0.0,0.0,287.390625,65.82293701171875,3.8125,0.0,14.240625000000023
2007-01-30 17:00:00+00:00,0.0,0.0,286.9375,63.972900390625,3.787109375,0.0,13.787500000000023
2007-01-30 18:00:00+00:00,0.0,0.0,286.34375,65.22918701171875,3.646484375,0.0,13.193750000000023
2007-01-30 19:00:00+00:00,0.0,4.265625,286.171875,65.5206298828125,3.138671875,4.265625,13.021875000000023
2007-01-30 20:00:00+00:00,79.85546875,63.62890625,286.015625,65.197021484375,2.94921875,143.484375,12.865625000000023
2007-01-30 21:00:00+00:00,262.859375,92.828125,285.984375,65.54638671875,2.3515625,355.6875,12.834375000000023
2007-01-30 22:00:00+00:00,113.6796875,170.3359375,287.40625,57.170654296875,3.033203125,284.015625,14.256250000000023
2007-01-30 23:00:00+00:00,369.56640625,301.63671875,288.140625,52.75146484375,3.419921875,671.203125,14.990625000000023
2007-01-31 00:00:00+00:00,618.10546875,238.20703125,289.6875,47.39410400390625,3.912109375,856.3125,16.537500000000023
2007-01-31 01:00:00+00:00,737.37890625,225.41796875,290.703125,44.867431640625,4.322265625,962.796875,17.553125000000023
2007-01-31 02:00:00+00:00,812.01171875,163.08203125,291.484375,43.34765625,4.66796875,975.09375,18.334375000000023
2007-01-31 03:00:00+00:00,880.125,122.15625,292.703125,40.7750244140625,5.349609375,1002.28125,19.553125000000023
2007-01-31 04:00:00+00:00,859.1015625,75.8828125,293.078125,38.745361328125,5.50390625,934.984375,19.928125000000023
2007-01-31 05:00:00+00:00,732.8671875,56.2734375,293.234375,37.6597900390625,5.595703125,789.140625,20.084375000000023
2007-01-31 06:00:00+00:00,531.3359375,60.5390625,293.078125,37.624755859375,5.681640625,591.875,19.928125000000023
2007-01-31 07:00:00+00:00,342.08203125,40.65234375,292.203125,41.3463134765625,6.080078125,382.734375,19.053125000000023
2007-01-31 08:00:00+00:00,141.4375,21.140625,290.625,48.9822998046875,6.259765625,162.578125,17.475000000000023
2007-01-31 09:00:00+00:00,7.88671875,3.84765625,289.203125,53.6390380859375,5.822265625,11.734375,16.053125000000023
2007-01-31 10:00:00+00:00,0.0,0.0,288.25,57.459716796875,5.03125,0.0,15.100000000000023
2007-01-31 11:00:00+00:00,0.0,0.0,287.421875,63.0225830078125,4.49609375,0.0,14.271875000000023
2007-01-31 12:00:00+00:00,0.0,0.0,286.6875,69.01531982421875,3.75390625,0.0,13.537500000000023
2007-01-31 13:00:00+00:00,0.0,0.0,286.265625,72.140625,3.376953125,0.0,13.115625000000023
2007-01-31 14:00:00+00:00,0.0,0.0,285.71875,75.4295654296875,3.271484375,0.0,12.568750000000023
2007-01-31 15:00:00+00:00,0.0,0.0,285.21875,79.025390625,3.662109375,0.0,12.068750000000023
2007-01-31 16:00:00+00:00,0.0,0.0,284.9375,80.015625,3.6484375,0.0,11.787500000000023
2007-01-31 17:00:00+00:00,0.0,0.0,284.75,80.3421630859375,3.595703125,0.0,11.600000000000023
2007-01-31 18:00:00+00:00,0.0,0.0,284.546875,81.29632568359375,3.275390625,0.0,11.396875000000023
2007-01-31 19:00:00+00:00,0.90625,6.359375,284.265625,82.91064453125,2.91015625,7.265625,11.115625000000023
2007-01-31 20:00:00+00:00,83.1328125,55.9453125,284.109375,83.75836181640625,2.591796875,139.078125,10.959375000000023
2007-01-31 21:00:00+00:00,273.00390625,80.27734375,284.84375,78.2681884765625,2.255859375,353.28125,11.693750000000023
2007-01-31 22:00:00+00:00,475.0546875,91.6015625,285.859375,73.45562744140625,1.73046875,566.65625,12.709375000000023
2007-01-31 23:00:00+00:00,657.5703125,96.9453125,286.9375,70.36248779296875,1.666015625,754.515625,13.787500000000023
2007-02-01 00:00:00+00:00,804.0546875,96.1328125,288.65625,64.9622802734375,1.6015625,900.1875,15.506250000000023
2007-02-01 01:00:00+00:00,903.8984375,92.7734375,291.21875,56.25054931640625,1.080078125,996.671875,18.068750000000023
2007-02-01 02:00:00+00:00,946.89453125,86.74609375,293.875,49.2103271484375,1.12890625,1033.640625,20.725000000000023
2007-02-01 03:00:00+00:00,926.15625,77.953125,296.15625,45.87579345703125,0.349609375,1004.109375,23.006250000000023
2007-02-01 04:00:00+00:00,845.9609375,67.7421875,297.875,42.94403076171875,0.78125,913.703125,24.725000000000023
2007-02-01 05:00:00+00:00,714.4453125,56.9609375,300.625,34.260009765625,2.0234375,771.40625,27.475000000000023
2007-02-01 06:00:00+00:00,539.85546875,45.89453125,302.140625,28.54132080078125,2.662109375,585.75,28.990625000000023
2007-02-01 07:00:00+00:00,338.3046875,34.3046875,302.40625,27.09588623046875,3.0625,372.609375,29.256250000000023
2007-02-01 08:00:00+00:00,138.97265625,18.24609375,301.109375,31.51019287109375,3.5625,157.21875,27.959375000000023
2007-02-01 09:00:00+00:00,10.03515625,1.76171875,299.4375,34.98193359375,2.869140625,11.796875,26.287500000000023
2007-02-01 10:00:00+00:00,0.0,0.0,298.03125,40.8253173828125,4.82421875,0.0,24.881250000000023
2007-02-01 11:00:00+00:00,0.0,0.0,295.875,48.5755615234375,5.130859375,0.0,22.725000000000023
2007-02-01 12:00:00+00:00,0.0,0.0,294.15625,55.5386962890625,4.357421875,0.0,21.006250000000023
2007-02-01 13:00:00+00:00,0.0,0.0,292.828125,61.35284423828125,3.58203125,0.0,19.678125000000023
2007-02-01 14:00:00+00:00,0.0,0.0,291.703125,67.02142333984375,2.857421875,0.0,18.553125000000023
2007-02-01 15:00:00+00:00,0.0,0.0,290.21875,73.13922119140625,1.478515625,0.0,17.068750000000023
2007-02-01 16:00:00+00:00,0.0,0.0,289.609375,76.281494140625,1.1015625,0.0,16.459375000000023
2007-02-01 17:00:00+00:00,0.0,0.0,288.953125,79.759521484375,0.74609375,0.0,15.803125000000023
2007-02-01 18:00:00+00:00,0.0,0.0,288.359375,82.8162841796875,0.44140625,0.0,15.209375000000023
2007-02-01 19:00:00+00:00,0.21484375,5.51953125,289.203125,78.0072021484375,2.046875,5.734375,16.053125000000023
2007-02-01 20:00:00+00:00,43.21875,70.4375,289.75,75.48638916015625,1.431640625,113.65625,16.600000000000023
2007-02-01 21:00:00+00:00,184.640625,126.1875,291.109375,74.02044677734375,1.3046875,310.828125,17.959375000000023
2007-02-01 22:00:00+00:00,388.2421875,143.8359375,292.359375,68.51055908203125,1.193359375,532.078125,19.209375000000023
2007-02-01 23:00:00+00:00,570.0546875,153.1640625,294.34375,62.7587890625,1.474609375,723.21875,21.193750000000023
2007-02-02 00:00:00+00:00,591.41015625,234.41796875,297.734375,51.140869140625,2.482421875,825.828125,24.584375000000023
2007-02-02 01:00:00+00:00,835.59375,151.25,300.875,40.54931640625,3.107421875,986.84375,27.725000000000023
2007-02-02 02:00:00+00:00,819.4765625,162.0390625,303.390625,31.38494873046875,2.65234375,981.515625,30.240625000000023
2007-02-02 03:00:00+00:00,806.734375,158.484375,305.203125,24.7235107421875,1.318359375,965.21875,32.05312500000002
2007-02-02 04:00:00+00:00,778.9921875,111.8359375,306.15625,23.02130126953125,2.5,890.828125,33.00625000000002
2007-02-02 05:00:00+00:00,686.25,75.234375,306.609375,20.27374267578125,3.27734375,761.484375,33.45937500000002
2007-02-02 06:00:00+00:00,516.2421875,58.2734375,306.84375,18.74432373046875,3.201171875,574.515625,33.69375000000002
2007-02-02 07:00:00+00:00,316.32421875,44.48828125,306.796875,17.6077880859375,3.765625,360.8125,33.64687500000002
2007-02-02 08:00:00+00:00,120.3515625,25.9453125,305.15625,18.44140625,5.283203125,146.296875,32.00625000000002
2007-02-02 09:00:00+00:00,6.3125,3.640625,300.953125,24.15289306640625,4.5234375,9.953125,27.803125000000023
2007-02-02 10:00:00+00:00,0.0,0.0,298.59375,29.06134033203125,3.07421875,0.0,25.443750000000023
2007-02-02 11:00:00+00:00,0.0,0.0,296.796875,35.4991455078125,1.650390625,0.0,23.646875000000023
2007-02-02 12:00:00+00:00,0.0,0.0,295.953125,38.10760498046875,1.32421875,0.0,22.803125000000023
2007-02-02 13:00:00+00:00,0.0,0.0,296.03125,43.93072509765625,1.85546875,0.0,22.881250000000023
2007-02-02 14:00:00+00:00,0.0,0.0,294.875,54.00946044921875,2.09375,0.0,21.725000000000023
2007-02-02 15:00:00+00:00,0.0,0.0,292.921875,69.9544677734375,1.6171875,0.0,19.771875000000023
2007-02-02 16:00:00+00:00,0.0,0.0,291.484375,80.6580810546875,1.921875,0.0,18.334375000000023
2007-02-02 17:00:00+00:00,0.0,0.0,290.9375,86.90484619140625,1.8359375,0.0,17.787500000000023
2007-02-02 18:00:00+00:00,0.0,0.0,290.453125,91.46942138671875,1.44140625,0.0,17.303125000000023
2007-02-02 19:00:00+00:00,0.0703125,4.7890625,289.890625,94.56390380859375,1.15234375,4.859375,16.740625000000023
2007-02-02 20:00:00+00:00,38.625,61.453125,290.09375,96.15216064453125,1.326171875,100.078125,16.943750000000023
2007-02-02 21:00:00+00:00,86.49609375,146.08203125,290.265625,92.152587890625,0.96484375,232.578125,17.115625000000023
2007-02-02 22:00:00+00:00,134.41796875,214.47265625,290.84375,86.92559814453125,0.841796875,348.890625,17.693750000000023
2007-02-02 23:00:00+00:00,494.0,212.265625,291.609375,82.42181396484375,0.9921875,706.265625,18.459375000000023
2007-02-03 00:00:00+00:00,717.2890625,147.2421875,293.46875,73.42864990234375,1.85546875,864.53125,20.318750000000023
2007-02-03 01:00:00+00:00,858.03125,116.609375,295.421875,64.25408935546875,2.7734375,974.640625,22.271875000000023
2007-02-03 02:00:00+00:00,910.16796875,101.92578125,296.96875,54.73492431640625,3.6015625,1012.09375,23.818750000000023
2007-02-03 03:00:00+00:00,896.16015625,90.37109375,297.890625,49.875,4.70703125,986.53125,24.740625000000023
2007-02-03 04:00:00+00:00,817.70703125,79.77734375,298.953125,44.21502685546875,4.4921875,897.484375,25.803125000000023
2007-02-03 05:00:00+00:00,688.30859375,68.33203125,299.296875,40.24786376953125,4.4765625,756.640625,26.146875000000023
2007-02-03 06:00:00+00:00,518.2890625,55.1171875,298.953125,39.97735595703125,4.533203125,573.40625,25.803125000000023
2007-02-03 07:00:00+00:00,323.05078125,40.29296875,297.921875,43.57598876953125,4.609375,363.34375,24.771875000000023
2007-02-03 08:00:00+00:00,129.125,20.890625,296.28125,50.2640380859375,4.345703125,150.015625,23.131250000000023
2007-02-03 09:00:00+00:00,7.328125,2.609375,293.828125,59.27496337890625,3.873046875,9.9375,20.678125000000023
2007-02-03 10:00:00+00:00,0.0,0.0,292.0625,68.15252685546875,3.34765625,0.0,18.912500000000023
2007-02-03 11:00:00+00:00,0.0,0.0,291.140625,72.915283203125,2.533203125,0.0,17.990625000000023
2007-02-03 12:00:00+00:00,0.0,0.0,290.578125,76.325439453125,2.130859375,0.0,17.428125000000023
2007-02-03 13:00:00+00:00,0.0,0.0,290.046875,79.7923583984375,2.068359375,0.0,16.896875000000023
2007-02-03 14:00:00+00:00,0.0,0.0,289.515625,83.56549072265625,1.822265625,0.0,16.365625000000023
2007-02-03 15:00:00+00:00,0.0,0.0,288.875,90.5482177734375,1.541015625,0.0,15.725000000000023
2007-02-03 16:00:00+00:00,0.0,0.0,288.546875,92.96331787109375,1.3515625,0.0,15.396875000000023
2007-02-03 17:00:00+00:00,0.0,0.0,288.09375,95.41943359375,1.15625,0.0,14.943750000000023
2007-02-03 18:00:00+00:00,0.0,0.0,287.453125,97.597412109375,1.05078125,0.0,14.303125000000023
2007-02-03 19:00:00+00:00,0.0625,4.015625,286.984375,99.453125,1.0390625,4.078125,13.834375000000023
2007-02-03 20:00:00+00:00,32.98046875,64.91015625,287.09375,99.74359130859375,1.04296875,97.890625,13.943750000000023
2007-02-03 21:00:00+00:00,69.11328125,130.21484375,287.484375,97.8687744140625,1.55078125,199.328125,14.334375000000023
2007-02-03 22:00:00+00:00,36.4765625,215.9453125,288.609375,93.0601806640625,1.357421875,252.421875,15.459375000000023
2007-02-03 23:00:00+00:00,135.78125,394.03125,289.53125,88.5548095703125,1.2890625,529.8125,16.381250000000023
2007-02-04 00:00:00+00:00,518.72265625,287.57421875,291.109375,81.2447509765625,1.369140625,806.296875,17.959375000000023
2007-02-04 01:00:00+00:00,859.9375,130.734375,292.859375,74.1375732421875,0.98828125,990.671875,19.709375000000023
2007-02-04 02:00:00+00:00,942.88671875,84.81640625,295.4375,64.8858642578125,0.814453125,1027.703125,22.287500000000023
2007-02-04 03:00:00+00:00,923.55859375,76.03515625,300.796875,44.470947265625,1.505859375,999.59375,27.646875000000023
2007-02-04 04:00:00+00:00,845.8515625,65.6328125,302.984375,37.448486328125,2.20703125,911.484375,29.834375000000023
2007-02-04 05:00:00+00:00,712.0703125,54.6171875,304.4375,33.20123291015625,2.96484375,766.6875,31.287500000000023
2007-02-04 06:00:00+00:00,535.578125,44.46875,304.625,32.82373046875,3.513671875,580.046875,31.475000000000023
2007-02-04 07:00:00+00:00,331.6640625,33.5859375,303.75,35.60101318359375,3.890625,365.25,30.600000000000023
2007-02-04 08:00:00+00:00,131.54296875,17.62890625,302.40625,37.89520263671875,3.658203125,149.171875,29.256250000000023
2007-02-04 09:00:00+00:00,7.3046875,1.9921875,300.34375,43.30535888671875,2.46484375,9.296875,27.193750000000023
2007-02-04 10:00:00+00:00,0.0,0.0,299.21875,47.876953125,3.701171875,0.0,26.068750000000023
2007-02-04 11:00:00+00:00,0.0,0.0,297.015625,54.21630859375,3.693359375,0.0,23.865625000000023
2007-02-04 12:00:00+00:00,0.0,0.0,295.15625,61.172119140625,2.58203125,0.0,22.006250000000023
2007-02-04 13:00:00+00:00,0.0,0.0,293.765625,66.8460693359375,1.59375,0.0,20.615625000000023
2007-02-04 14:00:00+00:00,0.0,0.0,292.765625,71.1163330078125,0.962890625,0.0,19.615625000000023
2007-02-04 15:00:00+00:00,0.0,0.0,291.984375,73.68017578125,0.365234375,0.0,18.834375000000023
2007-02-04 16:00:00+00:00,0.0,0.0,292.40625,74.37054443359375,1.216796875,0.0,19.256250000000023
2007-02-04 17:00:00+00:00,0.0,0.0,291.96875,78.046142578125,1.189453125,0.0,18.818750000000023
2007-02-04 18:00:00+00:00,0.0,0.0,291.671875,79.00042724609375,1.525390625,0.0,18.521875000000023
2007-02-04 19:00:00+00:00,0.1171875,4.2421875,290.875,81.62078857421875,1.12109375,4.359375,17.725000000000023
2007-02-04 20:00:00+00:00,69.8359375,54.7109375,291.109375,79.16070556640625,1.1328125,124.546875,17.959375000000023
2007-02-04 21:00:00+00:00,258.109375,82.484375,292.875,77.92877197265625,1.669921875,340.59375,19.725000000000023
2007-02-04 22:00:00+00:00,463.83203125,95.44921875,294.96875,68.83990478515625,2.03125,559.28125,21.818750000000023
2007-02-04 23:00:00+00:00,651.84375,100.03125,297.578125,55.4693603515625,2.1953125,751.875,24.428125000000023
2007-02-05 00:00:00+00:00,789.13671875,101.33203125,300.90625,38.0572509765625,2.369140625,890.46875,27.756250000000023
2007-02-05 01:00:00+00:00,882.03515625,102.93359375,303.671875,25.828857421875,2.07421875,984.96875,30.521875000000023
2007-02-05 02:00:00+00:00,918.83984375,100.12890625,305.59375,17.91534423828125,2.87890625,1018.96875,32.44375000000002
2007-02-05 03:00:00+00:00,895.21875,93.203125,306.78125,16.148193359375,3.658203125,988.421875,33.63125000000002
2007-02-05 04:00:00+00:00,811.0078125,84.3046875,307.5625,16.58465576171875,3.830078125,895.3125,34.41250000000002
2007-02-05 05:00:00+00:00,679.8125,72.6875,307.765625,17.489990234375,5.0078125,752.5,34.61562500000002
2007-02-05 06:00:00+00:00,499.45703125,61.19921875,306.421875,21.65484619140625,6.080078125,560.65625,33.27187500000002
2007-02-05 07:00:00+00:00,297.92578125,49.24609375,304.3125,25.404052734375,6.013671875,347.171875,31.162500000000023
2007-02-05 08:00:00+00:00,109.7734375,27.1953125,300.765625,34.83380126953125,5.501953125,136.96875,27.615625000000023
2007-02-05 09:00:00+00:00,4.5234375,3.3671875,296.015625,59.08258056640625,4.892578125,7.890625,22.865625000000023
2007-02-05 10:00:00+00:00,0.0,0.0,293.65625,73.49053955078125,4.55859375,0.0,20.506250000000023
2007-02-05 11:00:00+00:00,0.0,0.0,292.203125,81.8836669921875,4.51953125,0.0,19.053125000000023
2007-02-05 12:00:00+00:00,0.0,0.0,291.75,83.5057373046875,3.876953125,0.0,18.600000000000023
2007-02-05 13:00:00+00:00,0.0,0.0,291.578125,84.272216796875,3.806640625,0.0,18.428125000000023
2007-02-05 14:00:00+00:00,0.0,0.0,290.953125,87.2156982421875,4.322265625,0.0,17.803125000000023
2007-02-05 15:00:00+00:00,0.0,0.0,290.03125,81.11492919921875,5.251953125,0.0,16.881250000000023
2007-02-05 16:00:00+00:00,0.0,0.0,289.453125,83.19647216796875,4.625,0.0,16.303125000000023
2007-02-05 17:00:00+00:00,0.0,0.0,289.296875,79.58880615234375,4.6171875,0.0,16.146875000000023
2007-02-05 18:00:00+00:00,0.0,0.0,288.9375,78.98492431640625,4.51171875,0.0,15.787500000000023
2007-02-05 19:00:00+00:00,0.0,1.6875,288.6875,74.95513916015625,4.73828125,1.6875,15.537500000000023
2007-02-05 20:00:00+00:00,3.9296875,63.1328125,288.21875,70.57666015625,4.283203125,67.0625,15.068750000000023
2007-02-05 21:00:00+00:00,41.81640625,172.10546875,287.984375,67.82550048828125,4.583984375,213.921875,14.834375000000023
2007-02-05 22:00:00+00:00,112.01171875,279.33203125,288.625,62.865966796875,4.818359375,391.34375,15.475000000000023
2007-02-05 23:00:00+00:00,404.6484375,258.3828125,289.703125,57.7288818359375,5.240234375,663.03125,16.553125000000023
2007-02-06 00:00:00+00:00,388.01953125,351.73046875,290.796875,53.6943359375,5.669921875,739.75,17.646875000000023
2007-02-06 01:00:00+00:00,697.1171875,254.9296875,291.578125,52.39019775390625,5.50390625,952.046875,18.428125000000023
2007-02-06 02:00:00+00:00,688.2109375,225.4453125,292.8125,49.62890625,5.515625,913.65625,19.662500000000023
2007-02-06 03:00:00+00:00,799.93359375,152.22265625,293.203125,48.685302734375,6.12890625,952.15625,20.053125000000023
2007-02-06 04:00:00+00:00,700.015625,141.859375,293.625,47.4696044921875,6.0078125,841.875,20.475000000000023
2007-02-06 05:00:00+00:00,550.66796875,135.06640625,293.828125,47.82232666015625,5.87109375,685.734375,20.678125000000023
2007-02-06 06:00:00+00:00,442.9453125,93.3828125,293.78125,49.64654541015625,5.724609375,536.328125,20.631250000000023
2007-02-06 07:00:00+00:00,249.796875,50.0625,293.3125,52.57177734375,5.75390625,299.859375,20.162500000000023
2007-02-06 08:00:00+00:00,79.57421875,39.94140625,292.09375,57.7376708984375,6.13671875,119.515625,18.943750000000023
2007-02-06 09:00:00+00:00,1.671875,3.21875,290.796875,62.45697021484375,6.373046875,4.890625,17.646875000000023
2007-02-06 10:00:00+00:00,0.0,0.0,289.703125,65.63995361328125,5.87109375,0.0,16.553125000000023
2007-02-06 11:00:00+00:00,0.0,0.0,289.46875,66.71612548828125,5.412109375,0.0,16.318750000000023
2007-02-06 12:00:00+00:00,0.0,0.0,289.40625,69.93389892578125,5.4375,0.0,16.256250000000023
2007-02-06 13:00:00+00:00,0.0,0.0,289.515625,75.8265380859375,5.21875,0.0,16.365625000000023
2007-02-06 14:00:00+00:00,0.0,0.0,289.640625,80.67596435546875,4.66015625,0.0,16.490625000000023
2007-02-06 15:00:00+00:00,0.0,0.0,289.640625,85.9686279296875,4.525390625,0.0,16.490625000000023
2007-02-06 16:00:00+00:00,0.0,0.0,289.546875,85.414306640625,3.927734375,0.0,16.396875000000023
2007-02-06 17:00:00+00:00,0.0,0.0,289.125,85.16998291015625,3.7421875,0.0,15.975000000000023
2007-02-06 18:00:00+00:00,0.0,0.0,288.671875,86.77618408203125,3.73828125,0.0,15.521875000000023
2007-02-06 19:00:00+00:00,0.0,2.765625,288.53125,85.132080078125,3.884765625,2.765625,15.381250000000023
2007-02-06 20:00:00+00:00,31.66015625,62.65234375,288.0625,85.5008544921875,4.009765625,94.3125,14.912500000000023
2007-02-06 21:00:00+00:00,61.3359375,126.7265625,288.765625,81.238525390625,4.70703125,188.0625,15.615625000000023
2007-02-06 22:00:00+00:00,251.140625,184.125,289.859375,75.80706787109375,4.962890625,435.265625,16.709375000000023
2007-02-06 23:00:00+00:00,87.5625,160.109375,291.609375,68.7034912109375,5.12109375,247.671875,18.459375000000023
2007-02-07 00:00:00+00:00,74.75,317.75,291.921875,67.10223388671875,5.498046875,392.5,18.771875000000023
2007-02-07 01:00:00+00:00,75.78125,350.984375,292.125,67.9119873046875,5.53515625,426.765625,18.975000000000023
2007-02-07 02:00:00+00:00,84.0390625,298.8359375,292.484375,66.0565185546875,5.560546875,382.875,19.334375000000023
2007-02-07 03:00:00+00:00,121.9296875,211.8046875,292.671875,65.9681396484375,6.412109375,333.734375,19.521875000000023
2007-02-07 04:00:00+00:00,51.515625,372.421875,292.28125,69.51593017578125,6.140625,423.9375,19.131250000000023
2007-02-07 05:00:00+00:00,185.09375,317.84375,293.078125,64.07659912109375,5.90625,502.9375,19.928125000000023
2007-02-07 06:00:00+00:00,37.671875,160.46875,293.34375,62.41912841796875,5.84765625,198.140625,20.193750000000023
2007-02-07 07:00:00+00:00,0.8203125,109.9609375,292.546875,65.3758544921875,6.138671875,110.78125,19.396875000000023
2007-02-07 08:00:00+00:00,0.0,38.625,291.203125,71.582275390625,6.287109375,38.625,18.053125000000023
2007-02-07 09:00:00+00:00,0.0,1.890625,289.796875,71.02630615234375,5.951171875,1.890625,16.646875000000023
2007-02-07 10:00:00+00:00,0.0,0.0,289.640625,65.2083740234375,5.41015625,0.0,16.490625000000023
2007-02-07 11:00:00+00:00,0.0,0.0,289.40625,64.46063232421875,4.9453125,0.0,16.256250000000023
2007-02-07 12:00:00+00:00,0.0,0.0,288.96875,67.379150390625,4.51171875,0.0,15.818750000000023
2007-02-07 13:00:00+00:00,0.0,0.0,288.875,68.4437255859375,4.51171875,0.0,15.725000000000023
2007-02-07 14:00:00+00:00,0.0,0.0,288.671875,68.90020751953125,4.20703125,0.0,15.521875000000023
2007-02-07 15:00:00+00:00,0.0,0.0,288.265625,68.718505859375,4.15234375,0.0,15.115625000000023
2007-02-07 16:00:00+00:00,0.0,0.0,287.9375,70.00592041015625,3.58984375,0.0,14.787500000000023
2007-02-07 17:00:00+00:00,0.0,0.0,287.6875,71.1458740234375,3.0078125,0.0,14.537500000000023
2007-02-07 18:00:00+00:00,0.0,0.0,287.75,70.6595458984375,2.736328125,0.0,14.600000000000023
2007-02-07 19:00:00+00:00,0.0,1.8125,287.8125,69.99688720703125,2.666015625,1.8125,14.662500000000023
2007-02-07 20:00:00+00:00,24.2265625,58.0859375,287.828125,69.93121337890625,2.513671875,82.3125,14.678125000000023
2007-02-07 21:00:00+00:00,231.94140625,92.07421875,287.875,70.4278564453125,2.546875,324.015625,14.725000000000023
2007-02-07 22:00:00+00:00,384.99609375,100.66015625,289.421875,64.69500732421875,3.677734375,485.65625,16.271875000000023
2007-02-07 23:00:00+00:00,466.3203125,154.5390625,290.765625,57.82183837890625,4.154296875,620.859375,17.615625000000023
2007-02-08 00:00:00+00:00,157.203125,367.234375,291.984375,52.63140869140625,4.537109375,524.4375,18.834375000000023
2007-02-08 01:00:00+00:00,576.41015625,294.37109375,292.71875,49.1541748046875,4.9765625,870.78125,19.568750000000023
2007-02-08 02:00:00+00:00,644.83203125,214.49609375,294.046875,44.4434814453125,5.234375,859.328125,20.896875000000023
2007-02-08 03:00:00+00:00,726.64453125,168.71484375,294.6875,42.16534423828125,5.4609375,895.359375,21.537500000000023
2007-02-08 04:00:00+00:00,765.8515625,109.9765625,295.140625,40.7010498046875,5.369140625,875.828125,21.990625000000023
2007-02-08 05:00:00+00:00,656.8671875,78.2890625,295.4375,39.3759765625,5.298828125,735.15625,22.287500000000023
2007-02-08 06:00:00+00:00,519.921875,50.21875,295.25,39.58428955078125,5.5859375,570.140625,22.100000000000023
2007-02-08 07:00:00+00:00,324.25,31.25,294.8125,41.32757568359375,5.423828125,355.5,21.662500000000023
2007-02-08 08:00:00+00:00,124.55859375,14.19140625,293.796875,46.80181884765625,5.505859375,138.75,20.646875000000023
2007-02-08 09:00:00+00:00,4.3671875,2.2109375,291.921875,56.4521484375,5.5546875,6.578125,18.771875000000023
2007-02-08 10:00:00+00:00,0.0,0.0,290.671875,63.4066162109375,5.1640625,0.0,17.521875000000023
2007-02-08 11:00:00+00:00,0.0,0.0,289.984375,71.288330078125,4.416015625,0.0,16.834375000000023
2007-02-08 12:00:00+00:00,0.0,0.0,289.46875,78.20147705078125,3.99609375,0.0,16.318750000000023
2007-02-08 13:00:00+00:00,0.0,0.0,289.125,81.46441650390625,3.9296875,0.0,15.975000000000023
2007-02-08 14:00:00+00:00,0.0,0.0,288.609375,82.03802490234375,3.736328125,0.0,15.459375000000023
2007-02-08 15:00:00+00:00,0.0,0.0,288.125,80.975341796875,3.880859375,0.0,14.975000000000023
2007-02-08 16:00:00+00:00,0.0,0.0,287.796875,86.64910888671875,3.51953125,0.0,14.646875000000023
2007-02-08 17:00:00+00:00,0.0,0.0,287.5625,89.83349609375,2.759765625,0.0,14.412500000000023
2007-02-08 18:00:00+00:00,0.0,0.0,286.84375,92.82391357421875,1.69140625,0.0,13.693750000000023
2007-02-08 19:00:00+00:00,0.0,2.1875,286.59375,93.06024169921875,1.7890625,2.1875,13.443750000000023
2007-02-08 20:00:00+00:00,55.2890625,50.3515625,286.6875,90.836181640625,1.67578125,105.640625,13.537500000000023
2007-02-08 21:00:00+00:00,231.81640625,81.49609375,287.546875,85.45086669921875,1.869140625,313.3125,14.396875000000023
2007-02-08 22:00:00+00:00,431.78125,94.578125,288.921875,79.9552001953125,2.078125,526.359375,15.771875000000023
2007-02-08 23:00:00+00:00,617.8671875,98.6640625,290.21875,75.02703857421875,1.416015625,716.53125,17.068750000000023
2007-02-09 00:00:00+00:00,766.96875,96.765625,292.0,68.77288818359375,1.060546875,863.734375,18.850000000000023
2007-02-09 01:00:00+00:00,850.73046875,105.23828125,294.390625,59.93310546875,0.5234375,955.96875,21.240625000000023
2007-02-09 02:00:00+00:00,899.4296875,94.4609375,297.109375,48.89483642578125,0.5390625,993.890625,23.959375000000023
2007-02-09 03:00:00+00:00,813.6796875,133.8984375,301.703125,39.60296630859375,2.232421875,947.578125,28.553125000000023
2007-02-09 04:00:00+00:00,624.96875,194.078125,303.828125,32.22198486328125,1.513671875,819.046875,30.678125000000023
2007-02-09 05:00:00+00:00,102.5390625,16.8984375,304.8125,26.35284423828125,0.33203125,119.4375,31.662500000000023
2007-02-09 06:00:00+00:00,256.53125,219.125,302.296875,34.78326416015625,3.62109375,475.65625,29.146875000000023
2007-02-09 07:00:00+00:00,62.56640625,145.15234375,302.734375,36.48590087890625,4.63671875,207.71875,29.584375000000023
2007-02-09 08:00:00+00:00,3.8828125,66.0546875,301.171875,40.55078125,5.46484375,69.9375,28.021875000000023
2007-02-09 09:00:00+00:00,0.0,3.796875,295.4375,64.7562255859375,6.19140625,3.796875,22.287500000000023
2007-02-09 10:00:00+00:00,0.0,0.0,293.53125,71.801513671875,6.37890625,0.0,20.381250000000023
2007-02-09 11:00:00+00:00,0.0,0.0,292.6875,74.50201416015625,5.796875,0.0,19.537500000000023
2007-02-09 12:00:00+00:00,0.0,0.0,292.046875,78.61114501953125,6.271484375,0.0,18.896875000000023
2007-02-09 13:00:00+00:00,0.0,0.0,291.78125,76.18438720703125,5.8671875,0.0,18.631250000000023
2007-02-09 14:00:00+00:00,0.0,0.0,291.25,80.068115234375,5.177734375,0.0,18.100000000000023
2007-02-09 15:00:00+00:00,0.0,0.0,290.96875,78.630859375,5.5234375,0.0,17.818750000000023
2007-02-09 16:00:00+00:00,0.0,0.0,290.5,79.59442138671875,5.072265625,0.0,17.350000000000023
2007-02-09 17:00:00+00:00,0.0,0.0,289.875,82.1280517578125,4.48828125,0.0,16.725000000000023
2007-02-09 18:00:00+00:00,0.0,0.0,289.640625,82.7449951171875,4.1015625,0.0,16.490625000000023
2007-02-09 19:00:00+00:00,0.0,0.984375,289.234375,84.6533203125,3.947265625,0.984375,16.084375000000023
2007-02-09 20:00:00+00:00,0.05078125,22.29296875,288.8125,88.0673828125,3.9375,22.34375,15.662500000000023
2007-02-09 21:00:00+00:00,5.53125,43.34375,289.09375,86.46990966796875,4.69140625,48.875,15.943750000000023
2007-02-09 22:00:00+00:00,72.8515625,226.5078125,289.375,85.1728515625,4.625,299.359375,16.225000000000023
2007-02-09 23:00:00+00:00,266.76171875,269.80078125,290.8125,76.3912353515625,4.75390625,536.5625,17.662500000000023
2007-02-10 00:00:00+00:00,348.80859375,347.08203125,292.203125,69.9110107421875,4.642578125,695.890625,19.053125000000023
2007-02-10 01:00:00+00:00,765.625,171.078125,293.6875,63.82977294921875,4.630859375,936.703125,20.537500000000023
2007-02-10 02:00:00+00:00,725.4453125,136.8046875,294.703125,63.634521484375,5.26953125,862.25,21.553125000000023
2007-02-10 03:00:00+00:00,847.52734375,110.22265625,295.171875,63.84869384765625,5.12890625,957.75,22.021875000000023
2007-02-10 04:00:00+00:00,584.328125,179.640625,294.953125,66.80047607421875,6.0625,763.96875,21.803125000000023
2007-02-10 05:00:00+00:00,172.75390625,80.29296875,294.53125,70.21490478515625,6.599609375,253.046875,21.381250000000023
2007-02-10 06:00:00+00:00,48.78125,206.84375,293.203125,76.530029296875,6.310546875,255.625,20.053125000000023
2007-02-10 07:00:00+00:00,111.140625,113.640625,293.09375,77.18096923828125,5.400390625,224.78125,19.943750000000023
2007-02-10 08:00:00+00:00,15.48828125,14.68359375,293.125,78.66400146484375,4.08203125,30.171875,19.975000000000023
2007-02-10 09:00:00+00:00,0.0,3.359375,291.921875,83.32598876953125,4.009765625,3.359375,18.771875000000023
2007-02-10 10:00:00+00:00,0.0,0.0,291.484375,86.1058349609375,2.765625,0.0,18.334375000000023
2007-02-10 11:00:00+00:00,0.0,0.0,291.28125,87.03851318359375,2.48046875,0.0,18.131250000000023
2007-02-10 12:00:00+00:00,0.0,0.0,291.21875,86.8770751953125,1.880859375,0.0,18.068750000000023
2007-02-10 13:00:00+00:00,0.0,0.0,290.9375,89.1595458984375,2.8671875,0.0,17.787500000000023
2007-02-10 14:00:00+00:00,0.0,0.0,290.8125,92.66717529296875,3.41015625,0.0,17.662500000000023
2007-02-10 15:00:00+00:00,0.0,0.0,290.625,93.86627197265625,3.474609375,0.0,17.475000000000023
2007-02-10 16:00:00+00:00,0.0,0.0,291.421875,90.88037109375,4.0625,0.0,18.271875000000023
2007-02-10 17:00:00+00:00,0.0,0.0,291.265625,92.57232666015625,4.87109375,0.0,18.115625000000023
2007-02-10 18:00:00+00:00,0.0,0.0,291.546875,90.78643798828125,5.67578125,0.0,18.396875000000023
2007-02-10 19:00:00+00:00,0.0,0.8125,291.875,89.49468994140625,6.53515625,0.8125,18.725000000000023
2007-02-10 20:00:00+00:00,3.234375,42.25,292.015625,89.0980224609375,7.072265625,45.484375,18.865625000000023
2007-02-10 21:00:00+00:00,168.875,115.84375,292.40625,87.78558349609375,7.21484375,284.71875,19.256250000000023
2007-02-10 22:00:00+00:00,319.21875,127.71875,293.859375,81.10858154296875,8.232421875,446.9375,20.709375000000023
2007-02-10 23:00:00+00:00,376.0859375,224.3515625,294.984375,74.4345703125,9.056640625,600.4375,21.834375000000023
2007-02-11 00:00:00+00:00,187.84765625,136.57421875,295.9375,67.79425048828125,10.0859375,324.421875,22.787500000000023
2007-02-11 01:00:00+00:00,501.67578125,316.65234375,296.296875,62.14569091796875,10.435546875,818.328125,23.146875000000023
2007-02-11 02:00:00+00:00,336.046875,288.640625,297.9375,54.15960693359375,11.265625,624.6875,24.787500000000023
2007-02-11 03:00:00+00:00,710.47265625,175.96484375,298.390625,52.9093017578125,10.93359375,886.4375,25.240625000000023
2007-02-11 04:00:00+00:00,447.71875,154.359375,298.546875,51.94024658203125,11.62109375,602.078125,25.396875000000023
2007-02-11 05:00:00+00:00,416.32421875,152.47265625,297.0,57.728271484375,11.5078125,568.796875,23.850000000000023
2007-02-11 06:00:00+00:00,184.3984375,194.0078125,296.515625,59.98980712890625,11.2109375,378.40625,23.365625000000023
2007-02-11 07:00:00+00:00,16.0546875,102.4140625,295.453125,64.7286376953125,10.251953125,118.46875,22.303125000000023
2007-02-11 08:00:00+00:00,18.30078125,68.83984375,294.28125,68.54547119140625,9.810546875,87.140625,21.131250000000023
2007-02-11 09:00:00+00:00,0.55859375,2.58203125,293.375,70.8431396484375,9.74609375,3.140625,20.225000000000023
2007-02-11 10:00:00+00:00,0.0,0.0,292.84375,73.1282958984375,8.95703125,0.0,19.693750000000023
2007-02-11 11:00:00+00:00,0.0,0.0,292.546875,74.94085693359375,8.728515625,0.0,19.396875000000023
2007-02-11 12:00:00+00:00,0.0,0.0,292.265625,76.6796875,8.56640625,0.0,19.115625000000023
2007-02-11 13:00:00+00:00,0.0,0.0,291.96875,78.74896240234375,8.10546875,0.0,18.818750000000023
2007-02-11 14:00:00+00:00,0.0,0.0,292.140625,78.7120361328125,7.58984375,0.0,18.990625000000023
2007-02-11 15:00:00+00:00,0.0,0.0,291.921875,80.848388671875,7.1171875,0.0,18.771875000000023
2007-02-11 16:00:00+00:00,0.0,0.0,291.640625,81.77679443359375,7.029296875,0.0,18.490625000000023
2007-02-11 17:00:00+00:00,0.0,0.0,291.296875,82.62066650390625,6.89453125,0.0,18.146875000000023
2007-02-11 18:00:00+00:00,0.0,0.0,291.09375,82.76171875,6.537109375,0.0,17.943750000000023
2007-02-11 19:00:00+00:00,0.0,1.1875,290.875,82.62359619140625,6.26171875,1.1875,17.725000000000023
2007-02-11 20:00:00+00:00,46.99609375,46.06640625,290.609375,82.7437744140625,5.98828125,93.0625,17.459375000000023
2007-02-11 21:00:00+00:00,211.16015625,82.98046875,291.484375,77.89752197265625,5.720703125,294.140625,18.334375000000023
2007-02-11 22:00:00+00:00,406.39453125,97.83984375,293.390625,68.61419677734375,5.744140625,504.234375,20.240625000000023
2007-02-11 23:00:00+00:00,567.625,118.515625,295.609375,57.79107666015625,5.1875,686.140625,22.459375000000023
2007-02-12 00:00:00+00:00,656.6171875,157.4453125,297.328125,50.549560546875,4.357421875,814.0625,24.178125000000023
2007-02-12 01:00:00+00:00,808.9765625,124.8359375,298.828125,45.39501953125,4.013671875,933.8125,25.678125000000023
2007-02-12 02:00:00+00:00,580.984375,232.078125,300.359375,39.7919921875,3.748046875,813.0625,27.209375000000023
2007-02-12 03:00:00+00:00,485.9140625,136.9140625,301.8125,34.95709228515625,4.93359375,622.828125,28.662500000000023
2007-02-12 04:00:00+00:00,671.12890625,172.63671875,301.640625,35.206787109375,5.306640625,843.765625,28.490625000000023
2007-02-12 05:00:00+00:00,525.28125,132.984375,302.34375,33.44854736328125,5.548828125,658.265625,29.193750000000023
2007-02-12 06:00:00+00:00,444.671875,79.203125,302.0,33.75726318359375,5.8984375,523.875,28.850000000000023
2007-02-12 07:00:00+00:00,288.328125,40.171875,301.25,35.48907470703125,6.306640625,328.5,28.100000000000023
2007-02-12 08:00:00+00:00,98.390625,18.0625,299.734375,40.50439453125,6.58203125,116.453125,26.584375000000023
2007-02-12 09:00:00+00:00,2.3671875,1.4453125,298.015625,47.74468994140625,6.748046875,3.8125,24.865625000000023
2007-02-12 10:00:00+00:00,0.0,0.0,295.609375,57.18304443359375,6.185546875,0.0,22.459375000000023
2007-02-12 11:00:00+00:00,0.0,0.0,294.03125,63.0264892578125,5.375,0.0,20.881250000000023
2007-02-12 12:00:00+00:00,0.0,0.0,293.0625,66.95172119140625,4.263671875,0.0,19.912500000000023
2007-02-12 13:00:00+00:00,0.0,0.0,292.390625,69.95416259765625,3.365234375,0.0,19.240625000000023
2007-02-12 14:00:00+00:00,0.0,0.0,291.796875,72.97412109375,2.53125,0.0,18.646875000000023
2007-02-12 15:00:00+00:00,0.0,0.0,290.453125,78.33349609375,0.849609375,0.0,17.303125000000023
2007-02-12 16:00:00+00:00,0.0,0.0,289.9375,80.945556640625,0.4765625,0.0,16.787500000000023
2007-02-12 17:00:00+00:00,0.0,0.0,289.8125,81.57403564453125,1.21875,0.0,16.662500000000023
2007-02-12 18:00:00+00:00,0.0,0.0,290.796875,77.70880126953125,2.015625,0.0,17.646875000000023
2007-02-12 19:00:00+00:00,0.0,0.921875,291.34375,72.04766845703125,2.66015625,0.921875,18.193750000000023
2007-02-12 20:00:00+00:00,40.28515625,47.66796875,292.6875,54.81561279296875,4.076171875,87.953125,19.537500000000023
2007-02-12 21:00:00+00:00,204.640625,84.65625,293.609375,58.23876953125,3.884765625,289.296875,20.459375000000023
2007-02-12 22:00:00+00:00,397.57421875,100.64453125,295.078125,50.078369140625,5.001953125,498.21875,21.928125000000023
2007-02-12 23:00:00+00:00,578.671875,106.953125,297.0625,43.67071533203125,5.61328125,685.625,23.912500000000023
2007-02-13 00:00:00+00:00,724.34375,106.453125,299.390625,38.05780029296875,5.904296875,830.796875,26.240625000000023
2007-02-13 01:00:00+00:00,825.140625,102.21875,301.46875,33.9752197265625,5.24609375,927.359375,28.318750000000023
2007-02-13 02:00:00+00:00,689.40625,117.9375,303.28125,30.40704345703125,3.943359375,807.34375,30.131250000000023
2007-02-13 03:00:00+00:00,492.6640625,262.6796875,303.9375,28.978759765625,3.484375,755.34375,30.787500000000023
2007-02-13 04:00:00+00:00,663.5859375,168.6171875,303.671875,29.57440185546875,2.14453125,832.203125,30.521875000000023
2007-02-13 05:00:00+00:00,546.78125,97.125,304.546875,27.28155517578125,1.947265625,643.90625,31.396875000000023
2007-02-13 06:00:00+00:00,339.64453125,54.58984375,304.609375,26.64862060546875,1.77734375,394.234375,31.459375000000023
2007-02-13 07:00:00+00:00,164.13671875,77.00390625,304.046875,27.73602294921875,1.98828125,241.140625,30.896875000000023
2007-02-13 08:00:00+00:00,75.32421875,33.22265625,303.59375,28.65325927734375,1.197265625,108.546875,30.443750000000023
2007-02-13 09:00:00+00:00,1.15234375,1.84765625,300.78125,37.85406494140625,0.5390625,3.0,27.631250000000023
2007-02-13 10:00:00+00:00,0.0,0.0,299.71875,40.48614501953125,1.201171875,0.0,26.568750000000023
2007-02-13 11:00:00+00:00,0.0,0.0,299.5,42.61724853515625,2.03125,0.0,26.350000000000023
2007-02-13 12:00:00+00:00,0.0,0.0,298.703125,47.02081298828125,2.091796875,0.0,25.553125000000023
2007-02-13 13:00:00+00:00,0.0,0.0,298.078125,48.3807373046875,1.962890625,0.0,24.928125000000023
2007-02-13 14:00:00+00:00,0.0,0.0,297.6875,48.71966552734375,1.923828125,0.0,24.537500000000023
2007-02-13 15:00:00+00:00,0.0,0.0,296.234375,55.77593994140625,1.5078125,0.0,23.084375000000023
2007-02-13 16:00:00+00:00,0.0,0.0,295.734375,58.6181640625,1.373046875,0.0,22.584375000000023
2007-02-13 17:00:00+00:00,0.0,0.0,295.296875,61.09295654296875,1.45703125,0.0,22.146875000000023
2007-02-13 18:00:00+00:00,0.0,0.0,294.703125,64.021728515625,1.54296875,0.0,21.553125000000023
2007-02-13 19:00:00+00:00,0.0,0.734375,294.09375,66.81536865234375,1.513671875,0.734375,20.943750000000023
2007-02-13 20:00:00+00:00,36.7265625,46.4140625,293.59375,68.95281982421875,1.00390625,83.140625,20.443750000000023
2007-02-13 21:00:00+00:00,193.9140625,88.3671875,295.359375,64.4810791015625,1.54296875,282.28125,22.209375000000023
2007-02-13 22:00:00+00:00,356.81640625,121.18359375,295.71875,63.3924560546875,1.912109375,478.0,22.568750000000023
2007-02-13 23:00:00+00:00,362.77734375,220.50390625,296.21875,61.31768798828125,2.251953125,583.28125,23.068750000000023
2007-02-14 00:00:00+00:00,667.5625,155.171875,296.890625,59.60467529296875,2.19921875,822.734375,23.740625000000023
2007-02-14 01:00:00+00:00,797.7578125,119.7421875,298.640625,53.011962890625,1.751953125,917.5,25.490625000000023
2007-02-14 02:00:00+00:00,847.16796875,110.45703125,300.796875,45.84185791015625,1.802734375,957.625,27.646875000000023
2007-02-14 03:00:00+00:00,825.4296875,103.1171875,301.625,43.7281494140625,3.162109375,928.546875,28.475000000000023
2007-02-14 04:00:00+00:00,743.05859375,95.23828125,303.078125,38.15960693359375,3.1875,838.296875,29.928125000000023
2007-02-14 05:00:00+00:00,595.84765625,95.46484375,303.78125,36.17181396484375,3.501953125,691.3125,30.631250000000023
2007-02-14 06:00:00+00:00,439.0,73.59375,304.0,35.59149169921875,3.884765625,512.59375,30.850000000000023
2007-02-14 07:00:00+00:00,190.0859375,84.5078125,303.515625,37.70269775390625,3.90625,274.59375,30.365625000000023
2007-02-14 08:00:00+00:00,45.09765625,45.82421875,302.28125,43.61981201171875,3.5859375,90.921875,29.131250000000023
2007-02-14 09:00:00+00:00,0.33984375,2.31640625,297.4375,61.05328369140625,3.546875,2.65625,24.287500000000023
2007-02-14 10:00:00+00:00,0.0,0.0,295.515625,66.99993896484375,2.859375,0.0,22.365625000000023
2007-02-14 11:00:00+00:00,0.0,0.0,294.234375,71.50897216796875,2.076171875,0.0,21.084375000000023
2007-02-14 12:00:00+00:00,0.0,0.0,293.625,73.97198486328125,1.81640625,0.0,20.475000000000023
2007-02-14 13:00:00+00:00,0.0,0.0,293.0625,77.18988037109375,2.046875,0.0,19.912500000000023
2007-02-14 14:00:00+00:00,0.0,0.0,292.4375,82.22564697265625,2.08203125,0.0,19.287500000000023
2007-02-14 15:00:00+00:00,0.0,0.0,291.734375,86.732421875,1.73828125,0.0,18.584375000000023
2007-02-14 16:00:00+00:00,0.0,0.0,291.296875,88.5205078125,1.064453125,0.0,18.146875000000023
2007-02-14 17:00:00+00:00,0.0,0.0,291.09375,89.56414794921875,1.0625,0.0,17.943750000000023
2007-02-14 18:00:00+00:00,0.0,0.0,290.78125,91.3878173828125,1.5390625,0.0,17.631250000000023
2007-02-14 19:00:00+00:00,0.0,0.515625,290.390625,93.7635498046875,1.595703125,0.515625,17.240625000000023
2007-02-14 20:00:00+00:00,17.39453125,42.55859375,290.25,94.91510009765625,1.63671875,59.953125,17.100000000000023
2007-02-14 21:00:00+00:00,190.15625,87.3125,291.171875,92.65087890625,1.478515625,277.46875,18.021875000000023
2007-02-14 22:00:00+00:00,370.3671875,109.6796875,292.796875,85.64422607421875,1.556640625,480.046875,19.646875000000023
2007-02-14 23:00:00+00:00,363.296875,187.359375,294.875,78.43621826171875,1.009765625,550.65625,21.725000000000023
2007-02-15 00:00:00+00:00,347.47265625,336.79296875,297.140625,71.10284423828125,0.853515625,684.265625,23.990625000000023
2007-02-15 01:00:00+00:00,755.1328125,168.9140625,300.15625,57.41790771484375,0.880859375,924.046875,27.006250000000023
2007-02-15 02:00:00+00:00,868.703125,93.578125,303.28125,41.41046142578125,0.71875,962.28125,30.131250000000023
2007-02-15 03:00:00+00:00,596.24609375,209.56640625,305.953125,24.6204833984375,1.0234375,805.8125,32.80312500000002
2007-02-15 04:00:00+00:00,692.01953125,121.76171875,306.5625,22.6026611328125,1.0390625,813.78125,33.41250000000002
2007-02-15 05:00:00+00:00,594.1640625,91.1796875,306.515625,21.38812255859375,0.78125,685.34375,33.36562500000002
2007-02-15 06:00:00+00:00,329.0859375,90.7265625,306.859375,20.19140625,1.259765625,419.8125,33.70937500000002
2007-02-15 07:00:00+00:00,215.875,71.90625,306.75,20.6055908203125,1.75,287.78125,33.60000000000002
2007-02-15 08:00:00+00:00,75.015625,22.8125,306.09375,21.3065185546875,2.69921875,97.828125,32.94375000000002
2007-02-15 09:00:00+00:00,0.5703125,1.5859375,303.515625,31.90673828125,2.546875,2.15625,30.365625000000023
2007-02-15 10:00:00+00:00,0.0,0.0,302.109375,40.44671630859375,2.908203125,0.0,28.959375000000023
2007-02-15 11:00:00+00:00,0.0,0.0,301.140625,45.7669677734375,2.642578125,0.0,27.990625000000023
2007-02-15 12:00:00+00:00,0.0,0.0,300.640625,47.66705322265625,2.58984375,0.0,27.490625000000023
2007-02-15 13:00:00+00:00,0.0,0.0,299.765625,49.482177734375,2.015625,0.0,26.615625000000023
2007-02-15 14:00:00+00:00,0.0,0.0,299.109375,51.7679443359375,1.978515625,0.0,25.959375000000023
2007-02-15 15:00:00+00:00,0.0,0.0,297.984375,55.379638671875,2.0546875,0.0,24.834375000000023
2007-02-15 16:00:00+00:00,0.0,0.0,297.40625,57.84490966796875,2.306640625,0.0,24.256250000000023
2007-02-15 17:00:00+00:00,0.0,0.0,296.921875,58.05963134765625,2.224609375,0.0,23.771875000000023
2007-02-15 18:00:00+00:00,0.0,0.0,296.609375,56.716796875,2.3828125,0.0,23.459375000000023
2007-02-15 19:00:00+00:00,0.0,0.3125,296.5,54.06939697265625,2.705078125,0.3125,23.350000000000023
2007-02-15 20:00:00+00:00,18.24609375,46.17578125,296.875,50.37847900390625,2.828125,64.421875,23.725000000000023
2007-02-15 21:00:00+00:00,203.578125,79.953125,297.40625,48.1173095703125,3.185546875,283.53125,24.256250000000023
2007-02-15 22:00:00+00:00,399.859375,94.421875,298.90625,44.54119873046875,3.59765625,494.28125,25.756250000000023
2007-02-15 23:00:00+00:00,572.875,105.0625,300.734375,39.700927734375,4.4375,677.9375,27.584375000000023
2007-02-16 00:00:00+00:00,693.765625,123.1875,302.78125,33.40301513671875,4.9140625,816.953125,29.631250000000023
2007-02-16 01:00:00+00:00,760.85546875,141.31640625,304.78125,27.76885986328125,4.755859375,902.171875,31.631250000000023
2007-02-16 02:00:00+00:00,534.578125,278.4375,306.515625,23.7474365234375,4.40234375,813.015625,33.36562500000002
2007-02-16 03:00:00+00:00,253.171875,0.0,307.765625,19.9083251953125,4.08203125,196.421875,34.61562500000002
2007-02-16 04:00:00+00:00,639.87890625,190.90234375,306.203125,20.76519775390625,3.48828125,830.78125,33.05312500000002
2007-02-16 05:00:00+00:00,439.0234375,149.9765625,307.4375,19.362548828125,3.720703125,589.0,34.28750000000002
2007-02-16 06:00:00+00:00,336.1015625,100.8046875,307.578125,18.74761962890625,2.646484375,436.90625,34.42812500000002
2007-02-16 07:00:00+00:00,159.96875,57.21875,307.34375,19.421142578125,2.515625,217.1875,34.19375000000002
2007-02-16 08:00:00+00:00,53.1640625,30.6796875,306.140625,21.292236328125,2.88671875,83.84375,32.99062500000002
2007-02-16 09:00:00+00:00,0.38671875,1.45703125,304.03125,26.857666015625,2.0703125,1.84375,30.881250000000023
2007-02-16 10:00:00+00:00,0.0,0.0,303.171875,29.3616943359375,2.474609375,0.0,30.021875000000023
2007-02-16 11:00:00+00:00,0.0,0.0,302.65625,32.69110107421875,2.822265625,0.0,29.506250000000023
2007-02-16 12:00:00+00:00,0.0,0.0,301.890625,35.92816162109375,2.80859375,0.0,28.740625000000023
2007-02-16 13:00:00+00:00,0.0,0.0,301.34375,38.3050537109375,2.474609375,0.0,28.193750000000023
2007-02-16 14:00:00+00:00,0.0,0.0,300.78125,38.57000732421875,2.76953125,0.0,27.631250000000023
2007-02-16 15:00:00+00:00,0.0,0.0,300.328125,31.5245361328125,4.427734375,0.0,27.178125000000023
2007-02-16 16:00:00+00:00,0.0,0.0,299.46875,34.95037841796875,4.57421875,0.0,26.318750000000023
2007-02-16 17:00:00+00:00,0.0,0.0,298.9375,38.07000732421875,4.724609375,0.0,25.787500000000023
2007-02-16 18:00:00+00:00,0.0,0.0,298.328125,40.7406005859375,4.693359375,0.0,25.178125000000023
2007-02-16 19:00:00+00:00,0.0,0.25,298.140625,42.32672119140625,4.873046875,0.25,24.990625000000023
2007-02-16 20:00:00+00:00,11.9921875,48.5703125,297.546875,45.08026123046875,4.70703125,60.5625,24.396875000000023
2007-02-16 21:00:00+00:00,134.80859375,116.66015625,297.8125,44.6533203125,4.486328125,251.46875,24.662500000000023
2007-02-16 22:00:00+00:00,234.1875,177.40625,299.0,43.75360107421875,4.783203125,411.59375,25.850000000000023
2007-02-16 23:00:00+00:00,505.67578125,154.62109375,300.390625,42.78448486328125,5.5,660.296875,27.240625000000023
2007-02-17 00:00:00+00:00,700.69140625,112.58984375,302.5,38.55828857421875,5.841796875,813.28125,29.350000000000023
2007-02-17 01:00:00+00:00,814.26171875,98.64453125,304.40625,33.41302490234375,5.970703125,912.90625,31.256250000000023
2007-02-17 02:00:00+00:00,859.2890625,90.0078125,306.109375,28.78460693359375,5.4765625,949.296875,32.95937500000002
2007-02-17 03:00:00+00:00,846.91796875,79.98828125,307.59375,23.60992431640625,4.96875,926.90625,34.44375000000002
2007-02-17 04:00:00+00:00,731.12109375,61.36328125,308.546875,20.70391845703125,3.814453125,792.484375,35.39687500000002
2007-02-17 05:00:00+00:00,302.23046875,90.86328125,308.671875,20.160888671875,3.283203125,393.09375,35.52187500000002
2007-02-17 06:00:00+00:00,403.0625,109.09375,308.015625,20.812255859375,2.41796875,512.15625,34.86562500000002
2007-02-17 07:00:00+00:00,264.671875,37.4375,308.484375,20.200927734375,2.48828125,302.109375,35.33437500000002
2007-02-17 08:00:00+00:00,82.4140625,15.3671875,307.671875,21.37359619140625,3.47265625,97.78125,34.52187500000002
2007-02-17 09:00:00+00:00,0.01171875,1.44140625,307.34375,22.13995361328125,3.626953125,1.453125,34.19375000000002
2007-02-17 10:00:00+00:00,0.0,0.0,305.46875,28.53875732421875,3.6484375,0.0,32.31875000000002
2007-02-17 11:00:00+00:00,0.0,0.0,303.859375,33.01873779296875,3.412109375,0.0,30.709375000000023
2007-02-17 12:00:00+00:00,0.0,0.0,302.4375,36.44049072265625,3.125,0.0,29.287500000000023
2007-02-17 13:00:00+00:00,0.0,0.0,301.578125,36.70574951171875,3.078125,0.0,28.428125000000023
2007-02-17 14:00:00+00:00,0.0,0.0,301.0,36.71307373046875,3.01171875,0.0,27.850000000000023
2007-02-17 15:00:00+00:00,0.0,0.0,298.390625,42.3531494140625,1.46484375,0.0,25.240625000000023
2007-02-17 16:00:00+00:00,0.0,0.0,297.90625,42.3094482421875,1.5625,0.0,24.756250000000023
2007-02-17 17:00:00+00:00,0.0,0.0,297.53125,42.4866943359375,1.630859375,0.0,24.381250000000023
2007-02-17 18:00:00+00:00,0.0,0.0,297.0625,43.90643310546875,1.685546875,0.0,23.912500000000023
2007-02-17 19:00:00+00:00,0.0,0.1875,297.25,43.45184326171875,2.1015625,0.1875,24.100000000000023
2007-02-17 20:00:00+00:00,34.71875,39.734375,297.46875,40.208251953125,2.66796875,74.453125,24.318750000000023
2007-02-17 21:00:00+00:00,194.734375,80.25,299.234375,40.8582763671875,2.806640625,274.984375,26.084375000000023
2007-02-17 22:00:00+00:00,389.95703125,95.71484375,301.421875,33.9766845703125,3.203125,485.671875,28.271875000000023
2007-02-17 23:00:00+00:00,571.3125,103.359375,303.625,28.72662353515625,4.322265625,674.671875,30.475000000000023
2007-02-18 00:00:00+00:00,701.7578125,114.8828125,305.40625,25.73858642578125,5.220703125,816.640625,32.25625000000002
2007-02-18 01:00:00+00:00,808.8671875,106.2421875,307.140625,22.92449951171875,5.263671875,915.109375,33.99062500000002
2007-02-18 02:00:00+00:00,736.3984375,169.3359375,308.578125,20.7880859375,6.041015625,905.734375,35.42812500000002
2007-02-18 03:00:00+00:00,684.0546875,123.8828125,309.65625,19.5577392578125,5.822265625,807.9375,36.50625000000002
2007-02-18 04:00:00+00:00,579.2265625,151.3203125,310.515625,17.77703857421875,5.388671875,730.546875,37.36562500000002
2007-02-18 05:00:00+00:00,191.5546875,227.8359375,310.25,18.666748046875,5.12890625,419.390625,37.10000000000002
2007-02-18 06:00:00+00:00,297.09375,113.296875,310.21875,18.0662841796875,3.927734375,410.390625,37.06875000000002
2007-02-18 07:00:00+00:00,189.0546875,79.0546875,310.515625,17.69427490234375,3.9609375,268.109375,37.36562500000002
2007-02-18 08:00:00+00:00,14.25,9.9375,307.21875,25.7794189453125,4.658203125,24.1875,34.06875000000002
2007-02-18 09:00:00+00:00,0.0,1.0,300.5,45.7152099609375,5.12890625,1.0,27.350000000000023
2007-02-18 10:00:00+00:00,0.0,0.0,299.171875,49.79534912109375,3.001953125,0.0,26.021875000000023
2007-02-18 11:00:00+00:00,0.0,0.0,298.125,53.877685546875,2.857421875,0.0,24.975000000000023
2007-02-18 12:00:00+00:00,0.0,0.0,296.484375,67.164794921875,4.025390625,0.0,23.334375000000023
2007-02-18 13:00:00+00:00,0.0,0.0,295.21875,76.23944091796875,1.978515625,0.0,22.068750000000023
2007-02-18 14:00:00+00:00,0.0,0.0,294.5,82.6212158203125,2.763671875,0.0,21.350000000000023
2007-02-18 15:00:00+00:00,0.0,0.0,293.9375,87.71112060546875,5.02734375,0.0,20.787500000000023
2007-02-18 16:00:00+00:00,0.0,0.0,292.75,90.89105224609375,4.607421875,0.0,19.600000000000023
2007-02-18 17:00:00+00:00,0.0,0.0,292.5625,91.44061279296875,3.173828125,0.0,19.412500000000023
2007-02-18 18:00:00+00:00,0.0,0.0,292.34375,93.03961181640625,1.314453125,0.0,19.193750000000023
2007-02-18 19:00:00+00:00,0.0,0.046875,292.296875,92.17779541015625,1.17578125,0.046875,19.146875000000023
2007-02-18 20:00:00+00:00,8.0859375,36.5234375,292.390625,90.8470458984375,0.30859375,44.609375,19.240625000000023
2007-02-18 21:00:00+00:00,2.98046875,126.69140625,292.546875,92.87158203125,1.75,129.671875,19.396875000000023
2007-02-18 22:00:00+00:00,88.828125,203.734375,292.953125,89.79180908203125,2.0625,292.5625,19.803125000000023
2007-02-18 23:00:00+00:00,96.2890625,170.5546875,293.8125,84.56390380859375,2.19921875,266.84375,20.662500000000023
2007-02-19 00:00:00+00:00,86.3203125,270.0078125,294.40625,81.37628173828125,2.69921875,356.328125,21.256250000000023
2007-02-19 01:00:00+00:00,195.66796875,154.45703125,295.03125,79.37579345703125,3.0625,350.125,21.881250000000023
2007-02-19 02:00:00+00:00,261.52734375,345.26953125,295.515625,76.56280517578125,2.65625,606.796875,22.365625000000023
2007-02-19 03:00:00+00:00,281.03515625,353.55859375,296.90625,74.62908935546875,2.72265625,634.59375,23.756250000000023
2007-02-19 04:00:00+00:00,602.76953125,177.96484375,298.109375,68.339111328125,2.974609375,780.734375,24.959375000000023
2007-02-19 05:00:00+00:00,446.671875,153.90625,299.359375,62.21624755859375,3.40625,600.578125,26.209375000000023
2007-02-19 06:00:00+00:00,386.3203125,101.6328125,299.421875,61.25994873046875,3.720703125,487.953125,26.271875000000023
2007-02-19 07:00:00+00:00,200.83984375,65.17578125,299.09375,61.915283203125,3.90625,266.015625,25.943750000000023
2007-02-19 08:00:00+00:00,65.72265625,22.41796875,298.015625,64.9755859375,3.716796875,88.140625,24.865625000000023
2007-02-19 09:00:00+00:00,0.12109375,0.78515625,296.859375,68.04248046875,4.185546875,0.90625,23.709375000000023
2007-02-19 10:00:00+00:00,0.0,0.0,294.953125,73.41064453125,3.591796875,0.0,21.803125000000023
2007-02-19 11:00:00+00:00,0.0,0.0,293.640625,78.29864501953125,2.634765625,0.0,20.490625000000023
2007-02-19 12:00:00+00:00,0.0,0.0,293.0625,81.40008544921875,2.06640625,0.0,19.912500000000023
2007-02-19 13:00:00+00:00,0.0,0.0,292.75,83.54852294921875,2.375,0.0,19.600000000000023
2007-02-19 14:00:00+00:00,0.0,0.0,292.328125,86.6199951171875,1.990234375,0.0,19.178125000000023
2007-02-19 15:00:00+00:00,0.0,0.0,291.703125,92.09954833984375,1.353515625,0.0,18.553125000000023
2007-02-19 16:00:00+00:00,0.0,0.0,290.921875,93.83978271484375,1.0625,0.0,17.771875000000023
2007-02-19 17:00:00+00:00,0.0,0.0,292.4375,89.5347900390625,1.845703125,0.0,19.287500000000023
2007-02-19 18:00:00+00:00,0.0,0.0,292.203125,91.199462890625,1.50390625,0.0,19.053125000000023
2007-02-19 19:00:00+00:00,0.0,0.015625,291.953125,91.77984619140625,1.693359375,0.015625,18.803125000000023
2007-02-19 20:00:00+00:00,0.00390625,17.52734375,291.640625,92.85821533203125,1.525390625,17.53125,18.490625000000023
2007-02-19 21:00:00+00:00,38.984375,133.515625,291.78125,91.020751953125,1.3125,172.5,18.631250000000023
2007-02-19 22:00:00+00:00,105.79296875,224.59765625,292.25,88.5772705078125,1.298828125,330.390625,19.100000000000023
2007-02-19 23:00:00+00:00,236.66796875,306.37890625,292.9375,85.8065185546875,1.28125,543.046875,19.787500000000023
2007-02-20 00:00:00+00:00,482.75,264.078125,294.296875,80.259033203125,1.294921875,746.828125,21.146875000000023
2007-02-20 01:00:00+00:00,626.3046875,235.3671875,295.921875,73.69970703125,1.5234375,861.671875,22.771875000000023
2007-02-20 02:00:00+00:00,776.3203125,154.5234375,297.75,65.87384033203125,2.060546875,930.84375,24.600000000000023
2007-02-20 03:00:00+00:00,797.171875,111.984375,302.6875,47.3018798828125,2.673828125,909.15625,29.537500000000023
2007-02-20 04:00:00+00:00,629.31640625,158.55859375,304.109375,41.92626953125,3.0546875,787.875,30.959375000000023
2007-02-20 05:00:00+00:00,509.93359375,139.59765625,304.796875,38.13226318359375,3.408203125,649.53125,31.646875000000023
2007-02-20 06:00:00+00:00,303.890625,132.0625,304.3125,38.71417236328125,4.32421875,435.953125,31.162500000000023
2007-02-20 07:00:00+00:00,57.08984375,118.86328125,302.296875,47.34454345703125,4.23828125,175.953125,29.146875000000023
2007-02-20 08:00:00+00:00,6.62109375,51.26953125,301.390625,51.97442626953125,3.271484375,57.890625,28.240625000000023
2007-02-20 09:00:00+00:00,0.0,0.546875,299.90625,56.917724609375,2.9296875,0.546875,26.756250000000023
2007-02-20 10:00:00+00:00,0.0,0.0,298.59375,60.8538818359375,2.193359375,0.0,25.443750000000023
2007-02-20 11:00:00+00:00,0.0,0.0,297.5625,65.5513916015625,2.017578125,0.0,24.412500000000023
2007-02-20 12:00:00+00:00,0.0,0.0,296.453125,73.66204833984375,2.509765625,0.0,23.303125000000023
2007-02-20 13:00:00+00:00,0.0,0.0,295.46875,80.82501220703125,2.541015625,0.0,22.318750000000023
2007-02-20 14:00:00+00:00,0.0,0.0,294.75,85.7130126953125,2.53125,0.0,21.600000000000023
2007-02-20 15:00:00+00:00,0.0,0.0,294.234375,87.7138671875,1.25,0.0,21.084375000000023
2007-02-20 16:00:00+00:00,0.0,0.0,293.828125,89.8184814453125,0.125,0.0,20.678125000000023
2007-02-20 17:00:00+00:00,0.0,0.0,293.875,89.616943359375,0.849609375,0.0,20.725000000000023
2007-02-20 18:00:00+00:00,0.0,0.0,293.625,91.37158203125,1.568359375,0.0,20.475000000000023
2007-02-20 19:00:00+00:00,0.0,0.0,293.515625,92.66290283203125,1.6796875,0.0,20.365625000000023
2007-02-20 20:00:00+00:00,0.0,19.09375,293.265625,93.96051025390625,1.80859375,19.09375,20.115625000000023
2007-02-20 21:00:00+00:00,11.2890625,116.4296875,293.4375,91.4891357421875,0.9375,127.71875,20.287500000000023
2007-02-20 22:00:00+00:00,43.58984375,225.34765625,293.984375,88.7689208984375,1.814453125,268.9375,20.834375000000023
2007-02-20 23:00:00+00:00,216.265625,283.875,294.65625,84.4569091796875,2.146484375,500.140625,21.506250000000023
2007-02-21 00:00:00+00:00,372.96875,249.609375,295.53125,79.67626953125,2.728515625,622.578125,22.381250000000023
2007-02-21 01:00:00+00:00,361.98828125,292.38671875,296.390625,74.414306640625,2.10546875,654.375,23.240625000000023
2007-02-21 02:00:00+00:00,747.33203125,176.91796875,297.859375,66.2823486328125,1.0078125,924.25,24.709375000000023
2007-02-21 03:00:00+00:00,810.328125,88.453125,302.796875,47.91619873046875,1.875,898.78125,29.646875000000023
2007-02-21 04:00:00+00:00,687.890625,106.328125,304.5625,41.60943603515625,2.408203125,794.21875,31.412500000000023
2007-02-21 05:00:00+00:00,521.8203125,118.9296875,305.203125,39.8262939453125,2.447265625,640.75,32.05312500000002
2007-02-21 06:00:00+00:00,135.625,107.328125,304.8125,39.10308837890625,2.015625,242.953125,31.662500000000023
2007-02-21 07:00:00+00:00,40.76171875,145.17578125,303.78125,42.39312744140625,2.3046875,185.9375,30.631250000000023
2007-02-21 08:00:00+00:00,28.81640625,41.43359375,302.34375,48.99346923828125,2.916015625,70.25,29.193750000000023
2007-02-21 09:00:00+00:00,0.03125,0.34375,299.65625,61.13604736328125,3.052734375,0.375,26.506250000000023
2007-02-21 10:00:00+00:00,0.0,0.0,298.28125,65.41973876953125,2.298828125,0.0,25.131250000000023
2007-02-21 11:00:00+00:00,0.0,0.0,296.8125,72.01800537109375,2.955078125,0.0,23.662500000000023
2007-02-21 12:00:00+00:00,0.0,0.0,295.109375,81.79522705078125,2.837890625,0.0,21.959375000000023
2007-02-21 13:00:00+00:00,0.0,0.0,294.3125,87.025634765625,2.1953125,0.0,21.162500000000023
2007-02-21 14:00:00+00:00,0.0,0.0,293.890625,89.28369140625,1.78125,0.0,20.740625000000023
2007-02-21 15:00:00+00:00,0.0,0.0,293.5,88.4478759765625,2.41015625,0.0,20.350000000000023
2007-02-21 16:00:00+00:00,0.0,0.0,293.484375,87.97503662109375,2.314453125,0.0,20.334375000000023
2007-02-21 17:00:00+00:00,0.0,0.0,293.25,89.04815673828125,1.685546875,0.0,20.100000000000023
2007-02-21 18:00:00+00:00,0.0,0.0,293.109375,89.12115478515625,1.36328125,0.0,19.959375000000023
2007-02-21 19:00:00+00:00,0.0,0.0,292.796875,90.69793701171875,1.431640625,0.0,19.646875000000023
2007-02-21 20:00:00+00:00,0.00390625,19.04296875,292.5625,91.82257080078125,1.103515625,19.046875,19.412500000000023
2007-02-21 21:00:00+00:00,9.75,108.890625,292.84375,88.93511962890625,1.18359375,118.640625,19.693750000000023
2007-02-21 22:00:00+00:00,42.06640625,229.05859375,292.953125,88.70513916015625,0.783203125,271.125,19.803125000000023
2007-02-21 23:00:00+00:00,192.9140625,301.5078125,293.484375,86.61444091796875,0.294921875,494.421875,20.334375000000023
2007-02-22 00:00:00+00:00,321.41796875,310.41015625,294.59375,81.9908447265625,0.443359375,631.828125,21.443750000000023
2007-02-22 01:00:00+00:00,710.46484375,174.94140625,296.09375,75.415283203125,0.4765625,885.40625,22.943750000000023
2007-02-22 02:00:00+00:00,822.1015625,102.6953125,298.265625,66.7774658203125,1.12890625,924.796875,25.115625000000023
2007-02-22 03:00:00+00:00,800.95703125,93.55859375,301.765625,50.0140380859375,2.51953125,894.515625,28.615625000000023
2007-02-22 04:00:00+00:00,722.890625,83.453125,302.8125,45.9810791015625,3.916015625,806.34375,29.662500000000023
2007-02-22 05:00:00+00:00,597.52734375,66.39453125,302.96875,45.0386962890625,3.1171875,663.921875,29.818750000000023
2007-02-22 06:00:00+00:00,428.15625,52.484375,303.203125,44.1260986328125,3.96875,480.640625,30.053125000000023
2007-02-22 07:00:00+00:00,237.3046875,37.1796875,301.78125,49.57867431640625,4.109375,274.484375,28.631250000000023
2007-02-22 08:00:00+00:00,65.27734375,11.05078125,301.375,51.52667236328125,3.34375,76.328125,28.225000000000023
2007-02-22 09:00:00+00:00,0.01171875,0.25390625,298.546875,60.72357177734375,3.72265625,0.265625,25.396875000000023
2007-02-22 10:00:00+00:00,0.0,0.0,296.765625,66.2127685546875,3.51953125,0.0,23.615625000000023
2007-02-22 11:00:00+00:00,0.0,0.0,294.890625,74.00811767578125,3.078125,0.0,21.740625000000023
2007-02-22 12:00:00+00:00,0.0,0.0,293.921875,79.2303466796875,2.4140625,0.0,20.771875000000023
2007-02-22 13:00:00+00:00,0.0,0.0,293.40625,82.53265380859375,1.78125,0.0,20.256250000000023
2007-02-22 14:00:00+00:00,0.0,0.0,293.171875,84.05712890625,1.740234375,0.0,20.021875000000023
2007-02-22 15:00:00+00:00,0.0,0.0,292.8125,87.86090087890625,1.501953125,0.0,19.662500000000023
2007-02-22 16:00:00+00:00,0.0,0.0,292.8125,87.23095703125,1.244140625,0.0,19.662500000000023
2007-02-22 17:00:00+00:00,0.0,0.0,292.6875,88.05731201171875,0.89453125,0.0,19.537500000000023
2007-02-22 18:00:00+00:00,0.0,0.0,292.484375,89.4505615234375,0.66796875,0.0,19.334375000000023
2007-02-22 19:00:00+00:00,0.0,0.0,292.421875,89.55914306640625,0.55859375,0.0,19.271875000000023
2007-02-22 20:00:00+00:00,0.0078125,25.6796875,292.328125,90.00360107421875,0.552734375,25.6875,19.178125000000023
2007-02-22 21:00:00+00:00,26.15625,105.03125,293.140625,86.50848388671875,1.0,131.1875,19.990625000000023
2007-02-22 22:00:00+00:00,117.8984375,176.2890625,293.34375,86.25494384765625,1.314453125,294.1875,20.193750000000023
2007-02-22 23:00:00+00:00,203.515625,279.0625,293.953125,83.32745361328125,0.9453125,482.578125,20.803125000000023
2007-02-23 00:00:00+00:00,476.6875,243.265625,294.78125,79.71295166015625,0.732421875,719.953125,21.631250000000023
2007-02-23 01:00:00+00:00,721.16796875,154.25390625,296.0,74.96368408203125,0.818359375,875.421875,22.850000000000023
2007-02-23 02:00:00+00:00,826.90234375,99.80078125,297.8125,66.8995361328125,0.767578125,926.703125,24.662500000000023
2007-02-23 03:00:00+00:00,817.5234375,82.6328125,301.796875,49.70880126953125,2.26953125,900.15625,28.646875000000023
2007-02-23 04:00:00+00:00,735.43359375,75.06640625,303.359375,41.790283203125,3.189453125,810.5,30.209375000000023
2007-02-23 05:00:00+00:00,604.52734375,64.36328125,303.984375,37.02801513671875,3.474609375,668.890625,30.834375000000023
2007-02-23 06:00:00+00:00,431.59765625,50.46484375,304.109375,35.12432861328125,3.201171875,482.0625,30.959375000000023
2007-02-23 07:00:00+00:00,235.1171875,37.7421875,304.140625,33.892822265625,2.826171875,272.859375,30.990625000000023
2007-02-23 08:00:00+00:00,60.65625,11.96875,303.03125,39.04376220703125,3.41796875,72.625,29.881250000000023
2007-02-23 09:00:00+00:00,0.00390625,0.16796875,299.1875,54.6907958984375,3.19140625,0.171875,26.037500000000023
2007-02-23 10:00:00+00:00,0.0,0.0,297.25,64.23248291015625,3.541015625,0.0,24.100000000000023
2007-02-23 11:00:00+00:00,0.0,0.0,294.984375,76.53729248046875,3.75390625,0.0,21.834375000000023
2007-02-23 12:00:00+00:00,0.0,0.0,293.453125,83.5556640625,4.013671875,0.0,20.303125000000023
2007-02-23 13:00:00+00:00,0.0,0.0,292.75,84.9505615234375,4.125,0.0,19.600000000000023
2007-02-23 14:00:00+00:00,0.0,0.0,292.4375,83.81439208984375,4.056640625,0.0,19.287500000000023
2007-02-23 15:00:00+00:00,0.0,0.0,292.0625,81.44219970703125,4.5390625,0.0,18.912500000000023
2007-02-23 16:00:00+00:00,0.0,0.0,291.5625,82.48309326171875,3.99609375,0.0,18.412500000000023
2007-02-23 17:00:00+00:00,0.0,0.0,291.375,82.13104248046875,3.6953125,0.0,18.225000000000023
2007-02-23 18:00:00+00:00,0.0,0.0,291.203125,82.49609375,3.568359375,0.0,18.053125000000023
2007-02-23 19:00:00+00:00,0.0,0.0,291.1875,81.41583251953125,3.5625,0.0,18.037500000000023
2007-02-23 20:00:00+00:00,0.0,3.53125,291.125,79.763671875,3.53515625,3.53125,17.975000000000023
2007-02-23 21:00:00+00:00,0.54296875,89.75390625,291.484375,76.88421630859375,2.54296875,90.296875,18.334375000000023
2007-02-23 22:00:00+00:00,57.16796875,189.61328125,291.484375,77.65789794921875,3.189453125,246.78125,18.334375000000023
2007-02-23 23:00:00+00:00,19.16796875,150.26953125,291.5625,78.107421875,3.73828125,169.4375,18.412500000000023
2007-02-24 00:00:00+00:00,44.265625,352.890625,291.59375,74.84368896484375,3.884765625,397.15625,18.443750000000023
2007-02-24 01:00:00+00:00,234.75390625,374.35546875,292.46875,68.33154296875,4.130859375,609.109375,19.318750000000023
2007-02-24 02:00:00+00:00,455.4609375,349.9921875,293.296875,64.3759765625,4.353515625,805.453125,20.146875000000023
2007-02-24 03:00:00+00:00,660.01171875,185.17578125,294.1875,62.0556640625,4.880859375,845.1875,21.037500000000023
2007-02-24 04:00:00+00:00,560.3515625,139.7421875,294.734375,59.91876220703125,5.19921875,700.09375,21.584375000000023
2007-02-24 05:00:00+00:00,558.37890625,93.15234375,294.703125,58.3743896484375,5.6953125,651.53125,21.553125000000023
2007-02-24 06:00:00+00:00,383.4921875,66.4609375,294.53125,58.126708984375,5.6640625,449.953125,21.381250000000023
2007-02-24 07:00:00+00:00,140.70703125,70.43359375,294.03125,59.52197265625,5.240234375,211.140625,20.881250000000023
2007-02-24 08:00:00+00:00,27.21875,25.640625,293.1875,62.35888671875,4.94140625,52.859375,20.037500000000023
2007-02-24 09:00:00+00:00,0.0,0.0625,292.109375,62.95220947265625,4.537109375,0.0625,18.959375000000023
2007-02-24 10:00:00+00:00,0.0,0.0,291.359375,64.66302490234375,4.08984375,0.0,18.209375000000023
2007-02-24 11:00:00+00:00,0.0,0.0,290.96875,67.14642333984375,3.623046875,0.0,17.818750000000023
2007-02-24 12:00:00+00:00,0.0,0.0,290.734375,68.0081787109375,3.314453125,0.0,17.584375000000023
2007-02-24 13:00:00+00:00,0.0,0.0,290.75,67.4405517578125,3.330078125,0.0,17.600000000000023
2007-02-24 14:00:00+00:00,0.0,0.0,290.296875,69.962158203125,3.353515625,0.0,17.146875000000023
2007-02-24 15:00:00+00:00,0.0,0.0,289.890625,73.51434326171875,2.06640625,0.0,16.740625000000023
2007-02-24 16:00:00+00:00,0.0,0.0,289.84375,75.04486083984375,1.857421875,0.0,16.693750000000023
2007-02-24 17:00:00+00:00,0.0,0.0,289.375,77.48211669921875,1.970703125,0.0,16.225000000000023
2007-02-24 18:00:00+00:00,0.0,0.0,289.515625,76.7178955078125,2.3125,0.0,16.365625000000023
2007-02-24 19:00:00+00:00,0.0,0.0,289.453125,76.7481689453125,2.626953125,0.0,16.303125000000023
2007-02-24 20:00:00+00:00,21.28125,30.5625,289.171875,78.94415283203125,3.064453125,51.84375,16.021875000000023
2007-02-24 21:00:00+00:00,63.1875,111.75,289.53125,76.2337646484375,2.755859375,174.9375,16.381250000000023
2007-02-24 22:00:00+00:00,262.0546875,156.1484375,290.375,67.52569580078125,4.03125,418.203125,17.225000000000023
2007-02-24 23:00:00+00:00,509.6015625,135.4296875,291.625,57.98968505859375,3.96875,645.03125,18.475000000000023
2007-02-25 00:00:00+00:00,485.453125,209.9375,292.953125,52.16064453125,3.80078125,695.390625,19.803125000000023
2007-02-25 01:00:00+00:00,328.953125,195.671875,293.84375,51.18682861328125,4.33984375,524.625,20.693750000000023
2007-02-25 02:00:00+00:00,58.8203125,166.3515625,293.859375,54.84039306640625,4.845703125,225.171875,20.709375000000023
2007-02-25 03:00:00+00:00,664.51953125,201.66796875,294.734375,55.26678466796875,5.25390625,866.1875,21.584375000000023
2007-02-25 04:00:00+00:00,527.859375,147.078125,295.375,54.6279296875,5.1328125,674.9375,22.225000000000023
2007-02-25 05:00:00+00:00,138.84375,237.90625,295.59375,54.7318115234375,5.001953125,376.75,22.443750000000023
2007-02-25 06:00:00+00:00,313.53125,148.046875,295.28125,57.392578125,4.890625,461.578125,22.131250000000023
2007-02-25 07:00:00+00:00,236.80859375,38.36328125,295.421875,58.63006591796875,4.533203125,275.171875,22.271875000000023
2007-02-25 08:00:00+00:00,63.00390625,2.30859375,295.515625,56.48895263671875,4.16796875,65.3125,22.365625000000023
2007-02-25 09:00:00+00:00,0.0,0.015625,294.734375,55.039306640625,4.875,0.015625,21.584375000000023
2007-02-25 10:00:00+00:00,0.0,0.0,293.484375,61.72943115234375,4.419921875,0.0,20.334375000000023
2007-02-25 11:00:00+00:00,0.0,0.0,293.0625,63.6749267578125,3.3515625,0.0,19.912500000000023
2007-02-25 12:00:00+00:00,0.0,0.0,292.75,61.72930908203125,4.04296875,0.0,19.600000000000023
2007-02-25 13:00:00+00:00,0.0,0.0,291.859375,67.9676513671875,4.087890625,0.0,18.709375000000023
2007-02-25 14:00:00+00:00,0.0,0.0,290.921875,75.56463623046875,3.998046875,0.0,17.771875000000023
2007-02-25 15:00:00+00:00,0.0,0.0,290.3125,82.98138427734375,3.779296875,0.0,17.162500000000023
2007-02-25 16:00:00+00:00,0.0,0.0,289.8125,88.27813720703125,3.779296875,0.0,16.662500000000023
2007-02-25 17:00:00+00:00,0.0,0.0,289.53125,90.30389404296875,3.087890625,0.0,16.381250000000023
2007-02-25 18:00:00+00:00,0.0,0.0,289.203125,91.80108642578125,2.107421875,0.0,16.053125000000023
2007-02-25 19:00:00+00:00,0.0,0.0,288.84375,93.43896484375,1.623046875,0.0,15.693750000000023
2007-02-25 20:00:00+00:00,25.12109375,29.20703125,288.53125,94.84906005859375,1.42578125,54.328125,15.381250000000023
2007-02-25 21:00:00+00:00,170.015625,76.65625,289.453125,89.69647216796875,1.443359375,246.671875,16.303125000000023
2007-02-25 22:00:00+00:00,311.140625,116.265625,290.65625,82.93743896484375,1.603515625,427.40625,17.506250000000023
2007-02-25 23:00:00+00:00,514.29296875,123.26953125,291.71875,78.02294921875,1.384765625,637.5625,18.568750000000023
2007-02-26 00:00:00+00:00,698.796875,97.90625,293.0625,72.69500732421875,0.693359375,796.703125,19.912500000000023
2007-02-26 01:00:00+00:00,677.41796875,152.12890625,294.734375,66.93231201171875,0.044921875,829.546875,21.584375000000023
2007-02-26 02:00:00+00:00,823.6875,106.875,297.359375,57.87615966796875,0.861328125,930.5625,24.209375000000023
2007-02-26 03:00:00+00:00,744.07421875,94.91015625,300.515625,42.26348876953125,2.244140625,838.984375,27.365625000000023
2007-02-26 04:00:00+00:00,537.171875,163.84375,302.375,31.3961181640625,3.220703125,701.015625,29.225000000000023
2007-02-26 05:00:00+00:00,596.2265625,88.6015625,303.265625,21.49212646484375,4.509765625,684.828125,30.115625000000023
2007-02-26 06:00:00+00:00,462.09375,37.046875,302.890625,20.6448974609375,6.181640625,499.140625,29.740625000000023
2007-02-26 07:00:00+00:00,227.1640625,36.8203125,301.6875,26.5712890625,6.4765625,263.984375,28.537500000000023
2007-02-26 08:00:00+00:00,52.5546875,12.7421875,300.21875,31.31787109375,6.638671875,65.296875,27.068750000000023
2007-02-26 09:00:00+00:00,0.0,0.0,298.1875,37.75262451171875,7.634765625,0.0,25.037500000000023
2007-02-26 10:00:00+00:00,0.0,0.0,296.171875,47.87469482421875,7.892578125,0.0,23.021875000000023
2007-02-26 11:00:00+00:00,0.0,0.0,294.59375,55.24847412109375,7.8125,0.0,21.443750000000023
2007-02-26 12:00:00+00:00,0.0,0.0,293.609375,59.958984375,7.09375,0.0,20.459375000000023
2007-02-26 13:00:00+00:00,0.0,0.0,292.953125,63.9957275390625,6.041015625,0.0,19.803125000000023
2007-02-26 14:00:00+00:00,0.0,0.0,292.421875,67.1951904296875,5.296875,0.0,19.271875000000023
2007-02-26 15:00:00+00:00,0.0,0.0,292.15625,69.16009521484375,4.763671875,0.0,19.006250000000023
2007-02-26 16:00:00+00:00,0.0,0.0,291.890625,70.39898681640625,4.056640625,0.0,18.740625000000023
2007-02-26 17:00:00+00:00,0.0,0.0,291.453125,73.00665283203125,3.33203125,0.0,18.303125000000023
2007-02-26 18:00:00+00:00,0.0,0.0,291.046875,76.04095458984375,3.3984375,0.0,17.896875000000023
2007-02-26 19:00:00+00:00,0.0,0.0,290.859375,78.21380615234375,3.439453125,0.0,17.709375000000023
2007-02-26 20:00:00+00:00,4.94921875,29.59765625,290.828125,78.41912841796875,3.73828125,34.546875,17.678125000000023
2007-02-26 21:00:00+00:00,109.609375,111.34375,291.078125,72.240234375,4.328125,220.953125,17.928125000000023
2007-02-26 22:00:00+00:00,133.765625,209.59375,293.125,59.0233154296875,5.474609375,343.359375,19.975000000000023
2007-02-26 23:00:00+00:00,134.640625,321.3125,294.8125,49.0618896484375,5.974609375,455.953125,21.662500000000023
2007-02-27 00:00:00+00:00,562.984375,217.421875,296.03125,43.57757568359375,6.15234375,780.40625,22.881250000000023
2007-02-27 01:00:00+00:00,724.8515625,150.3828125,297.734375,38.54193115234375,6.1171875,875.234375,24.584375000000023
2007-02-27 02:00:00+00:00,404.39453125,279.19921875,298.875,35.47845458984375,5.986328125,683.59375,25.725000000000023
2007-02-27 03:00:00+00:00,218.390625,434.9375,298.875,37.2176513671875,6.919921875,653.328125,25.725000000000023
2007-02-27 04:00:00+00:00,56.125,311.171875,299.375,36.866455078125,5.625,367.296875,26.225000000000023
2007-02-27 05:00:00+00:00,149.3671875,307.6171875,298.75,40.56982421875,5.896484375,456.984375,25.600000000000023
2007-02-27 06:00:00+00:00,76.54296875,221.22265625,297.734375,49.45660400390625,7.845703125,297.765625,24.584375000000023
2007-02-27 07:00:00+00:00,5.30859375,71.94140625,296.8125,52.60113525390625,7.330078125,77.25,23.662500000000023
2007-02-27 08:00:00+00:00,0.01953125,29.71484375,295.484375,59.74639892578125,6.9453125,29.734375,22.334375000000023
2007-02-27 09:00:00+00:00,0.0,0.0,293.84375,68.892822265625,6.37890625,0.0,20.693750000000023
2007-02-27 10:00:00+00:00,0.0,0.0,293.03125,73.10302734375,5.83203125,0.0,19.881250000000023
2007-02-27 11:00:00+00:00,0.0,0.0,292.65625,76.21966552734375,5.841796875,0.0,19.506250000000023
2007-02-27 12:00:00+00:00,0.0,0.0,292.203125,79.845947265625,5.947265625,0.0,19.053125000000023
2007-02-27 13:00:00+00:00,0.0,0.0,292.078125,80.96051025390625,5.076171875,0.0,18.928125000000023
2007-02-27 14:00:00+00:00,0.0,0.0,291.71875,84.51055908203125,3.921875,0.0,18.568750000000023
2007-02-27 15:00:00+00:00,0.0,0.0,290.921875,93.7691650390625,2.1015625,0.0,17.771875000000023
2007-02-27 16:00:00+00:00,0.0,0.0,290.984375,94.428466796875,1.44140625,0.0,17.834375000000023
2007-02-27 17:00:00+00:00,0.0,0.0,291.015625,95.373779296875,1.259765625,0.0,17.865625000000023
2007-02-27 18:00:00+00:00,0.0,0.0,291.109375,95.375732421875,1.166015625,0.0,17.959375000000023
2007-02-27 19:00:00+00:00,0.0,0.0,291.171875,95.41900634765625,1.3046875,0.0,18.021875000000023
2007-02-27 20:00:00+00:00,8.359375,24.359375,290.921875,96.74322509765625,1.689453125,32.71875,17.771875000000023
2007-02-27 21:00:00+00:00,43.9296875,126.4296875,291.53125,91.89971923828125,2.5,170.359375,18.381250000000023
2007-02-27 22:00:00+00:00,110.26171875,165.70703125,292.203125,85.98272705078125,2.57421875,275.96875,19.053125000000023
2007-02-27 23:00:00+00:00,341.0234375,214.8515625,292.921875,79.27423095703125,2.5078125,555.875,19.771875000000023
2007-02-28 00:00:00+00:00,642.90234375,132.36328125,294.484375,69.1822509765625,2.4140625,775.265625,21.334375000000023
2007-02-28 01:00:00+00:00,704.84765625,131.35546875,296.25,57.10894775390625,2.158203125,836.203125,23.100000000000023
2007-02-28 02:00:00+00:00,574.06640625,157.58984375,297.484375,48.98956298828125,1.697265625,731.65625,24.334375000000023
2007-02-28 03:00:00+00:00,664.4609375,135.3359375,298.03125,47.82122802734375,0.986328125,799.796875,24.881250000000023
2007-02-28 04:00:00+00:00,631.375,120.59375,298.890625,45.10552978515625,0.345703125,751.96875,25.740625000000023
2007-02-28 05:00:00+00:00,381.18359375,88.22265625,299.5625,42.99676513671875,0.546875,469.40625,26.412500000000023
2007-02-28 06:00:00+00:00,213.078125,91.140625,299.828125,42.28900146484375,0.8828125,304.21875,26.678125000000023
2007-02-28 07:00:00+00:00,163.36328125,47.54296875,300.125,41.06451416015625,1.57421875,210.90625,26.975000000000023
2007-02-28 08:00:00+00:00,42.41015625,4.27734375,299.828125,42.21600341796875,2.568359375,46.6875,26.678125000000023
2007-02-28 09:00:00+00:00,0.0,0.0,297.421875,54.04791259765625,3.3515625,0.0,24.271875000000023
2007-02-28 10:00:00+00:00,0.0,0.0,296.328125,59.4366455078125,2.654296875,0.0,23.178125000000023
2007-02-28 11:00:00+00:00,0.0,0.0,295.546875,63.535400390625,2.42578125,0.0,22.396875000000023
2007-02-28 12:00:00+00:00,0.0,0.0,294.6875,69.157470703125,2.04296875,0.0,21.537500000000023
2007-02-28 13:00:00+00:00,0.0,0.0,294.015625,73.7249755859375,2.205078125,0.0,20.865625000000023
2007-02-28 14:00:00+00:00,0.0,0.0,293.296875,80.28240966796875,2.419921875,0.0,20.146875000000023
2007-02-28 15:00:00+00:00,0.0,0.0,293.09375,83.10205078125,1.736328125,0.0,19.943750000000023
2007-02-28 16:00:00+00:00,0.0,0.0,292.25,87.96026611328125,2.03125,0.0,19.100000000000023
2007-02-28 17:00:00+00:00,0.0,0.0,291.703125,91.99713134765625,2.41796875,0.0,18.553125000000023
2007-02-28 18:00:00+00:00,0.0,0.0,291.34375,94.63720703125,2.861328125,0.0,18.193750000000023
2007-02-28 19:00:00+00:00,0.0,0.0,291.34375,94.24102783203125,3.05859375,0.0,18.193750000000023
2007-02-28 20:00:00+00:00,5.859375,27.0625,291.359375,93.50213623046875,2.724609375,32.921875,18.209375000000023
2007-02-28 21:00:00+00:00,4.26171875,95.66015625,291.40625,94.48345947265625,2.44921875,99.921875,18.256250000000023
2007-02-28 22:00:00+00:00,256.078125,161.953125,292.359375,91.63177490234375,2.96484375,418.03125,19.209375000000023
2007-02-28 23:00:00+00:00,506.671875,115.859375,293.75,82.92022705078125,3.419921875,622.53125,20.600000000000023
2007-03-01 00:00:00+00:00,641.76953125,92.91796875,294.953125,75.08221435546875,3.37109375,734.6875,21.803125000000023
2007-03-01 01:00:00+00:00,146.70703125,236.82421875,296.46875,63.15631103515625,4.1171875,383.53125,23.318750000000023
2007-03-01 02:00:00+00:00,462.4140625,281.6953125,297.3125,53.7718505859375,4.712890625,744.109375,24.162500000000023
2007-03-01 03:00:00+00:00,226.21875,402.625,298.40625,50.5474853515625,4.646484375,628.84375,25.256250000000023
2007-03-01 04:00:00+00:00,557.0390625,191.2734375,298.53125,49.6710205078125,4.783203125,748.3125,25.381250000000023
2007-03-01 05:00:00+00:00,419.77734375,124.08203125,298.8125,48.185791015625,4.806640625,543.859375,25.662500000000023
2007-03-01 06:00:00+00:00,359.8203125,75.3671875,298.3125,49.767333984375,4.814453125,435.1875,25.162500000000023
2007-03-01 07:00:00+00:00,168.078125,38.390625,297.78125,51.24310302734375,4.908203125,206.46875,24.631250000000023
2007-03-01 08:00:00+00:00,39.81640625,9.27734375,296.78125,54.172607421875,4.755859375,49.09375,23.631250000000023
2007-03-01 09:00:00+00:00,0.0,0.0,295.296875,60.33306884765625,4.646484375,0.0,22.146875000000023
2007-03-01 10:00:00+00:00,0.0,0.0,294.109375,65.80853271484375,3.779296875,0.0,20.959375000000023
2007-03-01 11:00:00+00:00,0.0,0.0,293.21875,71.98162841796875,2.96484375,0.0,20.068750000000023
2007-03-01 12:00:00+00:00,0.0,0.0,292.53125,77.1822509765625,2.39453125,0.0,19.381250000000023
2007-03-01 13:00:00+00:00,0.0,0.0,291.984375,80.94317626953125,2.2578125,0.0,18.834375000000023
2007-03-01 14:00:00+00:00,0.0,0.0,291.46875,83.95587158203125,2.392578125,0.0,18.318750000000023
2007-03-01 15:00:00+00:00,0.0,0.0,290.859375,91.482666015625,2.1171875,0.0,17.709375000000023
2007-03-01 16:00:00+00:00,0.0,0.0,290.453125,91.97821044921875,1.671875,0.0,17.303125000000023
2007-03-01 17:00:00+00:00,0.0,0.0,290.0625,92.8057861328125,1.552734375,0.0,16.912500000000023
2007-03-01 18:00:00+00:00,0.0,0.0,289.75,93.703125,1.41015625,0.0,16.600000000000023
2007-03-01 19:00:00+00:00,0.0,0.0,289.4375,95.16961669921875,1.61328125,0.0,16.287500000000023
2007-03-01 20:00:00+00:00,4.0390625,29.6796875,289.15625,97.04498291015625,1.48046875,33.71875,16.006250000000023
2007-03-01 21:00:00+00:00,126.54296875,93.89453125,289.9375,92.7088623046875,2.208984375,220.4375,16.787500000000023
2007-03-01 22:00:00+00:00,83.7109375,210.7109375,290.84375,88.830322265625,2.056640625,294.421875,17.693750000000023
2007-03-01 23:00:00+00:00,260.32421875,269.36328125,291.921875,83.04986572265625,1.783203125,529.6875,18.771875000000023
2007-03-02 00:00:00+00:00,536.15625,204.484375,293.15625,77.5506591796875,1.17578125,740.640625,20.006250000000023
2007-03-02 01:00:00+00:00,737.14453125,126.12109375,294.515625,72.57489013671875,0.69921875,863.265625,21.365625000000023
2007-03-02 02:00:00+00:00,794.1171875,101.1796875,296.203125,64.61090087890625,0.673828125,895.296875,23.053125000000023
2007-03-02 03:00:00+00:00,787.46875,86.03125,298.875,54.34326171875,1.220703125,873.5,25.725000000000023
2007-03-02 04:00:00+00:00,718.953125,65.953125,300.59375,46.68731689453125,1.611328125,784.90625,27.443750000000023
2007-03-02 05:00:00+00:00,583.78125,55.0625,301.78125,42.18206787109375,2.005859375,638.84375,28.631250000000023
2007-03-02 06:00:00+00:00,412.5390625,41.1328125,302.390625,40.85760498046875,2.5625,453.671875,29.240625000000023
2007-03-02 07:00:00+00:00,200.41015625,37.13671875,302.3125,41.33355712890625,2.865234375,237.546875,29.162500000000023
2007-03-02 08:00:00+00:00,42.7109375,7.5078125,301.4375,44.17767333984375,2.8984375,50.21875,28.287500000000023
2007-03-02 09:00:00+00:00,0.0,0.0,300.140625,47.49932861328125,3.12109375,0.0,26.990625000000023
2007-03-02 10:00:00+00:00,0.0,0.0,298.921875,50.45361328125,2.564453125,0.0,25.771875000000023
2007-03-02 11:00:00+00:00,0.0,0.0,298.125,53.27740478515625,2.212890625,0.0,24.975000000000023
2007-03-02 12:00:00+00:00,0.0,0.0,297.15625,56.781005859375,1.3828125,0.0,24.006250000000023
2007-03-02 13:00:00+00:00,0.0,0.0,296.453125,59.4423828125,0.447265625,0.0,23.303125000000023
2007-03-02 14:00:00+00:00,0.0,0.0,296.0625,61.03955078125,0.267578125,0.0,22.912500000000023
2007-03-02 15:00:00+00:00,0.0,0.0,294.828125,72.17364501953125,0.537109375,0.0,21.678125000000023
2007-03-02 16:00:00+00:00,0.0,0.0,294.734375,71.022705078125,1.212890625,0.0,21.584375000000023
2007-03-02 17:00:00+00:00,0.0,0.0,294.8125,68.035888671875,1.46875,0.0,21.662500000000023
2007-03-02 18:00:00+00:00,0.0,0.0,294.375,68.1336669921875,0.98828125,0.0,21.225000000000023
2007-03-02 19:00:00+00:00,0.0,0.0,294.09375,68.53314208984375,1.576171875,0.0,20.943750000000023
2007-03-02 20:00:00+00:00,15.4609375,26.2578125,294.296875,66.9627685546875,2.67578125,41.71875,21.146875000000023
2007-03-02 21:00:00+00:00,137.94140625,81.93359375,296.078125,59.614990234375,3.59765625,219.875,22.928125000000023
2007-03-02 22:00:00+00:00,274.6484375,129.1953125,298.546875,42.1884765625,4.220703125,403.84375,25.396875000000023
2007-03-02 23:00:00+00:00,279.26171875,230.14453125,300.71875,35.0882568359375,4.71875,509.40625,27.568750000000023
2007-03-03 00:00:00+00:00,111.921875,335.6875,302.40625,31.4971923828125,5.5078125,447.609375,29.256250000000023
2007-03-03 01:00:00+00:00,224.171875,343.3125,302.890625,33.255859375,6.41796875,567.484375,29.740625000000023
2007-03-03 02:00:00+00:00,428.8046875,341.3046875,303.53125,35.81146240234375,5.802734375,770.109375,30.381250000000023
2007-03-03 03:00:00+00:00,626.28125,170.5625,308.109375,23.40155029296875,3.642578125,796.84375,34.95937500000002
2007-03-03 04:00:00+00:00,170.5703125,321.7265625,308.703125,21.70843505859375,5.9140625,492.296875,35.55312500000002
2007-03-03 05:00:00+00:00,407.7890625,189.6640625,299.1875,54.38018798828125,7.794921875,597.453125,26.037500000000023
2007-03-03 06:00:00+00:00,349.6328125,75.8359375,298.828125,50.743408203125,6.9375,425.46875,25.678125000000023
2007-03-03 07:00:00+00:00,148.3046875,57.6953125,297.46875,51.0218505859375,6.474609375,206.0,24.318750000000023
2007-03-03 08:00:00+00:00,26.6015625,13.3359375,296.203125,49.6925048828125,5.34375,39.9375,23.053125000000023
2007-03-03 09:00:00+00:00,0.0,0.0,294.46875,56.280029296875,4.173828125,0.0,21.318750000000023
2007-03-03 10:00:00+00:00,0.0,0.0,293.5625,62.02410888671875,3.46875,0.0,20.412500000000023
2007-03-03 11:00:00+00:00,0.0,0.0,292.875,67.72247314453125,2.75,0.0,19.725000000000023
2007-03-03 12:00:00+00:00,0.0,0.0,292.484375,71.6424560546875,2.1953125,0.0,19.334375000000023
2007-03-03 13:00:00+00:00,0.0,0.0,291.875,75.71234130859375,1.630859375,0.0,18.725000000000023
2007-03-03 14:00:00+00:00,0.0,0.0,291.625,77.61785888671875,1.623046875,0.0,18.475000000000023
2007-03-03 15:00:00+00:00,0.0,0.0,291.15625,80.307861328125,0.771484375,0.0,18.006250000000023
2007-03-03 16:00:00+00:00,0.0,0.0,291.75,77.373779296875,2.580078125,0.0,18.600000000000023
2007-03-03 17:00:00+00:00,0.0,0.0,291.234375,81.5479736328125,2.69921875,0.0,18.084375000000023
2007-03-03 18:00:00+00:00,0.0,0.0,290.90625,83.6480712890625,2.390625,0.0,17.756250000000023
2007-03-03 19:00:00+00:00,0.0,0.0,290.515625,83.13238525390625,2.654296875,0.0,17.365625000000023
2007-03-03 20:00:00+00:00,2.125,25.015625,290.265625,82.47283935546875,2.673828125,27.140625,17.115625000000023
2007-03-03 21:00:00+00:00,12.359375,100.84375,290.390625,80.24200439453125,2.544921875,113.203125,17.240625000000023
2007-03-03 22:00:00+00:00,152.19921875,184.48828125,290.8125,74.8729248046875,2.990234375,336.6875,17.662500000000023
2007-03-03 23:00:00+00:00,177.58203125,115.91796875,291.625,67.5791015625,3.455078125,293.5,18.475000000000023
2007-03-04 00:00:00+00:00,60.609375,234.484375,291.890625,63.65484619140625,3.60546875,295.09375,18.740625000000023
2007-03-04 01:00:00+00:00,267.515625,422.890625,292.296875,59.685791015625,3.779296875,690.40625,19.146875000000023
2007-03-04 02:00:00+00:00,407.390625,368.28125,293.484375,53.5489501953125,4.072265625,775.671875,20.334375000000023
2007-03-04 03:00:00+00:00,422.3671875,287.5703125,294.671875,48.07720947265625,3.9609375,709.9375,21.521875000000023
2007-03-04 04:00:00+00:00,610.8515625,145.3671875,295.0,45.4166259765625,4.640625,756.21875,21.850000000000023
2007-03-04 05:00:00+00:00,249.99609375,182.94140625,295.34375,43.6416015625,4.412109375,432.9375,22.193750000000023
2007-03-04 06:00:00+00:00,319.4140625,116.2421875,294.8125,46.311279296875,4.306640625,435.65625,21.662500000000023
2007-03-04 07:00:00+00:00,150.796875,55.953125,294.4375,49.62213134765625,4.65625,206.75,21.287500000000023
2007-03-04 08:00:00+00:00,18.9453125,5.3203125,293.421875,53.89520263671875,4.8828125,24.265625,20.271875000000023
2007-03-04 09:00:00+00:00,0.0,0.0,292.421875,55.98712158203125,5.080078125,0.0,19.271875000000023
2007-03-04 10:00:00+00:00,0.0,0.0,291.90625,55.7755126953125,4.623046875,0.0,18.756250000000023
2007-03-04 11:00:00+00:00,0.0,0.0,291.453125,56.89337158203125,4.265625,0.0,18.303125000000023
2007-03-04 12:00:00+00:00,0.0,0.0,291.078125,59.58880615234375,4.265625,0.0,17.928125000000023
2007-03-04 13:00:00+00:00,0.0,0.0,290.828125,59.71417236328125,3.6953125,0.0,17.678125000000023
2007-03-04 14:00:00+00:00,0.0,0.0,290.6875,58.8468017578125,2.962890625,0.0,17.537500000000023
2007-03-04 15:00:00+00:00,0.0,0.0,290.078125,62.00457763671875,2.6484375,0.0,16.928125000000023
2007-03-04 16:00:00+00:00,0.0,0.0,289.90625,61.25811767578125,2.68359375,0.0,16.756250000000023
2007-03-04 17:00:00+00:00,0.0,0.0,289.875,61.1265869140625,3.087890625,0.0,16.725000000000023
2007-03-04 18:00:00+00:00,0.0,0.0,289.890625,59.481689453125,3.33203125,0.0,16.740625000000023
2007-03-04 19:00:00+00:00,0.0,0.0,289.609375,61.110595703125,3.18359375,0.0,16.459375000000023
2007-03-04 20:00:00+00:00,0.76953125,23.76171875,289.421875,63.499267578125,3.46875,24.53125,16.271875000000023
2007-03-04 21:00:00+00:00,84.26171875,86.37890625,288.546875,76.4012451171875,3.6015625,170.640625,15.396875000000023
2007-03-04 22:00:00+00:00,289.02734375,110.33203125,289.234375,72.07330322265625,4.193359375,399.359375,16.084375000000023
2007-03-04 23:00:00+00:00,211.76171875,155.17578125,290.390625,61.6719970703125,4.439453125,366.9375,17.240625000000023
2007-03-05 00:00:00+00:00,122.8515625,245.6953125,291.359375,53.2501220703125,5.123046875,368.546875,18.209375000000023
2007-03-05 01:00:00+00:00,477.59375,250.609375,292.125,47.39227294921875,5.986328125,728.203125,18.975000000000023
2007-03-05 02:00:00+00:00,664.68359375,177.39453125,293.140625,43.85296630859375,6.59375,842.078125,19.990625000000023
2007-03-05 03:00:00+00:00,678.33203125,171.65234375,293.15625,43.22882080078125,6.896484375,849.984375,20.006250000000023
2007-03-05 04:00:00+00:00,462.2734375,206.6953125,293.46875,42.65081787109375,7.0390625,668.96875,20.318750000000023
2007-03-05 05:00:00+00:00,253.3984375,212.8671875,293.171875,43.1021728515625,7.076171875,466.265625,20.021875000000023
2007-03-05 06:00:00+00:00,112.0703125,144.3359375,292.734375,43.1285400390625,6.8515625,256.40625,19.584375000000023
2007-03-05 07:00:00+00:00,93.6328125,83.8046875,292.09375,43.7025146484375,6.462890625,177.4375,18.943750000000023
2007-03-05 08:00:00+00:00,9.33984375,15.48828125,291.375,45.636474609375,6.037109375,24.828125,18.225000000000023
2007-03-05 09:00:00+00:00,0.0,0.0,290.609375,49.437255859375,5.814453125,0.0,17.459375000000023
2007-03-05 10:00:00+00:00,0.0,0.0,289.796875,53.86962890625,5.171875,0.0,16.646875000000023
2007-03-05 11:00:00+00:00,0.0,0.0,288.984375,55.99871826171875,4.88671875,0.0,15.834375000000023
2007-03-05 12:00:00+00:00,0.0,0.0,288.203125,57.2921142578125,4.806640625,0.0,15.053125000000023
2007-03-05 13:00:00+00:00,0.0,0.0,287.796875,57.39990234375,4.19140625,0.0,14.646875000000023
2007-03-05 14:00:00+00:00,0.0,0.0,288.203125,55.13092041015625,4.5625,0.0,15.053125000000023
2007-03-05 15:00:00+00:00,0.0,0.0,287.703125,57.582275390625,4.181640625,0.0,14.553125000000023
2007-03-05 16:00:00+00:00,0.0,0.0,287.703125,58.2940673828125,3.982421875,0.0,14.553125000000023
2007-03-05 17:00:00+00:00,0.0,0.0,287.5625,58.64996337890625,3.92578125,0.0,14.412500000000023
2007-03-05 18:00:00+00:00,0.0,0.0,287.328125,59.9571533203125,4.181640625,0.0,14.178125000000023
2007-03-05 19:00:00+00:00,0.0,0.0,287.140625,60.15972900390625,3.650390625,0.0,13.990625000000023
2007-03-05 20:00:00+00:00,16.1875,24.328125,286.515625,61.85321044921875,2.876953125,40.515625,13.365625000000023
2007-03-05 21:00:00+00:00,162.05859375,70.75390625,285.828125,65.66961669921875,2.5234375,232.8125,12.678125000000023
2007-03-05 22:00:00+00:00,359.203125,87.515625,287.65625,61.2042236328125,2.806640625,446.71875,14.506250000000023
2007-03-05 23:00:00+00:00,485.6953125,133.8359375,289.921875,53.17816162109375,5.173828125,619.53125,16.771875000000023
2007-03-06 00:00:00+00:00,549.6015625,190.6953125,291.90625,46.48052978515625,5.734375,740.296875,18.756250000000023
2007-03-06 01:00:00+00:00,583.81640625,241.60546875,293.8125,39.222900390625,6.01171875,825.421875,20.662500000000023
2007-03-06 02:00:00+00:00,688.3046875,196.6015625,295.265625,34.618408203125,6.181640625,884.90625,22.115625000000023
2007-03-06 03:00:00+00:00,762.1796875,115.8203125,297.140625,27.93829345703125,4.50390625,878.0,23.990625000000023
2007-03-06 04:00:00+00:00,680.48046875,98.36328125,297.96875,27.642333984375,4.322265625,778.84375,24.818750000000023
2007-03-06 05:00:00+00:00,518.72265625,100.35546875,298.4375,27.6109619140625,4.259765625,619.078125,25.287500000000023
2007-03-06 06:00:00+00:00,307.28515625,103.60546875,298.5625,28.1884765625,4.673828125,410.890625,25.412500000000023
2007-03-06 07:00:00+00:00,115.9296875,79.7734375,298.046875,30.92449951171875,5.33203125,195.703125,24.896875000000023
2007-03-06 08:00:00+00:00,7.74609375,25.16015625,296.34375,37.2218017578125,6.568359375,32.90625,23.193750000000023
2007-03-06 09:00:00+00:00,0.0,0.0,294.0,46.35699462890625,7.21875,0.0,20.850000000000023
2007-03-06 10:00:00+00:00,0.0,0.0,292.09375,53.6614990234375,7.177734375,0.0,18.943750000000023
2007-03-06 11:00:00+00:00,0.0,0.0,291.046875,57.8226318359375,6.34765625,0.0,17.896875000000023
2007-03-06 12:00:00+00:00,0.0,0.0,290.453125,59.6805419921875,5.619140625,0.0,17.303125000000023
2007-03-06 13:00:00+00:00,0.0,0.0,289.96875,61.70257568359375,4.369140625,0.0,16.818750000000023
2007-03-06 14:00:00+00:00,0.0,0.0,289.59375,63.378173828125,2.69140625,0.0,16.443750000000023
2007-03-06 15:00:00+00:00,0.0,0.0,288.21875,69.82525634765625,0.98046875,0.0,15.068750000000023
2007-03-06 16:00:00+00:00,0.0,0.0,287.703125,72.03118896484375,0.923828125,0.0,14.553125000000023
2007-03-06 17:00:00+00:00,0.0,0.0,287.0625,75.094970703125,1.017578125,0.0,13.912500000000023
2007-03-06 18:00:00+00:00,0.0,0.0,287.984375,72.060791015625,1.939453125,0.0,14.834375000000023
2007-03-06 19:00:00+00:00,0.0,0.0,288.046875,74.01611328125,2.37890625,0.0,14.896875000000023
2007-03-06 20:00:00+00:00,12.359375,23.140625,288.109375,72.37396240234375,2.69921875,35.5,14.959375000000023
2007-03-06 21:00:00+00:00,145.3828125,73.5703125,289.890625,58.750244140625,3.87890625,218.953125,16.740625000000023
2007-03-06 22:00:00+00:00,329.3125,96.171875,291.859375,53.357666015625,5.25,425.484375,18.709375000000023
2007-03-06 23:00:00+00:00,471.39453125,129.30859375,293.796875,49.80303955078125,6.4140625,600.703125,20.646875000000023
2007-03-07 00:00:00+00:00,447.6640625,237.0546875,295.96875,44.70782470703125,7.255859375,684.71875,22.818750000000023
2007-03-07 01:00:00+00:00,410.46875,305.625,298.0625,39.3487548828125,7.404296875,716.09375,24.912500000000023
2007-03-07 02:00:00+00:00,78.80859375,301.94140625,299.8125,35.4024658203125,7.046875,380.75,26.662500000000023
2007-03-07 03:00:00+00:00,482.7734375,309.5859375,301.1875,32.7381591796875,6.9375,792.359375,28.037500000000023
2007-03-07 04:00:00+00:00,490.92578125,183.93359375,303.140625,27.53057861328125,6.265625,674.859375,29.990625000000023
2007-03-07 05:00:00+00:00,156.41015625,245.24609375,304.1875,24.4820556640625,5.771484375,401.65625,31.037500000000023
2007-03-07 06:00:00+00:00,205.9453125,144.5859375,304.140625,23.68341064453125,5.376953125,350.53125,30.990625000000023
2007-03-07 07:00:00+00:00,91.125,67.8125,301.65625,30.68194580078125,5.529296875,158.9375,28.506250000000023
2007-03-07 08:00:00+00:00,14.72265625,17.51171875,294.921875,56.34063720703125,7.36328125,32.234375,21.771875000000023
2007-03-07 09:00:00+00:00,0.0,0.0,292.859375,68.54425048828125,6.080078125,0.0,19.709375000000023
2007-03-07 10:00:00+00:00,0.0,0.0,291.953125,72.47222900390625,4.232421875,0.0,18.803125000000023
2007-03-07 11:00:00+00:00,0.0,0.0,291.484375,73.88983154296875,2.4609375,0.0,18.334375000000023
2007-03-07 12:00:00+00:00,0.0,0.0,290.796875,77.467529296875,2.6171875,0.0,17.646875000000023
2007-03-07 13:00:00+00:00,0.0,0.0,290.578125,76.989501953125,2.365234375,0.0,17.428125000000023
2007-03-07 14:00:00+00:00,0.0,0.0,290.375,76.1318359375,2.048828125,0.0,17.225000000000023
2007-03-07 15:00:00+00:00,0.0,0.0,290.109375,75.0198974609375,1.6015625,0.0,16.959375000000023
2007-03-07 16:00:00+00:00,0.0,0.0,289.765625,75.184326171875,2.31640625,0.0,16.615625000000023
2007-03-07 17:00:00+00:00,0.0,0.0,289.390625,74.57135009765625,2.984375,0.0,16.240625000000023
2007-03-07 18:00:00+00:00,0.0,0.0,288.578125,80.33160400390625,2.634765625,0.0,15.428125000000023
2007-03-07 19:00:00+00:00,0.0,0.0,289.078125,81.17822265625,2.626953125,0.0,15.928125000000023
2007-03-07 20:00:00+00:00,1.9765625,18.8203125,288.78125,87.434814453125,3.4453125,20.796875,15.631250000000023
2007-03-07 21:00:00+00:00,95.8984375,92.7890625,289.40625,69.61822509765625,3.119140625,188.6875,16.256250000000023
2007-03-07 22:00:00+00:00,313.046875,106.984375,290.109375,65.89215087890625,4.08203125,420.03125,16.959375000000023
2007-03-07 23:00:00+00:00,324.81640625,209.90234375,290.515625,65.1326904296875,4.818359375,534.71875,17.365625000000023
2007-03-08 00:00:00+00:00,152.28125,304.8125,291.234375,61.08636474609375,5.330078125,457.09375,18.084375000000023
2007-03-08 01:00:00+00:00,330.8828125,330.7578125,290.9375,64.84283447265625,5.8203125,661.640625,17.787500000000023
2007-03-08 02:00:00+00:00,323.90625,285.4375,291.71875,59.09234619140625,6.17578125,609.34375,18.568750000000023
2007-03-08 03:00:00+00:00,620.578125,182.5625,292.125,54.70794677734375,6.732421875,803.140625,18.975000000000023
2007-03-08 04:00:00+00:00,698.6875,79.84375,292.546875,49.4501953125,7.271484375,778.53125,19.396875000000023
2007-03-08 05:00:00+00:00,585.67578125,48.01171875,292.296875,48.9239501953125,7.263671875,633.6875,19.146875000000023
2007-03-08 06:00:00+00:00,297.3125,56.5,291.671875,49.90679931640625,6.98046875,353.8125,18.521875000000023
2007-03-08 07:00:00+00:00,159.31640625,46.29296875,290.828125,53.05023193359375,6.435546875,205.609375,17.678125000000023
2007-03-08 08:00:00+00:00,28.44140625,6.88671875,290.09375,55.18896484375,5.802734375,35.328125,16.943750000000023
2007-03-08 09:00:00+00:00,0.0,0.0,289.40625,56.36541748046875,5.25,0.0,16.256250000000023
2007-03-08 10:00:00+00:00,0.0,0.0,289.078125,55.0220947265625,4.59765625,0.0,15.928125000000023
2007-03-08 11:00:00+00:00,0.0,0.0,288.8125,55.54815673828125,4.3125,0.0,15.662500000000023
2007-03-08 12:00:00+00:00,0.0,0.0,288.203125,61.36749267578125,4.13671875,0.0,15.053125000000023
2007-03-08 13:00:00+00:00,0.0,0.0,287.859375,66.5308837890625,3.810546875,0.0,14.709375000000023
2007-03-08 14:00:00+00:00,0.0,0.0,287.5,70.92730712890625,3.482421875,0.0,14.350000000000023
2007-03-08 15:00:00+00:00,0.0,0.0,287.71875,69.79913330078125,2.8828125,0.0,14.568750000000023
2007-03-08 16:00:00+00:00,0.0,0.0,287.796875,71.34332275390625,2.23046875,0.0,14.646875000000023
2007-03-08 17:00:00+00:00,0.0,0.0,287.859375,71.417236328125,1.3359375,0.0,14.709375000000023
2007-03-08 18:00:00+00:00,0.0,0.0,287.96875,70.549072265625,1.625,0.0,14.818750000000023
2007-03-08 19:00:00+00:00,0.0,0.0,286.90625,75.4354248046875,1.5703125,0.0,13.756250000000023
2007-03-08 20:00:00+00:00,8.44140625,20.62109375,286.234375,78.61767578125,1.220703125,29.0625,13.084375000000023
2007-03-08 21:00:00+00:00,6.765625,82.515625,287.796875,71.509033203125,1.482421875,89.28125,14.646875000000023
2007-03-08 22:00:00+00:00,84.44921875,188.66015625,288.28125,68.7164306640625,2.25390625,273.109375,15.131250000000023
2007-03-08 23:00:00+00:00,314.2734375,209.6640625,288.984375,65.818603515625,2.498046875,523.9375,15.834375000000023
2007-03-09 00:00:00+00:00,511.78125,194.421875,290.140625,61.19915771484375,2.44140625,706.203125,16.990625000000023
2007-03-09 01:00:00+00:00,752.40234375,110.81640625,291.5625,55.27996826171875,2.53515625,863.21875,18.412500000000023
2007-03-09 02:00:00+00:00,818.75,76.46875,292.984375,50.0838623046875,3.005859375,895.21875,19.834375000000023
2007-03-09 03:00:00+00:00,781.02734375,77.20703125,295.125,45.7957763671875,4.009765625,858.234375,21.975000000000023
2007-03-09 04:00:00+00:00,677.22265625,78.57421875,295.84375,43.536376953125,4.291015625,755.796875,22.693750000000023
2007-03-09 05:00:00+00:00,540.4140625,65.5078125,296.359375,41.87762451171875,4.26171875,605.921875,23.209375000000023
2007-03-09 06:00:00+00:00,388.9765625,41.0546875,296.453125,41.91070556640625,4.091796875,430.03125,23.303125000000023
2007-03-09 07:00:00+00:00,196.25,22.171875,295.9375,44.69512939453125,4.048828125,218.421875,22.787500000000023
2007-03-09 08:00:00+00:00,32.70703125,1.65234375,294.859375,49.22357177734375,4.162109375,34.359375,21.709375000000023
2007-03-09 09:00:00+00:00,0.0,0.0,292.40625,63.192626953125,4.595703125,0.0,19.256250000000023
2007-03-09 10:00:00+00:00,0.0,0.0,291.359375,70.35986328125,4.11328125,0.0,18.209375000000023
2007-03-09 11:00:00+00:00,0.0,0.0,290.6875,76.48046875,3.55078125,0.0,17.537500000000023
2007-03-09 12:00:00+00:00,0.0,0.0,290.328125,79.108154296875,2.759765625,0.0,17.178125000000023
2007-03-09 13:00:00+00:00,0.0,0.0,289.65625,78.92083740234375,2.59375,0.0,16.506250000000023
2007-03-09 14:00:00+00:00,0.0,0.0,289.0625,75.6436767578125,2.796875,0.0,15.912500000000023
2007-03-09 15:00:00+00:00,0.0,0.0,288.09375,79.015625,2.794921875,0.0,14.943750000000023
2007-03-09 16:00:00+00:00,0.0,0.0,287.21875,83.41778564453125,2.056640625,0.0,14.068750000000023
2007-03-09 17:00:00+00:00,0.0,0.0,286.484375,87.4742431640625,1.73828125,0.0,13.334375000000023
2007-03-09 18:00:00+00:00,0.0,0.0,285.984375,90.83984375,1.810546875,0.0,12.834375000000023
2007-03-09 19:00:00+00:00,0.0,0.0,285.453125,93.81268310546875,1.638671875,0.0,12.303125000000023
2007-03-09 20:00:00+00:00,13.13671875,20.20703125,285.0625,96.2421875,1.572265625,33.34375,11.912500000000023
2007-03-09 21:00:00+00:00,121.0703125,77.1015625,285.734375,96.29595947265625,1.77734375,198.171875,12.584375000000023
2007-03-09 22:00:00+00:00,222.21484375,130.16015625,286.90625,93.7896728515625,1.484375,352.375,13.756250000000023
2007-03-09 23:00:00+00:00,483.6640625,128.8046875,288.046875,88.21942138671875,1.392578125,612.46875,14.896875000000023
2007-03-10 00:00:00+00:00,681.49609375,89.37890625,290.3125,77.42535400390625,1.775390625,770.875,17.162500000000023
2007-03-10 01:00:00+00:00,789.1875,79.203125,293.703125,60.36376953125,1.4140625,868.390625,20.553125000000023
2007-03-10 02:00:00+00:00,832.046875,71.734375,296.875,42.90191650390625,1.46875,903.78125,23.725000000000023
2007-03-10 03:00:00+00:00,806.546875,63.109375,300.1875,32.66748046875,1.318359375,869.65625,27.037500000000023
2007-03-10 04:00:00+00:00,720.9140625,53.6796875,301.5,26.97235107421875,0.419921875,774.59375,28.350000000000023
2007-03-10 05:00:00+00:00,581.22265625,43.77734375,302.1875,24.5594482421875,0.224609375,625.0,29.037500000000023
2007-03-10 06:00:00+00:00,400.44921875,33.05078125,303.265625,22.0958251953125,1.53515625,433.5,30.115625000000023
2007-03-10 07:00:00+00:00,199.5234375,19.3359375,303.5,22.15045166015625,2.314453125,218.859375,30.350000000000023
2007-03-10 08:00:00+00:00,32.66796875,0.58203125,302.125,25.2354736328125,2.751953125,33.25,28.975000000000023
2007-03-10 09:00:00+00:00,0.0,0.0,299.953125,26.46630859375,2.3125,0.0,26.803125000000023
2007-03-10 10:00:00+00:00,0.0,0.0,299.203125,28.9619140625,2.720703125,0.0,26.053125000000023
2007-03-10 11:00:00+00:00,0.0,0.0,298.515625,31.99310302734375,3.181640625,0.0,25.365625000000023
2007-03-10 12:00:00+00:00,0.0,0.0,297.359375,35.50518798828125,2.724609375,0.0,24.209375000000023
2007-03-10 13:00:00+00:00,0.0,0.0,296.984375,34.12188720703125,2.1328125,0.0,23.834375000000023
2007-03-10 14:00:00+00:00,0.0,0.0,296.953125,33.4241943359375,2.59375,0.0,23.803125000000023
2007-03-10 15:00:00+00:00,0.0,0.0,296.046875,32.90753173828125,3.0,0.0,22.896875000000023
2007-03-10 16:00:00+00:00,0.0,0.0,295.796875,26.4639892578125,3.287109375,0.0,22.646875000000023
2007-03-10 17:00:00+00:00,0.0,0.0,296.0,24.23193359375,3.8515625,0.0,22.850000000000023
2007-03-10 18:00:00+00:00,0.0,0.0,295.640625,23.61090087890625,3.322265625,0.0,22.490625000000023
2007-03-10 19:00:00+00:00,0.0,0.0,293.71875,43.60064697265625,5.03125,0.0,20.568750000000023
2007-03-10 20:00:00+00:00,7.0546875,20.4140625,291.421875,70.95721435546875,4.912109375,27.46875,18.271875000000023
2007-03-10 21:00:00+00:00,106.078125,81.5625,290.984375,77.23876953125,4.515625,187.640625,17.834375000000023
2007-03-10 22:00:00+00:00,186.99609375,140.33203125,291.140625,77.08074951171875,4.845703125,327.328125,17.990625000000023
2007-03-10 23:00:00+00:00,302.0078125,195.4140625,291.890625,68.316162109375,5.240234375,497.421875,18.740625000000023
2007-03-11 00:00:00+00:00,284.87109375,207.59765625,292.6875,63.8114013671875,5.056640625,492.46875,19.537500000000023
2007-03-11 01:00:00+00:00,408.25,303.25,293.515625,60.6417236328125,4.58984375,711.5,20.365625000000023
2007-03-11 02:00:00+00:00,104.921875,288.203125,294.6875,57.31231689453125,3.939453125,393.125,21.537500000000023
2007-03-11 03:00:00+00:00,483.0390625,281.1640625,293.625,60.1278076171875,6.2421875,764.203125,20.475000000000023
2007-03-11 04:00:00+00:00,510.0859375,130.4609375,294.5,54.73663330078125,7.1015625,640.546875,21.350000000000023
2007-03-11 05:00:00+00:00,336.03515625,152.71484375,294.015625,59.93994140625,7.939453125,488.75,20.865625000000023
2007-03-11 06:00:00+00:00,124.82421875,125.20703125,293.390625,59.3671875,8.25390625,250.03125,20.240625000000023
2007-03-11 07:00:00+00:00,147.6484375,55.8359375,292.171875,64.4630126953125,7.837890625,203.484375,19.021875000000023
2007-03-11 08:00:00+00:00,25.83984375,2.34765625,291.421875,66.5257568359375,7.361328125,28.1875,18.271875000000023
2007-03-11 09:00:00+00:00,0.0,0.0,290.09375,71.72418212890625,6.755859375,0.0,16.943750000000023
2007-03-11 10:00:00+00:00,0.0,0.0,289.734375,72.59100341796875,6.01171875,0.0,16.584375000000023
2007-03-11 11:00:00+00:00,0.0,0.0,289.421875,73.77978515625,5.73828125,0.0,16.271875000000023
2007-03-11 12:00:00+00:00,0.0,0.0,289.296875,72.89666748046875,5.427734375,0.0,16.146875000000023
2007-03-11 13:00:00+00:00,0.0,0.0,289.0,71.88116455078125,5.0703125,0.0,15.850000000000023
2007-03-11 14:00:00+00:00,0.0,0.0,288.8125,70.8677978515625,4.86328125,0.0,15.662500000000023
2007-03-11 15:00:00+00:00,0.0,0.0,288.734375,69.49053955078125,4.29296875,0.0,15.584375000000023
2007-03-11 16:00:00+00:00,0.0,0.0,288.34375,67.46099853515625,3.953125,0.0,15.193750000000023
2007-03-11 17:00:00+00:00,0.0,0.0,287.828125,67.51727294921875,4.12890625,0.0,14.678125000000023
2007-03-11 18:00:00+00:00,0.0,0.0,287.484375,68.506103515625,4.1875,0.0,14.334375000000023
2007-03-11 19:00:00+00:00,0.0,0.0,287.65625,65.46929931640625,4.6875,0.0,14.506250000000023
2007-03-11 20:00:00+00:00,2.4765625,15.6953125,287.5,65.267333984375,4.630859375,18.171875,14.350000000000023
2007-03-11 21:00:00+00:00,9.95703125,79.32421875,287.578125,63.79736328125,5.009765625,89.28125,14.428125000000023
2007-03-11 22:00:00+00:00,246.91796875,137.44140625,288.1875,63.188232421875,5.64453125,384.359375,15.037500000000023
2007-03-11 23:00:00+00:00,474.06640625,109.43359375,289.328125,57.833740234375,6.12890625,583.5,16.178125000000023
2007-03-12 00:00:00+00:00,441.5234375,140.7890625,290.453125,52.13665771484375,5.830078125,582.3125,17.303125000000023
2007-03-12 01:00:00+00:00,640.96484375,169.14453125,291.21875,48.7037353515625,5.5625,810.109375,18.068750000000023
2007-03-12 02:00:00+00:00,592.9921875,193.5234375,291.984375,46.860595703125,5.6640625,786.515625,18.834375000000023
2007-03-12 03:00:00+00:00,612.41015625,174.79296875,292.53125,43.786865234375,5.931640625,787.203125,19.381250000000023
2007-03-12 04:00:00+00:00,617.51171875,117.62890625,292.84375,42.790771484375,6.328125,735.140625,19.693750000000023
2007-03-12 05:00:00+00:00,532.77734375,68.39453125,292.78125,42.62872314453125,6.412109375,601.171875,19.631250000000023
2007-03-12 06:00:00+00:00,359.1640625,47.8671875,292.25,44.87689208984375,6.291015625,407.03125,19.100000000000023
2007-03-12 07:00:00+00:00,165.5078125,27.9140625,291.25,50.024169921875,6.044921875,193.421875,18.100000000000023
2007-03-12 08:00:00+00:00,23.65234375,3.26953125,290.296875,53.17193603515625,5.484375,26.921875,17.146875000000023
2007-03-12 09:00:00+00:00,0.0,0.0,289.484375,56.85296630859375,4.953125,0.0,16.334375000000023
2007-03-12 10:00:00+00:00,0.0,0.0,289.046875,58.87841796875,4.33203125,0.0,15.896875000000023
2007-03-12 11:00:00+00:00,0.0,0.0,288.0625,63.8695068359375,3.400390625,0.0,14.912500000000023
2007-03-12 12:00:00+00:00,0.0,0.0,287.3125,67.5045166015625,2.474609375,0.0,14.162500000000023
2007-03-12 13:00:00+00:00,0.0,0.0,286.171875,72.38336181640625,2.099609375,0.0,13.021875000000023
2007-03-12 14:00:00+00:00,0.0,0.0,285.46875,75.18743896484375,1.658203125,0.0,12.318750000000023
2007-03-12 15:00:00+00:00,0.0,0.0,284.984375,76.98956298828125,1.71875,0.0,11.834375000000023
2007-03-12 16:00:00+00:00,0.0,0.0,284.6875,78.9000244140625,2.107421875,0.0,11.537500000000023
2007-03-12 17:00:00+00:00,0.0,0.0,284.453125,81.1610107421875,2.396484375,0.0,11.303125000000023
2007-03-12 18:00:00+00:00,0.0,0.0,284.3125,83.8525390625,2.572265625,0.0,11.162500000000023
2007-03-12 19:00:00+00:00,0.0,0.0,284.0,88.07440185546875,2.1796875,0.0,10.850000000000023
2007-03-12 20:00:00+00:00,10.5078125,17.9609375,283.421875,92.46942138671875,1.650390625,28.46875,10.271875000000023
2007-03-12 21:00:00+00:00,144.5,64.9375,284.515625,87.775390625,1.716796875,209.4375,11.365625000000023
2007-03-12 22:00:00+00:00,338.12890625,82.93359375,286.53125,80.31329345703125,1.859375,421.0625,13.381250000000023
2007-03-12 23:00:00+00:00,529.40234375,85.73828125,289.09375,69.9176025390625,2.298828125,615.140625,15.943750000000023
2007-03-13 00:00:00+00:00,665.609375,89.875,291.046875,57.96234130859375,2.51171875,755.484375,17.896875000000023
2007-03-13 01:00:00+00:00,774.15234375,80.76953125,292.609375,50.75994873046875,2.59765625,854.921875,19.459375000000023
2007-03-13 02:00:00+00:00,815.93359375,71.17578125,294.0,44.88946533203125,3.185546875,887.109375,20.850000000000023
2007-03-13 03:00:00+00:00,792.79296875,62.48828125,295.0,42.9072265625,4.345703125,855.28125,21.850000000000023
2007-03-13 04:00:00+00:00,704.94140625,53.10546875,295.3125,43.94134521484375,4.587890625,758.046875,22.162500000000023
2007-03-13 05:00:00+00:00,565.03515625,43.41796875,295.6875,41.64501953125,4.56640625,608.453125,22.537500000000023
2007-03-13 06:00:00+00:00,385.03515625,32.46484375,295.65625,39.58721923828125,4.767578125,417.5,22.506250000000023
2007-03-13 07:00:00+00:00,185.7734375,18.2109375,294.890625,40.4132080078125,4.927734375,203.984375,21.740625000000023
2007-03-13 08:00:00+00:00,25.66015625,0.55859375,292.8125,48.16741943359375,4.90625,26.21875,19.662500000000023
2007-03-13 09:00:00+00:00,0.0,0.0,290.296875,60.88177490234375,4.09765625,0.0,17.146875000000023
2007-03-13 10:00:00+00:00,0.0,0.0,289.09375,69.14410400390625,3.71484375,0.0,15.943750000000023
2007-03-13 11:00:00+00:00,0.0,0.0,288.375,75.99102783203125,2.892578125,0.0,15.225000000000023
2007-03-13 12:00:00+00:00,0.0,0.0,288.234375,77.544189453125,2.400390625,0.0,15.084375000000023
2007-03-13 13:00:00+00:00,0.0,0.0,287.8125,79.9393310546875,1.943359375,0.0,14.662500000000023
2007-03-13 14:00:00+00:00,0.0,0.0,287.5625,81.67791748046875,1.53125,0.0,14.412500000000023
2007-03-13 15:00:00+00:00,0.0,0.0,285.9375,87.61962890625,1.076171875,0.0,12.787500000000023
2007-03-13 16:00:00+00:00,0.0,0.0,285.34375,91.2078857421875,0.884765625,0.0,12.193750000000023
2007-03-13 17:00:00+00:00,0.0,0.0,285.171875,92.43359375,0.71875,0.0,12.021875000000023
2007-03-13 18:00:00+00:00,0.0,0.0,284.6875,95.07550048828125,0.76953125,0.0,11.537500000000023
2007-03-13 19:00:00+00:00,0.0,0.0,285.046875,93.384521484375,0.875,0.0,11.896875000000023
2007-03-13 20:00:00+00:00,0.39453125,16.38671875,285.53125,90.137451171875,0.919921875,16.78125,12.381250000000023
2007-03-13 21:00:00+00:00,142.3125,65.4375,284.5,92.4031982421875,0.814453125,207.75,11.350000000000023
2007-03-13 22:00:00+00:00,343.328125,79.140625,286.015625,87.6759033203125,0.197265625,422.46875,12.865625000000023
2007-03-13 23:00:00+00:00,531.3359375,83.1953125,288.25,76.0330810546875,0.19921875,614.53125,15.100000000000023
2007-03-14 00:00:00+00:00,677.2109375,80.2890625,289.390625,71.023193359375,0.228515625,757.5,16.240625000000023
2007-03-14 01:00:00+00:00,773.9921875,76.2734375,290.71875,65.7601318359375,0.380859375,850.265625,17.568750000000023
2007-03-14 02:00:00+00:00,813.8203125,69.6015625,292.546875,58.81817626953125,0.41015625,883.421875,19.396875000000023
2007-03-14 03:00:00+00:00,790.27734375,60.53515625,295.671875,46.16552734375,0.03125,850.8125,22.521875000000023
2007-03-14 04:00:00+00:00,703.94140625,50.83984375,297.953125,39.828125,0.625,754.78125,24.803125000000023
2007-03-14 05:00:00+00:00,563.203125,40.875,300.4375,31.6649169921875,1.1015625,604.078125,27.287500000000023
2007-03-14 06:00:00+00:00,379.33984375,30.30078125,301.734375,27.3656005859375,1.42578125,409.640625,28.584375000000023
2007-03-14 07:00:00+00:00,179.0078125,16.9765625,302.28125,25.69378662109375,2.0546875,195.984375,29.131250000000023
2007-03-14 08:00:00+00:00,22.7109375,0.6171875,301.046875,26.95806884765625,3.275390625,23.328125,27.896875000000023
2007-03-14 09:00:00+00:00,0.0,0.0,297.4375,43.36004638671875,3.458984375,0.0,24.287500000000023
2007-03-14 10:00:00+00:00,0.0,0.0,295.34375,50.31134033203125,2.572265625,0.0,22.193750000000023
2007-03-14 11:00:00+00:00,0.0,0.0,294.015625,54.3175048828125,2.033203125,0.0,20.865625000000023
2007-03-14 12:00:00+00:00,0.0,0.0,293.125,55.07769775390625,1.166015625,0.0,19.975000000000023
2007-03-14 13:00:00+00:00,0.0,0.0,293.296875,54.55828857421875,1.1875,0.0,20.146875000000023
2007-03-14 14:00:00+00:00,0.0,0.0,292.28125,60.14068603515625,0.755859375,0.0,19.131250000000023
2007-03-14 15:00:00+00:00,0.0,0.0,291.484375,70.38922119140625,1.0625,0.0,18.334375000000023
2007-03-14 16:00:00+00:00,0.0,0.0,291.3125,69.1806640625,1.3125,0.0,18.162500000000023
2007-03-14 17:00:00+00:00,0.0,0.0,290.921875,69.4053955078125,1.625,0.0,17.771875000000023
2007-03-14 18:00:00+00:00,0.0,0.0,290.859375,66.672607421875,1.943359375,0.0,17.709375000000023
2007-03-14 19:00:00+00:00,0.0,0.0,291.03125,58.673583984375,2.365234375,0.0,17.881250000000023
2007-03-14 20:00:00+00:00,7.8203125,16.8671875,290.796875,50.6297607421875,2.826171875,24.6875,17.646875000000023
2007-03-14 21:00:00+00:00,130.578125,67.140625,291.859375,51.13177490234375,3.16015625,197.71875,18.709375000000023
2007-03-14 22:00:00+00:00,324.44140625,84.30859375,294.078125,42.67474365234375,3.880859375,408.75,20.928125000000023
2007-03-14 23:00:00+00:00,507.4296875,90.5859375,297.59375,30.3709716796875,4.900390625,598.015625,24.443750000000023
2007-03-15 00:00:00+00:00,646.60546875,89.75390625,300.65625,23.30865478515625,6.078125,736.359375,27.506250000000023
2007-03-15 01:00:00+00:00,723.5546875,89.2890625,302.5,25.9105224609375,6.66796875,812.84375,29.350000000000023
2007-03-15 02:00:00+00:00,744.3046875,92.8203125,303.921875,29.3751220703125,6.55859375,837.125,30.771875000000023
2007-03-15 03:00:00+00:00,264.234375,7.296875,306.625,25.24029541015625,6.611328125,271.53125,33.47500000000002
2007-03-15 04:00:00+00:00,467.703125,197.0,306.578125,23.56378173828125,5.388671875,664.703125,33.42812500000002
2007-03-15 05:00:00+00:00,148.6796875,107.9140625,308.71875,19.990234375,5.267578125,256.59375,35.56875000000002
2007-03-15 06:00:00+00:00,58.33203125,165.24609375,307.890625,20.6881103515625,4.595703125,223.578125,34.74062500000002
2007-03-15 07:00:00+00:00,4.328125,69.546875,307.609375,20.35015869140625,4.5390625,73.875,34.45937500000002
2007-03-15 08:00:00+00:00,0.0,6.53125,305.90625,23.48114013671875,3.55859375,6.53125,32.75625000000002
2007-03-15 09:00:00+00:00,0.0,0.0,301.0,48.77154541015625,1.39453125,0.0,27.850000000000023
2007-03-15 10:00:00+00:00,0.0,0.0,299.15625,49.444091796875,1.689453125,0.0,26.006250000000023
2007-03-15 11:00:00+00:00,0.0,0.0,298.140625,48.285400390625,1.68359375,0.0,24.990625000000023
2007-03-15 12:00:00+00:00,0.0,0.0,297.546875,53.50103759765625,1.8125,0.0,24.396875000000023
2007-03-15 13:00:00+00:00,0.0,0.0,296.703125,59.91302490234375,1.7421875,0.0,23.553125000000023
2007-03-15 14:00:00+00:00,0.0,0.0,294.875,59.58599853515625,2.67578125,0.0,21.725000000000023
2007-03-15 15:00:00+00:00,0.0,0.0,298.40625,58.623779296875,3.228515625,0.0,25.256250000000023
2007-03-15 16:00:00+00:00,0.0,0.0,298.421875,59.7275390625,3.10546875,0.0,25.271875000000023
2007-03-15 17:00:00+00:00,0.0,0.0,298.296875,64.04119873046875,4.4609375,0.0,25.146875000000023
2007-03-15 18:00:00+00:00,0.0,0.0,295.890625,69.6744384765625,3.73828125,0.0,22.740625000000023
2007-03-15 19:00:00+00:00,0.0,0.0,293.421875,72.35205078125,1.875,0.0,20.271875000000023
2007-03-15 20:00:00+00:00,0.0,1.328125,293.21875,80.02459716796875,2.03125,1.328125,20.068750000000023
2007-03-15 21:00:00+00:00,0.0,35.296875,293.265625,86.52044677734375,3.162109375,35.296875,20.115625000000023
2007-03-15 22:00:00+00:00,57.3359375,105.8359375,294.171875,86.468017578125,4.123046875,163.171875,21.021875000000023
2007-03-15 23:00:00+00:00,306.6953125,178.4140625,295.515625,81.13848876953125,3.1640625,485.109375,22.365625000000023
2007-03-16 00:00:00+00:00,408.0703125,162.3046875,296.0,75.19903564453125,5.4765625,570.375,22.850000000000023
2007-03-16 01:00:00+00:00,108.5703125,325.7578125,294.65625,73.7091064453125,5.5078125,434.328125,21.506250000000023
2007-03-16 02:00:00+00:00,65.6328125,307.0390625,294.1875,76.9010009765625,4.701171875,372.671875,21.037500000000023
2007-03-16 03:00:00+00:00,2.74609375,113.06640625,292.625,86.20745849609375,5.255859375,115.8125,19.475000000000023
2007-03-16 04:00:00+00:00,88.9765625,343.8203125,292.21875,81.84027099609375,5.212890625,432.796875,19.068750000000023
2007-03-16 05:00:00+00:00,34.9296875,173.4453125,293.09375,72.96124267578125,5.0703125,208.375,19.943750000000023
2007-03-16 06:00:00+00:00,11.2734375,80.3359375,292.78125,72.18060302734375,4.98046875,91.609375,19.631250000000023
2007-03-16 07:00:00+00:00,46.71875,75.15625,292.34375,73.5362548828125,4.611328125,121.875,19.193750000000023
2007-03-16 08:00:00+00:00,2.109375,3.265625,292.0,72.0025634765625,4.173828125,5.375,18.850000000000023
2007-03-16 09:00:00+00:00,0.0,0.0,291.203125,76.7723388671875,3.97265625,0.0,18.053125000000023
2007-03-16 10:00:00+00:00,0.0,0.0,290.59375,78.6004638671875,3.419921875,0.0,17.443750000000023
2007-03-16 11:00:00+00:00,0.0,0.0,290.3125,78.441162109375,2.640625,0.0,17.162500000000023
2007-03-16 12:00:00+00:00,0.0,0.0,289.984375,78.11334228515625,2.125,0.0,16.834375000000023
2007-03-16 13:00:00+00:00,0.0,0.0,289.5625,78.68341064453125,1.97265625,0.0,16.412500000000023
2007-03-16 14:00:00+00:00,0.0,0.0,289.390625,77.04473876953125,1.8984375,0.0,16.240625000000023
2007-03-16 15:00:00+00:00,0.0,0.0,288.546875,75.8477783203125,1.857421875,0.0,15.396875000000023
2007-03-16 16:00:00+00:00,0.0,0.0,288.21875,76.2989501953125,2.072265625,0.0,15.068750000000023
2007-03-16 17:00:00+00:00,0.0,0.0,288.71875,75.85174560546875,2.318359375,0.0,15.568750000000023
2007-03-16 18:00:00+00:00,0.0,0.0,288.6875,73.9656982421875,2.373046875,0.0,15.537500000000023
2007-03-16 19:00:00+00:00,0.0,0.0,288.875,71.36865234375,2.609375,0.0,15.725000000000023
2007-03-16 20:00:00+00:00,1.5,11.578125,288.265625,74.374267578125,2.869140625,13.078125,15.115625000000023
2007-03-16 21:00:00+00:00,34.33984375,80.26953125,288.515625,75.6334228515625,3.2265625,114.609375,15.365625000000023
2007-03-16 22:00:00+00:00,197.0,138.203125,289.046875,73.826904296875,3.552734375,335.203125,15.896875000000023
2007-03-16 23:00:00+00:00,184.6171875,178.5703125,289.75,68.96356201171875,4.201171875,363.1875,16.600000000000023
2007-03-17 00:00:00+00:00,144.0546875,275.4453125,289.671875,74.1871337890625,4.939453125,419.5,16.521875000000023
2007-03-17 01:00:00+00:00,284.5390625,341.2734375,290.078125,71.14898681640625,5.349609375,625.8125,16.928125000000023
2007-03-17 02:00:00+00:00,694.0,153.578125,291.484375,54.7723388671875,5.1328125,847.578125,18.334375000000023
2007-03-17 03:00:00+00:00,679.6328125,98.6328125,292.34375,47.322509765625,5.86328125,778.265625,19.193750000000023
2007-03-17 04:00:00+00:00,566.90234375,112.76953125,292.34375,46.88043212890625,5.876953125,679.671875,19.193750000000023
2007-03-17 05:00:00+00:00,441.28125,96.53125,292.359375,47.34222412109375,5.84375,537.8125,19.209375000000023
2007-03-17 06:00:00+00:00,290.59765625,62.41796875,292.125,48.343505859375,5.359375,353.015625,18.975000000000023
2007-03-17 07:00:00+00:00,108.4765625,45.3203125,291.546875,48.57891845703125,5.361328125,153.796875,18.396875000000023
2007-03-17 08:00:00+00:00,4.046875,5.3125,290.765625,49.51318359375,4.857421875,9.359375,17.615625000000023
2007-03-17 09:00:00+00:00,0.0,0.0,290.0,53.0538330078125,4.39453125,0.0,16.850000000000023
2007-03-17 10:00:00+00:00,0.0,0.0,289.453125,57.4423828125,3.849609375,0.0,16.303125000000023
2007-03-17 11:00:00+00:00,0.0,0.0,289.0625,59.548828125,3.17578125,0.0,15.912500000000023
2007-03-17 12:00:00+00:00,0.0,0.0,289.0,59.942626953125,2.640625,0.0,15.850000000000023
2007-03-17 13:00:00+00:00,0.0,0.0,288.5,64.30279541015625,2.51953125,0.0,15.350000000000023
2007-03-17 14:00:00+00:00,0.0,0.0,287.734375,67.33209228515625,2.3828125,0.0,14.584375000000023
2007-03-17 15:00:00+00:00,0.0,0.0,286.859375,68.4659423828125,1.732421875,0.0,13.709375000000023
2007-03-17 16:00:00+00:00,0.0,0.0,285.984375,71.27215576171875,1.392578125,0.0,12.834375000000023
2007-03-17 17:00:00+00:00,0.0,0.0,285.421875,73.4766845703125,1.171875,0.0,12.271875000000023
2007-03-17 18:00:00+00:00,0.0,0.0,285.078125,74.93975830078125,1.119140625,0.0,11.928125000000023
2007-03-17 19:00:00+00:00,0.0,0.0,284.75,76.39056396484375,1.23046875,0.0,11.600000000000023
2007-03-17 20:00:00+00:00,6.203125,13.953125,284.875,76.679443359375,1.345703125,20.15625,11.725000000000023
2007-03-17 21:00:00+00:00,102.4609375,72.6484375,284.359375,75.7529296875,1.318359375,175.109375,11.209375000000023
2007-03-17 22:00:00+00:00,275.68359375,101.01953125,285.484375,73.933349609375,1.833984375,376.703125,12.334375000000023
2007-03-17 23:00:00+00:00,406.15234375,119.70703125,286.96875,69.942626953125,2.369140625,525.859375,13.818750000000023
2007-03-18 00:00:00+00:00,566.546875,135.578125,288.1875,64.68218994140625,2.525390625,702.125,15.037500000000023
2007-03-18 01:00:00+00:00,711.8046875,109.0390625,289.578125,58.27850341796875,2.916015625,820.84375,16.428125000000023
2007-03-18 02:00:00+00:00,749.0,95.890625,290.828125,52.82952880859375,3.14453125,844.890625,17.678125000000023
2007-03-18 03:00:00+00:00,734.01171875,81.98828125,292.40625,48.4876708984375,3.078125,816.0,19.256250000000023
2007-03-18 04:00:00+00:00,671.74609375,56.30078125,293.390625,46.4017333984375,2.8671875,728.046875,20.240625000000023
2007-03-18 05:00:00+00:00,535.3046875,41.3828125,294.203125,45.33880615234375,2.640625,576.6875,21.053125000000023
2007-03-18 06:00:00+00:00,354.3203125,30.4609375,294.609375,45.5164794921875,2.90625,384.78125,21.459375000000023
2007-03-18 07:00:00+00:00,158.3203125,15.5546875,294.28125,47.24798583984375,3.5,173.875,21.131250000000023
2007-03-18 08:00:00+00:00,14.328125,0.90625,292.59375,52.06549072265625,3.916015625,15.234375,19.443750000000023
2007-03-18 09:00:00+00:00,0.0,0.0,290.15625,58.64886474609375,4.583984375,0.0,17.006250000000023
2007-03-18 10:00:00+00:00,0.0,0.0,289.015625,64.26275634765625,4.1796875,0.0,15.865625000000023
2007-03-18 11:00:00+00:00,0.0,0.0,288.40625,69.16943359375,3.794921875,0.0,15.256250000000023
2007-03-18 12:00:00+00:00,0.0,0.0,287.984375,72.52471923828125,3.3203125,0.0,14.834375000000023
2007-03-18 13:00:00+00:00,0.0,0.0,287.625,75.01007080078125,3.0234375,0.0,14.475000000000023
2007-03-18 14:00:00+00:00,0.0,0.0,287.28125,77.68035888671875,2.58984375,0.0,14.131250000000023
2007-03-18 15:00:00+00:00,0.0,0.0,286.65625,79.59857177734375,1.7890625,0.0,13.506250000000023
2007-03-18 16:00:00+00:00,0.0,0.0,286.515625,80.796630859375,1.376953125,0.0,13.365625000000023
2007-03-18 17:00:00+00:00,0.0,0.0,286.328125,82.25067138671875,1.337890625,0.0,13.178125000000023
2007-03-18 18:00:00+00:00,0.0,0.0,286.015625,84.18243408203125,0.912109375,0.0,12.865625000000023
2007-03-18 19:00:00+00:00,0.0,0.0,285.515625,86.666015625,0.8828125,0.0,12.365625000000023
2007-03-18 20:00:00+00:00,0.22265625,14.83984375,285.375,87.33819580078125,0.279296875,15.0625,12.225000000000023
2007-03-18 21:00:00+00:00,90.484375,78.328125,285.546875,85.95782470703125,0.71875,168.8125,12.396875000000023
2007-03-18 22:00:00+00:00,290.88671875,90.62890625,286.78125,80.02099609375,0.80078125,381.515625,13.631250000000023
2007-03-18 23:00:00+00:00,481.43359375,89.31640625,287.953125,75.22088623046875,0.962890625,570.75,14.803125000000023
2007-03-19 00:00:00+00:00,625.5859375,86.5546875,289.140625,70.87530517578125,1.265625,712.140625,15.990625000000023
2007-03-19 01:00:00+00:00,721.6640625,82.3046875,290.546875,66.54034423828125,1.5546875,803.96875,17.396875000000023
2007-03-19 02:00:00+00:00,760.00390625,74.76171875,292.046875,62.27899169921875,1.17578125,834.765625,18.896875000000023
2007-03-19 03:00:00+00:00,734.11328125,65.40234375,294.1875,57.318115234375,1.091796875,799.515625,21.037500000000023
2007-03-19 04:00:00+00:00,646.859375,55.578125,295.828125,53.1873779296875,2.21875,702.4375,22.678125000000023
2007-03-19 05:00:00+00:00,510.1953125,45.6640625,296.859375,49.30474853515625,3.205078125,555.859375,23.709375000000023
2007-03-19 06:00:00+00:00,334.6171875,34.0546875,296.828125,49.25054931640625,3.845703125,368.671875,23.678125000000023
2007-03-19 07:00:00+00:00,143.3203125,18.2578125,296.484375,51.4591064453125,3.421875,161.578125,23.334375000000023
2007-03-19 08:00:00+00:00,10.40625,1.9375,295.109375,58.1236572265625,3.8828125,12.34375,21.959375000000023
2007-03-19 09:00:00+00:00,0.0,0.0,292.609375,67.259765625,3.90234375,0.0,19.459375000000023
2007-03-19 10:00:00+00:00,0.0,0.0,291.15625,72.82537841796875,3.1875,0.0,18.006250000000023
2007-03-19 11:00:00+00:00,0.0,0.0,290.3125,76.86065673828125,2.76171875,0.0,17.162500000000023
2007-03-19 12:00:00+00:00,0.0,0.0,289.703125,79.638916015625,2.087890625,0.0,16.553125000000023
2007-03-19 13:00:00+00:00,0.0,0.0,289.15625,81.90185546875,1.173828125,0.0,16.006250000000023
2007-03-19 14:00:00+00:00,0.0,0.0,288.8125,83.412353515625,0.833984375,0.0,15.662500000000023
2007-03-19 15:00:00+00:00,0.0,0.0,290.1875,78.6212158203125,2.345703125,0.0,17.037500000000023
2007-03-19 16:00:00+00:00,0.0,0.0,290.671875,78.831787109375,3.171875,0.0,17.521875000000023
2007-03-19 17:00:00+00:00,0.0,0.0,290.203125,82.78424072265625,3.1328125,0.0,17.053125000000023
2007-03-19 18:00:00+00:00,0.0,0.0,289.984375,85.22418212890625,2.626953125,0.0,16.834375000000023
2007-03-19 19:00:00+00:00,0.0,0.0,290.0,86.736572265625,2.4375,0.0,16.850000000000023
2007-03-19 20:00:00+00:00,0.0,10.171875,290.1875,87.81085205078125,2.625,10.171875,17.037500000000023
2007-03-19 21:00:00+00:00,0.0,34.3125,290.265625,89.67694091796875,2.5546875,34.3125,17.115625000000023
2007-03-19 22:00:00+00:00,0.0,29.09375,290.359375,93.34033203125,2.375,29.09375,17.209375000000023
2007-03-19 23:00:00+00:00,0.71484375,195.62890625,290.4375,94.897705078125,2.0625,196.34375,17.287500000000023
2007-03-20 00:00:00+00:00,0.6875,92.078125,291.390625,91.97210693359375,2.291015625,92.765625,18.240625000000023
2007-03-20 01:00:00+00:00,41.171875,392.375,291.515625,91.6337890625,2.689453125,433.546875,18.365625000000023
2007-03-20 02:00:00+00:00,37.984375,341.328125,293.140625,83.7252197265625,2.84375,379.3125,19.990625000000023
2007-03-20 03:00:00+00:00,8.3828125,229.8359375,294.5,76.73431396484375,3.447265625,238.21875,21.350000000000023
2007-03-20 04:00:00+00:00,1.23046875,235.64453125,295.34375,72.8760986328125,3.130859375,236.875,22.193750000000023
2007-03-20 05:00:00+00:00,0.9765625,195.2265625,296.328125,67.47906494140625,2.732421875,196.203125,23.178125000000023
2007-03-20 06:00:00+00:00,0.109375,63.28125,296.921875,63.593994140625,2.421875,63.390625,23.771875000000023
2007-03-20 07:00:00+00:00,0.00390625,54.88671875,296.484375,63.9970703125,2.373046875,54.890625,23.334375000000023
2007-03-20 08:00:00+00:00,0.0,3.03125,296.53125,63.5859375,2.3515625,3.03125,23.381250000000023
2007-03-20 09:00:00+00:00,0.0,0.0,294.828125,73.505615234375,2.15625,0.0,21.678125000000023
2007-03-20 10:00:00+00:00,0.0,0.0,294.453125,77.1490478515625,2.380859375,0.0,21.303125000000023
2007-03-20 11:00:00+00:00,0.0,0.0,294.0625,80.94622802734375,2.392578125,0.0,20.912500000000023
2007-03-20 12:00:00+00:00,0.0,0.0,293.671875,84.56170654296875,2.771484375,0.0,20.521875000000023
2007-03-20 13:00:00+00:00,0.0,0.0,293.140625,86.808349609375,2.59375,0.0,19.990625000000023
2007-03-20 14:00:00+00:00,0.0,0.0,292.640625,87.8968505859375,2.166015625,0.0,19.490625000000023
2007-03-20 15:00:00+00:00,0.0,0.0,291.328125,90.377197265625,2.091796875,0.0,18.178125000000023
2007-03-20 16:00:00+00:00,0.0,0.0,290.921875,90.4774169921875,1.880859375,0.0,17.771875000000023
2007-03-20 17:00:00+00:00,0.0,0.0,290.546875,91.3353271484375,1.779296875,0.0,17.396875000000023
2007-03-20 18:00:00+00:00,0.0,0.0,290.1875,92.63525390625,1.705078125,0.0,17.037500000000023
2007-03-20 19:00:00+00:00,0.0,0.0,289.828125,94.069091796875,1.630859375,0.0,16.678125000000023
2007-03-20 20:00:00+00:00,3.01171875,12.00390625,289.546875,95.081298828125,1.658203125,15.015625,16.396875000000023
2007-03-20 21:00:00+00:00,94.734375,67.6875,289.5,97.9071044921875,1.294921875,162.421875,16.350000000000023
2007-03-20 22:00:00+00:00,212.6484375,111.6953125,290.484375,93.83966064453125,1.51171875,324.34375,17.334375000000023
2007-03-20 23:00:00+00:00,92.9296875,242.0546875,291.546875,87.1241455078125,1.490234375,334.984375,18.396875000000023
2007-03-21 00:00:00+00:00,88.95703125,368.57421875,292.484375,81.01544189453125,1.564453125,457.53125,19.334375000000023
2007-03-21 01:00:00+00:00,335.86328125,315.52734375,293.5,76.87841796875,1.58203125,651.390625,20.350000000000023
2007-03-21 02:00:00+00:00,571.2109375,188.1796875,294.53125,72.93646240234375,1.482421875,759.390625,21.381250000000023
2007-03-21 03:00:00+00:00,678.34375,90.765625,296.546875,64.5433349609375,1.345703125,769.109375,23.396875000000023
2007-03-21 04:00:00+00:00,607.265625,69.234375,297.578125,60.13787841796875,1.15625,676.5,24.428125000000023
2007-03-21 05:00:00+00:00,431.03515625,74.68359375,298.484375,56.68017578125,1.236328125,505.71875,25.334375000000023
2007-03-21 06:00:00+00:00,195.76953125,32.16796875,299.0,55.6761474609375,1.759765625,227.9375,25.850000000000023
2007-03-21 07:00:00+00:00,104.35546875,35.17578125,298.875,57.3304443359375,2.61328125,139.53125,25.725000000000023
2007-03-21 08:00:00+00:00,6.703125,2.578125,298.296875,59.43609619140625,3.82421875,9.28125,25.146875000000023
2007-03-21 09:00:00+00:00,0.0,0.0,295.59375,66.3983154296875,4.41796875,0.0,22.443750000000023
2007-03-21 10:00:00+00:00,0.0,0.0,294.015625,73.18402099609375,3.802734375,0.0,20.865625000000023
2007-03-21 11:00:00+00:00,0.0,0.0,293.3125,76.90582275390625,2.65234375,0.0,20.162500000000023
2007-03-21 12:00:00+00:00,0.0,0.0,292.71875,78.9949951171875,1.986328125,0.0,19.568750000000023
2007-03-21 13:00:00+00:00,0.0,0.0,291.921875,82.52435302734375,1.380859375,0.0,18.771875000000023
2007-03-21 14:00:00+00:00,0.0,0.0,291.28125,85.74639892578125,1.013671875,0.0,18.131250000000023
2007-03-21 15:00:00+00:00,0.0,0.0,291.015625,92.2384033203125,1.09375,0.0,17.865625000000023
2007-03-21 16:00:00+00:00,0.0,0.0,290.65625,93.4927978515625,1.1328125,0.0,17.506250000000023
2007-03-21 17:00:00+00:00,0.0,0.0,290.515625,94.1173095703125,1.162109375,0.0,17.365625000000023
2007-03-21 18:00:00+00:00,0.0,0.0,290.140625,94.7879638671875,1.09375,0.0,16.990625000000023
2007-03-21 19:00:00+00:00,0.0,0.0,289.8125,95.4718017578125,1.07421875,0.0,16.662500000000023
2007-03-21 20:00:00+00:00,3.2109375,11.4609375,289.328125,96.66424560546875,0.91015625,14.671875,16.178125000000023
2007-03-21 21:00:00+00:00,100.21875,62.53125,290.21875,97.1689453125,1.03125,162.75,17.068750000000023
2007-03-21 22:00:00+00:00,279.14453125,81.98046875,291.5625,91.71600341796875,0.939453125,361.125,18.412500000000023
2007-03-21 23:00:00+00:00,452.85546875,88.45703125,293.21875,84.4957275390625,1.146484375,541.3125,20.068750000000023
2007-03-22 00:00:00+00:00,591.34375,87.6875,295.640625,73.5865478515625,2.099609375,679.03125,22.490625000000023
2007-03-22 01:00:00+00:00,683.68359375,84.48828125,298.65625,59.487060546875,3.208984375,768.171875,25.506250000000023
2007-03-22 02:00:00+00:00,714.34375,78.109375,301.625,46.417724609375,4.326171875,792.453125,28.475000000000023
2007-03-22 03:00:00+00:00,602.9140625,75.4453125,303.953125,39.57086181640625,5.35546875,678.359375,30.803125000000023
2007-03-22 04:00:00+00:00,397.86328125,147.82421875,304.921875,34.83392333984375,5.177734375,545.6875,31.771875000000023
2007-03-22 05:00:00+00:00,187.12109375,194.26953125,304.703125,35.84918212890625,4.806640625,381.390625,31.553125000000023
2007-03-22 06:00:00+00:00,208.43359375,71.98828125,304.203125,37.35589599609375,4.13671875,280.421875,31.053125000000023
2007-03-22 07:00:00+00:00,26.5546875,33.2421875,303.8125,37.86053466796875,3.8046875,59.796875,30.662500000000023
2007-03-22 08:00:00+00:00,0.00390625,5.68359375,302.53125,42.26580810546875,3.427734375,5.6875,29.381250000000023
2007-03-22 09:00:00+00:00,0.0,0.0,301.65625,41.0567626953125,2.26171875,0.0,28.506250000000023
2007-03-22 10:00:00+00:00,0.0,0.0,301.484375,43.853515625,2.72265625,0.0,28.334375000000023
2007-03-22 11:00:00+00:00,0.0,0.0,301.109375,47.135009765625,3.333984375,0.0,27.959375000000023
2007-03-22 12:00:00+00:00,0.0,0.0,300.421875,48.098876953125,3.52734375,0.0,27.271875000000023
2007-03-22 13:00:00+00:00,0.0,0.0,299.421875,49.58660888671875,3.166015625,0.0,26.271875000000023
2007-03-22 14:00:00+00:00,0.0,0.0,298.75,50.90447998046875,3.08984375,0.0,25.600000000000023
2007-03-22 15:00:00+00:00,0.0,0.0,297.984375,49.83990478515625,2.697265625,0.0,24.834375000000023
2007-03-22 16:00:00+00:00,0.0,0.0,297.921875,48.0833740234375,3.009765625,0.0,24.771875000000023
2007-03-22 17:00:00+00:00,0.0,0.0,298.421875,44.93463134765625,3.9609375,0.0,25.271875000000023
2007-03-22 18:00:00+00:00,0.0,0.0,298.34375,43.8939208984375,4.94921875,0.0,25.193750000000023
2007-03-22 19:00:00+00:00,0.0,0.0,298.21875,44.2684326171875,5.462890625,0.0,25.068750000000023
2007-03-22 20:00:00+00:00,2.36328125,10.74609375,298.078125,45.179931640625,5.791015625,13.109375,24.928125000000023
2007-03-22 21:00:00+00:00,94.5078125,62.6796875,298.796875,45.69091796875,6.345703125,157.1875,25.646875000000023
2007-03-22 22:00:00+00:00,272.34375,82.46875,299.640625,45.2945556640625,7.005859375,354.8125,26.490625000000023
2007-03-22 23:00:00+00:00,442.01953125,90.35546875,301.0625,43.46710205078125,7.892578125,532.375,27.912500000000023
2007-03-23 00:00:00+00:00,541.73046875,109.55078125,302.65625,40.264892578125,8.9375,651.28125,29.506250000000023
2007-03-23 01:00:00+00:00,622.484375,117.21875,304.171875,36.83758544921875,9.193359375,739.703125,31.021875000000023
2007-03-23 02:00:00+00:00,616.82421875,137.51953125,305.703125,33.5125732421875,9.533203125,754.34375,32.55312500000002
2007-03-23 03:00:00+00:00,644.640625,96.15625,307.234375,32.2586669921875,9.513671875,740.796875,34.08437500000002
2007-03-23 04:00:00+00:00,432.203125,126.4375,308.796875,26.513916015625,9.5546875,558.640625,35.64687500000002
2007-03-23 05:00:00+00:00,151.90625,128.8125,309.3125,23.1685791015625,9.576171875,280.71875,36.16250000000002
2007-03-23 06:00:00+00:00,171.4296875,116.8984375,308.84375,22.272705078125,8.728515625,288.328125,35.69375000000002
2007-03-23 07:00:00+00:00,36.4609375,39.8359375,308.546875,22.7735595703125,7.923828125,76.296875,35.39687500000002
2007-03-23 08:00:00+00:00,0.234375,3.28125,307.734375,24.22174072265625,6.919921875,3.515625,34.58437500000002
2007-03-23 09:00:00+00:00,0.0,0.0,305.09375,31.77130126953125,2.896484375,0.0,31.943750000000023
2007-03-23 10:00:00+00:00,0.0,0.0,295.78125,78.1031494140625,6.654296875,0.0,22.631250000000023
2007-03-23 11:00:00+00:00,0.0,0.0,294.25,87.82843017578125,5.0625,0.0,21.100000000000023
2007-03-23 12:00:00+00:00,0.0,0.0,292.9375,89.319091796875,4.408203125,0.0,19.787500000000023
2007-03-23 13:00:00+00:00,0.0,0.0,292.171875,89.72869873046875,2.828125,0.0,19.021875000000023
2007-03-23 14:00:00+00:00,0.0,0.0,291.796875,92.55035400390625,1.7578125,0.0,18.646875000000023
2007-03-23 15:00:00+00:00,0.0,0.0,291.265625,90.51531982421875,4.46484375,0.0,18.115625000000023
2007-03-23 16:00:00+00:00,0.0,0.0,290.234375,92.1650390625,5.314453125,0.0,17.084375000000023
2007-03-23 17:00:00+00:00,0.0,0.0,288.953125,89.5439453125,6.138671875,0.0,15.803125000000023
2007-03-23 18:00:00+00:00,0.0,0.0,288.3125,89.2685546875,5.591796875,0.0,15.162500000000023
2007-03-23 19:00:00+00:00,0.0,0.0,287.796875,89.70294189453125,5.0390625,0.0,14.646875000000023
2007-03-23 20:00:00+00:00,0.0,1.3125,287.171875,88.41009521484375,3.93359375,1.3125,14.021875000000023
2007-03-23 21:00:00+00:00,0.5546875,76.1484375,286.53125,86.3818359375,2.18359375,76.703125,13.381250000000023
2007-03-23 22:00:00+00:00,51.4296875,167.3046875,286.96875,82.31292724609375,2.240234375,218.734375,13.818750000000023
2007-03-23 23:00:00+00:00,27.0390625,158.1953125,287.578125,79.64190673828125,4.591796875,185.234375,14.428125000000023
2007-03-24 00:00:00+00:00,201.11328125,225.07421875,288.15625,67.30633544921875,5.5546875,426.1875,15.006250000000023
2007-03-24 01:00:00+00:00,339.6328125,128.2421875,288.921875,61.33905029296875,6.55078125,467.875,15.771875000000023
2007-03-24 02:00:00+00:00,240.32421875,269.53515625,289.28125,57.62359619140625,7.158203125,509.859375,16.131250000000023
2007-03-24 03:00:00+00:00,131.7578125,128.6640625,288.0,64.02947998046875,7.830078125,260.421875,14.850000000000023
2007-03-24 04:00:00+00:00,386.0703125,175.1484375,287.859375,62.72918701171875,7.041015625,561.21875,14.709375000000023
2007-03-24 05:00:00+00:00,348.85546875,118.12890625,288.140625,61.44720458984375,7.71875,466.984375,14.990625000000023
2007-03-24 06:00:00+00:00,156.77734375,95.28515625,287.625,61.7811279296875,7.333984375,252.0625,14.475000000000023
2007-03-24 07:00:00+00:00,54.125,38.359375,287.5,57.525634765625,6.15234375,92.484375,14.350000000000023
2007-03-24 08:00:00+00:00,2.7421875,3.5234375,287.453125,56.5003662109375,4.791015625,6.265625,14.303125000000023
2007-03-24 09:00:00+00:00,0.0,0.0,287.3125,48.80877685546875,4.974609375,0.0,14.162500000000023
2007-03-24 10:00:00+00:00,0.0,0.0,287.078125,48.71112060546875,3.806640625,0.0,13.928125000000023
2007-03-24 11:00:00+00:00,0.0,0.0,286.734375,48.95880126953125,4.189453125,0.0,13.584375000000023
2007-03-24 12:00:00+00:00,0.0,0.0,286.359375,50.7421875,4.037109375,0.0,13.209375000000023
2007-03-24 13:00:00+00:00,0.0,0.0,285.828125,53.35595703125,3.564453125,0.0,12.678125000000023
2007-03-24 14:00:00+00:00,0.0,0.0,285.4375,54.920654296875,3.1328125,0.0,12.287500000000023
2007-03-24 15:00:00+00:00,0.0,0.0,284.859375,61.0772705078125,3.015625,0.0,11.709375000000023
2007-03-24 16:00:00+00:00,0.0,0.0,284.515625,63.1492919921875,2.66015625,0.0,11.365625000000023
2007-03-24 17:00:00+00:00,0.0,0.0,284.125,65.34576416015625,2.173828125,0.0,10.975000000000023
2007-03-24 18:00:00+00:00,0.0,0.0,283.859375,66.58380126953125,1.93359375,0.0,10.709375000000023
2007-03-24 19:00:00+00:00,0.0,0.0,284.03125,65.8956298828125,1.880859375,0.0,10.881250000000023
2007-03-24 20:00:00+00:00,0.44140625,6.93359375,284.484375,66.598388671875,1.9609375,7.375,11.334375000000023
2007-03-24 21:00:00+00:00,80.2734375,71.9765625,283.40625,70.89251708984375,1.998046875,152.25,10.256250000000023
2007-03-24 22:00:00+00:00,205.890625,111.859375,284.453125,66.4111328125,2.365234375,317.75,11.303125000000023
2007-03-24 23:00:00+00:00,458.15234375,100.97265625,286.03125,61.36767578125,2.798828125,559.125,12.881250000000023
2007-03-25 00:00:00+00:00,573.828125,78.296875,287.953125,50.6239013671875,3.890625,652.125,14.803125000000023
2007-03-25 01:00:00+00:00,366.7734375,258.6015625,289.15625,44.90087890625,4.359375,625.375,16.006250000000023
2007-03-25 02:00:00+00:00,101.20703125,329.63671875,290.046875,39.8275146484375,4.515625,430.84375,16.896875000000023
2007-03-25 03:00:00+00:00,240.046875,360.921875,290.453125,37.4326171875,4.66796875,600.96875,17.303125000000023
2007-03-25 04:00:00+00:00,116.1796875,247.6796875,291.0625,36.24725341796875,4.69140625,363.859375,17.912500000000023
2007-03-25 05:00:00+00:00,45.953125,236.859375,290.953125,36.2840576171875,4.712890625,282.8125,17.803125000000023
2007-03-25 06:00:00+00:00,94.88671875,149.47265625,290.875,36.7215576171875,5.087890625,244.359375,17.725000000000023
2007-03-25 07:00:00+00:00,89.59765625,39.18359375,290.3125,40.68035888671875,5.69921875,128.78125,17.162500000000023
2007-03-25 08:00:00+00:00,3.953125,1.59375,289.140625,47.12457275390625,5.732421875,5.546875,15.990625000000023
2007-03-25 09:00:00+00:00,0.0,0.0,288.171875,51.99102783203125,5.3046875,0.0,15.021875000000023
2007-03-25 10:00:00+00:00,0.0,0.0,287.4375,55.27215576171875,5.02734375,0.0,14.287500000000023
2007-03-25 11:00:00+00:00,0.0,0.0,286.9375,55.68743896484375,4.8203125,0.0,13.787500000000023
2007-03-25 12:00:00+00:00,0.0,0.0,286.59375,57.9830322265625,4.5625,0.0,13.443750000000023
2007-03-25 13:00:00+00:00,0.0,0.0,285.765625,63.470947265625,4.212890625,0.0,12.615625000000023
2007-03-25 14:00:00+00:00,0.0,0.0,285.5,66.373046875,4.388671875,0.0,12.350000000000023
2007-03-25 15:00:00+00:00,0.0,0.0,284.78125,70.6392822265625,4.6328125,0.0,11.631250000000023
2007-03-25 16:00:00+00:00,0.0,0.0,284.40625,74.49761962890625,4.068359375,0.0,11.256250000000023
2007-03-25 17:00:00+00:00,0.0,0.0,284.0625,77.99652099609375,3.412109375,0.0,10.912500000000023
2007-03-25 18:00:00+00:00,0.0,0.0,283.796875,80.20062255859375,2.478515625,0.0,10.646875000000023
2007-03-25 19:00:00+00:00,0.0,0.0,283.1875,83.706787109375,1.580078125,0.0,10.037500000000023
2007-03-25 20:00:00+00:00,2.609375,9.421875,282.890625,85.66766357421875,1.482421875,12.03125,9.740625000000023
2007-03-25 21:00:00+00:00,102.12109375,57.81640625,283.046875,84.84765625,1.705078125,159.9375,9.896875000000023
2007-03-25 22:00:00+00:00,287.43359375,76.14453125,283.875,82.50146484375,1.701171875,363.578125,10.725000000000023
2007-03-25 23:00:00+00:00,466.515625,81.734375,285.203125,76.73419189453125,1.3984375,548.25,12.053125000000023
2007-03-26 00:00:00+00:00,607.21875,79.703125,286.984375,70.708984375,1.017578125,686.921875,13.834375000000023
2007-03-26 01:00:00+00:00,700.203125,75.734375,289.1875,65.53118896484375,1.005859375,775.9375,16.037500000000023
2007-03-26 02:00:00+00:00,734.796875,68.734375,291.828125,50.81878662109375,1.46875,803.53125,18.678125000000023
2007-03-26 03:00:00+00:00,704.9296875,60.4296875,294.046875,41.83514404296875,1.525390625,765.359375,20.896875000000023
2007-03-26 04:00:00+00:00,616.875,50.984375,295.328125,38.2154541015625,1.658203125,667.859375,22.178125000000023
2007-03-26 05:00:00+00:00,454.80859375,51.55078125,296.15625,34.4664306640625,1.759765625,506.359375,23.006250000000023
2007-03-26 06:00:00+00:00,285.515625,38.25,296.5,33.3515625,2.37890625,323.765625,23.350000000000023
2007-03-26 07:00:00+00:00,105.80078125,16.85546875,296.078125,35.043701171875,3.318359375,122.65625,22.928125000000023
2007-03-26 08:00:00+00:00,3.04296875,1.44140625,294.8125,40.0421142578125,3.888671875,4.484375,21.662500000000023
2007-03-26 09:00:00+00:00,0.0,0.0,293.59375,45.5643310546875,4.294921875,0.0,20.443750000000023
2007-03-26 10:00:00+00:00,0.0,0.0,292.453125,48.96063232421875,4.404296875,0.0,19.303125000000023
2007-03-26 11:00:00+00:00,0.0,0.0,291.25,56.4232177734375,4.40625,0.0,18.100000000000023
2007-03-26 12:00:00+00:00,0.0,0.0,290.546875,61.79864501953125,4.037109375,0.0,17.396875000000023
2007-03-26 13:00:00+00:00,0.0,0.0,290.015625,64.84503173828125,3.34765625,0.0,16.865625000000023
2007-03-26 14:00:00+00:00,0.0,0.0,289.578125,65.98187255859375,2.814453125,0.0,16.428125000000023
2007-03-26 15:00:00+00:00,0.0,0.0,288.28125,69.31024169921875,1.84375,0.0,15.131250000000023
2007-03-26 16:00:00+00:00,0.0,0.0,287.796875,71.4560546875,1.78125,0.0,14.646875000000023
2007-03-26 17:00:00+00:00,0.0,0.0,287.34375,74.033203125,1.78515625,0.0,14.193750000000023
2007-03-26 18:00:00+00:00,0.0,0.0,286.71875,77.8218994140625,1.60546875,0.0,13.568750000000023
2007-03-26 19:00:00+00:00,0.0,0.0,286.1875,81.3277587890625,1.51171875,0.0,13.037500000000023
2007-03-26 20:00:00+00:00,2.234375,8.875,285.828125,83.5081787109375,1.509765625,11.109375,12.678125000000023
2007-03-26 21:00:00+00:00,97.0546875,58.3359375,286.484375,76.6373291015625,1.845703125,155.390625,13.334375000000023
2007-03-26 22:00:00+00:00,282.515625,76.890625,288.46875,66.83160400390625,1.970703125,359.40625,15.318750000000023
2007-03-26 23:00:00+00:00,464.328125,80.59375,290.484375,56.5860595703125,2.810546875,544.921875,17.334375000000023
2007-03-27 00:00:00+00:00,606.0703125,77.9609375,292.5625,47.4305419921875,3.884765625,684.03125,19.412500000000023
2007-03-27 01:00:00+00:00,699.7578125,74.0078125,294.28125,40.640380859375,4.515625,773.765625,21.131250000000023
2007-03-27 02:00:00+00:00,735.17578125,66.83984375,295.71875,36.29071044921875,4.361328125,802.015625,22.568750000000023
2007-03-27 03:00:00+00:00,705.84375,58.4375,297.078125,34.16455078125,4.634765625,764.28125,23.928125000000023
2007-03-27 04:00:00+00:00,616.93359375,49.26953125,297.84375,32.0950927734375,4.359375,666.203125,24.693750000000023
2007-03-27 05:00:00+00:00,476.1484375,39.3828125,298.3125,30.61871337890625,4.07421875,515.53125,25.162500000000023
2007-03-27 06:00:00+00:00,291.796875,31.671875,298.34375,30.49432373046875,4.05078125,323.46875,25.193750000000023
2007-03-27 07:00:00+00:00,106.79296875,14.30078125,297.78125,31.19091796875,4.1640625,121.09375,24.631250000000023
2007-03-27 08:00:00+00:00,2.2265625,1.4296875,296.5625,33.34002685546875,4.298828125,3.65625,23.412500000000023
2007-03-27 09:00:00+00:00,0.0,0.0,296.015625,33.2537841796875,4.41796875,0.0,22.865625000000023
2007-03-27 10:00:00+00:00,0.0,0.0,295.21875,35.03472900390625,4.025390625,0.0,22.068750000000023
2007-03-27 11:00:00+00:00,0.0,0.0,294.265625,36.9764404296875,3.451171875,0.0,21.115625000000023
2007-03-27 12:00:00+00:00,0.0,0.0,293.875,37.9442138671875,3.650390625,0.0,20.725000000000023
2007-03-27 13:00:00+00:00,0.0,0.0,293.21875,40.72955322265625,3.7734375,0.0,20.068750000000023
2007-03-27 14:00:00+00:00,0.0,0.0,292.6875,43.70220947265625,4.1640625,0.0,19.537500000000023
2007-03-27 15:00:00+00:00,0.0,0.0,291.890625,45.40496826171875,4.078125,0.0,18.740625000000023
2007-03-27 16:00:00+00:00,0.0,0.0,291.671875,46.489990234375,4.583984375,0.0,18.521875000000023
2007-03-27 17:00:00+00:00,0.0,0.0,291.5,47.00360107421875,4.9609375,0.0,18.350000000000023
2007-03-27 18:00:00+00:00,0.0,0.0,291.46875,46.0235595703125,5.396484375,0.0,18.318750000000023
2007-03-27 19:00:00+00:00,0.0,0.0,291.3125,45.32733154296875,5.5234375,0.0,18.162500000000023
2007-03-27 20:00:00+00:00,0.15625,8.6875,291.546875,43.93182373046875,6.0859375,8.84375,18.396875000000023
2007-03-27 21:00:00+00:00,10.2421875,87.9296875,292.359375,40.710693359375,6.51953125,98.171875,19.209375000000023
2007-03-27 22:00:00+00:00,161.64453125,146.18359375,293.203125,39.166748046875,6.716796875,307.828125,20.053125000000023
2007-03-27 23:00:00+00:00,98.23046875,181.20703125,294.65625,37.18280029296875,6.6328125,279.4375,21.506250000000023
2007-03-28 00:00:00+00:00,165.171875,274.171875,295.171875,37.347900390625,7.12890625,439.34375,22.021875000000023
2007-03-28 01:00:00+00:00,102.890625,322.5625,296.46875,36.81561279296875,7.671875,425.453125,23.318750000000023
2007-03-28 02:00:00+00:00,34.66015625,326.74609375,297.109375,36.406005859375,7.681640625,361.40625,23.959375000000023
2007-03-28 03:00:00+00:00,12.5234375,85.1953125,297.859375,38.9615478515625,7.22265625,97.71875,24.709375000000023
2007-03-28 04:00:00+00:00,19.03515625,310.21484375,297.046875,41.7191162109375,5.33984375,329.25,23.896875000000023
2007-03-28 05:00:00+00:00,26.25390625,250.88671875,298.421875,38.007080078125,5.39453125,277.140625,25.271875000000023
2007-03-28 06:00:00+00:00,2.2578125,52.3984375,298.765625,37.60986328125,5.267578125,54.65625,25.615625000000023
2007-03-28 07:00:00+00:00,0.0,15.78125,297.828125,41.92169189453125,6.19140625,15.78125,24.678125000000023
2007-03-28 08:00:00+00:00,0.0,1.34375,296.796875,48.57806396484375,6.3671875,1.34375,23.646875000000023
2007-03-28 09:00:00+00:00,0.0,0.0,293.890625,69.21142578125,4.265625,0.0,20.740625000000023
2007-03-28 10:00:00+00:00,0.0,0.0,291.90625,86.3895263671875,2.90625,0.0,18.756250000000023
2007-03-28 11:00:00+00:00,0.0,0.0,289.625,93.49847412109375,3.912109375,0.0,16.475000000000023
2007-03-28 12:00:00+00:00,0.0,0.0,288.875,88.0238037109375,4.140625,0.0,15.725000000000023
2007-03-28 13:00:00+00:00,0.0,0.0,288.609375,88.298828125,3.388671875,0.0,15.459375000000023
2007-03-28 14:00:00+00:00,0.0,0.0,288.28125,89.0296630859375,3.470703125,0.0,15.131250000000023
2007-03-28 15:00:00+00:00,0.0,0.0,287.53125,87.01171875,2.478515625,0.0,14.381250000000023
2007-03-28 16:00:00+00:00,0.0,0.0,287.703125,81.3568115234375,2.892578125,0.0,14.553125000000023
2007-03-28 17:00:00+00:00,0.0,0.0,288.140625,76.50775146484375,2.85546875,0.0,14.990625000000023
2007-03-28 18:00:00+00:00,0.0,0.0,287.875,75.4478759765625,3.05078125,0.0,14.725000000000023
2007-03-28 19:00:00+00:00,0.0,0.0,287.328125,75.18988037109375,3.2265625,0.0,14.178125000000023
2007-03-28 20:00:00+00:00,1.359375,7.71875,286.84375,74.914794921875,3.2265625,9.078125,13.693750000000023
2007-03-28 21:00:00+00:00,91.4765625,57.1640625,286.515625,78.29443359375,3.400390625,148.640625,13.365625000000023
2007-03-28 22:00:00+00:00,276.3828125,76.1484375,286.953125,76.4376220703125,3.61328125,352.53125,13.803125000000023
2007-03-28 23:00:00+00:00,458.1640625,81.9609375,287.671875,70.02655029296875,4.501953125,540.125,14.521875000000023
2007-03-29 00:00:00+00:00,455.76171875,125.00390625,288.71875,60.62237548828125,5.001953125,580.765625,15.568750000000023
2007-03-29 01:00:00+00:00,582.78515625,135.27734375,290.0625,51.55657958984375,4.73828125,718.0625,16.912500000000023
2007-03-29 02:00:00+00:00,546.65625,148.859375,291.671875,44.9981689453125,4.65234375,695.515625,18.521875000000023
2007-03-29 03:00:00+00:00,460.26171875,169.84765625,292.75,40.6368408203125,5.494140625,630.109375,19.600000000000023
2007-03-29 04:00:00+00:00,298.7734375,192.0859375,293.421875,38.5098876953125,6.158203125,490.859375,20.271875000000023
2007-03-29 05:00:00+00:00,73.9921875,207.7109375,293.515625,37.95184326171875,6.69921875,281.703125,20.365625000000023
2007-03-29 06:00:00+00:00,172.15625,99.203125,292.90625,39.76910400390625,6.681640625,271.359375,19.756250000000023
2007-03-29 07:00:00+00:00,65.28125,26.75,292.0625,43.920166015625,7.166015625,92.03125,18.912500000000023
2007-03-29 08:00:00+00:00,0.2421875,1.0390625,291.125,47.8018798828125,6.361328125,1.28125,17.975000000000023
2007-03-29 09:00:00+00:00,0.0,0.0,289.953125,56.0635986328125,5.58203125,0.0,16.803125000000023
2007-03-29 10:00:00+00:00,0.0,0.0,289.203125,61.35211181640625,5.38671875,0.0,16.053125000000023
2007-03-29 11:00:00+00:00,0.0,0.0,288.5625,64.0074462890625,5.474609375,0.0,15.412500000000023
2007-03-29 12:00:00+00:00,0.0,0.0,288.109375,64.97406005859375,5.9140625,0.0,14.959375000000023
2007-03-29 13:00:00+00:00,0.0,0.0,287.328125,66.75677490234375,6.328125,0.0,14.178125000000023
2007-03-29 14:00:00+00:00,0.0,0.0,286.890625,68.067626953125,6.353515625,0.0,13.740625000000023
2007-03-29 15:00:00+00:00,0.0,0.0,286.234375,69.48455810546875,6.43359375,0.0,13.084375000000023
2007-03-29 16:00:00+00:00,0.0,0.0,285.96875,71.61419677734375,6.576171875,0.0,12.818750000000023
2007-03-29 17:00:00+00:00,0.0,0.0,285.9375,73.01531982421875,6.482421875,0.0,12.787500000000023
2007-03-29 18:00:00+00:00,0.0,0.0,285.59375,77.198974609375,6.46484375,0.0,12.443750000000023
2007-03-29 19:00:00+00:00,0.0,0.0,285.59375,76.48687744140625,6.6328125,0.0,12.443750000000023
2007-03-29 20:00:00+00:00,0.421875,5.890625,285.34375,78.46392822265625,6.357421875,6.3125,12.193750000000023
2007-03-29 21:00:00+00:00,26.83984375,72.80078125,285.484375,77.72906494140625,6.453125,99.640625,12.334375000000023
2007-03-29 22:00:00+00:00,115.99609375,142.97265625,286.21875,74.2891845703125,6.91015625,258.96875,13.068750000000023
2007-03-29 23:00:00+00:00,248.0390625,130.1171875,287.125,68.24114990234375,7.572265625,378.15625,13.975000000000023
2007-03-30 00:00:00+00:00,171.734375,119.171875,287.5625,69.10675048828125,7.857421875,290.90625,14.412500000000023
2007-03-30 01:00:00+00:00,108.87890625,159.57421875,287.46875,72.1302490234375,7.1328125,268.453125,14.318750000000023
2007-03-30 02:00:00+00:00,377.11328125,232.76171875,287.40625,74.673828125,7.2421875,609.875,14.256250000000023
2007-03-30 03:00:00+00:00,260.3046875,0.0,288.59375,68.390625,7.890625,251.625,15.443750000000023
2007-03-30 04:00:00+00:00,103.2421875,277.3828125,288.21875,66.4288330078125,7.919921875,380.625,15.068750000000023
2007-03-30 05:00:00+00:00,53.2890625,229.3203125,288.875,59.80682373046875,7.7578125,282.609375,15.725000000000023
2007-03-30 06:00:00+00:00,93.06640625,64.79296875,288.953125,58.5859375,7.740234375,157.859375,15.803125000000023
2007-03-30 07:00:00+00:00,52.74609375,28.34765625,288.546875,59.8775634765625,7.658203125,81.09375,15.396875000000023
2007-03-30 08:00:00+00:00,0.19140625,0.88671875,288.125,60.18743896484375,7.375,1.078125,14.975000000000023
2007-03-30 09:00:00+00:00,0.0,0.0,287.96875,56.1109619140625,7.14453125,0.0,14.818750000000023
2007-03-30 10:00:00+00:00,0.0,0.0,287.59375,58.31695556640625,6.7109375,0.0,14.443750000000023
2007-03-30 11:00:00+00:00,0.0,0.0,287.328125,60.429931640625,6.34375,0.0,14.178125000000023
2007-03-30 12:00:00+00:00,0.0,0.0,287.375,60.86395263671875,5.8125,0.0,14.225000000000023
2007-03-30 13:00:00+00:00,0.0,0.0,287.140625,64.0684814453125,5.482421875,0.0,13.990625000000023
2007-03-30 14:00:00+00:00,0.0,0.0,287.265625,64.28277587890625,5.0625,0.0,14.115625000000023
2007-03-30 15:00:00+00:00,0.0,0.0,287.140625,66.4862060546875,4.861328125,0.0,13.990625000000023
2007-03-30 16:00:00+00:00,0.0,0.0,286.859375,67.57708740234375,4.173828125,0.0,13.709375000000023
2007-03-30 17:00:00+00:00,0.0,0.0,287.140625,66.79168701171875,3.8671875,0.0,13.990625000000023
2007-03-30 18:00:00+00:00,0.0,0.0,287.171875,65.9700927734375,3.83203125,0.0,14.021875000000023
2007-03-30 19:00:00+00:00,0.0,0.0,287.15625,65.81170654296875,3.779296875,0.0,14.006250000000023
2007-03-30 20:00:00+00:00,0.1953125,5.5390625,287.171875,67.39068603515625,3.7890625,5.734375,14.021875000000023
2007-03-30 21:00:00+00:00,31.08203125,68.30859375,287.21875,67.6112060546875,3.53515625,99.390625,14.068750000000023
2007-03-30 22:00:00+00:00,99.44921875,103.20703125,287.78125,67.02313232421875,3.380859375,202.65625,14.631250000000023
2007-03-30 23:00:00+00:00,371.6484375,135.2734375,288.515625,62.38458251953125,4.001953125,506.921875,15.365625000000023
2007-03-31 00:00:00+00:00,419.203125,125.921875,289.640625,55.73907470703125,4.138671875,545.125,16.490625000000023
2007-03-31 01:00:00+00:00,289.7421875,243.1640625,290.09375,54.37786865234375,4.333984375,532.90625,16.943750000000023
2007-03-31 02:00:00+00:00,220.953125,185.375,290.359375,53.51019287109375,4.34375,406.328125,17.209375000000023
2007-03-31 03:00:00+00:00,552.81640625,128.32421875,290.859375,51.823486328125,4.802734375,681.140625,17.709375000000023
2007-03-31 04:00:00+00:00,497.7734375,99.1484375,290.953125,51.17181396484375,4.84375,596.921875,17.803125000000023
2007-03-31 05:00:00+00:00,326.1171875,93.8046875,290.984375,53.0638427734375,4.38671875,419.921875,17.834375000000023
2007-03-31 06:00:00+00:00,211.7109375,57.0390625,291.015625,53.15655517578125,3.998046875,268.75,17.865625000000023
2007-03-31 07:00:00+00:00,48.14453125,24.93359375,290.8125,55.91534423828125,3.720703125,73.078125,17.662500000000023
2007-03-31 08:00:00+00:00,0.02734375,0.86328125,290.234375,61.06488037109375,3.28515625,0.890625,17.084375000000023
2007-03-31 09:00:00+00:00,0.0,0.0,289.578125,69.903564453125,3.623046875,0.0,16.428125000000023
2007-03-31 10:00:00+00:00,0.0,0.0,288.96875,73.78369140625,2.90625,0.0,15.818750000000023
2007-03-31 11:00:00+00:00,0.0,0.0,288.453125,77.62542724609375,2.439453125,0.0,15.303125000000023
2007-03-31 12:00:00+00:00,0.0,0.0,288.015625,80.99896240234375,1.921875,0.0,14.865625000000023
2007-03-31 13:00:00+00:00,0.0,0.0,287.453125,84.4910888671875,1.521484375,0.0,14.303125000000023
2007-03-31 14:00:00+00:00,0.0,0.0,287.0625,86.84527587890625,0.923828125,0.0,13.912500000000023
2007-03-31 15:00:00+00:00,0.0,0.0,287.625,83.4820556640625,1.244140625,0.0,14.475000000000023
2007-03-31 16:00:00+00:00,0.0,0.0,287.59375,84.21856689453125,1.041015625,0.0,14.443750000000023
2007-03-31 17:00:00+00:00,0.0,0.0,287.578125,84.9302978515625,0.783203125,0.0,14.428125000000023
2007-03-31 18:00:00+00:00,0.0,0.0,287.421875,86.5595703125,0.9921875,0.0,14.271875000000023
2007-03-31 19:00:00+00:00,0.0,0.0,287.28125,89.28662109375,1.15625,0.0,14.131250000000023
2007-03-31 20:00:00+00:00,0.078125,3.953125,287.0625,93.08917236328125,0.681640625,4.03125,13.912500000000023
2007-03-31 21:00:00+00:00,14.07421875,57.87890625,286.796875,91.87744140625,0.953125,71.953125,13.646875000000023
2007-03-31 22:00:00+00:00,104.08984375,106.17578125,287.359375,90.11029052734375,0.861328125,210.265625,14.209375000000023
2007-03-31 23:00:00+00:00,348.47265625,140.18359375,288.3125,84.3382568359375,0.82421875,488.65625,15.162500000000023
2007-04-01 00:00:00+00:00,220.86328125,220.33984375,289.0,75.662841796875,0.44140625,441.203125,15.850000000000023
2007-04-01 01:00:00+00:00,107.3125,273.25,289.5,73.101806640625,0.91015625,380.5625,16.350000000000023
2007-04-01 02:00:00+00:00,247.14453125,258.41796875,290.109375,69.406005859375,1.419921875,505.5625,16.959375000000023
2007-04-01 03:00:00+00:00,524.6171875,161.7734375,292.265625,63.16412353515625,1.083984375,686.390625,19.115625000000023
2007-04-01 04:00:00+00:00,564.26953125,65.26171875,293.25,58.21246337890625,1.6640625,629.53125,20.100000000000023
2007-04-01 05:00:00+00:00,442.49609375,37.58203125,294.0,55.37176513671875,1.98828125,480.078125,20.850000000000023
2007-04-01 06:00:00+00:00,258.77734375,29.41015625,294.1875,56.69671630859375,2.91015625,288.1875,21.037500000000023
2007-04-01 07:00:00+00:00,87.890625,8.0,293.953125,59.317626953125,2.892578125,95.890625,20.803125000000023
2007-04-01 08:00:00+00:00,0.32421875,0.58203125,293.015625,64.27093505859375,3.08203125,0.90625,19.865625000000023
2007-04-01 09:00:00+00:00,0.0,0.0,290.921875,73.9171142578125,4.03125,0.0,17.771875000000023
2007-04-01 10:00:00+00:00,0.0,0.0,289.765625,78.21392822265625,3.74609375,0.0,16.615625000000023
2007-04-01 11:00:00+00:00,0.0,0.0,289.015625,81.9580078125,3.224609375,0.0,15.865625000000023
2007-04-01 12:00:00+00:00,0.0,0.0,288.5,84.69464111328125,2.38671875,0.0,15.350000000000023
2007-04-01 13:00:00+00:00,0.0,0.0,287.9375,87.63079833984375,1.640625,0.0,14.787500000000023
2007-04-01 14:00:00+00:00,0.0,0.0,287.421875,90.015380859375,1.43359375,0.0,14.271875000000023
2007-04-01 15:00:00+00:00,0.0,0.0,286.578125,94.89990234375,0.58984375,0.0,13.428125000000023
2007-04-01 16:00:00+00:00,0.0,0.0,286.3125,96.328857421875,0.53125,0.0,13.162500000000023
2007-04-01 17:00:00+00:00,0.0,0.0,286.03125,97.68829345703125,0.42578125,0.0,12.881250000000023
2007-04-01 18:00:00+00:00,0.0,0.0,285.65625,97.17645263671875,0.50390625,0.0,12.506250000000023
2007-04-01 19:00:00+00:00,0.0,0.0,285.421875,98.32177734375,0.818359375,0.0,12.271875000000023
2007-04-01 20:00:00+00:00,0.0,4.265625,285.5625,99.25909423828125,1.2578125,4.265625,12.412500000000023
2007-04-01 21:00:00+00:00,27.66796875,77.47265625,285.5625,98.96527099609375,1.703125,105.140625,12.412500000000023
2007-04-01 22:00:00+00:00,154.625,132.3125,286.25,96.31219482421875,1.92578125,286.9375,13.100000000000023
2007-04-01 23:00:00+00:00,186.79296875,169.37890625,287.46875,90.8394775390625,1.73828125,356.171875,14.318750000000023
2007-04-02 00:00:00+00:00,320.97265625,239.35546875,288.34375,87.35980224609375,0.861328125,560.328125,15.193750000000023
2007-04-02 01:00:00+00:00,152.84375,334.09375,289.484375,80.133056640625,0.296875,486.9375,16.334375000000023
2007-04-02 02:00:00+00:00,19.55859375,178.67578125,290.125,75.6502685546875,0.314453125,198.234375,16.975000000000023
2007-04-02 03:00:00+00:00,386.30078125,241.27734375,292.640625,65.2628173828125,3.28125,627.578125,19.490625000000023
2007-04-02 04:00:00+00:00,333.96875,186.859375,293.015625,63.1253662109375,3.552734375,520.828125,19.865625000000023
2007-04-02 05:00:00+00:00,138.4296875,145.5078125,293.140625,61.964111328125,3.505859375,283.9375,19.990625000000023
2007-04-02 06:00:00+00:00,74.92578125,114.83984375,292.890625,62.3975830078125,3.84375,189.765625,19.740625000000023
2007-04-02 07:00:00+00:00,5.53125,48.3125,292.375,65.80029296875,3.93359375,53.84375,19.225000000000023
2007-04-02 08:00:00+00:00,0.0,0.5625,291.484375,69.658203125,3.818359375,0.5625,18.334375000000023
2007-04-02 09:00:00+00:00,0.0,0.0,290.1875,73.45819091796875,3.482421875,0.0,17.037500000000023
2007-04-02 10:00:00+00:00,0.0,0.0,289.703125,75.124755859375,3.150390625,0.0,16.553125000000023
2007-04-02 11:00:00+00:00,0.0,0.0,289.4375,75.9017333984375,2.703125,0.0,16.287500000000023
2007-04-02 12:00:00+00:00,0.0,0.0,288.78125,79.7276611328125,2.095703125,0.0,15.631250000000023
2007-04-02 13:00:00+00:00,0.0,0.0,288.15625,82.50750732421875,1.533203125,0.0,15.006250000000023
2007-04-02 14:00:00+00:00,0.0,0.0,287.734375,84.197265625,1.068359375,0.0,14.584375000000023
2007-04-02 15:00:00+00:00,0.0,0.0,286.640625,90.8485107421875,1.283203125,0.0,13.490625000000023
2007-04-02 16:00:00+00:00,0.0,0.0,286.328125,91.09368896484375,1.736328125,0.0,13.178125000000023
2007-04-02 17:00:00+00:00,0.0,0.0,286.0,92.6998291015625,2.17578125,0.0,12.850000000000023
2007-04-02 18:00:00+00:00,0.0,0.0,285.71875,95.69134521484375,2.080078125,0.0,12.568750000000023
2007-04-02 19:00:00+00:00,0.0,0.0,285.34375,97.8236083984375,1.80078125,0.0,12.193750000000023
2007-04-02 20:00:00+00:00,0.0,2.328125,285.703125,98.022216796875,1.61328125,2.328125,12.553125000000023
2007-04-02 21:00:00+00:00,21.4296875,56.1015625,286.28125,93.80560302734375,2.236328125,77.53125,13.131250000000023
2007-04-02 22:00:00+00:00,142.1640625,110.3046875,286.921875,88.00201416015625,2.431640625,252.46875,13.771875000000023
2007-04-02 23:00:00+00:00,264.9453125,128.4296875,287.984375,74.544677734375,3.138671875,393.375,14.834375000000023
2007-04-03 00:00:00+00:00,157.3671875,101.6015625,288.875,65.14227294921875,3.431640625,258.96875,15.725000000000023
2007-04-03 01:00:00+00:00,394.3046875,221.8671875,288.9375,61.453857421875,3.59375,616.171875,15.787500000000023
2007-04-03 02:00:00+00:00,328.19921875,243.50390625,290.03125,54.06512451171875,3.947265625,571.703125,16.881250000000023
2007-04-03 03:00:00+00:00,233.52734375,243.95703125,290.171875,50.78997802734375,3.708984375,477.484375,17.021875000000023
2007-04-03 04:00:00+00:00,381.30859375,183.06640625,290.40625,50.4364013671875,3.568359375,564.375,17.256250000000023
2007-04-03 05:00:00+00:00,184.890625,89.546875,290.59375,50.5179443359375,3.8125,274.4375,17.443750000000023
2007-04-03 06:00:00+00:00,16.7734375,107.8828125,290.140625,51.4266357421875,3.91796875,124.65625,16.990625000000023
2007-04-03 07:00:00+00:00,28.15625,38.171875,289.640625,52.258544921875,4.013671875,66.328125,16.490625000000023
2007-04-03 08:00:00+00:00,0.0,0.390625,288.734375,54.8443603515625,4.123046875,0.390625,15.584375000000023
2007-04-03 09:00:00+00:00,0.0,0.0,287.84375,58.10321044921875,3.859375,0.0,14.693750000000023
2007-04-03 10:00:00+00:00,0.0,0.0,287.359375,61.82110595703125,3.388671875,0.0,14.209375000000023
2007-04-03 11:00:00+00:00,0.0,0.0,287.03125,65.71136474609375,2.796875,0.0,13.881250000000023
2007-04-03 12:00:00+00:00,0.0,0.0,286.109375,71.28125,2.306640625,0.0,12.959375000000023
2007-04-03 13:00:00+00:00,0.0,0.0,285.40625,75.723388671875,1.900390625,0.0,12.256250000000023
2007-04-03 14:00:00+00:00,0.0,0.0,284.890625,79.2647705078125,1.705078125,0.0,11.740625000000023
2007-04-03 15:00:00+00:00,0.0,0.0,284.515625,79.38525390625,1.681640625,0.0,11.365625000000023
2007-04-03 16:00:00+00:00,0.0,0.0,284.046875,80.2108154296875,1.744140625,0.0,10.896875000000023
2007-04-03 17:00:00+00:00,0.0,0.0,283.6875,80.081787109375,1.8203125,0.0,10.537500000000023
2007-04-03 18:00:00+00:00,0.0,0.0,283.46875,79.85498046875,2.01953125,0.0,10.318750000000023
2007-04-03 19:00:00+00:00,0.0,0.0,283.453125,79.8436279296875,2.09765625,0.0,10.303125000000023
2007-04-03 20:00:00+00:00,0.3984375,5.0390625,283.140625,80.92034912109375,1.970703125,5.4375,9.990625000000023
2007-04-03 21:00:00+00:00,79.9765625,52.3671875,283.125,77.4544677734375,1.69921875,132.34375,9.975000000000023
2007-04-03 22:00:00+00:00,260.8828125,72.2734375,284.34375,73.01336669921875,1.908203125,333.15625,11.193750000000023
2007-04-03 23:00:00+00:00,437.55078125,78.12109375,286.40625,66.9271240234375,2.30078125,515.671875,13.256250000000023
2007-04-04 00:00:00+00:00,536.7109375,95.5390625,288.234375,57.10394287109375,3.0703125,632.25,15.084375000000023
2007-04-04 01:00:00+00:00,656.5234375,80.8203125,289.390625,52.1083984375,2.92578125,737.34375,16.240625000000023
2007-04-04 02:00:00+00:00,635.5546875,97.8515625,290.34375,49.68255615234375,2.955078125,733.40625,17.193750000000023
2007-04-04 03:00:00+00:00,621.265625,83.390625,291.390625,49.17950439453125,2.775390625,704.65625,18.240625000000023
2007-04-04 04:00:00+00:00,482.6328125,99.9921875,292.0,47.31158447265625,2.99609375,582.625,18.850000000000023
2007-04-04 05:00:00+00:00,369.4765625,74.5390625,292.21875,46.774658203125,3.771484375,444.015625,19.068750000000023
2007-04-04 06:00:00+00:00,207.83984375,40.97265625,291.796875,49.48486328125,4.447265625,248.8125,18.646875000000023
2007-04-04 07:00:00+00:00,72.38671875,9.89453125,290.65625,54.3753662109375,4.86328125,82.28125,17.506250000000023
2007-04-04 08:00:00+00:00,0.03515625,0.18359375,289.46875,56.775390625,4.70703125,0.21875,16.318750000000023
2007-04-04 09:00:00+00:00,0.0,0.0,288.625,59.11236572265625,3.720703125,0.0,15.475000000000023
2007-04-04 10:00:00+00:00,0.0,0.0,287.6875,64.13409423828125,3.212890625,0.0,14.537500000000023
2007-04-04 11:00:00+00:00,0.0,0.0,286.921875,69.31866455078125,2.4140625,0.0,13.771875000000023
2007-04-04 12:00:00+00:00,0.0,0.0,286.375,71.8411865234375,1.662109375,0.0,13.225000000000023
2007-04-04 13:00:00+00:00,0.0,0.0,286.671875,71.1898193359375,1.224609375,0.0,13.521875000000023
2007-04-04 14:00:00+00:00,0.0,0.0,286.078125,73.51763916015625,0.96484375,0.0,12.928125000000023
2007-04-04 15:00:00+00:00,0.0,0.0,286.5625,71.25897216796875,0.345703125,0.0,13.412500000000023
2007-04-04 16:00:00+00:00,0.0,0.0,286.640625,72.49945068359375,0.33203125,0.0,13.490625000000023
2007-04-04 17:00:00+00:00,0.0,0.0,286.640625,74.1090087890625,0.908203125,0.0,13.490625000000023
2007-04-04 18:00:00+00:00,0.0,0.0,286.9375,75.2520751953125,1.90625,0.0,13.787500000000023
2007-04-04 19:00:00+00:00,0.0,0.0,286.71875,82.5120849609375,2.29296875,0.0,13.568750000000023
2007-04-04 20:00:00+00:00,0.0,1.828125,286.859375,81.576171875,2.515625,1.828125,13.709375000000023
2007-04-04 21:00:00+00:00,1.2578125,42.4765625,286.25,89.60479736328125,2.619140625,43.734375,13.100000000000023
2007-04-04 22:00:00+00:00,4.7265625,44.7421875,286.484375,90.18792724609375,3.677734375,49.46875,13.334375000000023
2007-04-04 23:00:00+00:00,171.875,224.046875,286.84375,90.32452392578125,4.08203125,395.921875,13.693750000000023
2007-04-05 00:00:00+00:00,349.62109375,169.48828125,287.953125,85.117919921875,4.796875,519.109375,14.803125000000023
2007-04-05 01:00:00+00:00,314.484375,282.984375,288.921875,77.87799072265625,4.6640625,597.46875,15.771875000000023
2007-04-05 02:00:00+00:00,449.47265625,125.16796875,289.3125,76.75,4.93359375,574.640625,16.162500000000023
2007-04-05 03:00:00+00:00,491.8203125,141.5703125,289.5625,71.84417724609375,5.322265625,633.390625,16.412500000000023
2007-04-05 04:00:00+00:00,413.1796875,111.7734375,290.90625,56.43121337890625,5.369140625,524.953125,17.756250000000023
2007-04-05 05:00:00+00:00,295.3984375,83.9140625,290.890625,54.777587890625,6.03125,379.3125,17.740625000000023
2007-04-05 06:00:00+00:00,149.19921875,68.84765625,290.3125,57.14776611328125,5.84375,218.046875,17.162500000000023
2007-04-05 07:00:00+00:00,48.12890625,14.43359375,289.65625,58.88287353515625,5.306640625,62.5625,16.506250000000023
2007-04-05 08:00:00+00:00,0.0,0.078125,288.796875,60.618896484375,4.6640625,0.078125,15.646875000000023
2007-04-05 09:00:00+00:00,0.0,0.0,288.09375,61.2943115234375,3.99609375,0.0,14.943750000000023
2007-04-05 10:00:00+00:00,0.0,0.0,287.296875,63.425537109375,3.505859375,0.0,14.146875000000023
2007-04-05 11:00:00+00:00,0.0,0.0,286.5,63.730224609375,3.455078125,0.0,13.350000000000023
2007-04-05 12:00:00+00:00,0.0,0.0,285.921875,65.177978515625,3.283203125,0.0,12.771875000000023
2007-04-05 13:00:00+00:00,0.0,0.0,286.078125,64.89239501953125,3.228515625,0.0,12.928125000000023
2007-04-05 14:00:00+00:00,0.0,0.0,285.96875,66.5150146484375,2.708984375,0.0,12.818750000000023
2007-04-05 15:00:00+00:00,0.0,0.0,286.234375,65.741455078125,2.984375,0.0,13.084375000000023
2007-04-05 16:00:00+00:00,0.0,0.0,285.9375,66.49798583984375,3.392578125,0.0,12.787500000000023
2007-04-05 17:00:00+00:00,0.0,0.0,285.78125,64.1728515625,3.35546875,0.0,12.631250000000023
2007-04-05 18:00:00+00:00,0.0,0.0,285.515625,64.33746337890625,2.939453125,0.0,12.365625000000023
2007-04-05 19:00:00+00:00,0.0,0.0,284.734375,66.697265625,2.51171875,0.0,11.584375000000023
2007-04-05 20:00:00+00:00,0.01953125,3.40234375,284.421875,68.20159912109375,2.041015625,3.421875,11.271875000000023
2007-04-05 21:00:00+00:00,49.28515625,51.26171875,284.828125,70.80377197265625,1.5,100.546875,11.678125000000023
2007-04-05 22:00:00+00:00,241.6484375,80.9609375,285.5625,69.1650390625,1.564453125,322.609375,12.412500000000023
2007-04-05 23:00:00+00:00,270.3984375,123.0859375,286.890625,65.50537109375,1.998046875,393.484375,13.740625000000023
2007-04-06 00:00:00+00:00,487.21875,121.390625,288.125,60.36297607421875,2.478515625,608.609375,14.975000000000023
2007-04-06 01:00:00+00:00,349.60546875,214.61328125,289.53125,58.2158203125,3.328125,564.21875,16.381250000000023
2007-04-06 02:00:00+00:00,425.88671875,175.81640625,290.765625,56.03106689453125,3.38671875,601.703125,17.615625000000023
2007-04-06 03:00:00+00:00,637.625,66.703125,292.6875,46.23095703125,4.359375,704.328125,19.537500000000023
2007-04-06 04:00:00+00:00,494.796875,81.140625,293.53125,41.99493408203125,4.81640625,575.9375,20.381250000000023
2007-04-06 05:00:00+00:00,396.41796875,52.91015625,293.671875,40.9970703125,4.796875,449.328125,20.521875000000023
2007-04-06 06:00:00+00:00,217.6484375,36.8515625,293.53125,40.781982421875,4.86328125,254.5,20.381250000000023
2007-04-06 07:00:00+00:00,43.2265625,15.5078125,292.703125,43.52288818359375,4.916015625,58.734375,19.553125000000023
2007-04-06 08:00:00+00:00,0.0,0.03125,291.328125,51.423583984375,5.13671875,0.03125,18.178125000000023
2007-04-06 09:00:00+00:00,0.0,0.0,289.90625,58.2203369140625,5.08203125,0.0,16.756250000000023
2007-04-06 10:00:00+00:00,0.0,0.0,288.796875,60.51239013671875,4.9765625,0.0,15.646875000000023
2007-04-06 11:00:00+00:00,0.0,0.0,287.828125,62.22845458984375,4.94921875,0.0,14.678125000000023
2007-04-06 12:00:00+00:00,0.0,0.0,287.0,65.2464599609375,4.775390625,0.0,13.850000000000023
2007-04-06 13:00:00+00:00,0.0,0.0,286.421875,67.38543701171875,4.671875,0.0,13.271875000000023
2007-04-06 14:00:00+00:00,0.0,0.0,285.796875,69.7510986328125,4.40234375,0.0,12.646875000000023
2007-04-06 15:00:00+00:00,0.0,0.0,284.65625,74.2652587890625,3.689453125,0.0,11.506250000000023
2007-04-06 16:00:00+00:00,0.0,0.0,284.125,76.33856201171875,3.533203125,0.0,10.975000000000023
2007-04-06 17:00:00+00:00,0.0,0.0,283.625,78.617431640625,3.318359375,0.0,10.475000000000023
2007-04-06 18:00:00+00:00,0.0,0.0,283.203125,80.11541748046875,2.9921875,0.0,10.053125000000023
2007-04-06 19:00:00+00:00,0.0,0.0,282.84375,81.21636962890625,2.5625,0.0,9.693750000000023
2007-04-06 20:00:00+00:00,0.08984375,3.86328125,282.46875,82.63946533203125,2.21875,3.953125,9.318750000000023
2007-04-06 21:00:00+00:00,72.1953125,51.3828125,281.703125,85.33819580078125,1.81640625,123.578125,8.553125000000023
2007-04-06 22:00:00+00:00,249.54296875,73.95703125,282.71875,82.32275390625,2.125,323.5,9.568750000000023
2007-04-06 23:00:00+00:00,429.08984375,78.19140625,284.46875,75.76458740234375,2.095703125,507.28125,11.318750000000023
2007-04-07 00:00:00+00:00,567.3984375,75.2265625,286.25,68.664306640625,1.8125,642.625,13.100000000000023
2007-04-07 01:00:00+00:00,657.31640625,71.33984375,287.828125,61.37518310546875,1.3515625,728.65625,14.678125000000023
2007-04-07 02:00:00+00:00,688.20703125,64.13671875,289.140625,55.1982421875,1.046875,752.34375,15.990625000000023
2007-04-07 03:00:00+00:00,655.0234375,55.7421875,290.1875,56.2701416015625,0.9375,710.765625,17.037500000000023
2007-04-07 04:00:00+00:00,563.078125,46.0,291.25,50.9012451171875,0.517578125,609.078125,18.100000000000023
2007-04-07 05:00:00+00:00,421.04296875,35.58203125,291.984375,47.12603759765625,0.33203125,456.625,18.834375000000023
2007-04-07 06:00:00+00:00,244.6953125,23.1484375,293.15625,41.1488037109375,1.283203125,267.84375,20.006250000000023
2007-04-07 07:00:00+00:00,71.08984375,0.58203125,293.34375,38.52117919921875,1.916015625,71.671875,20.193750000000023
2007-04-07 08:00:00+00:00,0.0,0.0,291.859375,43.24273681640625,2.912109375,0.0,18.709375000000023
2007-04-07 09:00:00+00:00,0.0,0.0,289.6875,62.24847412109375,3.23046875,0.0,16.537500000000023
2007-04-07 10:00:00+00:00,0.0,0.0,288.8125,68.18768310546875,2.251953125,0.0,15.662500000000023
2007-04-07 11:00:00+00:00,0.0,0.0,288.140625,70.4390869140625,1.9453125,0.0,14.990625000000023
2007-04-07 12:00:00+00:00,0.0,0.0,287.40625,71.4296875,1.677734375,0.0,14.256250000000023
2007-04-07 13:00:00+00:00,0.0,0.0,286.65625,74.74676513671875,1.330078125,0.0,13.506250000000023
2007-04-07 14:00:00+00:00,0.0,0.0,286.0625,78.091064453125,1.330078125,0.0,12.912500000000023
2007-04-07 15:00:00+00:00,0.0,0.0,284.703125,84.4793701171875,0.732421875,0.0,11.553125000000023
2007-04-07 16:00:00+00:00,0.0,0.0,284.5,86.8970947265625,1.0078125,0.0,11.350000000000023
2007-04-07 17:00:00+00:00,0.0,0.0,284.859375,88.01934814453125,1.361328125,0.0,11.709375000000023
2007-04-07 18:00:00+00:00,0.0,0.0,284.3125,91.87469482421875,1.28515625,0.0,11.162500000000023
2007-04-07 19:00:00+00:00,0.0,0.0,283.828125,93.614990234375,1.31640625,0.0,10.678125000000023
2007-04-07 20:00:00+00:00,0.02734375,3.31640625,283.328125,94.989501953125,1.341796875,3.34375,10.178125000000023
2007-04-07 21:00:00+00:00,67.73828125,49.91796875,282.59375,97.40838623046875,1.2890625,117.65625,9.443750000000023
2007-04-07 22:00:00+00:00,241.30078125,72.90234375,284.21875,92.003662109375,1.337890625,314.203125,11.068750000000023
2007-04-07 23:00:00+00:00,416.73046875,78.87890625,286.21875,81.457763671875,1.677734375,495.609375,13.068750000000023
2007-04-08 00:00:00+00:00,551.66015625,78.18359375,288.359375,67.330078125,1.95703125,629.84375,15.209375000000023
2007-04-08 01:00:00+00:00,644.13671875,72.23828125,290.78125,55.92523193359375,2.4453125,716.375,17.631250000000023
2007-04-08 02:00:00+00:00,675.8828125,64.7734375,293.875,40.30938720703125,2.8203125,740.65625,20.725000000000023
2007-04-08 03:00:00+00:00,638.2890625,58.1015625,295.953125,32.3726806640625,3.037109375,696.390625,22.803125000000023
2007-04-08 04:00:00+00:00,546.640625,48.9375,296.671875,30.9866943359375,2.623046875,595.578125,23.521875000000023
2007-04-08 05:00:00+00:00,406.16796875,38.25390625,297.171875,30.00433349609375,2.55078125,444.421875,24.021875000000023
2007-04-08 06:00:00+00:00,232.7109375,25.1640625,297.34375,29.33868408203125,2.83203125,257.875,24.193750000000023
2007-04-08 07:00:00+00:00,63.7578125,1.5703125,296.5625,31.13604736328125,3.3359375,65.328125,23.412500000000023
2007-04-08 08:00:00+00:00,0.0,0.0,294.890625,38.00189208984375,3.607421875,0.0,21.740625000000023
2007-04-08 09:00:00+00:00,0.0,0.0,294.0,42.85699462890625,3.28125,0.0,20.850000000000023
2007-04-08 10:00:00+00:00,0.0,0.0,292.890625,46.64166259765625,3.21875,0.0,19.740625000000023
2007-04-08 11:00:00+00:00,0.0,0.0,292.21875,47.01300048828125,3.0703125,0.0,19.068750000000023
2007-04-08 12:00:00+00:00,0.0,0.0,291.421875,47.37054443359375,2.78125,0.0,18.271875000000023
2007-04-08 13:00:00+00:00,0.0,0.0,290.59375,48.8192138671875,2.314453125,0.0,17.443750000000023
2007-04-08 14:00:00+00:00,0.0,0.0,290.015625,49.976318359375,2.06640625,0.0,16.865625000000023
2007-04-08 15:00:00+00:00,0.0,0.0,288.375,63.7581787109375,1.552734375,0.0,15.225000000000023
2007-04-08 16:00:00+00:00,0.0,0.0,287.84375,68.38909912109375,1.546875,0.0,14.693750000000023
2007-04-08 17:00:00+00:00,0.0,0.0,287.171875,73.261474609375,1.494140625,0.0,14.021875000000023
2007-04-08 18:00:00+00:00,0.0,0.0,286.53125,77.19403076171875,1.439453125,0.0,13.381250000000023
2007-04-08 19:00:00+00:00,0.0,0.0,286.015625,79.7176513671875,1.466796875,0.0,12.865625000000023
2007-04-08 20:00:00+00:00,0.0078125,2.8984375,285.703125,80.63555908203125,1.666015625,2.90625,12.553125000000023
2007-04-08 21:00:00+00:00,65.62109375,48.97265625,285.375,79.8634033203125,2.03515625,114.59375,12.225000000000023
2007-04-08 22:00:00+00:00,239.55859375,71.47265625,287.234375,70.12335205078125,2.1015625,311.03125,14.084375000000023
2007-04-08 23:00:00+00:00,412.71484375,78.22265625,289.25,61.60662841796875,2.40234375,490.9375,16.100000000000023
2007-04-09 00:00:00+00:00,547.45703125,76.58984375,291.734375,51.9725341796875,2.923828125,624.046875,18.584375000000023
2007-04-09 01:00:00+00:00,634.9375,73.125,294.3125,43.23602294921875,3.66015625,708.0625,21.162500000000023
2007-04-09 02:00:00+00:00,665.59765625,66.26171875,296.515625,32.66790771484375,3.728515625,731.859375,23.365625000000023
2007-04-09 03:00:00+00:00,632.41796875,57.00390625,297.765625,30.68121337890625,3.873046875,689.421875,24.615625000000023
2007-04-09 04:00:00+00:00,542.078125,47.34375,298.515625,27.4705810546875,3.298828125,589.421875,25.365625000000023
2007-04-09 05:00:00+00:00,399.640625,37.484375,299.0,25.438720703125,2.88671875,437.125,25.850000000000023
2007-04-09 06:00:00+00:00,224.515625,25.53125,299.03125,24.620361328125,2.91015625,250.046875,25.881250000000023
2007-04-09 07:00:00+00:00,57.8515625,2.4453125,298.046875,25.99560546875,3.181640625,60.296875,24.896875000000023
2007-04-09 08:00:00+00:00,0.0,0.0,296.25,30.45867919921875,3.55859375,0.0,23.100000000000023
2007-04-09 09:00:00+00:00,0.0,0.0,295.78125,32.460693359375,3.681640625,0.0,22.631250000000023
2007-04-09 10:00:00+00:00,0.0,0.0,294.875,34.73724365234375,3.45703125,0.0,21.725000000000023
2007-04-09 11:00:00+00:00,0.0,0.0,293.984375,36.840087890625,3.181640625,0.0,20.834375000000023
2007-04-09 12:00:00+00:00,0.0,0.0,293.34375,37.54779052734375,3.01171875,0.0,20.193750000000023
2007-04-09 13:00:00+00:00,0.0,0.0,292.75,37.9595947265625,2.8203125,0.0,19.600000000000023
2007-04-09 14:00:00+00:00,0.0,0.0,292.328125,38.8084716796875,2.69140625,0.0,19.178125000000023
2007-04-09 15:00:00+00:00,0.0,0.0,290.734375,48.0509033203125,2.4609375,0.0,17.584375000000023
2007-04-09 16:00:00+00:00,0.0,0.0,289.875,51.87188720703125,2.337890625,0.0,16.725000000000023
2007-04-09 17:00:00+00:00,0.0,0.0,289.25,55.18304443359375,2.29296875,0.0,16.100000000000023
2007-04-09 18:00:00+00:00,0.0,0.0,288.671875,57.99505615234375,2.25390625,0.0,15.521875000000023
2007-04-09 19:00:00+00:00,0.0,0.0,288.46875,58.79742431640625,2.482421875,0.0,15.318750000000023
2007-04-09 20:00:00+00:00,0.0,2.265625,288.171875,59.62396240234375,2.55078125,2.265625,15.021875000000023
2007-04-09 21:00:00+00:00,1.83203125,62.32421875,287.6875,63.20111083984375,2.501953125,64.15625,14.537500000000023
2007-04-09 22:00:00+00:00,8.390625,143.125,288.78125,58.868408203125,2.515625,151.515625,15.631250000000023
2007-04-09 23:00:00+00:00,33.265625,249.96875,289.921875,54.88641357421875,2.533203125,283.234375,16.771875000000023
2007-04-10 00:00:00+00:00,198.19140625,290.37109375,291.671875,47.8135986328125,2.826171875,488.5625,18.521875000000023
2007-04-10 01:00:00+00:00,480.3984375,177.8046875,294.515625,38.87567138671875,3.25390625,658.203125,21.365625000000023
2007-04-10 02:00:00+00:00,365.56640625,248.58984375,297.328125,32.0137939453125,2.876953125,614.15625,24.178125000000023
2007-04-10 03:00:00+00:00,505.3203125,151.2421875,298.9375,28.09735107421875,2.9296875,656.5625,25.787500000000023
2007-04-10 04:00:00+00:00,482.58203125,79.79296875,300.09375,23.542724609375,2.123046875,562.375,26.943750000000023
2007-04-10 05:00:00+00:00,359.65625,56.828125,300.484375,22.43115234375,1.69140625,416.484375,27.334375000000023
2007-04-10 06:00:00+00:00,193.8203125,38.9765625,300.453125,22.1605224609375,1.357421875,232.796875,27.303125000000023
2007-04-10 07:00:00+00:00,44.7421875,7.9609375,299.484375,22.10894775390625,1.447265625,52.703125,26.334375000000023
2007-04-10 08:00:00+00:00,0.0,0.0,296.71875,26.1134033203125,1.4140625,0.0,23.568750000000023
2007-04-10 09:00:00+00:00,0.0,0.0,295.0,31.8951416015625,0.57421875,0.0,21.850000000000023
2007-04-10 10:00:00+00:00,0.0,0.0,295.703125,32.0152587890625,2.333984375,0.0,22.553125000000023
2007-04-10 11:00:00+00:00,0.0,0.0,294.4375,32.19647216796875,2.98828125,0.0,21.287500000000023
2007-04-10 12:00:00+00:00,0.0,0.0,292.1875,36.09771728515625,2.001953125,0.0,19.037500000000023
2007-04-10 13:00:00+00:00,0.0,0.0,290.75,41.11065673828125,0.92578125,0.0,17.600000000000023
2007-04-10 14:00:00+00:00,0.0,0.0,290.078125,45.29766845703125,0.810546875,0.0,16.928125000000023
2007-04-10 15:00:00+00:00,0.0,0.0,288.75,73.568603515625,1.5078125,0.0,15.600000000000023
2007-04-10 16:00:00+00:00,0.0,0.0,287.859375,75.27386474609375,0.978515625,0.0,14.709375000000023
2007-04-10 17:00:00+00:00,0.0,0.0,287.046875,76.03472900390625,0.5625,0.0,13.896875000000023
2007-04-10 18:00:00+00:00,0.0,0.0,287.09375,73.42401123046875,0.791015625,0.0,13.943750000000023
2007-04-10 19:00:00+00:00,0.0,0.0,286.6875,76.8712158203125,1.1328125,0.0,13.537500000000023
2007-04-10 20:00:00+00:00,0.0,2.0,286.078125,85.973876953125,1.0,2.0,12.928125000000023
2007-04-10 21:00:00+00:00,41.3828125,53.2421875,285.0625,89.24102783203125,0.751953125,94.625,11.912500000000023
2007-04-10 22:00:00+00:00,177.375,90.46875,286.984375,79.952880859375,0.75,267.84375,13.834375000000023
2007-04-10 23:00:00+00:00,238.5078125,128.9296875,288.796875,78.05731201171875,0.951171875,367.4375,15.646875000000023
2007-04-11 00:00:00+00:00,236.34765625,201.51171875,289.9375,80.09637451171875,1.9375,437.859375,16.787500000000023
2007-04-11 01:00:00+00:00,234.0,192.421875,290.859375,72.3751220703125,2.31640625,426.421875,17.709375000000023
2007-04-11 02:00:00+00:00,333.93359375,245.22265625,291.5625,66.64288330078125,2.333984375,579.15625,18.412500000000023
2007-04-11 03:00:00+00:00,369.484375,217.328125,291.8125,64.7264404296875,2.888671875,586.8125,18.662500000000023
2007-04-11 04:00:00+00:00,383.3046875,128.6328125,292.3125,61.93426513671875,2.9140625,511.9375,19.162500000000023
2007-04-11 05:00:00+00:00,352.11328125,63.57421875,292.578125,59.62957763671875,3.05078125,415.6875,19.428125000000023
2007-04-11 06:00:00+00:00,209.6328125,27.9296875,292.578125,57.8310546875,3.21484375,237.5625,19.428125000000023
2007-04-11 07:00:00+00:00,51.6171875,2.2734375,292.0,58.6658935546875,3.318359375,53.890625,18.850000000000023
2007-04-11 08:00:00+00:00,0.0,0.0,290.453125,63.21563720703125,3.421875,0.0,17.303125000000023
2007-04-11 09:00:00+00:00,0.0,0.0,288.75,69.09808349609375,3.755859375,0.0,15.600000000000023
2007-04-11 10:00:00+00:00,0.0,0.0,287.71875,74.6077880859375,2.77734375,0.0,14.568750000000023
2007-04-11 11:00:00+00:00,0.0,0.0,286.625,81.1776123046875,1.580078125,0.0,13.475000000000023
2007-04-11 12:00:00+00:00,0.0,0.0,285.953125,85.0771484375,1.369140625,0.0,12.803125000000023
2007-04-11 13:00:00+00:00,0.0,0.0,285.3125,88.6982421875,0.970703125,0.0,12.162500000000023
2007-04-11 14:00:00+00:00,0.0,0.0,284.703125,92.21600341796875,0.62890625,0.0,11.553125000000023
2007-04-11 15:00:00+00:00,0.0,0.0,283.96875,94.36114501953125,0.62890625,0.0,10.818750000000023
2007-04-11 16:00:00+00:00,0.0,0.0,283.4375,96.05322265625,0.6328125,0.0,10.287500000000023
2007-04-11 17:00:00+00:00,0.0,0.0,283.09375,97.04156494140625,0.7734375,0.0,9.943750000000023
2007-04-11 18:00:00+00:00,0.0,0.0,282.703125,97.60040283203125,0.880859375,0.0,9.553125000000023
2007-04-11 19:00:00+00:00,0.0,0.0,282.71875,95.82818603515625,1.087890625,0.0,9.568750000000023
2007-04-11 20:00:00+00:00,0.0,1.765625,282.359375,98.326904296875,1.146484375,1.765625,9.209375000000023
2007-04-11 21:00:00+00:00,25.5625,56.78125,281.90625,100.0400390625,1.18359375,82.34375,8.756250000000023
2007-04-11 22:00:00+00:00,205.59375,86.765625,283.046875,98.4976806640625,1.16015625,292.359375,9.896875000000023
2007-04-11 23:00:00+00:00,341.265625,104.984375,285.09375,89.375732421875,1.28125,446.25,11.943750000000023
2007-04-12 00:00:00+00:00,481.01953125,108.83984375,286.671875,83.24908447265625,1.2578125,589.859375,13.521875000000023
2007-04-12 01:00:00+00:00,533.40625,118.71875,288.0,78.42535400390625,0.732421875,652.125,14.850000000000023
2007-04-12 02:00:00+00:00,609.23828125,94.29296875,289.125,74.24700927734375,0.59375,703.53125,15.975000000000023
2007-04-12 03:00:00+00:00,614.9765625,57.5703125,291.65625,66.07568359375,1.162109375,672.546875,18.506250000000023
2007-04-12 04:00:00+00:00,523.5078125,48.1015625,292.953125,61.20196533203125,1.5703125,571.609375,19.803125000000023
2007-04-12 05:00:00+00:00,383.43359375,37.64453125,294.0,55.07861328125,2.11328125,421.078125,20.850000000000023
2007-04-12 06:00:00+00:00,210.984375,24.390625,294.328125,52.0355224609375,2.580078125,235.375,21.178125000000023
2007-04-12 07:00:00+00:00,48.56640625,2.15234375,293.75,52.6856689453125,3.099609375,50.71875,20.600000000000023
2007-04-12 08:00:00+00:00,0.0,0.0,291.890625,60.21319580078125,3.216796875,0.0,18.740625000000023
2007-04-12 09:00:00+00:00,0.0,0.0,290.09375,68.74310302734375,3.3359375,0.0,16.943750000000023
2007-04-12 10:00:00+00:00,0.0,0.0,288.515625,77.6055908203125,2.6875,0.0,15.365625000000023
2007-04-12 11:00:00+00:00,0.0,0.0,287.453125,86.4718017578125,2.0,0.0,14.303125000000023
2007-04-12 12:00:00+00:00,0.0,0.0,286.578125,92.10626220703125,1.3046875,0.0,13.428125000000023
2007-04-12 13:00:00+00:00,0.0,0.0,286.125,94.2794189453125,0.80078125,0.0,12.975000000000023
2007-04-12 14:00:00+00:00,0.0,0.0,285.34375,95.71649169921875,0.724609375,0.0,12.193750000000023
2007-04-12 15:00:00+00:00,0.0,0.0,284.078125,99.02001953125,0.935546875,0.0,10.928125000000023
2007-04-12 16:00:00+00:00,0.0,0.0,283.4375,100.43243408203125,1.041015625,0.0,10.287500000000023
2007-04-12 17:00:00+00:00,0.0,0.0,283.609375,99.70953369140625,1.158203125,0.0,10.459375000000023
2007-04-12 18:00:00+00:00,0.0,0.0,283.21875,99.488525390625,1.115234375,0.0,10.068750000000023
2007-04-12 19:00:00+00:00,0.0,0.0,282.8125,99.30364990234375,1.0234375,0.0,9.662500000000023
2007-04-12 20:00:00+00:00,0.0,1.03125,282.5,99.24798583984375,0.9296875,1.03125,9.350000000000023
2007-04-12 21:00:00+00:00,0.7109375,50.0859375,282.71875,99.28729248046875,1.240234375,50.796875,9.568750000000023
2007-04-12 22:00:00+00:00,7.12109375,134.44140625,282.9375,98.87640380859375,1.080078125,141.5625,9.787500000000023
2007-04-12 23:00:00+00:00,29.140625,242.3125,283.4375,98.26214599609375,0.931640625,271.453125,10.287500000000023
2007-04-13 00:00:00+00:00,127.90625,310.359375,284.328125,94.9730224609375,0.78125,438.265625,11.178125000000023
2007-04-13 01:00:00+00:00,344.20703125,265.51171875,285.78125,88.0238037109375,0.671875,609.71875,12.631250000000023
2007-04-13 02:00:00+00:00,601.125,106.9375,288.140625,77.821533203125,0.58984375,708.0625,14.990625000000023
2007-04-13 03:00:00+00:00,608.71484375,56.83203125,294.46875,58.84161376953125,0.796875,665.546875,21.318750000000023
2007-04-13 04:00:00+00:00,515.6640625,48.2578125,297.0625,49.2650146484375,0.685546875,563.921875,23.912500000000023
2007-04-13 05:00:00+00:00,372.515625,39.25,298.78125,37.1241455078125,0.43359375,411.765625,25.631250000000023
2007-04-13 06:00:00+00:00,198.99609375,26.72265625,299.8125,24.9564208984375,0.603515625,225.71875,26.662500000000023
2007-04-13 07:00:00+00:00,41.953125,3.625,298.75,25.0001220703125,1.533203125,45.578125,25.600000000000023
2007-04-13 08:00:00+00:00,0.0,0.0,296.765625,30.51580810546875,2.6484375,0.0,23.615625000000023
2007-04-13 09:00:00+00:00,0.0,0.0,294.671875,47.05621337890625,2.24609375,0.0,21.521875000000023
2007-04-13 10:00:00+00:00,0.0,0.0,293.53125,49.53753662109375,1.91796875,0.0,20.381250000000023
2007-04-13 11:00:00+00:00,0.0,0.0,293.21875,45.25335693359375,1.552734375,0.0,20.068750000000023
2007-04-13 12:00:00+00:00,0.0,0.0,292.25,53.723388671875,1.1015625,0.0,19.100000000000023
2007-04-13 13:00:00+00:00,0.0,0.0,291.59375,63.57855224609375,1.4453125,0.0,18.443750000000023
2007-04-13 14:00:00+00:00,0.0,0.0,290.09375,77.0216064453125,1.01953125,0.0,16.943750000000023
2007-04-13 15:00:00+00:00,0.0,0.0,288.25,83.7901611328125,0.951171875,0.0,15.100000000000023
2007-04-13 16:00:00+00:00,0.0,0.0,288.953125,70.43359375,1.71875,0.0,15.803125000000023
2007-04-13 17:00:00+00:00,0.0,0.0,289.28125,57.44281005859375,2.333984375,0.0,16.131250000000023
2007-04-13 18:00:00+00:00,0.0,0.0,289.34375,53.690185546875,2.44140625,0.0,16.193750000000023
2007-04-13 19:00:00+00:00,0.0,0.0,289.265625,52.1898193359375,2.556640625,0.0,16.115625000000023
2007-04-13 20:00:00+00:00,0.0,1.265625,289.03125,51.2222900390625,2.72265625,1.265625,15.881250000000023
2007-04-13 21:00:00+00:00,17.77734375,57.12890625,288.21875,60.109130859375,2.611328125,74.90625,15.068750000000023
2007-04-13 22:00:00+00:00,65.83203125,138.32421875,289.8125,49.86358642578125,2.859375,204.15625,16.662500000000023
2007-04-13 23:00:00+00:00,66.95703125,222.19921875,291.515625,43.1025390625,3.32421875,289.15625,18.365625000000023
2007-04-14 00:00:00+00:00,172.38671875,279.95703125,293.5625,38.0,3.89453125,452.34375,20.412500000000023
2007-04-14 01:00:00+00:00,100.3984375,289.8046875,295.953125,32.6456298828125,4.78125,390.203125,22.803125000000023
2007-04-14 02:00:00+00:00,21.93359375,247.42578125,297.28125,29.91351318359375,4.14453125,269.359375,24.131250000000023
2007-04-14 03:00:00+00:00,165.953125,305.734375,299.453125,26.8677978515625,2.890625,471.6875,26.303125000000023
2007-04-14 04:00:00+00:00,111.81640625,195.69921875,300.28125,24.40447998046875,4.013671875,307.515625,27.131250000000023
2007-04-14 05:00:00+00:00,39.8046875,149.7109375,299.640625,26.335205078125,3.51953125,189.515625,26.490625000000023
2007-04-14 06:00:00+00:00,2.28125,58.53125,298.484375,32.9324951171875,3.861328125,60.8125,25.334375000000023
2007-04-14 07:00:00+00:00,0.05859375,20.81640625,297.203125,33.5408935546875,2.806640625,20.875,24.053125000000023
2007-04-14 08:00:00+00:00,0.0,0.0,296.125,40.92352294921875,3.154296875,0.0,22.975000000000023
2007-04-14 09:00:00+00:00,0.0,0.0,295.921875,39.26416015625,3.705078125,0.0,22.771875000000023
2007-04-14 10:00:00+00:00,0.0,0.0,295.265625,39.91455078125,4.0390625,0.0,22.115625000000023
2007-04-14 11:00:00+00:00,0.0,0.0,295.3125,37.8753662109375,4.421875,0.0,22.162500000000023
2007-04-14 12:00:00+00:00,0.0,0.0,295.3125,35.65399169921875,4.494140625,0.0,22.162500000000023
2007-04-14 13:00:00+00:00,0.0,0.0,295.46875,33.447021484375,4.404296875,0.0,22.318750000000023
2007-04-14 14:00:00+00:00,0.0,0.0,293.34375,40.38494873046875,4.109375,0.0,20.193750000000023
2007-04-14 15:00:00+00:00,0.0,0.0,290.65625,49.40478515625,4.05078125,0.0,17.506250000000023
2007-04-14 16:00:00+00:00,0.0,0.0,289.9375,56.3419189453125,3.310546875,0.0,16.787500000000023
2007-04-14 17:00:00+00:00,0.0,0.0,288.71875,67.486083984375,3.470703125,0.0,15.568750000000023
2007-04-14 18:00:00+00:00,0.0,0.0,288.078125,76.8785400390625,3.408203125,0.0,14.928125000000023
2007-04-14 19:00:00+00:00,0.0,0.0,287.234375,85.90057373046875,3.189453125,0.0,14.084375000000023
2007-04-14 20:00:00+00:00,0.0,0.75,286.859375,88.76910400390625,2.9765625,0.75,13.709375000000023
2007-04-14 21:00:00+00:00,17.60546875,49.58203125,286.078125,90.5662841796875,2.353515625,67.1875,12.928125000000023
2007-04-14 22:00:00+00:00,38.28125,138.84375,287.125,85.16412353515625,2.69921875,177.125,13.975000000000023
2007-04-14 23:00:00+00:00,143.03125,206.15625,287.765625,82.3636474609375,3.26171875,349.1875,14.615625000000023
2007-04-15 00:00:00+00:00,351.5078125,177.8515625,288.828125,77.07354736328125,2.970703125,529.359375,15.678125000000023
2007-04-15 01:00:00+00:00,411.578125,159.71875,290.25,69.714111328125,2.9375,571.296875,17.100000000000023
2007-04-15 02:00:00+00:00,487.69921875,136.55078125,291.53125,63.25738525390625,2.955078125,624.25,18.381250000000023
2007-04-15 03:00:00+00:00,489.3984375,116.7109375,294.046875,54.54254150390625,3.787109375,606.109375,20.896875000000023
2007-04-15 04:00:00+00:00,463.171875,70.765625,294.796875,50.11279296875,3.5234375,533.9375,21.646875000000023
2007-04-15 05:00:00+00:00,264.9375,60.0,295.015625,49.586669921875,3.33203125,324.9375,21.865625000000023
2007-04-15 06:00:00+00:00,160.0390625,45.0078125,294.5,52.5164794921875,3.552734375,205.046875,21.350000000000023
2007-04-15 07:00:00+00:00,30.73828125,6.07421875,293.21875,61.13494873046875,4.611328125,36.8125,20.068750000000023
2007-04-15 08:00:00+00:00,0.0,0.0,291.359375,73.163818359375,4.939453125,0.0,18.209375000000023
2007-04-15 09:00:00+00:00,0.0,0.0,290.59375,75.81658935546875,5.25390625,0.0,17.443750000000023
2007-04-15 10:00:00+00:00,0.0,0.0,290.34375,75.87335205078125,4.689453125,0.0,17.193750000000023
2007-04-15 11:00:00+00:00,0.0,0.0,289.484375,80.00714111328125,4.0859375,0.0,16.334375000000023
2007-04-15 12:00:00+00:00,0.0,0.0,289.171875,82.18487548828125,3.755859375,0.0,16.021875000000023
2007-04-15 13:00:00+00:00,0.0,0.0,288.828125,86.6802978515625,3.189453125,0.0,15.678125000000023
2007-04-15 14:00:00+00:00,0.0,0.0,288.765625,90.98040771484375,3.0859375,0.0,15.615625000000023
2007-04-15 15:00:00+00:00,0.0,0.0,289.171875,94.5521240234375,3.63671875,0.0,16.021875000000023
2007-04-15 16:00:00+00:00,0.0,0.0,288.953125,93.7850341796875,3.111328125,0.0,15.803125000000023
2007-04-15 17:00:00+00:00,0.0,0.0,288.734375,91.4786376953125,2.580078125,0.0,15.584375000000023
2007-04-15 18:00:00+00:00,0.0,0.0,288.6875,89.76629638671875,2.34765625,0.0,15.537500000000023
2007-04-15 19:00:00+00:00,0.0,0.0,288.40625,90.95526123046875,3.173828125,0.0,15.256250000000023
2007-04-15 20:00:00+00:00,0.0,0.1875,288.109375,92.6629638671875,3.484375,0.1875,14.959375000000023
2007-04-15 21:00:00+00:00,7.94921875,39.42578125,288.03125,86.774658203125,2.6015625,47.375,14.881250000000023
2007-04-15 22:00:00+00:00,92.5390625,122.8828125,288.25,85.3917236328125,2.20703125,215.421875,15.100000000000023
2007-04-15 23:00:00+00:00,29.08984375,124.00390625,288.734375,81.10107421875,2.5390625,153.09375,15.584375000000023
2007-04-16 00:00:00+00:00,238.73046875,227.28515625,288.953125,78.2071533203125,2.365234375,466.015625,15.803125000000023
2007-04-16 01:00:00+00:00,350.203125,120.203125,289.890625,71.6455078125,2.681640625,470.40625,16.740625000000023
2007-04-16 02:00:00+00:00,330.34375,221.078125,290.421875,67.31988525390625,3.328125,551.421875,17.271875000000023
2007-04-16 03:00:00+00:00,130.44140625,251.91796875,290.921875,64.6317138671875,3.177734375,382.359375,17.771875000000023
2007-04-16 04:00:00+00:00,66.6328125,202.3671875,291.03125,64.26544189453125,3.646484375,269.0,17.881250000000023
2007-04-16 05:00:00+00:00,22.65625,141.84375,290.765625,65.5389404296875,3.806640625,164.5,17.615625000000023
2007-04-16 06:00:00+00:00,13.5234375,93.4140625,290.640625,65.36004638671875,3.912109375,106.9375,17.490625000000023
2007-04-16 07:00:00+00:00,5.67578125,20.41796875,290.390625,65.2630615234375,3.7265625,26.09375,17.240625000000023
2007-04-16 08:00:00+00:00,0.0,0.0,290.0625,65.02093505859375,3.21875,0.0,16.912500000000023
2007-04-16 09:00:00+00:00,0.0,0.0,288.984375,67.86962890625,3.078125,0.0,15.834375000000023
2007-04-16 10:00:00+00:00,0.0,0.0,288.203125,70.63275146484375,2.740234375,0.0,15.053125000000023
2007-04-16 11:00:00+00:00,0.0,0.0,287.140625,75.771484375,2.322265625,0.0,13.990625000000023
2007-04-16 12:00:00+00:00,0.0,0.0,286.328125,79.80438232421875,1.888671875,0.0,13.178125000000023
2007-04-16 13:00:00+00:00,0.0,0.0,285.625,83.18182373046875,1.5703125,0.0,12.475000000000023
2007-04-16 14:00:00+00:00,0.0,0.0,285.03125,86.3721923828125,1.525390625,0.0,11.881250000000023
2007-04-16 15:00:00+00:00,0.0,0.0,284.5625,87.4537353515625,0.970703125,0.0,11.412500000000023
2007-04-16 16:00:00+00:00,0.0,0.0,284.328125,89.48876953125,1.23046875,0.0,11.178125000000023
2007-04-16 17:00:00+00:00,0.0,0.0,283.734375,92.9417724609375,0.830078125,0.0,10.584375000000023
2007-04-16 18:00:00+00:00,0.0,0.0,283.390625,94.35308837890625,1.05078125,0.0,10.240625000000023
2007-04-16 19:00:00+00:00,0.0,0.0,283.140625,94.518798828125,1.51171875,0.0,9.990625000000023
2007-04-16 20:00:00+00:00,0.0,0.734375,282.328125,96.81683349609375,0.71484375,0.734375,9.178125000000023
2007-04-16 21:00:00+00:00,44.953125,42.953125,281.171875,98.7633056640625,0.732421875,87.90625,8.021875000000023
2007-04-16 22:00:00+00:00,205.0859375,71.1953125,283.125,93.443603515625,0.9453125,276.28125,9.975000000000023
2007-04-16 23:00:00+00:00,361.90234375,85.28515625,285.28125,84.98028564453125,1.126953125,447.1875,12.131250000000023
2007-04-17 00:00:00+00:00,498.11328125,81.79296875,286.796875,77.71923828125,1.3125,579.90625,13.646875000000023
2007-04-17 01:00:00+00:00,579.40625,80.625,288.0625,72.61968994140625,1.3046875,660.03125,14.912500000000023
2007-04-17 02:00:00+00:00,610.48046875,72.70703125,289.734375,66.3935546875,1.2578125,683.1875,16.584375000000023
2007-04-17 03:00:00+00:00,373.3671875,181.3515625,295.859375,36.163818359375,5.1875,554.71875,22.709375000000023
2007-04-17 04:00:00+00:00,241.28515625,200.76171875,297.15625,30.57489013671875,5.3828125,442.046875,24.006250000000023
2007-04-17 05:00:00+00:00,103.83984375,153.69140625,297.640625,28.6207275390625,5.236328125,257.53125,24.490625000000023
2007-04-17 06:00:00+00:00,7.7578125,32.3203125,297.078125,30.68499755859375,3.91796875,40.078125,23.928125000000023
2007-04-17 07:00:00+00:00,0.00390625,13.80859375,294.6875,42.5325927734375,3.236328125,13.8125,21.537500000000023
2007-04-17 08:00:00+00:00,0.0,0.0,291.875,61.7166748046875,2.365234375,0.0,18.725000000000023
2007-04-17 09:00:00+00:00,0.0,0.0,294.484375,33.91156005859375,3.197265625,0.0,21.334375000000023
2007-04-17 10:00:00+00:00,0.0,0.0,292.828125,38.28326416015625,2.677734375,0.0,19.678125000000023
2007-04-17 11:00:00+00:00,0.0,0.0,292.859375,38.7230224609375,3.025390625,0.0,19.709375000000023
2007-04-17 12:00:00+00:00,0.0,0.0,292.0625,40.85467529296875,3.455078125,0.0,18.912500000000023
2007-04-17 13:00:00+00:00,0.0,0.0,292.140625,40.89019775390625,3.69140625,0.0,18.990625000000023
2007-04-17 14:00:00+00:00,0.0,0.0,292.5625,40.10308837890625,3.11328125,0.0,19.412500000000023
2007-04-17 15:00:00+00:00,0.0,0.0,289.359375,71.43157958984375,5.193359375,0.0,16.209375000000023
2007-04-17 16:00:00+00:00,0.0,0.0,288.421875,81.87188720703125,4.59375,0.0,15.271875000000023
2007-04-17 17:00:00+00:00,0.0,0.0,287.484375,84.21630859375,3.501953125,0.0,14.334375000000023
2007-04-17 18:00:00+00:00,0.0,0.0,287.53125,83.17742919921875,2.751953125,0.0,14.381250000000023
2007-04-17 19:00:00+00:00,0.0,0.0,287.484375,82.8570556640625,2.314453125,0.0,14.334375000000023
2007-04-17 20:00:00+00:00,0.0,0.375,287.5,81.7276611328125,2.236328125,0.375,14.350000000000023
2007-04-17 21:00:00+00:00,36.890625,42.296875,286.734375,80.77374267578125,2.462890625,79.1875,13.584375000000023
2007-04-17 22:00:00+00:00,182.30078125,77.08984375,287.296875,77.49932861328125,2.681640625,259.390625,14.146875000000023
2007-04-17 23:00:00+00:00,362.18359375,79.73828125,287.828125,72.80633544921875,2.8203125,441.921875,14.678125000000023
2007-04-18 00:00:00+00:00,498.5625,73.671875,288.578125,66.7864990234375,2.431640625,572.234375,15.428125000000023
2007-04-18 01:00:00+00:00,584.296875,69.109375,289.53125,60.85638427734375,2.29296875,653.40625,16.381250000000023
2007-04-18 02:00:00+00:00,609.68359375,62.19140625,290.71875,54.760009765625,1.8359375,671.875,17.568750000000023
2007-04-18 03:00:00+00:00,547.9140625,79.1015625,292.6875,45.33056640625,1.947265625,627.015625,19.537500000000023
2007-04-18 04:00:00+00:00,448.125,62.171875,293.796875,38.0489501953125,1.689453125,510.296875,20.646875000000023
2007-04-18 05:00:00+00:00,336.98046875,41.75390625,294.390625,35.17926025390625,1.455078125,378.734375,21.240625000000023
2007-04-18 06:00:00+00:00,176.55078125,21.96484375,294.921875,34.11383056640625,1.76953125,198.515625,21.771875000000023
2007-04-18 07:00:00+00:00,28.234375,2.625,294.625,33.990234375,1.5625,30.859375,21.475000000000023
2007-04-18 08:00:00+00:00,0.0,0.0,292.921875,36.09698486328125,2.228515625,0.0,19.771875000000023
2007-04-18 09:00:00+00:00,0.0,0.0,292.21875,41.45965576171875,2.896484375,0.0,19.068750000000023
2007-04-18 10:00:00+00:00,0.0,0.0,291.953125,42.5264892578125,2.111328125,0.0,18.803125000000023
2007-04-18 11:00:00+00:00,0.0,0.0,291.15625,44.43023681640625,1.12890625,0.0,18.006250000000023
2007-04-18 12:00:00+00:00,0.0,0.0,290.609375,50.44598388671875,1.5390625,0.0,17.459375000000023
2007-04-18 13:00:00+00:00,0.0,0.0,289.53125,60.3646240234375,2.125,0.0,16.381250000000023
2007-04-18 14:00:00+00:00,0.0,0.0,288.75,67.68841552734375,1.9453125,0.0,15.600000000000023
2007-04-18 15:00:00+00:00,0.0,0.0,288.3125,63.26446533203125,1.345703125,0.0,15.162500000000023
2007-04-18 16:00:00+00:00,0.0,0.0,287.75,64.32818603515625,1.90625,0.0,14.600000000000023
2007-04-18 17:00:00+00:00,0.0,0.0,287.265625,63.971923828125,0.17578125,0.0,14.115625000000023
2007-04-18 18:00:00+00:00,0.0,0.0,287.453125,64.2913818359375,0.900390625,0.0,14.303125000000023
2007-04-18 19:00:00+00:00,0.0,0.0,286.8125,66.218505859375,0.41015625,0.0,13.662500000000023
2007-04-18 20:00:00+00:00,0.0,0.375,286.53125,66.68280029296875,0.9453125,0.375,13.381250000000023
2007-04-18 21:00:00+00:00,1.76953125,39.40234375,285.96875,71.705322265625,1.46484375,41.171875,12.818750000000023
2007-04-18 22:00:00+00:00,9.4609375,138.8515625,287.296875,65.80352783203125,1.63671875,148.3125,14.146875000000023
2007-04-18 23:00:00+00:00,27.515625,229.171875,288.59375,61.4801025390625,1.5078125,256.6875,15.443750000000023
2007-04-19 00:00:00+00:00,47.828125,292.484375,289.796875,57.60430908203125,1.630859375,340.3125,16.646875000000023
2007-04-19 01:00:00+00:00,10.4140625,116.1484375,291.328125,53.03472900390625,2.208984375,126.5625,18.178125000000023
2007-04-19 02:00:00+00:00,129.47265625,349.49609375,291.59375,50.282958984375,2.40234375,478.96875,18.443750000000023
2007-04-19 03:00:00+00:00,108.66015625,296.68359375,293.546875,44.22161865234375,2.95703125,405.34375,20.396875000000023
2007-04-19 04:00:00+00:00,11.73828125,79.32421875,294.25,40.06561279296875,2.765625,91.0625,21.100000000000023
2007-04-19 05:00:00+00:00,0.54296875,147.09765625,293.578125,41.576416015625,1.068359375,147.640625,20.428125000000023
2007-04-19 06:00:00+00:00,12.15234375,105.50390625,293.921875,41.1593017578125,1.28515625,117.65625,20.771875000000023
2007-04-19 07:00:00+00:00,6.7265625,9.8828125,293.28125,44.00811767578125,1.849609375,16.609375,20.131250000000023
2007-04-19 08:00:00+00:00,0.0,0.0,291.546875,49.65869140625,2.041015625,0.0,18.396875000000023
2007-04-19 09:00:00+00:00,0.0,0.0,291.421875,46.19677734375,2.228515625,0.0,18.271875000000023
2007-04-19 10:00:00+00:00,0.0,0.0,290.734375,47.0546875,2.326171875,0.0,17.584375000000023
2007-04-19 11:00:00+00:00,0.0,0.0,290.0625,48.85064697265625,2.095703125,0.0,16.912500000000023
2007-04-19 12:00:00+00:00,0.0,0.0,289.359375,52.05145263671875,1.763671875,0.0,16.209375000000023
2007-04-19 13:00:00+00:00,0.0,0.0,288.609375,56.3924560546875,1.44140625,0.0,15.459375000000023
2007-04-19 14:00:00+00:00,0.0,0.0,287.796875,62.06964111328125,1.21875,0.0,14.646875000000023
2007-04-19 15:00:00+00:00,0.0,0.0,286.625,68.1298828125,1.37109375,0.0,13.475000000000023
2007-04-19 16:00:00+00:00,0.0,0.0,286.21875,71.7816162109375,1.693359375,0.0,13.068750000000023
2007-04-19 17:00:00+00:00,0.0,0.0,285.734375,73.9140625,1.74609375,0.0,12.584375000000023
2007-04-19 18:00:00+00:00,0.0,0.0,285.21875,74.3675537109375,1.630859375,0.0,12.068750000000023
2007-04-19 19:00:00+00:00,0.0,0.0,284.765625,74.5443115234375,1.638671875,0.0,11.615625000000023
2007-04-19 20:00:00+00:00,0.0,0.28125,284.390625,73.83624267578125,1.677734375,0.28125,11.240625000000023
2007-04-19 21:00:00+00:00,39.5703125,37.9765625,284.390625,70.885009765625,2.03125,77.546875,11.240625000000023
2007-04-19 22:00:00+00:00,192.515625,67.453125,286.046875,64.01409912109375,1.796875,259.96875,12.896875000000023
2007-04-19 23:00:00+00:00,354.91015625,75.60546875,287.78125,58.0887451171875,1.95703125,430.515625,14.631250000000023
2007-04-20 00:00:00+00:00,483.64453125,74.71484375,290.15625,50.11102294921875,1.98046875,558.359375,17.006250000000023
2007-04-20 01:00:00+00:00,567.3203125,71.1640625,292.328125,43.90570068359375,1.96875,638.484375,19.178125000000023
2007-04-20 02:00:00+00:00,595.140625,64.09375,294.53125,37.5863037109375,1.908203125,659.234375,21.381250000000023
2007-04-20 03:00:00+00:00,555.91796875,57.66015625,296.578125,33.41265869140625,1.46875,613.578125,23.428125000000023
2007-04-20 04:00:00+00:00,418.43359375,67.45703125,297.140625,30.754638671875,0.98046875,485.890625,23.990625000000023
2007-04-20 05:00:00+00:00,279.80078125,51.43359375,297.625,29.755615234375,1.44140625,331.234375,24.475000000000023
2007-04-20 06:00:00+00:00,141.43359375,34.53515625,297.734375,29.31011962890625,2.1875,175.96875,24.584375000000023
2007-04-20 07:00:00+00:00,22.93359375,4.14453125,296.640625,32.18572998046875,2.955078125,27.078125,23.490625000000023
2007-04-20 08:00:00+00:00,0.0,0.0,295.359375,37.55682373046875,3.546875,0.0,22.209375000000023
2007-04-20 09:00:00+00:00,0.0,0.0,293.984375,38.017578125,3.0703125,0.0,20.834375000000023
2007-04-20 10:00:00+00:00,0.0,0.0,292.796875,41.4459228515625,2.6171875,0.0,19.646875000000023
2007-04-20 11:00:00+00:00,0.0,0.0,291.953125,43.8985595703125,2.2890625,0.0,18.803125000000023
2007-04-20 12:00:00+00:00,0.0,0.0,291.265625,45.183837890625,2.015625,0.0,18.115625000000023
2007-04-20 13:00:00+00:00,0.0,0.0,290.71875,46.78912353515625,1.966796875,0.0,17.568750000000023
2007-04-20 14:00:00+00:00,0.0,0.0,289.8125,50.03765869140625,1.681640625,0.0,16.662500000000023
2007-04-20 15:00:00+00:00,0.0,0.0,288.390625,64.17706298828125,1.732421875,0.0,15.240625000000023
2007-04-20 16:00:00+00:00,0.0,0.0,287.640625,67.23675537109375,1.703125,0.0,14.490625000000023
2007-04-20 17:00:00+00:00,0.0,0.0,287.203125,67.79840087890625,1.89453125,0.0,14.053125000000023
2007-04-20 18:00:00+00:00,0.0,0.0,286.84375,68.68304443359375,1.580078125,0.0,13.693750000000023
2007-04-20 19:00:00+00:00,0.0,0.0,286.375,71.0706787109375,1.513671875,0.0,13.225000000000023
2007-04-20 20:00:00+00:00,0.0,0.203125,285.796875,73.7579345703125,1.55078125,0.203125,12.646875000000023
2007-04-20 21:00:00+00:00,31.94140625,39.68359375,285.078125,74.2606201171875,1.607421875,71.625,11.928125000000023
2007-04-20 22:00:00+00:00,169.57421875,78.51953125,287.640625,63.14947509765625,1.3828125,248.09375,14.490625000000023
2007-04-20 23:00:00+00:00,241.734375,133.71875,289.015625,58.978271484375,1.705078125,375.453125,15.865625000000023
2007-04-21 00:00:00+00:00,190.828125,180.359375,290.890625,51.42474365234375,2.03125,371.1875,17.740625000000023
2007-04-21 01:00:00+00:00,113.69921875,248.20703125,292.359375,49.1082763671875,1.490234375,361.90625,19.209375000000023
2007-04-21 02:00:00+00:00,33.33203125,218.51171875,292.78125,47.11932373046875,1.95703125,251.84375,19.631250000000023
2007-04-21 03:00:00+00:00,58.59375,244.46875,290.78125,59.5841064453125,3.67578125,303.0625,17.631250000000023
2007-04-21 04:00:00+00:00,243.06640625,191.71484375,291.328125,63.74139404296875,3.48046875,434.78125,18.178125000000023
2007-04-21 05:00:00+00:00,37.046875,61.828125,291.15625,69.8653564453125,3.36328125,98.875,18.006250000000023
2007-04-21 06:00:00+00:00,0.0,25.390625,289.828125,77.164306640625,2.205078125,25.390625,16.678125000000023
2007-04-21 07:00:00+00:00,0.8984375,7.8671875,289.078125,80.53912353515625,2.041015625,8.765625,15.928125000000023
2007-04-21 08:00:00+00:00,0.0,0.0,288.5625,84.89892578125,2.265625,0.0,15.412500000000023
2007-04-21 09:00:00+00:00,0.0,0.0,287.921875,90.77923583984375,0.837890625,0.0,14.771875000000023
2007-04-21 10:00:00+00:00,0.0,0.0,287.8125,91.6622314453125,0.65625,0.0,14.662500000000023
2007-04-21 11:00:00+00:00,0.0,0.0,286.75,96.00592041015625,0.546875,0.0,13.600000000000023
2007-04-21 12:00:00+00:00,0.0,0.0,286.578125,96.5423583984375,0.751953125,0.0,13.428125000000023
2007-04-21 13:00:00+00:00,0.0,0.0,287.359375,94.14935302734375,0.80078125,0.0,14.209375000000023
2007-04-21 14:00:00+00:00,0.0,0.0,287.453125,95.0902099609375,1.107421875,0.0,14.303125000000023
2007-04-21 15:00:00+00:00,0.0,0.0,287.421875,93.74560546875,2.60546875,0.0,14.271875000000023
2007-04-21 16:00:00+00:00,0.0,0.0,287.328125,94.983154296875,2.115234375,0.0,14.178125000000023
2007-04-21 17:00:00+00:00,0.0,0.0,287.46875,96.00164794921875,1.23046875,0.0,14.318750000000023
2007-04-21 18:00:00+00:00,0.0,0.0,287.453125,96.85772705078125,0.380859375,0.0,14.303125000000023
2007-04-21 19:00:00+00:00,0.0,0.0,286.953125,98.72601318359375,0.615234375,0.0,13.803125000000023
2007-04-21 20:00:00+00:00,0.0,0.0625,286.921875,98.25341796875,1.357421875,0.0625,13.771875000000023
2007-04-21 21:00:00+00:00,1.203125,28.6875,287.328125,95.06170654296875,2.1953125,29.890625,14.178125000000023
2007-04-21 22:00:00+00:00,57.27734375,116.70703125,287.3125,95.943359375,1.98828125,173.984375,14.162500000000023
2007-04-21 23:00:00+00:00,103.734375,178.515625,288.15625,91.8023681640625,2.548828125,282.25,15.006250000000023
2007-04-22 00:00:00+00:00,282.49609375,191.34765625,288.78125,86.02667236328125,2.96484375,473.84375,15.631250000000023
2007-04-22 01:00:00+00:00,387.5703125,177.4765625,289.6875,78.85308837890625,2.857421875,565.046875,16.537500000000023
2007-04-22 02:00:00+00:00,366.7265625,152.0859375,291.03125,68.3802490234375,2.677734375,518.8125,17.881250000000023
2007-04-22 03:00:00+00:00,180.50390625,207.99609375,292.015625,58.551025390625,4.076171875,388.5,18.865625000000023
2007-04-22 04:00:00+00:00,41.94921875,178.55078125,292.8125,53.0322265625,4.486328125,220.5,19.662500000000023
2007-04-22 05:00:00+00:00,204.60546875,117.66015625,292.25,55.709228515625,5.103515625,322.265625,19.100000000000023
2007-04-22 06:00:00+00:00,99.66015625,43.62109375,292.203125,56.74407958984375,5.142578125,143.28125,19.053125000000023
2007-04-22 07:00:00+00:00,9.74609375,1.22265625,291.15625,65.47723388671875,4.94921875,10.96875,18.006250000000023
2007-04-22 08:00:00+00:00,0.0,0.0,290.234375,74.838134765625,4.1328125,0.0,17.084375000000023
2007-04-22 09:00:00+00:00,0.0,0.0,288.859375,85.840087890625,3.271484375,0.0,15.709375000000023
2007-04-22 10:00:00+00:00,0.0,0.0,288.25,89.1689453125,2.94140625,0.0,15.100000000000023
2007-04-22 11:00:00+00:00,0.0,0.0,287.71875,92.27276611328125,2.787109375,0.0,14.568750000000023
2007-04-22 12:00:00+00:00,0.0,0.0,287.125,93.61981201171875,2.701171875,0.0,13.975000000000023
2007-04-22 13:00:00+00:00,0.0,0.0,286.4375,93.326416015625,2.552734375,0.0,13.287500000000023
2007-04-22 14:00:00+00:00,0.0,0.0,285.84375,93.35845947265625,2.298828125,0.0,12.693750000000023
2007-04-22 15:00:00+00:00,0.0,0.0,285.59375,96.462646484375,2.0625,0.0,12.443750000000023
2007-04-22 16:00:00+00:00,0.0,0.0,285.546875,96.73779296875,1.71875,0.0,12.396875000000023
2007-04-22 17:00:00+00:00,0.0,0.0,285.1875,96.90582275390625,1.59375,0.0,12.037500000000023
2007-04-22 18:00:00+00:00,0.0,0.0,284.640625,97.1866455078125,1.6015625,0.0,11.490625000000023
2007-04-22 19:00:00+00:00,0.0,0.0,284.390625,97.12054443359375,1.63671875,0.0,11.240625000000023
2007-04-22 20:00:00+00:00,0.0,0.0625,284.140625,97.244873046875,1.5390625,0.0625,10.990625000000023
2007-04-22 21:00:00+00:00,29.2578125,35.5546875,284.0,97.9295654296875,1.69921875,64.8125,10.850000000000023
2007-04-22 22:00:00+00:00,164.08203125,74.93359375,285.234375,95.175048828125,2.064453125,239.015625,12.084375000000023
2007-04-22 23:00:00+00:00,328.05078125,82.35546875,286.921875,88.1781005859375,3.05078125,410.40625,13.771875000000023
2007-04-23 00:00:00+00:00,429.609375,90.40625,289.09375,75.38409423828125,3.833984375,520.015625,15.943750000000023
2007-04-23 01:00:00+00:00,405.62890625,99.69921875,290.5,65.3314208984375,4.671875,505.328125,17.350000000000023
2007-04-23 02:00:00+00:00,499.953125,112.765625,291.671875,57.252197265625,5.12109375,612.71875,18.521875000000023
2007-04-23 03:00:00+00:00,488.6484375,80.3515625,292.96875,48.4461669921875,5.5078125,569.0,19.818750000000023
2007-04-23 04:00:00+00:00,435.984375,57.546875,293.625,44.92962646484375,5.58984375,493.53125,20.475000000000023
2007-04-23 05:00:00+00:00,300.03125,41.859375,293.578125,44.83526611328125,5.787109375,341.890625,20.428125000000023
2007-04-23 06:00:00+00:00,108.88671875,26.98828125,293.1875,43.55999755859375,5.619140625,135.875,20.037500000000023
2007-04-23 07:00:00+00:00,14.77734375,6.03515625,292.265625,45.211669921875,5.548828125,20.8125,19.115625000000023
2007-04-23 08:00:00+00:00,0.0,0.0,290.8125,50.27569580078125,5.3046875,0.0,17.662500000000023
2007-04-23 09:00:00+00:00,0.0,0.0,289.25,61.7655029296875,6.16796875,0.0,16.100000000000023
2007-04-23 10:00:00+00:00,0.0,0.0,288.234375,66.28594970703125,6.345703125,0.0,15.084375000000023
2007-04-23 11:00:00+00:00,0.0,0.0,287.484375,70.50421142578125,6.251953125,0.0,14.334375000000023
2007-04-23 12:00:00+00:00,0.0,0.0,286.9375,73.8160400390625,6.1015625,0.0,13.787500000000023
2007-04-23 13:00:00+00:00,0.0,0.0,286.515625,75.6771240234375,5.9453125,0.0,13.365625000000023
2007-04-23 14:00:00+00:00,0.0,0.0,286.1875,76.34747314453125,5.87109375,0.0,13.037500000000023
2007-04-23 15:00:00+00:00,0.0,0.0,285.90625,77.0626220703125,6.037109375,0.0,12.756250000000023
2007-04-23 16:00:00+00:00,0.0,0.0,285.6875,77.70245361328125,5.8984375,0.0,12.537500000000023
2007-04-23 17:00:00+00:00,0.0,0.0,285.515625,78.20318603515625,5.828125,0.0,12.365625000000023
2007-04-23 18:00:00+00:00,0.0,0.0,285.34375,78.7025146484375,5.703125,0.0,12.193750000000023
2007-04-23 19:00:00+00:00,0.0,0.0,284.984375,80.1956787109375,5.521484375,0.0,11.834375000000023
2007-04-23 20:00:00+00:00,0.0,0.03125,284.9375,79.78369140625,5.1875,0.03125,11.787500000000023
2007-04-23 21:00:00+00:00,33.69921875,32.37890625,284.046875,87.059814453125,3.84375,66.078125,10.896875000000023
2007-04-23 22:00:00+00:00,177.76953125,65.37109375,284.890625,83.31182861328125,3.552734375,243.140625,11.740625000000023
2007-04-23 23:00:00+00:00,337.44140625,73.41796875,286.859375,73.82623291015625,4.03125,410.859375,13.709375000000023
2007-04-24 00:00:00+00:00,462.74609375,72.08203125,289.109375,60.73583984375,4.0078125,534.828125,15.959375000000023
2007-04-24 01:00:00+00:00,544.203125,68.78125,290.640625,51.37298583984375,3.4609375,612.984375,17.490625000000023
2007-04-24 02:00:00+00:00,570.1484375,61.9765625,291.71875,46.9854736328125,2.94921875,632.125,18.568750000000023
2007-04-24 03:00:00+00:00,537.40625,53.328125,292.640625,44.3695068359375,3.06640625,590.734375,19.490625000000023
2007-04-24 04:00:00+00:00,448.921875,43.84375,293.296875,42.037353515625,2.787109375,492.765625,20.146875000000023
2007-04-24 05:00:00+00:00,314.7578125,32.8203125,293.671875,40.46795654296875,2.91796875,347.578125,20.521875000000023
2007-04-24 06:00:00+00:00,153.7109375,18.1484375,293.609375,40.16949462890625,4.01171875,171.859375,20.459375000000023
2007-04-24 07:00:00+00:00,19.62109375,0.97265625,292.546875,43.70343017578125,4.765625,20.59375,19.396875000000023
2007-04-24 08:00:00+00:00,0.0,0.0,290.765625,53.33837890625,5.841796875,0.0,17.615625000000023
2007-04-24 09:00:00+00:00,0.0,0.0,288.765625,69.888916015625,6.40234375,0.0,15.615625000000023
2007-04-24 10:00:00+00:00,0.0,0.0,287.90625,75.00457763671875,5.85546875,0.0,14.756250000000023
2007-04-24 11:00:00+00:00,0.0,0.0,287.453125,76.6881103515625,5.38671875,0.0,14.303125000000023
2007-04-24 12:00:00+00:00,0.0,0.0,287.0,78.66510009765625,5.05078125,0.0,13.850000000000023
2007-04-24 13:00:00+00:00,0.0,0.0,286.640625,80.12481689453125,4.556640625,0.0,13.490625000000023
2007-04-24 14:00:00+00:00,0.0,0.0,286.25,81.32232666015625,3.814453125,0.0,13.100000000000023
2007-04-24 15:00:00+00:00,0.0,0.0,285.078125,85.915771484375,2.37890625,0.0,11.928125000000023
2007-04-24 16:00:00+00:00,0.0,0.0,284.375,89.2462158203125,1.79296875,0.0,11.225000000000023
2007-04-24 17:00:00+00:00,0.0,0.0,283.9375,90.84735107421875,1.71875,0.0,10.787500000000023
2007-04-24 18:00:00+00:00,0.0,0.0,283.65625,91.8099365234375,1.83984375,0.0,10.506250000000023
2007-04-24 19:00:00+00:00,0.0,0.0,283.15625,93.541748046875,1.791015625,0.0,10.006250000000023
2007-04-24 20:00:00+00:00,0.0,0.015625,282.46875,95.965087890625,1.57421875,0.015625,9.318750000000023
2007-04-24 21:00:00+00:00,33.80078125,31.38671875,281.578125,97.17071533203125,1.4453125,65.1875,8.428125000000023
2007-04-24 22:00:00+00:00,180.39453125,63.91796875,282.765625,94.59716796875,1.453125,244.3125,9.615625000000023
2007-04-24 23:00:00+00:00,340.3046875,72.5546875,284.40625,88.167236328125,1.146484375,412.859375,11.256250000000023
2007-04-25 00:00:00+00:00,466.15625,71.6875,285.875,82.32305908203125,0.732421875,537.84375,12.725000000000023
2007-04-25 01:00:00+00:00,547.04296875,68.30078125,287.09375,77.816162109375,0.658203125,615.34375,13.943750000000023
2007-04-25 02:00:00+00:00,572.8125,61.328125,288.75,68.673583984375,0.408203125,634.140625,15.600000000000023
2007-04-25 03:00:00+00:00,539.95703125,52.49609375,291.453125,55.2254638671875,0.814453125,592.453125,18.303125000000023
2007-04-25 04:00:00+00:00,450.6328125,42.9765625,292.75,44.9385986328125,1.13671875,493.609375,19.600000000000023
2007-04-25 05:00:00+00:00,315.19140625,32.02734375,293.5625,39.92755126953125,1.68359375,347.21875,20.412500000000023
2007-04-25 06:00:00+00:00,152.5546875,17.3046875,293.828125,36.79071044921875,2.1015625,169.859375,20.678125000000023
2007-04-25 07:00:00+00:00,18.5234375,0.8046875,292.8125,38.92340087890625,2.71875,19.328125,19.662500000000023
2007-04-25 08:00:00+00:00,0.0,0.0,291.484375,47.60601806640625,3.54296875,0.0,18.334375000000023
2007-04-25 09:00:00+00:00,0.0,0.0,290.171875,56.81787109375,4.044921875,0.0,17.021875000000023
2007-04-25 10:00:00+00:00,0.0,0.0,288.765625,65.7354736328125,3.74609375,0.0,15.615625000000023
2007-04-25 11:00:00+00:00,0.0,0.0,287.8125,71.018310546875,3.6796875,0.0,14.662500000000023
2007-04-25 12:00:00+00:00,0.0,0.0,286.9375,75.34918212890625,3.251953125,0.0,13.787500000000023
2007-04-25 13:00:00+00:00,0.0,0.0,286.0625,79.86016845703125,2.619140625,0.0,12.912500000000023
2007-04-25 14:00:00+00:00,0.0,0.0,285.375,83.47259521484375,2.2109375,0.0,12.225000000000023
2007-04-25 15:00:00+00:00,0.0,0.0,283.90625,88.93890380859375,1.45703125,0.0,10.756250000000023
2007-04-25 16:00:00+00:00,0.0,0.0,283.421875,90.853515625,1.828125,0.0,10.271875000000023
2007-04-25 17:00:00+00:00,0.0,0.0,282.8125,93.12548828125,1.892578125,0.0,9.662500000000023
2007-04-25 18:00:00+00:00,0.0,0.0,282.34375,94.6544189453125,1.869140625,0.0,9.193750000000023
2007-04-25 19:00:00+00:00,0.0,0.0,281.8125,95.9124755859375,1.66015625,0.0,8.662500000000023
2007-04-25 20:00:00+00:00,0.0,0.0,281.359375,96.7523193359375,1.57421875,0.0,8.209375000000023
2007-04-25 21:00:00+00:00,18.984375,34.21875,279.921875,99.41986083984375,1.345703125,53.203125,6.771875000000023
2007-04-25 22:00:00+00:00,152.6171875,81.6015625,280.921875,97.7886962890625,1.42578125,234.21875,7.771875000000023
2007-04-25 23:00:00+00:00,310.8671875,92.4140625,283.09375,88.2381591796875,1.119140625,403.28125,9.943750000000023
2007-04-26 00:00:00+00:00,305.8125,170.46875,285.453125,78.901611328125,1.41796875,476.28125,12.303125000000023
2007-04-26 01:00:00+00:00,220.61328125,263.13671875,286.8125,74.30670166015625,0.74609375,483.75,13.662500000000023
2007-04-26 02:00:00+00:00,306.71875,215.3125,287.984375,70.80987548828125,0.5390625,522.03125,14.834375000000023
2007-04-26 03:00:00+00:00,321.01953125,204.99609375,290.21875,57.53192138671875,1.06640625,526.015625,17.068750000000023
2007-04-26 04:00:00+00:00,335.125,126.171875,291.609375,46.2398681640625,0.978515625,461.296875,18.459375000000023
2007-04-26 05:00:00+00:00,250.26171875,74.70703125,292.546875,39.618896484375,1.357421875,324.96875,19.396875000000023
2007-04-26 06:00:00+00:00,57.96875,67.71875,292.9375,36.7601318359375,2.162109375,125.6875,19.787500000000023
2007-04-26 07:00:00+00:00,0.76953125,12.77734375,291.765625,36.42449951171875,2.5625,13.546875,18.615625000000023
2007-04-26 08:00:00+00:00,0.0,0.0,290.375,40.0341796875,2.720703125,0.0,17.225000000000023
2007-04-26 09:00:00+00:00,0.0,0.0,289.703125,44.01806640625,2.744140625,0.0,16.553125000000023
2007-04-26 10:00:00+00:00,0.0,0.0,288.875,58.29052734375,3.34375,0.0,15.725000000000023
2007-04-26 11:00:00+00:00,0.0,0.0,287.828125,66.41766357421875,3.5078125,0.0,14.678125000000023
2007-04-26 12:00:00+00:00,0.0,0.0,287.328125,69.8172607421875,3.59375,0.0,14.178125000000023
2007-04-26 13:00:00+00:00,0.0,0.0,287.125,71.69464111328125,3.62890625,0.0,13.975000000000023
2007-04-26 14:00:00+00:00,0.0,0.0,287.0625,72.156005859375,3.87890625,0.0,13.912500000000023
2007-04-26 15:00:00+00:00,0.0,0.0,286.328125,74.97998046875,2.943359375,0.0,13.178125000000023
2007-04-26 16:00:00+00:00,0.0,0.0,286.328125,75.1473388671875,3.216796875,0.0,13.178125000000023
2007-04-26 17:00:00+00:00,0.0,0.0,286.203125,75.581787109375,2.9453125,0.0,13.053125000000023
2007-04-26 18:00:00+00:00,0.0,0.0,285.953125,75.97344970703125,2.65625,0.0,12.803125000000023
2007-04-26 19:00:00+00:00,0.0,0.0,285.734375,76.15576171875,2.505859375,0.0,12.584375000000023
2007-04-26 20:00:00+00:00,0.0,0.0,285.6875,75.96075439453125,2.4921875,0.0,12.537500000000023
2007-04-26 21:00:00+00:00,0.0,16.453125,285.109375,78.388671875,2.03125,16.453125,11.959375000000023
2007-04-26 22:00:00+00:00,14.46484375,76.05078125,285.59375,76.6832275390625,2.0,90.515625,12.443750000000023
2007-04-26 23:00:00+00:00,7.6640625,158.2734375,286.390625,75.049072265625,1.876953125,165.9375,13.240625000000023
2007-04-27 00:00:00+00:00,0.3125,141.375,287.671875,70.68572998046875,1.658203125,141.6875,14.521875000000023
2007-04-27 01:00:00+00:00,2.94140625,192.07421875,288.046875,71.46710205078125,0.9375,195.015625,14.896875000000023
2007-04-27 02:00:00+00:00,72.88671875,312.03515625,288.59375,68.0848388671875,1.39453125,384.921875,15.443750000000023
2007-04-27 03:00:00+00:00,268.3203125,209.8828125,293.109375,40.96099853515625,3.9453125,478.203125,19.959375000000023
2007-04-27 04:00:00+00:00,119.875,198.875,293.46875,39.607421875,4.900390625,318.75,20.318750000000023
2007-04-27 05:00:00+00:00,26.6640625,132.1015625,293.453125,38.90081787109375,4.640625,158.765625,20.303125000000023
2007-04-27 06:00:00+00:00,4.40625,72.53125,293.125,38.863037109375,3.966796875,76.9375,19.975000000000023
2007-04-27 07:00:00+00:00,3.8671875,8.1484375,292.546875,42.18829345703125,3.78125,12.015625,19.396875000000023
2007-04-27 08:00:00+00:00,0.0,0.0,291.125,54.46392822265625,3.986328125,0.0,17.975000000000023
2007-04-27 09:00:00+00:00,0.0,0.0,290.03125,60.7115478515625,3.607421875,0.0,16.881250000000023
2007-04-27 10:00:00+00:00,0.0,0.0,289.5625,64.96405029296875,3.6328125,0.0,16.412500000000023
2007-04-27 11:00:00+00:00,0.0,0.0,288.90625,69.78887939453125,3.744140625,0.0,15.756250000000023
2007-04-27 12:00:00+00:00,0.0,0.0,288.421875,72.33056640625,3.91796875,0.0,15.271875000000023
2007-04-27 13:00:00+00:00,0.0,0.0,288.0625,75.76873779296875,4.017578125,0.0,14.912500000000023
2007-04-27 14:00:00+00:00,0.0,0.0,288.046875,77.79107666015625,4.13671875,0.0,14.896875000000023
2007-04-27 15:00:00+00:00,0.0,0.0,288.203125,79.57525634765625,2.654296875,0.0,15.053125000000023
2007-04-27 16:00:00+00:00,0.0,0.0,287.578125,87.3204345703125,2.267578125,0.0,14.428125000000023
2007-04-27 17:00:00+00:00,0.0,0.0,287.328125,90.583740234375,2.638671875,0.0,14.178125000000023
2007-04-27 18:00:00+00:00,0.0,0.0,287.203125,91.87640380859375,2.759765625,0.0,14.053125000000023
2007-04-27 19:00:00+00:00,0.0,0.0,287.109375,92.27923583984375,3.19921875,0.0,13.959375000000023
2007-04-27 20:00:00+00:00,0.0,0.0,287.21875,90.35491943359375,3.37109375,0.0,14.068750000000023
2007-04-27 21:00:00+00:00,0.0,8.0625,287.15625,87.59637451171875,2.515625,8.0625,14.006250000000023
2007-04-27 22:00:00+00:00,1.80078125,66.08984375,287.5,85.38922119140625,1.775390625,67.890625,14.350000000000023
2007-04-27 23:00:00+00:00,178.15234375,161.89453125,288.21875,83.0833740234375,2.021484375,340.046875,15.068750000000023
2007-04-28 00:00:00+00:00,371.7734375,119.3984375,289.546875,80.5400390625,2.94921875,491.171875,16.396875000000023
2007-04-28 01:00:00+00:00,427.0625,106.96875,290.609375,74.6314697265625,3.748046875,534.03125,17.459375000000023
2007-04-28 02:00:00+00:00,414.57421875,117.59765625,291.859375,61.59173583984375,3.18359375,532.171875,18.709375000000023
2007-04-28 03:00:00+00:00,456.44921875,88.16015625,292.90625,51.84539794921875,3.93359375,544.609375,19.756250000000023
2007-04-28 04:00:00+00:00,354.125,69.515625,293.5,48.308349609375,3.65234375,423.640625,20.350000000000023
2007-04-28 05:00:00+00:00,203.28515625,67.24609375,293.65625,46.8309326171875,3.408203125,270.53125,20.506250000000023
2007-04-28 06:00:00+00:00,97.265625,38.28125,293.609375,47.271484375,3.078125,135.546875,20.459375000000023
2007-04-28 07:00:00+00:00,5.875,5.265625,292.765625,49.703857421875,3.1171875,11.140625,19.615625000000023
2007-04-28 08:00:00+00:00,0.0,0.0,292.03125,54.5179443359375,3.302734375,0.0,18.881250000000023
2007-04-28 09:00:00+00:00,0.0,0.0,291.09375,59.6522216796875,3.50390625,0.0,17.943750000000023
2007-04-28 10:00:00+00:00,0.0,0.0,290.578125,64.281494140625,3.130859375,0.0,17.428125000000023
2007-04-28 11:00:00+00:00,0.0,0.0,289.765625,69.2000732421875,2.837890625,0.0,16.615625000000023
2007-04-28 12:00:00+00:00,0.0,0.0,289.390625,71.34979248046875,3.130859375,0.0,16.240625000000023
2007-04-28 13:00:00+00:00,0.0,0.0,289.03125,73.67364501953125,3.119140625,0.0,15.881250000000023
2007-04-28 14:00:00+00:00,0.0,0.0,288.75,75.63067626953125,2.89453125,0.0,15.600000000000023
2007-04-28 15:00:00+00:00,0.0,0.0,288.546875,77.5599365234375,2.427734375,0.0,15.396875000000023
2007-04-28 16:00:00+00:00,0.0,0.0,288.34375,78.8375244140625,2.48828125,0.0,15.193750000000023
2007-04-28 17:00:00+00:00,0.0,0.0,288.453125,79.15423583984375,2.470703125,0.0,15.303125000000023
2007-04-28 18:00:00+00:00,0.0,0.0,288.515625,79.2286376953125,2.37109375,0.0,15.365625000000023
2007-04-28 19:00:00+00:00,0.0,0.0,288.59375,79.95513916015625,2.560546875,0.0,15.443750000000023
2007-04-28 20:00:00+00:00,0.0,0.0,288.515625,82.45343017578125,2.66015625,0.0,15.365625000000023
2007-04-28 21:00:00+00:00,0.0,17.375,288.546875,83.3304443359375,3.048828125,17.375,15.396875000000023
2007-04-28 22:00:00+00:00,0.00390625,12.62109375,288.515625,85.22296142578125,3.265625,12.625,15.365625000000023
2007-04-28 23:00:00+00:00,0.0,26.671875,288.234375,88.20745849609375,3.33984375,26.671875,15.084375000000023
2007-04-29 00:00:00+00:00,11.74609375,78.36328125,288.296875,89.1375732421875,3.23828125,90.109375,15.146875000000023
2007-04-29 01:00:00+00:00,170.79296875,283.08203125,288.875,87.472900390625,3.607421875,453.875,15.725000000000023
2007-04-29 02:00:00+00:00,48.30078125,170.57421875,290.25,75.66571044921875,3.154296875,218.875,17.100000000000023
2007-04-29 03:00:00+00:00,359.9453125,156.2109375,290.640625,73.17327880859375,3.09375,516.15625,17.490625000000023
2007-04-29 04:00:00+00:00,91.3203125,29.6953125,291.1875,69.66363525390625,2.24609375,121.015625,18.037500000000023
2007-04-29 05:00:00+00:00,19.6328125,87.0703125,290.828125,69.69610595703125,1.5703125,106.703125,17.678125000000023
2007-04-29 06:00:00+00:00,78.00390625,55.73046875,290.9375,68.31378173828125,1.0625,133.734375,17.787500000000023
2007-04-29 07:00:00+00:00,5.6328125,4.4140625,290.578125,69.1800537109375,0.970703125,10.046875,17.428125000000023
2007-04-29 08:00:00+00:00,0.0,0.0,289.640625,72.71417236328125,1.27734375,0.0,16.490625000000023
2007-04-29 09:00:00+00:00,0.0,0.0,289.078125,75.41131591796875,1.03515625,0.0,15.928125000000023
2007-04-29 10:00:00+00:00,0.0,0.0,289.40625,74.76806640625,1.5234375,0.0,16.256250000000023
2007-04-29 11:00:00+00:00,0.0,0.0,288.734375,79.3253173828125,1.8203125,0.0,15.584375000000023
2007-04-29 12:00:00+00:00,0.0,0.0,288.40625,82.85345458984375,2.068359375,0.0,15.256250000000023
2007-04-29 13:00:00+00:00,0.0,0.0,288.265625,85.238525390625,1.626953125,0.0,15.115625000000023
2007-04-29 14:00:00+00:00,0.0,0.0,287.9375,86.715576171875,1.5703125,0.0,14.787500000000023
2007-04-29 15:00:00+00:00,0.0,0.0,286.8125,94.753662109375,0.837890625,0.0,13.662500000000023
2007-04-29 16:00:00+00:00,0.0,0.0,287.375,91.92523193359375,0.9921875,0.0,14.225000000000023
2007-04-29 17:00:00+00:00,0.0,0.0,287.265625,92.37481689453125,1.166015625,0.0,14.115625000000023
2007-04-29 18:00:00+00:00,0.0,0.0,286.53125,94.9617919921875,1.240234375,0.0,13.381250000000023
2007-04-29 19:00:00+00:00,0.0,0.0,285.9375,94.90765380859375,1.328125,0.0,12.787500000000023
2007-04-29 20:00:00+00:00,0.0,0.0,285.625,95.29376220703125,1.470703125,0.0,12.475000000000023
2007-04-29 21:00:00+00:00,3.1875,24.59375,284.515625,95.685302734375,1.38671875,27.78125,11.365625000000023
2007-04-29 22:00:00+00:00,19.51953125,92.65234375,285.703125,92.39453125,1.47265625,112.171875,12.553125000000023
2007-04-29 23:00:00+00:00,268.40234375,109.08203125,286.453125,88.7462158203125,1.689453125,377.484375,13.303125000000023
2007-04-30 00:00:00+00:00,424.2578125,74.0546875,287.65625,80.36029052734375,2.2890625,498.3125,14.506250000000023
2007-04-30 01:00:00+00:00,466.9609375,89.9453125,288.765625,75.077880859375,2.322265625,556.90625,15.615625000000023
2007-04-30 02:00:00+00:00,464.046875,96.8125,289.8125,69.77728271484375,2.376953125,560.859375,16.662500000000023
2007-04-30 03:00:00+00:00,465.0703125,69.3046875,291.3125,63.79766845703125,2.099609375,534.375,18.162500000000023
2007-04-30 04:00:00+00:00,400.55859375,52.03515625,292.09375,60.86358642578125,1.556640625,452.59375,18.943750000000023
2007-04-30 05:00:00+00:00,268.515625,38.015625,292.734375,57.413818359375,1.5625,306.53125,19.584375000000023
2007-04-30 06:00:00+00:00,101.74609375,24.55078125,293.125,54.99041748046875,1.69921875,126.296875,19.975000000000023
2007-04-30 07:00:00+00:00,2.84375,2.078125,292.515625,58.3175048828125,2.697265625,4.921875,19.365625000000023
2007-04-30 08:00:00+00:00,0.0,0.0,291.515625,68.5897216796875,2.98828125,0.0,18.365625000000023
2007-04-30 09:00:00+00:00,0.0,0.0,291.140625,73.757568359375,2.783203125,0.0,17.990625000000023
2007-04-30 10:00:00+00:00,0.0,0.0,290.40625,80.40899658203125,2.94140625,0.0,17.256250000000023
2007-04-30 11:00:00+00:00,0.0,0.0,290.109375,83.17938232421875,2.869140625,0.0,16.959375000000023
2007-04-30 12:00:00+00:00,0.0,0.0,289.859375,84.9881591796875,2.404296875,0.0,16.709375000000023
2007-04-30 13:00:00+00:00,0.0,0.0,289.5,87.51385498046875,1.796875,0.0,16.350000000000023
2007-04-30 14:00:00+00:00,0.0,0.0,289.28125,88.02801513671875,1.6953125,0.0,16.131250000000023
2007-04-30 15:00:00+00:00,0.0,0.0,288.203125,91.18341064453125,1.876953125,0.0,15.053125000000023
2007-04-30 16:00:00+00:00,0.0,0.0,288.046875,91.71356201171875,1.994140625,0.0,14.896875000000023
2007-04-30 17:00:00+00:00,0.0,0.0,287.59375,91.10528564453125,1.990234375,0.0,14.443750000000023
2007-04-30 18:00:00+00:00,0.0,0.0,287.21875,89.712890625,1.75390625,0.0,14.068750000000023
2007-04-30 19:00:00+00:00,0.0,0.0,286.703125,89.4259033203125,1.984375,0.0,13.553125000000023
2007-04-30 20:00:00+00:00,0.0,0.0,286.359375,89.123779296875,2.1640625,0.0,13.209375000000023
2007-04-30 21:00:00+00:00,8.625,34.109375,286.4375,88.78460693359375,2.73046875,42.734375,13.287500000000023
2007-04-30 22:00:00+00:00,136.44140625,76.49609375,286.75,85.98272705078125,3.09375,212.9375,13.600000000000023
2007-04-30 23:00:00+00:00,178.40234375,142.69140625,287.59375,80.9849853515625,3.59765625,321.09375,14.443750000000023
2007-05-01 00:00:00+00:00,209.70703125,187.46484375,288.703125,77.73382568359375,4.283203125,397.171875,15.553125000000023
2007-05-01 01:00:00+00:00,304.109375,204.734375,289.9375,71.18310546875,4.978515625,508.84375,16.787500000000023
2007-05-01 02:00:00+00:00,332.78515625,185.49609375,291.1875,61.28521728515625,6.11328125,518.28125,18.037500000000023
2007-05-01 03:00:00+00:00,389.38671875,122.34765625,292.71875,51.96051025390625,6.970703125,511.734375,19.568750000000023
2007-05-01 04:00:00+00:00,221.73828125,153.08984375,293.265625,49.18951416015625,7.2265625,374.828125,20.115625000000023
2007-05-01 05:00:00+00:00,205.78515625,81.33984375,293.515625,47.3121337890625,7.267578125,287.125,20.365625000000023
2007-05-01 06:00:00+00:00,23.98828125,33.94921875,293.515625,46.00994873046875,7.189453125,57.9375,20.365625000000023
2007-05-01 07:00:00+00:00,0.53125,7.828125,292.65625,49.4664306640625,6.78515625,8.359375,19.506250000000023
2007-05-01 08:00:00+00:00,0.0,0.0,291.984375,52.53875732421875,6.607421875,0.0,18.834375000000023
2007-05-01 09:00:00+00:00,0.0,0.0,291.25,54.9210205078125,6.73046875,0.0,18.100000000000023
2007-05-01 10:00:00+00:00,0.0,0.0,290.703125,56.12652587890625,6.908203125,0.0,17.553125000000023
2007-05-01 11:00:00+00:00,0.0,0.0,290.34375,56.2412109375,7.23828125,0.0,17.193750000000023
2007-05-01 12:00:00+00:00,0.0,0.0,289.984375,57.5567626953125,6.849609375,0.0,16.834375000000023
2007-05-01 13:00:00+00:00,0.0,0.0,289.671875,59.0184326171875,6.58203125,0.0,16.521875000000023
2007-05-01 14:00:00+00:00,0.0,0.0,289.390625,59.92156982421875,6.701171875,0.0,16.240625000000023
2007-05-01 15:00:00+00:00,0.0,0.0,289.453125,55.08343505859375,7.337890625,0.0,16.303125000000023
2007-05-01 16:00:00+00:00,0.0,0.0,289.546875,53.11474609375,7.76171875,0.0,16.396875000000023
2007-05-01 17:00:00+00:00,0.0,0.0,289.703125,51.293212890625,7.875,0.0,16.553125000000023
2007-05-01 18:00:00+00:00,0.0,0.0,289.578125,51.61053466796875,7.970703125,0.0,16.428125000000023
2007-05-01 19:00:00+00:00,0.0,0.0,289.5,52.6746826171875,7.9921875,0.0,16.350000000000023
2007-05-01 20:00:00+00:00,0.0,0.0,289.296875,54.42919921875,7.703125,0.0,16.146875000000023
2007-05-01 21:00:00+00:00,0.0,18.53125,289.25,54.19207763671875,7.716796875,18.53125,16.100000000000023
2007-05-01 22:00:00+00:00,7.7890625,116.7109375,289.015625,56.7579345703125,7.126953125,124.5,15.865625000000023
2007-05-01 23:00:00+00:00,70.91015625,171.18359375,289.203125,57.458984375,7.1015625,242.09375,16.053125000000023
2007-05-02 00:00:00+00:00,222.0078125,198.4453125,289.859375,56.5125732421875,6.740234375,420.453125,16.709375000000023
2007-05-02 01:00:00+00:00,107.87109375,259.36328125,290.953125,55.67718505859375,6.681640625,367.234375,17.803125000000023
2007-05-02 02:00:00+00:00,156.50390625,277.91796875,291.703125,53.9967041015625,6.341796875,434.421875,18.553125000000023
2007-05-02 03:00:00+00:00,28.8359375,144.3359375,293.375,48.67486572265625,6.05078125,173.171875,20.225000000000023
2007-05-02 04:00:00+00:00,13.9453125,197.2734375,293.453125,47.17144775390625,5.767578125,211.21875,20.303125000000023
2007-05-02 05:00:00+00:00,1.53125,26.5,293.859375,46.13665771484375,5.65625,28.03125,20.709375000000023
2007-05-02 06:00:00+00:00,0.0,22.671875,293.109375,48.39361572265625,5.056640625,22.671875,19.959375000000023
2007-05-02 07:00:00+00:00,0.0,2.15625,292.859375,50.55859375,4.57421875,2.15625,19.709375000000023
2007-05-02 08:00:00+00:00,0.0,0.0,292.4375,53.93450927734375,3.82421875,0.0,19.287500000000023
2007-05-02 09:00:00+00:00,0.0,0.0,292.125,54.16497802734375,3.681640625,0.0,18.975000000000023
2007-05-02 10:00:00+00:00,0.0,0.0,291.484375,59.01434326171875,3.654296875,0.0,18.334375000000023
2007-05-02 11:00:00+00:00,0.0,0.0,290.90625,61.73406982421875,3.986328125,0.0,17.756250000000023
2007-05-02 12:00:00+00:00,0.0,0.0,290.59375,61.58251953125,4.265625,0.0,17.443750000000023
2007-05-02 13:00:00+00:00,0.0,0.0,290.15625,63.3223876953125,4.31640625,0.0,17.006250000000023
2007-05-02 14:00:00+00:00,0.0,0.0,289.609375,67.2098388671875,4.326171875,0.0,16.459375000000023
2007-05-02 15:00:00+00:00,0.0,0.0,289.21875,63.64495849609375,4.56640625,0.0,16.068750000000023
2007-05-02 16:00:00+00:00,0.0,0.0,289.421875,62.5736083984375,4.974609375,0.0,16.271875000000023
2007-05-02 17:00:00+00:00,0.0,0.0,289.96875,59.800048828125,6.1484375,0.0,16.818750000000023
2007-05-02 18:00:00+00:00,0.0,0.0,290.0625,59.59375,6.52734375,0.0,16.912500000000023
2007-05-02 19:00:00+00:00,0.0,0.0,290.125,60.157958984375,6.783203125,0.0,16.975000000000023
2007-05-02 20:00:00+00:00,0.0,0.0,290.109375,60.97369384765625,6.787109375,0.0,16.959375000000023
2007-05-02 21:00:00+00:00,2.18359375,22.66015625,290.65625,62.229736328125,7.193359375,24.84375,17.506250000000023
2007-05-02 22:00:00+00:00,8.44921875,59.51953125,290.703125,62.04278564453125,7.53125,67.96875,17.553125000000023
2007-05-02 23:00:00+00:00,3.1640625,60.3046875,290.734375,62.710205078125,7.0625,63.46875,17.584375000000023
2007-05-03 00:00:00+00:00,107.43359375,228.19140625,290.609375,65.314453125,7.25,335.625,17.459375000000023
2007-05-03 01:00:00+00:00,371.48046875,154.98828125,292.015625,61.29132080078125,7.322265625,526.46875,18.865625000000023
2007-05-03 02:00:00+00:00,83.96484375,42.72265625,293.890625,53.65179443359375,7.37109375,126.6875,20.740625000000023
2007-05-03 03:00:00+00:00,23.44921875,94.81640625,292.390625,63.5537109375,7.98046875,118.265625,19.240625000000023
2007-05-03 04:00:00+00:00,0.1015625,53.2890625,291.96875,67.4996337890625,6.265625,53.390625,18.818750000000023
2007-05-03 05:00:00+00:00,0.0,21.765625,290.5625,80.8173828125,4.96875,21.765625,17.412500000000023
2007-05-03 06:00:00+00:00,21.0703125,67.7890625,290.59375,77.0152587890625,5.9765625,88.859375,17.443750000000023
2007-05-03 07:00:00+00:00,0.35546875,6.03515625,290.5625,74.3280029296875,5.55078125,6.390625,17.412500000000023
2007-05-03 08:00:00+00:00,0.0,0.0,290.28125,73.022216796875,5.921875,0.0,17.131250000000023
2007-05-03 09:00:00+00:00,0.0,0.0,289.171875,70.79827880859375,6.033203125,0.0,16.021875000000023
2007-05-03 10:00:00+00:00,0.0,0.0,288.703125,70.7423095703125,5.634765625,0.0,15.553125000000023
2007-05-03 11:00:00+00:00,0.0,0.0,288.234375,71.35546875,4.91015625,0.0,15.084375000000023
2007-05-03 12:00:00+00:00,0.0,0.0,287.96875,69.87457275390625,5.154296875,0.0,14.818750000000023
2007-05-03 13:00:00+00:00,0.0,0.0,287.6875,70.45013427734375,5.28125,0.0,14.537500000000023
2007-05-03 14:00:00+00:00,0.0,0.0,287.546875,70.49310302734375,5.337890625,0.0,14.396875000000023
2007-05-03 15:00:00+00:00,0.0,0.0,287.25,72.872314453125,5.625,0.0,14.100000000000023
2007-05-03 16:00:00+00:00,0.0,0.0,287.171875,73.44146728515625,5.5390625,0.0,14.021875000000023
2007-05-03 17:00:00+00:00,0.0,0.0,287.03125,73.55853271484375,5.53125,0.0,13.881250000000023
2007-05-03 18:00:00+00:00,0.0,0.0,286.875,73.436279296875,5.287109375,0.0,13.725000000000023
2007-05-03 19:00:00+00:00,0.0,0.0,286.625,74.5682373046875,5.01953125,0.0,13.475000000000023
2007-05-03 20:00:00+00:00,0.0,0.0,286.484375,75.86907958984375,5.056640625,0.0,13.334375000000023
2007-05-03 21:00:00+00:00,15.9140625,24.9296875,286.1875,76.9356689453125,5.14453125,40.84375,13.037500000000023
2007-05-03 22:00:00+00:00,130.85546875,69.84765625,286.609375,74.75982666015625,5.044921875,200.703125,13.459375000000023
2007-05-03 23:00:00+00:00,229.6875,97.640625,287.515625,69.9114990234375,5.201171875,327.328125,14.365625000000023
2007-05-04 00:00:00+00:00,369.41796875,103.75390625,288.734375,64.55059814453125,5.58984375,473.171875,15.584375000000023
2007-05-04 01:00:00+00:00,435.10546875,102.84765625,290.015625,54.83709716796875,6.5859375,537.953125,16.865625000000023
2007-05-04 02:00:00+00:00,247.9921875,188.0234375,290.9375,50.49334716796875,6.267578125,436.015625,17.787500000000023
2007-05-04 03:00:00+00:00,292.453125,163.015625,292.234375,47.24639892578125,6.650390625,455.46875,19.084375000000023
2007-05-04 04:00:00+00:00,242.9765625,134.9609375,292.671875,46.86328125,6.837890625,377.9375,19.521875000000023
2007-05-04 05:00:00+00:00,119.46484375,106.05078125,292.703125,48.22955322265625,6.873046875,225.515625,19.553125000000023
2007-05-04 06:00:00+00:00,15.25390625,48.54296875,292.25,51.7005615234375,6.685546875,63.796875,19.100000000000023
2007-05-04 07:00:00+00:00,0.21875,4.390625,291.609375,54.4034423828125,6.69140625,4.609375,18.459375000000023
2007-05-04 08:00:00+00:00,0.0,0.0,291.296875,56.116455078125,6.4140625,0.0,18.146875000000023
2007-05-04 09:00:00+00:00,0.0,0.0,290.71875,59.79559326171875,6.291015625,0.0,17.568750000000023
2007-05-04 10:00:00+00:00,0.0,0.0,290.5625,61.04876708984375,6.21875,0.0,17.412500000000023
2007-05-04 11:00:00+00:00,0.0,0.0,290.296875,63.05364990234375,6.21875,0.0,17.146875000000023
2007-05-04 12:00:00+00:00,0.0,0.0,290.078125,65.087890625,6.232421875,0.0,16.928125000000023
2007-05-04 13:00:00+00:00,0.0,0.0,289.8125,67.76666259765625,6.07421875,0.0,16.662500000000023
2007-05-04 14:00:00+00:00,0.0,0.0,289.546875,70.3082275390625,5.916015625,0.0,16.396875000000023
2007-05-04 15:00:00+00:00,0.0,0.0,289.21875,68.621826171875,6.22265625,0.0,16.068750000000023
2007-05-04 16:00:00+00:00,0.0,0.0,289.078125,70.51019287109375,6.248046875,0.0,15.928125000000023
2007-05-04 17:00:00+00:00,0.0,0.0,288.859375,72.42144775390625,5.79296875,0.0,15.709375000000023
2007-05-04 18:00:00+00:00,0.0,0.0,288.6875,74.16583251953125,5.408203125,0.0,15.537500000000023
2007-05-04 19:00:00+00:00,0.0,0.0,288.734375,75.20062255859375,4.947265625,0.0,15.584375000000023
2007-05-04 20:00:00+00:00,0.0,0.0,288.6875,76.1846923828125,4.865234375,0.0,15.537500000000023
2007-05-04 21:00:00+00:00,10.4765625,21.9921875,288.921875,73.87164306640625,4.421875,32.46875,15.771875000000023
2007-05-04 22:00:00+00:00,105.76171875,78.20703125,289.234375,73.90411376953125,4.23828125,183.96875,16.084375000000023
2007-05-04 23:00:00+00:00,222.51171875,107.86328125,289.875,72.4873046875,4.20703125,330.375,16.725000000000023
2007-05-05 00:00:00+00:00,206.0546875,178.0703125,290.78125,69.3814697265625,4.431640625,384.125,17.631250000000023
2007-05-05 01:00:00+00:00,80.6484375,223.0234375,291.84375,64.4805908203125,4.193359375,303.671875,18.693750000000023
2007-05-05 02:00:00+00:00,127.3828125,247.6640625,292.5625,60.09088134765625,4.04296875,375.046875,19.412500000000023
2007-05-05 03:00:00+00:00,43.12109375,119.37890625,292.953125,57.9737548828125,4.3828125,162.5,19.803125000000023
2007-05-05 04:00:00+00:00,80.0234375,183.7421875,293.34375,55.85430908203125,4.71484375,263.765625,20.193750000000023
2007-05-05 05:00:00+00:00,10.05078125,69.69921875,294.0,53.49072265625,5.271484375,79.75,20.850000000000023
2007-05-05 06:00:00+00:00,4.44921875,62.45703125,293.53125,55.496826171875,5.564453125,66.90625,20.381250000000023
2007-05-05 07:00:00+00:00,0.0703125,5.0234375,293.28125,57.230712890625,5.57421875,5.09375,20.131250000000023
2007-05-05 08:00:00+00:00,0.0,0.0,292.640625,61.9989013671875,5.6953125,0.0,19.490625000000023
2007-05-05 09:00:00+00:00,0.0,0.0,291.484375,71.85394287109375,5.322265625,0.0,18.334375000000023
2007-05-05 10:00:00+00:00,0.0,0.0,291.015625,75.13116455078125,5.45703125,0.0,17.865625000000023
2007-05-05 11:00:00+00:00,0.0,0.0,290.625,76.716064453125,5.119140625,0.0,17.475000000000023
2007-05-05 12:00:00+00:00,0.0,0.0,290.515625,77.1131591796875,4.68359375,0.0,17.365625000000023
2007-05-05 13:00:00+00:00,0.0,0.0,290.203125,77.96307373046875,4.326171875,0.0,17.053125000000023
2007-05-05 14:00:00+00:00,0.0,0.0,289.828125,78.6859130859375,4.130859375,0.0,16.678125000000023
2007-05-05 15:00:00+00:00,0.0,0.0,289.5,80.52276611328125,4.439453125,0.0,16.350000000000023
2007-05-05 16:00:00+00:00,0.0,0.0,289.3125,81.1378173828125,4.236328125,0.0,16.162500000000023
2007-05-05 17:00:00+00:00,0.0,0.0,289.34375,79.96563720703125,4.021484375,0.0,16.193750000000023
2007-05-05 18:00:00+00:00,0.0,0.0,289.078125,79.77008056640625,3.900390625,0.0,15.928125000000023
2007-05-05 19:00:00+00:00,0.0,0.0,288.9375,79.52777099609375,3.763671875,0.0,15.787500000000023
2007-05-05 20:00:00+00:00,0.0,0.0,289.3125,77.55865478515625,3.58203125,0.0,16.162500000000023
2007-05-05 21:00:00+00:00,4.8828125,25.6484375,288.9375,79.90625,4.123046875,30.53125,15.787500000000023
2007-05-05 22:00:00+00:00,24.3828125,96.4453125,288.734375,77.49456787109375,4.361328125,120.828125,15.584375000000023
2007-05-05 23:00:00+00:00,236.58984375,114.41015625,288.65625,73.75653076171875,4.630859375,351.0,15.506250000000023
2007-05-06 00:00:00+00:00,317.6171875,126.7734375,289.375,65.046142578125,4.609375,444.390625,16.225000000000023
2007-05-06 01:00:00+00:00,202.140625,220.28125,290.0,60.39617919921875,4.041015625,422.421875,16.850000000000023
2007-05-06 02:00:00+00:00,279.1875,174.9375,290.40625,57.9232177734375,3.474609375,454.125,17.256250000000023
2007-05-06 03:00:00+00:00,379.390625,76.1875,291.28125,53.11663818359375,2.625,455.578125,18.131250000000023
2007-05-06 04:00:00+00:00,334.43359375,75.55078125,291.703125,50.28369140625,2.431640625,409.984375,18.553125000000023
2007-05-06 05:00:00+00:00,200.5234375,64.3515625,291.984375,48.17730712890625,2.251953125,264.875,18.834375000000023
2007-05-06 06:00:00+00:00,60.0390625,28.4765625,291.84375,48.770263671875,1.984375,88.515625,18.693750000000023
2007-05-06 07:00:00+00:00,0.60546875,3.47265625,290.640625,53.9796142578125,2.0,4.078125,17.490625000000023
2007-05-06 08:00:00+00:00,0.0,0.0,290.296875,58.7685546875,2.169921875,0.0,17.146875000000023
2007-05-06 09:00:00+00:00,0.0,0.0,289.453125,64.92340087890625,2.318359375,0.0,16.303125000000023
2007-05-06 10:00:00+00:00,0.0,0.0,289.15625,68.3277587890625,2.6640625,0.0,16.006250000000023
2007-05-06 11:00:00+00:00,0.0,0.0,288.25,75.08502197265625,2.6484375,0.0,15.100000000000023
2007-05-06 12:00:00+00:00,0.0,0.0,287.453125,77.880859375,1.931640625,0.0,14.303125000000023
2007-05-06 13:00:00+00:00,0.0,0.0,287.4375,76.4609375,2.060546875,0.0,14.287500000000023
2007-05-06 14:00:00+00:00,0.0,0.0,287.65625,74.0447998046875,1.767578125,0.0,14.506250000000023
2007-05-06 15:00:00+00:00,0.0,0.0,286.171875,79.5198974609375,2.095703125,0.0,13.021875000000023
2007-05-06 16:00:00+00:00,0.0,0.0,285.96875,79.81732177734375,1.92578125,0.0,12.818750000000023
2007-05-06 17:00:00+00:00,0.0,0.0,285.59375,81.5911865234375,1.83984375,0.0,12.443750000000023
2007-05-06 18:00:00+00:00,0.0,0.0,285.421875,82.2786865234375,1.8125,0.0,12.271875000000023
2007-05-06 19:00:00+00:00,0.0,0.0,285.0,83.34747314453125,1.74609375,0.0,11.850000000000023
2007-05-06 20:00:00+00:00,0.0,0.0,285.03125,80.9874267578125,1.69921875,0.0,11.881250000000023
2007-05-06 21:00:00+00:00,0.7421875,23.1171875,285.359375,74.7659912109375,1.90234375,23.859375,12.209375000000023
2007-05-06 22:00:00+00:00,2.10546875,83.56640625,286.234375,69.185791015625,2.138671875,85.671875,13.084375000000023
2007-05-06 23:00:00+00:00,53.69140625,192.16796875,287.046875,65.97393798828125,2.75390625,245.859375,13.896875000000023
2007-05-07 00:00:00+00:00,272.75390625,162.82421875,288.546875,61.1092529296875,3.30859375,435.578125,15.396875000000023
2007-05-07 01:00:00+00:00,127.765625,236.671875,290.546875,53.82177734375,4.078125,364.4375,17.396875000000023
2007-05-07 02:00:00+00:00,136.921875,240.21875,291.796875,49.83697509765625,4.39453125,377.140625,18.646875000000023
2007-05-07 03:00:00+00:00,392.30859375,109.55078125,293.953125,54.3216552734375,6.091796875,501.859375,20.803125000000023
2007-05-07 04:00:00+00:00,234.9765625,113.4609375,294.875,49.415771484375,6.484375,348.4375,21.725000000000023
2007-05-07 05:00:00+00:00,148.6484375,95.1484375,294.953125,48.54510498046875,6.775390625,243.796875,21.803125000000023
2007-05-07 06:00:00+00:00,14.515625,42.375,294.671875,49.2889404296875,6.740234375,56.890625,21.521875000000023
2007-05-07 07:00:00+00:00,0.0078125,4.3828125,294.015625,51.28314208984375,6.189453125,4.390625,20.865625000000023
2007-05-07 08:00:00+00:00,0.0,0.0,293.421875,53.37017822265625,4.90625,0.0,20.271875000000023
2007-05-07 09:00:00+00:00,0.0,0.0,293.4375,52.23992919921875,5.44140625,0.0,20.287500000000023
2007-05-07 10:00:00+00:00,0.0,0.0,293.234375,52.04132080078125,5.880859375,0.0,20.084375000000023
2007-05-07 11:00:00+00:00,0.0,0.0,293.03125,52.44683837890625,6.2734375,0.0,19.881250000000023
2007-05-07 12:00:00+00:00,0.0,0.0,292.609375,53.4454345703125,5.6640625,0.0,19.459375000000023
2007-05-07 13:00:00+00:00,0.0,0.0,292.53125,53.0341796875,5.744140625,0.0,19.381250000000023
2007-05-07 14:00:00+00:00,0.0,0.0,292.40625,53.58489990234375,5.78125,0.0,19.256250000000023
2007-05-07 15:00:00+00:00,0.0,0.0,291.859375,58.88983154296875,4.8359375,0.0,18.709375000000023
2007-05-07 16:00:00+00:00,0.0,0.0,291.515625,60.37841796875,4.802734375,0.0,18.365625000000023
2007-05-07 17:00:00+00:00,0.0,0.0,291.015625,63.085205078125,4.720703125,0.0,17.865625000000023
2007-05-07 18:00:00+00:00,0.0,0.0,290.53125,68.48583984375,4.68359375,0.0,17.381250000000023
2007-05-07 19:00:00+00:00,0.0,0.0,288.453125,82.59808349609375,5.640625,0.0,15.303125000000023
2007-05-07 20:00:00+00:00,0.0,0.0,287.9375,75.07806396484375,4.873046875,0.0,14.787500000000023
2007-05-07 21:00:00+00:00,3.1796875,20.1640625,287.765625,71.02606201171875,4.248046875,23.34375,14.615625000000023
2007-05-07 22:00:00+00:00,124.2265625,68.5234375,287.671875,67.38836669921875,3.75390625,192.75,14.521875000000023
2007-05-07 23:00:00+00:00,287.0625,69.109375,288.03125,59.611572265625,4.068359375,356.171875,14.881250000000023
2007-05-08 00:00:00+00:00,413.26171875,68.20703125,288.515625,51.2777099609375,3.84765625,481.46875,15.365625000000023
2007-05-08 01:00:00+00:00,494.8125,64.203125,289.03125,46.19305419921875,3.5703125,559.015625,15.881250000000023
2007-05-08 02:00:00+00:00,483.41796875,76.51953125,289.453125,44.89727783203125,3.298828125,559.9375,16.303125000000023
2007-05-08 03:00:00+00:00,429.078125,84.640625,290.125,43.3433837890625,3.283203125,513.71875,16.975000000000023
2007-05-08 04:00:00+00:00,339.765625,68.8125,290.625,40.31591796875,3.2890625,408.578125,17.475000000000023
2007-05-08 05:00:00+00:00,250.60546875,37.84765625,290.859375,39.04168701171875,3.490234375,288.453125,17.709375000000023
2007-05-08 06:00:00+00:00,95.3984375,15.4453125,290.71875,39.91558837890625,3.697265625,110.84375,17.568750000000023
2007-05-08 07:00:00+00:00,3.23828125,1.74609375,289.984375,42.47637939453125,4.267578125,4.984375,16.834375000000023
2007-05-08 08:00:00+00:00,0.0,0.0,289.15625,46.19281005859375,4.77734375,0.0,16.006250000000023
2007-05-08 09:00:00+00:00,0.0,0.0,288.578125,47.41131591796875,4.322265625,0.0,15.428125000000023
2007-05-08 10:00:00+00:00,0.0,0.0,287.921875,51.95220947265625,3.826171875,0.0,14.771875000000023
2007-05-08 11:00:00+00:00,0.0,0.0,287.4375,57.105224609375,3.775390625,0.0,14.287500000000023
2007-05-08 12:00:00+00:00,0.0,0.0,286.859375,62.47540283203125,3.23046875,0.0,13.709375000000023
2007-05-08 13:00:00+00:00,0.0,0.0,286.78125,63.65875244140625,3.095703125,0.0,13.631250000000023
2007-05-08 14:00:00+00:00,0.0,0.0,286.84375,63.95477294921875,2.92578125,0.0,13.693750000000023
2007-05-08 15:00:00+00:00,0.0,0.0,285.875,70.01336669921875,2.5390625,0.0,12.725000000000023
2007-05-08 16:00:00+00:00,0.0,0.0,285.828125,70.240966796875,2.841796875,0.0,12.678125000000023
2007-05-08 17:00:00+00:00,0.0,0.0,284.953125,73.71160888671875,2.98828125,0.0,11.803125000000023
2007-05-08 18:00:00+00:00,0.0,0.0,284.640625,75.513671875,2.876953125,0.0,11.490625000000023
2007-05-08 19:00:00+00:00,0.0,0.0,284.546875,76.5594482421875,2.662109375,0.0,11.396875000000023
2007-05-08 20:00:00+00:00,0.0,0.0,284.71875,78.0087890625,2.9765625,0.0,11.568750000000023
2007-05-08 21:00:00+00:00,8.10546875,16.92578125,284.6875,80.6529541015625,3.2109375,25.03125,11.537500000000023
2007-05-08 22:00:00+00:00,32.85546875,81.05078125,285.046875,78.560546875,3.6015625,113.90625,11.896875000000023
2007-05-08 23:00:00+00:00,106.98046875,154.03515625,285.734375,74.42962646484375,3.890625,261.015625,12.584375000000023
2007-05-09 00:00:00+00:00,196.3125,168.109375,286.5625,68.63519287109375,4.341796875,364.421875,13.412500000000023
2007-05-09 01:00:00+00:00,371.4609375,117.3515625,287.21875,62.271484375,4.443359375,488.8125,14.068750000000023
2007-05-09 02:00:00+00:00,360.74609375,114.98828125,287.875,58.86553955078125,4.484375,475.734375,14.725000000000023
2007-05-09 03:00:00+00:00,340.93359375,69.31640625,288.453125,55.94244384765625,4.994140625,410.25,15.303125000000023
2007-05-09 04:00:00+00:00,311.0703125,79.2109375,288.46875,56.1253662109375,4.994140625,390.28125,15.318750000000023
2007-05-09 05:00:00+00:00,234.828125,42.453125,288.609375,54.0225830078125,4.681640625,277.28125,15.459375000000023
2007-05-09 06:00:00+00:00,82.89453125,18.52734375,288.25,54.99853515625,4.529296875,101.421875,15.100000000000023
2007-05-09 07:00:00+00:00,1.88671875,1.51953125,287.453125,58.29522705078125,4.126953125,3.40625,14.303125000000023
2007-05-09 08:00:00+00:00,0.0,0.0,286.96875,58.90130615234375,3.29296875,0.0,13.818750000000023
2007-05-09 09:00:00+00:00,0.0,0.0,287.109375,57.01806640625,2.83203125,0.0,13.959375000000023
2007-05-09 10:00:00+00:00,0.0,0.0,286.859375,59.33905029296875,2.578125,0.0,13.709375000000023
2007-05-09 11:00:00+00:00,0.0,0.0,286.75,60.5838623046875,2.1875,0.0,13.600000000000023
2007-05-09 12:00:00+00:00,0.0,0.0,286.015625,63.7012939453125,1.701171875,0.0,12.865625000000023
2007-05-09 13:00:00+00:00,0.0,0.0,286.171875,64.16156005859375,1.833984375,0.0,13.021875000000023
2007-05-09 14:00:00+00:00,0.0,0.0,285.6875,67.2320556640625,1.625,0.0,12.537500000000023
2007-05-09 15:00:00+00:00,0.0,0.0,285.96875,67.98028564453125,1.47265625,0.0,12.818750000000023
2007-05-09 16:00:00+00:00,0.0,0.0,285.921875,70.057861328125,1.13671875,0.0,12.771875000000023
2007-05-09 17:00:00+00:00,0.0,0.0,286.015625,71.5133056640625,1.048828125,0.0,12.865625000000023
2007-05-09 18:00:00+00:00,0.0,0.0,285.875,73.50616455078125,1.201171875,0.0,12.725000000000023
2007-05-09 19:00:00+00:00,0.0,0.0,285.375,79.89324951171875,1.701171875,0.0,12.225000000000023
2007-05-09 20:00:00+00:00,0.0,0.0,284.921875,83.449462890625,0.796875,0.0,11.771875000000023
2007-05-09 21:00:00+00:00,3.98828125,19.94921875,283.875,81.6168212890625,0.619140625,23.9375,10.725000000000023
2007-05-09 22:00:00+00:00,97.34375,76.84375,284.484375,81.6356201171875,0.625,174.1875,11.334375000000023
2007-05-09 23:00:00+00:00,42.421875,53.921875,285.5,83.08953857421875,0.755859375,96.34375,12.350000000000023
2007-05-10 00:00:00+00:00,293.6171875,152.3046875,285.828125,84.77679443359375,0.78125,445.921875,12.678125000000023
2007-05-10 01:00:00+00:00,366.31640625,124.51171875,286.8125,78.63885498046875,0.478515625,490.828125,13.662500000000023
2007-05-10 02:00:00+00:00,235.5390625,168.0859375,287.671875,71.636474609375,1.556640625,403.625,14.521875000000023
2007-05-10 03:00:00+00:00,160.9375,133.625,288.125,69.6759033203125,2.474609375,294.5625,14.975000000000023
2007-05-10 04:00:00+00:00,179.8515625,135.3671875,288.296875,63.67706298828125,2.0703125,315.21875,15.146875000000023
2007-05-10 05:00:00+00:00,98.8046875,76.0546875,288.46875,60.43621826171875,2.24609375,174.859375,15.318750000000023
2007-05-10 06:00:00+00:00,10.3984375,41.4609375,288.328125,61.2586669921875,2.408203125,51.859375,15.178125000000023
2007-05-10 07:00:00+00:00,0.046875,2.75,287.953125,64.8719482421875,2.544921875,2.796875,14.803125000000023
2007-05-10 08:00:00+00:00,0.0,0.0,287.625,67.030517578125,2.033203125,0.0,14.475000000000023
2007-05-10 09:00:00+00:00,0.0,0.0,287.109375,68.904541015625,1.1953125,0.0,13.959375000000023
2007-05-10 10:00:00+00:00,0.0,0.0,287.140625,68.78790283203125,0.9375,0.0,13.990625000000023
2007-05-10 11:00:00+00:00,0.0,0.0,286.71875,70.1597900390625,1.0390625,0.0,13.568750000000023
2007-05-10 12:00:00+00:00,0.0,0.0,285.703125,74.533935546875,1.0,0.0,12.553125000000023
2007-05-10 13:00:00+00:00,0.0,0.0,286.609375,70.8031005859375,0.65625,0.0,13.459375000000023
2007-05-10 14:00:00+00:00,0.0,0.0,286.421875,72.93023681640625,0.5,0.0,13.271875000000023
2007-05-10 15:00:00+00:00,0.0,0.0,284.828125,79.04681396484375,1.1171875,0.0,11.678125000000023
2007-05-10 16:00:00+00:00,0.0,0.0,285.03125,78.749267578125,1.3046875,0.0,11.881250000000023
2007-05-10 17:00:00+00:00,0.0,0.0,285.328125,78.16302490234375,1.53125,0.0,12.178125000000023
2007-05-10 18:00:00+00:00,0.0,0.0,285.28125,79.510009765625,1.6015625,0.0,12.131250000000023
2007-05-10 19:00:00+00:00,0.0,0.0,285.0625,81.84710693359375,1.453125,0.0,11.912500000000023
2007-05-10 20:00:00+00:00,0.0,0.0,284.734375,86.8919677734375,1.58203125,0.0,11.584375000000023
2007-05-10 21:00:00+00:00,1.5703125,19.0234375,284.78125,87.5911865234375,1.64453125,20.59375,11.631250000000023
2007-05-10 22:00:00+00:00,38.59765625,62.26171875,285.171875,85.2625732421875,1.7890625,100.859375,12.021875000000023
2007-05-10 23:00:00+00:00,27.3203125,120.7890625,285.828125,82.8333740234375,1.6640625,148.109375,12.678125000000023
2007-05-11 00:00:00+00:00,285.1015625,139.5546875,286.40625,82.06488037109375,1.630859375,424.65625,13.256250000000023
2007-05-11 01:00:00+00:00,294.078125,145.78125,287.546875,77.797119140625,1.62109375,439.859375,14.396875000000023
2007-05-11 02:00:00+00:00,176.8125,172.3125,288.015625,75.2862548828125,1.552734375,349.125,14.865625000000023
2007-05-11 03:00:00+00:00,402.72265625,87.80859375,289.09375,69.45819091796875,1.10546875,490.53125,15.943750000000023
2007-05-11 04:00:00+00:00,227.44921875,110.59765625,289.625,67.070068359375,1.275390625,338.046875,16.475000000000023
2007-05-11 05:00:00+00:00,130.30859375,57.28515625,289.796875,66.41265869140625,1.419921875,187.59375,16.646875000000023
2007-05-11 06:00:00+00:00,30.609375,40.1875,289.75,66.00250244140625,1.732421875,70.796875,16.600000000000023
2007-05-11 07:00:00+00:00,0.95703125,2.44921875,289.296875,67.391845703125,1.70703125,3.40625,16.146875000000023
2007-05-11 08:00:00+00:00,0.0,0.0,287.921875,74.28265380859375,1.939453125,0.0,14.771875000000023
2007-05-11 09:00:00+00:00,0.0,0.0,287.484375,81.40655517578125,1.869140625,0.0,14.334375000000023
2007-05-11 10:00:00+00:00,0.0,0.0,286.890625,85.9735107421875,1.662109375,0.0,13.740625000000023
2007-05-11 11:00:00+00:00,0.0,0.0,286.171875,89.9136962890625,1.513671875,0.0,13.021875000000023
2007-05-11 12:00:00+00:00,0.0,0.0,285.546875,92.1002197265625,1.568359375,0.0,12.396875000000023
2007-05-11 13:00:00+00:00,0.0,0.0,284.90625,94.013671875,1.525390625,0.0,11.756250000000023
2007-05-11 14:00:00+00:00,0.0,0.0,284.484375,95.33831787109375,1.533203125,0.0,11.334375000000023
2007-05-11 15:00:00+00:00,0.0,0.0,282.765625,99.099365234375,1.0390625,0.0,9.615625000000023
2007-05-11 16:00:00+00:00,0.0,0.0,282.25,100.1815185546875,1.15625,0.0,9.100000000000023
2007-05-11 17:00:00+00:00,0.0,0.0,282.421875,99.77532958984375,1.47265625,0.0,9.271875000000023
2007-05-11 18:00:00+00:00,0.0,0.0,282.46875,99.72637939453125,1.572265625,0.0,9.318750000000023
2007-05-11 19:00:00+00:00,0.0,0.0,281.859375,99.7188720703125,1.244140625,0.0,8.709375000000023
2007-05-11 20:00:00+00:00,0.0,0.0,281.375,99.36279296875,1.15625,0.0,8.225000000000023
2007-05-11 21:00:00+00:00,0.921875,17.890625,280.359375,99.1400146484375,1.25,18.8125,7.209375000000023
2007-05-11 22:00:00+00:00,8.4453125,93.8046875,279.984375,98.58892822265625,1.41015625,102.25,6.834375000000023
2007-05-11 23:00:00+00:00,74.1015625,183.2421875,280.828125,98.43115234375,1.22265625,257.34375,7.678125000000023
2007-05-12 00:00:00+00:00,159.95703125,174.68359375,282.109375,97.55596923828125,1.083984375,334.640625,8.959375000000023
2007-05-12 01:00:00+00:00,167.96875,237.984375,283.75,92.7669677734375,1.232421875,405.953125,10.600000000000023
2007-05-12 02:00:00+00:00,443.2890625,110.8828125,286.0,81.81719970703125,1.4609375,554.171875,12.850000000000023
2007-05-12 03:00:00+00:00,460.6328125,48.5859375,288.828125,70.79034423828125,1.048828125,509.21875,15.678125000000023
2007-05-12 04:00:00+00:00,361.67578125,45.26171875,290.1875,65.091796875,0.515625,406.9375,17.037500000000023
2007-05-12 05:00:00+00:00,217.39453125,42.26171875,291.015625,61.85040283203125,0.181640625,259.65625,17.865625000000023
2007-05-12 06:00:00+00:00,84.671875,17.046875,291.84375,57.9222412109375,0.220703125,101.71875,18.693750000000023
2007-05-12 07:00:00+00:00,1.46484375,1.53515625,290.984375,54.51214599609375,1.59375,3.0,17.834375000000023
2007-05-12 08:00:00+00:00,0.0,0.0,290.75,47.85467529296875,1.796875,0.0,17.600000000000023
2007-05-12 09:00:00+00:00,0.0,0.0,288.34375,79.2244873046875,1.966796875,0.0,15.193750000000023
2007-05-12 10:00:00+00:00,0.0,0.0,287.5625,82.04547119140625,1.677734375,0.0,14.412500000000023
2007-05-12 11:00:00+00:00,0.0,0.0,286.890625,82.99029541015625,1.197265625,0.0,13.740625000000023
2007-05-12 12:00:00+00:00,0.0,0.0,286.25,84.1260986328125,0.66796875,0.0,13.100000000000023
2007-05-12 13:00:00+00:00,0.0,0.0,286.28125,79.76922607421875,1.0390625,0.0,13.131250000000023
2007-05-12 14:00:00+00:00,0.0,0.0,286.6875,74.04052734375,1.3359375,0.0,13.537500000000023
2007-05-12 15:00:00+00:00,0.0,0.0,284.484375,88.3568115234375,1.1328125,0.0,11.334375000000023
2007-05-12 16:00:00+00:00,0.0,0.0,284.0625,87.568359375,1.244140625,0.0,10.912500000000023
2007-05-12 17:00:00+00:00,0.0,0.0,283.734375,87.27508544921875,1.314453125,0.0,10.584375000000023
2007-05-12 18:00:00+00:00,0.0,0.0,283.5625,86.7259521484375,1.447265625,0.0,10.412500000000023
2007-05-12 19:00:00+00:00,0.0,0.0,283.5625,85.6536865234375,1.60546875,0.0,10.412500000000023
2007-05-12 20:00:00+00:00,0.0,0.0,284.109375,80.99810791015625,1.537109375,0.0,10.959375000000023
2007-05-12 21:00:00+00:00,7.9765625,19.4921875,283.234375,83.279052734375,2.1171875,27.46875,10.084375000000023
2007-05-12 22:00:00+00:00,67.42578125,82.01171875,284.015625,77.5740966796875,2.00390625,149.4375,10.865625000000023
2007-05-12 23:00:00+00:00,233.30859375,90.58203125,285.296875,73.65313720703125,1.875,323.890625,12.146875000000023
2007-05-13 00:00:00+00:00,236.01953125,140.40234375,287.421875,63.33795166015625,2.0703125,376.421875,14.271875000000023
2007-05-13 01:00:00+00:00,416.6328125,99.5703125,289.203125,57.311767578125,1.8125,516.203125,16.053125000000023
2007-05-13 02:00:00+00:00,465.6171875,66.2890625,291.703125,48.0048828125,2.634765625,531.90625,18.553125000000023
2007-05-13 03:00:00+00:00,273.54296875,138.36328125,293.453125,45.67950439453125,4.263671875,411.90625,20.303125000000023
2007-05-13 04:00:00+00:00,257.15625,100.3125,294.125,45.73162841796875,4.041015625,357.46875,20.975000000000023
2007-05-13 05:00:00+00:00,180.7734375,60.1328125,294.34375,47.400634765625,3.84375,240.90625,21.193750000000023
2007-05-13 06:00:00+00:00,42.5625,23.78125,293.921875,50.86663818359375,3.9609375,66.34375,20.771875000000023
2007-05-13 07:00:00+00:00,0.1171875,1.5546875,292.65625,57.4281005859375,4.08984375,1.671875,19.506250000000023
2007-05-13 08:00:00+00:00,0.0,0.0,292.171875,62.71044921875,4.048828125,0.0,19.021875000000023
2007-05-13 09:00:00+00:00,0.0,0.0,291.390625,66.695068359375,3.923828125,0.0,18.240625000000023
2007-05-13 10:00:00+00:00,0.0,0.0,290.90625,70.017578125,3.759765625,0.0,17.756250000000023
2007-05-13 11:00:00+00:00,0.0,0.0,290.328125,73.4605712890625,3.55859375,0.0,17.178125000000023
2007-05-13 12:00:00+00:00,0.0,0.0,289.84375,77.14239501953125,3.2265625,0.0,16.693750000000023
2007-05-13 13:00:00+00:00,0.0,0.0,289.453125,80.00830078125,2.724609375,0.0,16.303125000000023
2007-05-13 14:00:00+00:00,0.0,0.0,289.1875,81.49530029296875,2.451171875,0.0,16.037500000000023
2007-05-13 15:00:00+00:00,0.0,0.0,288.875,79.779296875,2.353515625,0.0,15.725000000000023
2007-05-13 16:00:00+00:00,0.0,0.0,288.1875,82.6685791015625,2.36328125,0.0,15.037500000000023
2007-05-13 17:00:00+00:00,0.0,0.0,288.03125,82.804443359375,2.34375,0.0,14.881250000000023
2007-05-13 18:00:00+00:00,0.0,0.0,287.828125,83.3050537109375,2.224609375,0.0,14.678125000000023
2007-05-13 19:00:00+00:00,0.0,0.0,287.8125,82.751220703125,1.95703125,0.0,14.662500000000023
2007-05-13 20:00:00+00:00,0.0,0.0,287.53125,83.805419921875,1.76953125,0.0,14.381250000000023
2007-05-13 21:00:00+00:00,5.58203125,16.88671875,286.203125,89.42327880859375,1.482421875,22.46875,13.053125000000023
2007-05-13 22:00:00+00:00,64.5703125,73.6796875,286.828125,86.70758056640625,1.376953125,138.25,13.678125000000023
2007-05-13 23:00:00+00:00,215.75,91.75,288.09375,82.61688232421875,1.169921875,307.5,14.943750000000023
2007-05-14 00:00:00+00:00,341.32421875,83.53515625,290.109375,73.56195068359375,1.638671875,424.859375,16.959375000000023
2007-05-14 01:00:00+00:00,423.61328125,75.29296875,292.046875,63.15667724609375,2.34765625,498.90625,18.896875000000023
2007-05-14 02:00:00+00:00,447.35546875,67.59765625,293.890625,53.34967041015625,3.267578125,514.953125,20.740625000000023
2007-05-14 03:00:00+00:00,211.828125,166.953125,294.3125,55.5489501953125,4.109375,378.78125,21.162500000000023
2007-05-14 04:00:00+00:00,90.9375,166.359375,294.8125,52.99066162109375,4.015625,257.296875,21.662500000000023
2007-05-14 05:00:00+00:00,36.7734375,125.1953125,294.984375,52.8131103515625,4.0234375,161.96875,21.834375000000023
2007-05-14 06:00:00+00:00,46.28125,34.65625,294.734375,54.73248291015625,3.7578125,80.9375,21.584375000000023
2007-05-14 07:00:00+00:00,0.40625,1.609375,293.453125,60.25140380859375,3.380859375,2.015625,20.303125000000023
2007-05-14 08:00:00+00:00,0.0,0.0,292.703125,64.6707763671875,3.15625,0.0,19.553125000000023
2007-05-14 09:00:00+00:00,0.0,0.0,292.3125,64.5518798828125,2.5703125,0.0,19.162500000000023
2007-05-14 10:00:00+00:00,0.0,0.0,291.171875,69.09600830078125,2.048828125,0.0,18.021875000000023
2007-05-14 11:00:00+00:00,0.0,0.0,290.734375,70.40167236328125,1.693359375,0.0,17.584375000000023
2007-05-14 12:00:00+00:00,0.0,0.0,290.25,71.50054931640625,1.935546875,0.0,17.100000000000023
2007-05-14 13:00:00+00:00,0.0,0.0,290.09375,71.14617919921875,2.333984375,0.0,16.943750000000023
2007-05-14 14:00:00+00:00,0.0,0.0,289.984375,70.93701171875,2.669921875,0.0,16.834375000000023
2007-05-14 15:00:00+00:00,0.0,0.0,289.640625,70.95758056640625,3.349609375,0.0,16.490625000000023
2007-05-14 16:00:00+00:00,0.0,0.0,289.5,70.03448486328125,3.3203125,0.0,16.350000000000023
2007-05-14 17:00:00+00:00,0.0,0.0,289.296875,69.783935546875,3.2421875,0.0,16.146875000000023
2007-05-14 18:00:00+00:00,0.0,0.0,288.765625,71.3359375,2.828125,0.0,15.615625000000023
2007-05-14 19:00:00+00:00,0.0,0.0,288.484375,71.8538818359375,2.72265625,0.0,15.334375000000023
2007-05-14 20:00:00+00:00,0.0,0.0,288.671875,70.4840087890625,2.76953125,0.0,15.521875000000023
2007-05-14 21:00:00+00:00,1.875,12.515625,288.46875,74.7635498046875,2.94140625,14.390625,15.318750000000023
2007-05-14 22:00:00+00:00,65.86328125,78.73046875,289.140625,71.021240234375,2.810546875,144.59375,15.990625000000023
2007-05-14 23:00:00+00:00,32.7578125,115.8671875,290.390625,66.5235595703125,2.75390625,148.625,17.240625000000023
2007-05-15 00:00:00+00:00,113.90625,214.984375,290.84375,65.10638427734375,2.751953125,328.890625,17.693750000000023
2007-05-15 01:00:00+00:00,27.43359375,135.91015625,292.625,59.51239013671875,2.53125,163.34375,19.475000000000023
2007-05-15 02:00:00+00:00,16.39453125,262.65234375,292.765625,58.109375,2.224609375,279.046875,19.615625000000023
2007-05-15 03:00:00+00:00,203.82421875,192.91015625,294.359375,52.6788330078125,4.15625,396.734375,21.209375000000023
2007-05-15 04:00:00+00:00,88.31640625,167.07421875,294.765625,51.33831787109375,4.09375,255.390625,21.615625000000023
2007-05-15 05:00:00+00:00,43.01171875,127.61328125,294.578125,52.96356201171875,3.51953125,170.625,21.428125000000023
2007-05-15 06:00:00+00:00,21.109375,49.046875,294.375,55.05328369140625,3.2265625,70.15625,21.225000000000023
2007-05-15 07:00:00+00:00,0.01953125,0.51171875,293.546875,57.386962890625,3.416015625,0.53125,20.396875000000023
2007-05-15 08:00:00+00:00,0.0,0.0,293.234375,58.99151611328125,3.47265625,0.0,20.084375000000023
2007-05-15 09:00:00+00:00,0.0,0.0,291.65625,72.97796630859375,3.5546875,0.0,18.506250000000023
2007-05-15 10:00:00+00:00,0.0,0.0,290.625,82.73724365234375,2.73046875,0.0,17.475000000000023
2007-05-15 11:00:00+00:00,0.0,0.0,290.078125,87.59100341796875,2.404296875,0.0,16.928125000000023
2007-05-15 12:00:00+00:00,0.0,0.0,289.65625,90.79681396484375,2.224609375,0.0,16.506250000000023
2007-05-15 13:00:00+00:00,0.0,0.0,289.453125,91.3748779296875,2.564453125,0.0,16.303125000000023
2007-05-15 14:00:00+00:00,0.0,0.0,289.28125,91.6204833984375,2.62890625,0.0,16.131250000000023
2007-05-15 15:00:00+00:00,0.0,0.0,289.03125,91.54632568359375,2.833984375,0.0,15.881250000000023
2007-05-15 16:00:00+00:00,0.0,0.0,288.84375,91.87066650390625,2.873046875,0.0,15.693750000000023
2007-05-15 17:00:00+00:00,0.0,0.0,288.8125,91.28350830078125,2.98046875,0.0,15.662500000000023
2007-05-15 18:00:00+00:00,0.0,0.0,288.703125,91.99664306640625,3.0,0.0,15.553125000000023
2007-05-15 19:00:00+00:00,0.0,0.0,289.109375,88.69671630859375,3.296875,0.0,15.959375000000023
2007-05-15 20:00:00+00:00,0.0,0.0,288.796875,89.15533447265625,3.1640625,0.0,15.646875000000023
2007-05-15 21:00:00+00:00,6.20703125,15.77734375,288.046875,90.87091064453125,2.6875,21.984375,14.896875000000023
2007-05-15 22:00:00+00:00,97.84375,60.125,288.234375,90.0928955078125,2.4765625,157.96875,15.084375000000023
2007-05-15 23:00:00+00:00,234.328125,74.15625,288.9375,87.5718994140625,2.71875,308.484375,15.787500000000023
2007-05-16 00:00:00+00:00,235.44921875,106.58203125,289.765625,84.61065673828125,3.259765625,342.03125,16.615625000000023
2007-05-16 01:00:00+00:00,332.69140625,115.27734375,290.609375,80.27191162109375,3.541015625,447.96875,17.459375000000023
2007-05-16 02:00:00+00:00,366.46875,89.046875,291.65625,74.09521484375,3.5625,455.515625,18.506250000000023
2007-05-16 03:00:00+00:00,404.453125,64.375,293.171875,67.09130859375,3.85546875,468.828125,20.021875000000023
2007-05-16 04:00:00+00:00,292.91796875,65.64453125,293.890625,62.15045166015625,3.5546875,358.5625,20.740625000000023
2007-05-16 05:00:00+00:00,187.8359375,48.2890625,294.171875,58.45147705078125,3.478515625,236.125,21.021875000000023
2007-05-16 06:00:00+00:00,53.203125,24.3125,293.890625,58.33184814453125,3.4375,77.515625,20.740625000000023
2007-05-16 07:00:00+00:00,0.171875,1.53125,292.921875,61.127685546875,3.49609375,1.703125,19.771875000000023
2007-05-16 08:00:00+00:00,0.0,0.0,292.203125,65.525390625,3.376953125,0.0,19.053125000000023
2007-05-16 09:00:00+00:00,0.0,0.0,291.859375,70.5806884765625,3.15234375,0.0,18.709375000000023
2007-05-16 10:00:00+00:00,0.0,0.0,291.140625,75.609619140625,2.6796875,0.0,17.990625000000023
2007-05-16 11:00:00+00:00,0.0,0.0,290.328125,80.00140380859375,1.955078125,0.0,17.178125000000023
2007-05-16 12:00:00+00:00,0.0,0.0,289.6875,83.0396728515625,1.525390625,0.0,16.537500000000023
2007-05-16 13:00:00+00:00,0.0,0.0,288.984375,86.531005859375,0.951171875,0.0,15.834375000000023
2007-05-16 14:00:00+00:00,0.0,0.0,288.15625,90.3023681640625,0.732421875,0.0,15.006250000000023
2007-05-16 15:00:00+00:00,0.0,0.0,287.796875,89.53173828125,1.14453125,0.0,14.646875000000023
2007-05-16 16:00:00+00:00,0.0,0.0,287.5,90.59271240234375,1.52734375,0.0,14.350000000000023
2007-05-16 17:00:00+00:00,0.0,0.0,286.984375,91.8804931640625,1.533203125,0.0,13.834375000000023
2007-05-16 18:00:00+00:00,0.0,0.0,287.203125,92.80694580078125,1.31640625,0.0,14.053125000000023
2007-05-16 19:00:00+00:00,0.0,0.0,286.53125,96.86395263671875,0.720703125,0.0,13.381250000000023
2007-05-16 20:00:00+00:00,0.0,0.0,286.234375,96.7591552734375,1.11328125,0.0,13.084375000000023
2007-05-16 21:00:00+00:00,4.7578125,15.7890625,286.421875,94.5291748046875,0.771484375,20.546875,13.271875000000023
2007-05-16 22:00:00+00:00,13.375,19.890625,286.9375,91.246337890625,0.888671875,33.265625,13.787500000000023
2007-05-16 23:00:00+00:00,73.4921875,164.6328125,287.03125,91.381591796875,0.919921875,238.125,13.881250000000023
2007-05-17 00:00:00+00:00,184.0546875,143.6171875,288.78125,86.7333984375,0.6171875,327.671875,15.631250000000023
2007-05-17 01:00:00+00:00,41.36328125,175.33984375,289.96875,85.04144287109375,0.9453125,216.703125,16.818750000000023
2007-05-17 02:00:00+00:00,12.03515625,252.71484375,291.09375,78.839111328125,1.6640625,264.75,17.943750000000023
2007-05-17 03:00:00+00:00,44.91796875,162.08203125,291.84375,73.44873046875,2.705078125,207.0,18.693750000000023
2007-05-17 04:00:00+00:00,2.109375,147.234375,292.015625,71.1156005859375,2.1328125,149.34375,18.865625000000023
2007-05-17 05:00:00+00:00,19.31640625,29.35546875,292.09375,71.95684814453125,1.181640625,48.671875,18.943750000000023
2007-05-17 06:00:00+00:00,25.99609375,34.98828125,291.3125,74.572998046875,1.447265625,60.984375,18.162500000000023
2007-05-17 07:00:00+00:00,0.03515625,0.99609375,290.96875,75.667236328125,2.265625,1.03125,17.818750000000023
2007-05-17 08:00:00+00:00,0.0,0.0,290.8125,74.3951416015625,2.921875,0.0,17.662500000000023
2007-05-17 09:00:00+00:00,0.0,0.0,289.875,79.6455078125,3.23828125,0.0,16.725000000000023
2007-05-17 10:00:00+00:00,0.0,0.0,289.734375,78.12152099609375,3.6015625,0.0,16.584375000000023
2007-05-17 11:00:00+00:00,0.0,0.0,289.765625,79.1109619140625,3.408203125,0.0,16.615625000000023
2007-05-17 12:00:00+00:00,0.0,0.0,289.359375,81.95068359375,2.81640625,0.0,16.209375000000023
2007-05-17 13:00:00+00:00,0.0,0.0,289.203125,81.78778076171875,2.54296875,0.0,16.053125000000023
2007-05-17 14:00:00+00:00,0.0,0.0,289.09375,81.39532470703125,2.455078125,0.0,15.943750000000023
2007-05-17 15:00:00+00:00,0.0,0.0,288.234375,83.5418701171875,1.70703125,0.0,15.084375000000023
2007-05-17 16:00:00+00:00,0.0,0.0,287.9375,86.989013671875,1.41015625,0.0,14.787500000000023
2007-05-17 17:00:00+00:00,0.0,0.0,287.640625,90.11614990234375,1.716796875,0.0,14.490625000000023
2007-05-17 18:00:00+00:00,0.0,0.0,287.4375,92.03765869140625,1.849609375,0.0,14.287500000000023
2007-05-17 19:00:00+00:00,0.0,0.0,287.28125,92.72406005859375,1.6640625,0.0,14.131250000000023
2007-05-17 20:00:00+00:00,0.0,0.0,287.015625,93.3016357421875,1.5703125,0.0,13.865625000000023
2007-05-17 21:00:00+00:00,0.0,2.203125,286.171875,96.129638671875,1.88671875,2.203125,13.021875000000023
2007-05-17 22:00:00+00:00,0.0,9.640625,286.171875,95.88507080078125,1.615234375,9.640625,13.021875000000023
2007-05-17 23:00:00+00:00,0.0,24.921875,286.296875,95.9739990234375,1.12890625,24.921875,13.146875000000023
2007-05-18 00:00:00+00:00,0.0,83.78125,286.453125,96.5347900390625,0.931640625,83.78125,13.303125000000023
2007-05-18 01:00:00+00:00,2.23828125,187.83984375,286.859375,95.953125,1.08203125,190.078125,13.709375000000023
2007-05-18 02:00:00+00:00,0.578125,117.75,287.453125,93.446533203125,1.62890625,118.328125,14.303125000000023
2007-05-18 03:00:00+00:00,3.375,138.9375,287.703125,88.4248046875,3.208984375,142.3125,14.553125000000023
2007-05-18 04:00:00+00:00,25.36328125,193.19921875,287.796875,88.4825439453125,3.73046875,218.5625,14.646875000000023
2007-05-18 05:00:00+00:00,51.28515625,37.35546875,288.234375,86.805419921875,4.044921875,88.640625,15.084375000000023
2007-05-18 06:00:00+00:00,33.796875,37.21875,288.21875,86.06683349609375,3.9375,71.015625,15.068750000000023
2007-05-18 07:00:00+00:00,0.0546875,0.5546875,288.140625,86.634765625,3.625,0.609375,14.990625000000023
2007-05-18 08:00:00+00:00,0.0,0.0,288.34375,85.16278076171875,4.48046875,0.0,15.193750000000023
2007-05-18 09:00:00+00:00,0.0,0.0,288.03125,86.35498046875,4.15625,0.0,14.881250000000023
2007-05-18 10:00:00+00:00,0.0,0.0,287.703125,87.47216796875,3.798828125,0.0,14.553125000000023
2007-05-18 11:00:00+00:00,0.0,0.0,287.296875,87.6854248046875,3.75,0.0,14.146875000000023
2007-05-18 12:00:00+00:00,0.0,0.0,286.78125,89.3231201171875,3.5,0.0,13.631250000000023
2007-05-18 13:00:00+00:00,0.0,0.0,286.296875,90.7769775390625,3.064453125,0.0,13.146875000000023
2007-05-18 14:00:00+00:00,0.0,0.0,285.875,91.2127685546875,2.78125,0.0,12.725000000000023
2007-05-18 15:00:00+00:00,0.0,0.0,285.390625,90.18505859375,2.62890625,0.0,12.240625000000023
2007-05-18 16:00:00+00:00,0.0,0.0,285.15625,88.41571044921875,2.876953125,0.0,12.006250000000023
2007-05-18 17:00:00+00:00,0.0,0.0,285.046875,86.3468017578125,3.125,0.0,11.896875000000023
2007-05-18 18:00:00+00:00,0.0,0.0,284.84375,85.7864990234375,3.203125,0.0,11.693750000000023
2007-05-18 19:00:00+00:00,0.0,0.0,284.65625,85.614990234375,3.4375,0.0,11.506250000000023
2007-05-18 20:00:00+00:00,0.0,0.0,284.546875,85.96337890625,3.45703125,0.0,11.396875000000023
2007-05-18 21:00:00+00:00,6.05859375,14.20703125,284.328125,86.88116455078125,4.1796875,20.265625,11.178125000000023
2007-05-18 22:00:00+00:00,98.296875,56.59375,284.859375,84.476318359375,4.546875,154.890625,11.709375000000023
2007-05-18 23:00:00+00:00,234.07421875,71.01953125,285.953125,80.20208740234375,4.5,305.09375,12.803125000000023
2007-05-19 00:00:00+00:00,281.7421875,95.6484375,287.109375,75.85321044921875,5.091796875,377.390625,13.959375000000023
2007-05-19 01:00:00+00:00,140.63671875,155.66015625,288.34375,69.4486083984375,6.115234375,296.296875,15.193750000000023
2007-05-19 02:00:00+00:00,93.4921875,165.2734375,288.984375,65.97344970703125,6.4921875,258.765625,15.834375000000023
2007-05-19 03:00:00+00:00,244.14453125,131.32421875,289.59375,63.5711669921875,7.619140625,375.46875,16.443750000000023
2007-05-19 04:00:00+00:00,151.6953125,34.8671875,289.921875,61.9471435546875,7.41015625,186.5625,16.771875000000023
2007-05-19 05:00:00+00:00,134.796875,66.1875,290.0,57.28564453125,6.52734375,200.984375,16.850000000000023
2007-05-19 06:00:00+00:00,34.36328125,26.91796875,289.90625,58.998046875,6.736328125,61.28125,16.756250000000023
2007-05-19 07:00:00+00:00,0.015625,0.703125,288.375,75.6798095703125,5.814453125,0.71875,15.225000000000023
2007-05-19 08:00:00+00:00,0.0,0.0,288.078125,70.4752197265625,6.373046875,0.0,14.928125000000023
2007-05-19 09:00:00+00:00,0.0,0.0,287.8125,64.63128662109375,7.138671875,0.0,14.662500000000023
2007-05-19 10:00:00+00:00,0.0,0.0,287.453125,63.48187255859375,7.076171875,0.0,14.303125000000023
2007-05-19 11:00:00+00:00,0.0,0.0,286.828125,65.2369384765625,6.400390625,0.0,13.678125000000023
2007-05-19 12:00:00+00:00,0.0,0.0,286.375,68.85882568359375,5.890625,0.0,13.225000000000023
2007-05-19 13:00:00+00:00,0.0,0.0,285.84375,74.07757568359375,5.32421875,0.0,12.693750000000023
2007-05-19 14:00:00+00:00,0.0,0.0,285.640625,75.602294921875,5.08984375,0.0,12.490625000000023
2007-05-19 15:00:00+00:00,0.0,0.0,285.234375,74.19268798828125,4.681640625,0.0,12.084375000000023
2007-05-19 16:00:00+00:00,0.0,0.0,284.921875,75.5609130859375,4.53125,0.0,11.771875000000023
2007-05-19 17:00:00+00:00,0.0,0.0,284.578125,77.3907470703125,4.1796875,0.0,11.428125000000023
2007-05-19 18:00:00+00:00,0.0,0.0,284.21875,79.09173583984375,3.9609375,0.0,11.068750000000023
2007-05-19 19:00:00+00:00,0.0,0.0,284.0,80.37835693359375,3.935546875,0.0,10.850000000000023
2007-05-19 20:00:00+00:00,0.0,0.0,284.296875,78.99163818359375,3.767578125,0.0,11.146875000000023
2007-05-19 21:00:00+00:00,1.1328125,11.8828125,284.578125,78.19793701171875,4.103515625,13.015625,11.428125000000023
2007-05-19 22:00:00+00:00,67.30859375,62.25390625,284.78125,77.37957763671875,4.166015625,129.5625,11.631250000000023
2007-05-19 23:00:00+00:00,229.36328125,76.29296875,285.375,75.91119384765625,4.43359375,305.65625,12.225000000000023
2007-05-20 00:00:00+00:00,334.44921875,79.59765625,286.390625,71.4622802734375,4.896484375,414.046875,13.240625000000023
2007-05-20 01:00:00+00:00,276.15625,93.859375,287.46875,64.6180419921875,5.681640625,370.015625,14.318750000000023
2007-05-20 02:00:00+00:00,202.65625,135.640625,288.25,55.701171875,5.361328125,338.296875,15.100000000000023
2007-05-20 03:00:00+00:00,266.91796875,121.22265625,289.15625,52.9036865234375,5.84765625,388.140625,16.006250000000023
2007-05-20 04:00:00+00:00,80.40625,98.3125,289.390625,52.29400634765625,6.0234375,178.71875,16.240625000000023
2007-05-20 05:00:00+00:00,5.375,80.015625,288.828125,55.2691650390625,6.248046875,85.390625,15.678125000000023
2007-05-20 06:00:00+00:00,29.73046875,30.22265625,288.46875,57.29510498046875,6.099609375,59.953125,15.318750000000023
2007-05-20 07:00:00+00:00,0.03515625,0.60546875,287.59375,65.73663330078125,6.03125,0.640625,14.443750000000023
2007-05-20 08:00:00+00:00,0.0,0.0,287.40625,66.70941162109375,5.748046875,0.0,14.256250000000023
2007-05-20 09:00:00+00:00,0.0,0.0,287.078125,67.9906005859375,6.474609375,0.0,13.928125000000023
2007-05-20 10:00:00+00:00,0.0,0.0,286.484375,71.82037353515625,6.162109375,0.0,13.334375000000023
2007-05-20 11:00:00+00:00,0.0,0.0,286.234375,70.8863525390625,5.84375,0.0,13.084375000000023
2007-05-20 12:00:00+00:00,0.0,0.0,286.21875,68.821533203125,6.0,0.0,13.068750000000023
2007-05-20 13:00:00+00:00,0.0,0.0,286.203125,68.56085205078125,6.2578125,0.0,13.053125000000023
2007-05-20 14:00:00+00:00,0.0,0.0,286.171875,68.07379150390625,6.8125,0.0,13.021875000000023
2007-05-20 15:00:00+00:00,0.0,0.0,285.84375,63.701904296875,6.75,0.0,12.693750000000023
2007-05-20 16:00:00+00:00,0.0,0.0,286.21875,60.55902099609375,6.90625,0.0,13.068750000000023
2007-05-20 17:00:00+00:00,0.0,0.0,286.203125,61.494384765625,6.857421875,0.0,13.053125000000023
2007-05-20 18:00:00+00:00,0.0,0.0,285.859375,64.336669921875,7.125,0.0,12.709375000000023
2007-05-20 19:00:00+00:00,0.0,0.0,286.15625,65.59814453125,7.35546875,0.0,13.006250000000023
2007-05-20 20:00:00+00:00,0.0,0.0,285.953125,67.5740966796875,7.439453125,0.0,12.803125000000023
2007-05-20 21:00:00+00:00,2.78515625,13.85546875,286.03125,68.52423095703125,8.00390625,16.640625,12.881250000000023
2007-05-20 22:00:00+00:00,64.42578125,69.05859375,286.15625,67.8251953125,7.4375,133.484375,13.006250000000023
2007-05-20 23:00:00+00:00,92.22265625,82.90234375,286.765625,66.70513916015625,7.427734375,175.125,13.615625000000023
2007-05-21 00:00:00+00:00,20.828125,0.0,286.75,69.84454345703125,7.51171875,9.15625,13.600000000000023
2007-05-21 01:00:00+00:00,38.828125,248.734375,285.953125,77.12359619140625,5.6640625,287.5625,12.803125000000023
2007-05-21 02:00:00+00:00,326.171875,137.125,287.1875,72.06085205078125,5.990234375,463.296875,14.037500000000023
2007-05-21 03:00:00+00:00,27.69921875,33.31640625,288.109375,59.2535400390625,7.248046875,61.015625,14.959375000000023
2007-05-21 04:00:00+00:00,62.58203125,174.07421875,287.296875,60.2528076171875,5.912109375,236.65625,14.146875000000023
2007-05-21 05:00:00+00:00,7.97265625,96.37109375,288.09375,54.6094970703125,5.095703125,104.34375,14.943750000000023
2007-05-21 06:00:00+00:00,25.08984375,35.34765625,287.71875,55.96405029296875,4.09765625,60.4375,14.568750000000023
2007-05-21 07:00:00+00:00,0.015625,0.546875,287.125,57.3509521484375,4.265625,0.5625,13.975000000000023
2007-05-21 08:00:00+00:00,0.0,0.0,286.65625,58.9700927734375,4.68359375,0.0,13.506250000000023
2007-05-21 09:00:00+00:00,0.0,0.0,285.734375,62.0791015625,5.328125,0.0,12.584375000000023
2007-05-21 10:00:00+00:00,0.0,0.0,285.25,61.9866943359375,5.857421875,0.0,12.100000000000023
2007-05-21 11:00:00+00:00,0.0,0.0,284.78125,64.2291259765625,6.443359375,0.0,11.631250000000023
2007-05-21 12:00:00+00:00,0.0,0.0,284.03125,64.9443359375,7.18359375,0.0,10.881250000000023
2007-05-21 13:00:00+00:00,0.0,0.0,283.21875,66.995361328125,7.10546875,0.0,10.068750000000023
2007-05-21 14:00:00+00:00,0.0,0.0,283.0625,69.505859375,6.71875,0.0,9.912500000000023
2007-05-21 15:00:00+00:00,0.0,0.0,282.796875,69.7637939453125,6.412109375,0.0,9.646875000000023
2007-05-21 16:00:00+00:00,0.0,0.0,282.734375,70.966796875,6.64453125,0.0,9.584375000000023
2007-05-21 17:00:00+00:00,0.0,0.0,282.6875,72.89794921875,6.27734375,0.0,9.537500000000023
2007-05-21 18:00:00+00:00,0.0,0.0,282.546875,73.27032470703125,5.919921875,0.0,9.396875000000023
2007-05-21 19:00:00+00:00,0.0,0.0,282.328125,74.52606201171875,5.572265625,0.0,9.178125000000023
2007-05-21 20:00:00+00:00,0.0,0.0,282.171875,76.26708984375,5.447265625,0.0,9.021875000000023
2007-05-21 21:00:00+00:00,5.4609375,12.5234375,281.859375,77.03460693359375,5.6171875,17.984375,8.709375000000023
2007-05-21 22:00:00+00:00,63.96875,56.390625,282.265625,76.43182373046875,5.1171875,120.359375,9.115625000000023
2007-05-21 23:00:00+00:00,214.73828125,80.41796875,283.203125,73.07080078125,4.974609375,295.15625,10.053125000000023
2007-05-22 00:00:00+00:00,337.7421875,71.7421875,284.265625,68.71942138671875,5.1015625,409.484375,11.115625000000023
2007-05-22 01:00:00+00:00,300.05078125,121.73046875,285.640625,61.5462646484375,5.83984375,421.78125,12.490625000000023
2007-05-22 02:00:00+00:00,129.03515625,157.79296875,286.609375,56.50067138671875,6.451171875,286.828125,13.459375000000023
2007-05-22 03:00:00+00:00,102.984375,146.25,287.125,52.27703857421875,6.37890625,249.234375,13.975000000000023
2007-05-22 04:00:00+00:00,58.8671875,169.7421875,287.453125,47.446044921875,6.244140625,228.609375,14.303125000000023
2007-05-22 05:00:00+00:00,68.4765625,64.2734375,287.65625,47.46295166015625,6.126953125,132.75,14.506250000000023
2007-05-22 06:00:00+00:00,12.73828125,32.77734375,287.34375,51.87384033203125,5.921875,45.515625,14.193750000000023
2007-05-22 07:00:00+00:00,0.0,0.5625,286.9375,56.1881103515625,5.38671875,0.5625,13.787500000000023
2007-05-22 08:00:00+00:00,0.0,0.0,286.578125,59.2939453125,5.13671875,0.0,13.428125000000023
2007-05-22 09:00:00+00:00,0.0,0.0,286.140625,63.3018798828125,4.794921875,0.0,12.990625000000023
2007-05-22 10:00:00+00:00,0.0,0.0,285.6875,66.60382080078125,4.787109375,0.0,12.537500000000023
2007-05-22 11:00:00+00:00,0.0,0.0,285.4375,69.406005859375,4.7421875,0.0,12.287500000000023
2007-05-22 12:00:00+00:00,0.0,0.0,285.1875,72.63177490234375,4.76953125,0.0,12.037500000000023
2007-05-22 13:00:00+00:00,0.0,0.0,284.953125,74.4892578125,4.640625,0.0,11.803125000000023
2007-05-22 14:00:00+00:00,0.0,0.0,284.796875,75.43634033203125,4.474609375,0.0,11.646875000000023
2007-05-22 15:00:00+00:00,0.0,0.0,284.171875,79.53118896484375,5.013671875,0.0,11.021875000000023
2007-05-22 16:00:00+00:00,0.0,0.0,284.15625,81.03985595703125,5.0546875,0.0,11.006250000000023
2007-05-22 17:00:00+00:00,0.0,0.0,284.125,82.0738525390625,4.96484375,0.0,10.975000000000023
2007-05-22 18:00:00+00:00,0.0,0.0,284.09375,81.9774169921875,4.8984375,0.0,10.943750000000023
2007-05-22 19:00:00+00:00,0.0,0.0,284.109375,81.25146484375,4.88671875,0.0,10.959375000000023
2007-05-22 20:00:00+00:00,0.0,0.0,284.40625,79.3375244140625,4.86328125,0.0,11.256250000000023
2007-05-22 21:00:00+00:00,2.35546875,10.36328125,284.296875,80.79461669921875,4.59765625,12.71875,11.146875000000023
2007-05-22 22:00:00+00:00,11.9375,58.109375,284.421875,80.405029296875,4.49609375,70.046875,11.271875000000023
2007-05-22 23:00:00+00:00,141.57421875,112.86328125,284.921875,78.4813232421875,4.447265625,254.4375,11.771875000000023
2007-05-23 00:00:00+00:00,90.48046875,173.72265625,286.140625,73.52099609375,4.744140625,264.203125,12.990625000000023
2007-05-23 01:00:00+00:00,157.96875,200.96875,287.15625,69.08966064453125,4.962890625,358.9375,14.006250000000023
2007-05-23 02:00:00+00:00,53.625,181.703125,288.375,63.24017333984375,5.283203125,235.328125,15.225000000000023
2007-05-23 03:00:00+00:00,45.0859375,216.0703125,289.28125,56.29730224609375,6.25390625,261.15625,16.131250000000023
2007-05-23 04:00:00+00:00,193.1171875,103.9609375,290.140625,52.99151611328125,5.98828125,297.078125,16.990625000000023
2007-05-23 05:00:00+00:00,31.0546875,24.1171875,290.40625,52.154541015625,5.654296875,55.171875,17.256250000000023
2007-05-23 06:00:00+00:00,9.61328125,28.32421875,289.8125,53.661865234375,5.04296875,37.9375,16.662500000000023
2007-05-23 07:00:00+00:00,0.0,0.546875,289.34375,55.034912109375,4.765625,0.546875,16.193750000000023
2007-05-23 08:00:00+00:00,0.0,0.0,288.484375,60.24456787109375,4.8359375,0.0,15.334375000000023
2007-05-23 09:00:00+00:00,0.0,0.0,287.796875,66.85040283203125,4.6015625,0.0,14.646875000000023
2007-05-23 10:00:00+00:00,0.0,0.0,287.65625,70.08563232421875,4.486328125,0.0,14.506250000000023
2007-05-23 11:00:00+00:00,0.0,0.0,287.34375,71.88580322265625,4.353515625,0.0,14.193750000000023
2007-05-23 12:00:00+00:00,0.0,0.0,287.140625,72.22625732421875,4.447265625,0.0,13.990625000000023
2007-05-23 13:00:00+00:00,0.0,0.0,286.921875,72.876708984375,4.412109375,0.0,13.771875000000023
2007-05-23 14:00:00+00:00,0.0,0.0,286.640625,73.55889892578125,4.33984375,0.0,13.490625000000023
2007-05-23 15:00:00+00:00,0.0,0.0,286.1875,72.0517578125,4.7734375,0.0,13.037500000000023
2007-05-23 16:00:00+00:00,0.0,0.0,285.703125,73.328857421875,4.783203125,0.0,12.553125000000023
2007-05-23 17:00:00+00:00,0.0,0.0,285.40625,73.44537353515625,4.853515625,0.0,12.256250000000023
2007-05-23 18:00:00+00:00,0.0,0.0,285.328125,72.51495361328125,4.994140625,0.0,12.178125000000023
2007-05-23 19:00:00+00:00,0.0,0.0,285.0,73.015380859375,5.326171875,0.0,11.850000000000023
2007-05-23 20:00:00+00:00,0.0,0.0,284.484375,74.28094482421875,5.3984375,0.0,11.334375000000023
2007-05-23 21:00:00+00:00,4.16015625,11.32421875,284.4375,72.26708984375,5.4765625,15.484375,11.287500000000023
2007-05-23 22:00:00+00:00,90.6953125,52.4765625,284.34375,70.70654296875,5.466796875,143.171875,11.193750000000023
2007-05-23 23:00:00+00:00,228.83203125,65.19921875,284.90625,67.30938720703125,5.677734375,294.03125,11.756250000000023
2007-05-24 00:00:00+00:00,344.0,66.53125,286.0625,62.14520263671875,6.07421875,410.53125,12.912500000000023
2007-05-24 01:00:00+00:00,416.92578125,64.69921875,287.625,55.65802001953125,6.333984375,481.625,14.475000000000023
2007-05-24 02:00:00+00:00,436.4140625,59.8671875,289.15625,51.180908203125,6.76171875,496.28125,16.006250000000023
2007-05-24 03:00:00+00:00,395.390625,56.9375,290.71875,47.48114013671875,8.119140625,452.328125,17.568750000000023
2007-05-24 04:00:00+00:00,313.046875,48.8125,291.734375,40.782958984375,8.833984375,361.859375,18.584375000000023
2007-05-24 05:00:00+00:00,173.140625,45.4375,291.875,37.9937744140625,8.564453125,218.578125,18.725000000000023
2007-05-24 06:00:00+00:00,60.34765625,13.13671875,291.375,40.37506103515625,8.0,73.484375,18.225000000000023
2007-05-24 07:00:00+00:00,0.09375,0.375,290.390625,44.761962890625,7.662109375,0.46875,17.240625000000023
2007-05-24 08:00:00+00:00,0.0,0.0,289.5625,49.63543701171875,7.294921875,0.0,16.412500000000023
2007-05-24 09:00:00+00:00,0.0,0.0,288.859375,52.7398681640625,7.548828125,0.0,15.709375000000023
2007-05-24 10:00:00+00:00,0.0,0.0,288.375,54.14056396484375,7.078125,0.0,15.225000000000023
2007-05-24 11:00:00+00:00,0.0,0.0,288.03125,55.23065185546875,6.8125,0.0,14.881250000000023
2007-05-24 12:00:00+00:00,0.0,0.0,287.625,56.6578369140625,6.94921875,0.0,14.475000000000023
2007-05-24 13:00:00+00:00,0.0,0.0,287.234375,57.8084716796875,6.416015625,0.0,14.084375000000023
2007-05-24 14:00:00+00:00,0.0,0.0,287.03125,58.08184814453125,5.703125,0.0,13.881250000000023
2007-05-24 15:00:00+00:00,0.0,0.0,286.90625,56.2198486328125,6.0390625,0.0,13.756250000000023
2007-05-24 16:00:00+00:00,0.0,0.0,286.515625,57.83306884765625,5.5859375,0.0,13.365625000000023
2007-05-24 17:00:00+00:00,0.0,0.0,286.375,58.9664306640625,5.677734375,0.0,13.225000000000023
2007-05-24 18:00:00+00:00,0.0,0.0,285.984375,61.010498046875,5.64453125,0.0,12.834375000000023
2007-05-24 19:00:00+00:00,0.0,0.0,285.390625,63.427978515625,5.509765625,0.0,12.240625000000023
2007-05-24 20:00:00+00:00,0.0,0.0,285.078125,64.61834716796875,5.369140625,0.0,11.928125000000023
2007-05-24 21:00:00+00:00,2.9453125,11.1640625,285.109375,60.94854736328125,5.546875,14.109375,11.959375000000023
2007-05-24 22:00:00+00:00,80.859375,55.5,285.09375,60.6683349609375,5.42578125,136.359375,11.943750000000023
2007-05-24 23:00:00+00:00,197.08984375,80.14453125,285.734375,58.59564208984375,5.697265625,277.234375,12.584375000000023
2007-05-25 00:00:00+00:00,312.50390625,82.88671875,286.796875,55.1123046875,5.88671875,395.390625,13.646875000000023
2007-05-25 01:00:00+00:00,389.7578125,77.6640625,288.4375,48.89947509765625,6.12890625,467.421875,15.287500000000023
2007-05-25 02:00:00+00:00,405.96875,75.53125,289.71875,44.428466796875,6.404296875,481.5,16.568750000000023
2007-05-25 03:00:00+00:00,345.13671875,84.16015625,291.265625,42.03839111328125,6.71484375,429.296875,18.115625000000023
2007-05-25 04:00:00+00:00,289.390625,60.0625,291.640625,41.8363037109375,6.650390625,349.453125,18.490625000000023
2007-05-25 05:00:00+00:00,175.2734375,40.2421875,291.78125,42.71875,6.59375,215.515625,18.631250000000023
2007-05-25 06:00:00+00:00,52.9296875,14.8046875,291.4375,44.693115234375,6.435546875,67.734375,18.287500000000023
2007-05-25 07:00:00+00:00,0.03125,0.375,290.328125,50.62054443359375,6.423828125,0.40625,17.178125000000023
2007-05-25 08:00:00+00:00,0.0,0.0,289.359375,57.037353515625,6.2109375,0.0,16.209375000000023
2007-05-25 09:00:00+00:00,0.0,0.0,288.796875,57.68670654296875,6.046875,0.0,15.646875000000023
2007-05-25 10:00:00+00:00,0.0,0.0,288.484375,58.82611083984375,5.78515625,0.0,15.334375000000023
2007-05-25 11:00:00+00:00,0.0,0.0,288.3125,58.3504638671875,5.669921875,0.0,15.162500000000023
2007-05-25 12:00:00+00:00,0.0,0.0,288.125,57.65130615234375,5.66015625,0.0,14.975000000000023
2007-05-25 13:00:00+00:00,0.0,0.0,287.78125,58.22027587890625,5.5,0.0,14.631250000000023
2007-05-25 14:00:00+00:00,0.0,0.0,287.34375,59.331298828125,5.087890625,0.0,14.193750000000023
2007-05-25 15:00:00+00:00,0.0,0.0,286.859375,57.9169921875,5.455078125,0.0,13.709375000000023
2007-05-25 16:00:00+00:00,0.0,0.0,286.484375,58.46630859375,5.140625,0.0,13.334375000000023
2007-05-25 17:00:00+00:00,0.0,0.0,286.1875,58.8880615234375,4.91796875,0.0,13.037500000000023
2007-05-25 18:00:00+00:00,0.0,0.0,285.734375,60.35284423828125,4.505859375,0.0,12.584375000000023
2007-05-25 19:00:00+00:00,0.0,0.0,285.375,61.6033935546875,4.3125,0.0,12.225000000000023
2007-05-25 20:00:00+00:00,0.0,0.0,285.140625,62.28277587890625,4.533203125,0.0,11.990625000000023
2007-05-25 21:00:00+00:00,3.82421875,10.78515625,284.734375,61.67645263671875,4.5,14.609375,11.584375000000023
2007-05-25 22:00:00+00:00,90.046875,52.609375,284.78125,61.05938720703125,4.376953125,142.65625,11.631250000000023
2007-05-25 23:00:00+00:00,230.00390625,66.13671875,285.703125,58.09033203125,4.41015625,296.140625,12.553125000000023
2007-05-26 00:00:00+00:00,347.58984375,67.22265625,286.921875,54.27734375,4.755859375,414.8125,13.771875000000023
2007-05-26 01:00:00+00:00,424.796875,63.671875,288.25,49.66424560546875,5.5,488.46875,15.100000000000023
2007-05-26 02:00:00+00:00,449.28125,57.171875,289.53125,44.356689453125,5.921875,506.453125,16.381250000000023
2007-05-26 03:00:00+00:00,414.13671875,48.12890625,291.078125,45.07666015625,5.75,462.265625,17.928125000000023
2007-05-26 04:00:00+00:00,329.58984375,38.42578125,291.71875,42.4739990234375,5.609375,368.015625,18.568750000000023
2007-05-26 05:00:00+00:00,204.796875,26.46875,291.78125,41.9365234375,5.28125,231.265625,18.631250000000023
2007-05-26 06:00:00+00:00,67.375,6.1875,291.296875,43.21270751953125,4.884765625,73.5625,18.146875000000023
2007-05-26 07:00:00+00:00,0.08203125,0.26171875,290.046875,48.728759765625,4.69921875,0.34375,16.896875000000023
2007-05-26 08:00:00+00:00,0.0,0.0,289.046875,53.54193115234375,4.349609375,0.0,15.896875000000023
2007-05-26 09:00:00+00:00,0.0,0.0,288.328125,57.37615966796875,4.001953125,0.0,15.178125000000023
2007-05-26 10:00:00+00:00,0.0,0.0,287.5,61.522216796875,3.708984375,0.0,14.350000000000023
2007-05-26 11:00:00+00:00,0.0,0.0,286.90625,62.3271484375,3.462890625,0.0,13.756250000000023
2007-05-26 12:00:00+00:00,0.0,0.0,286.578125,61.596435546875,3.681640625,0.0,13.428125000000023
2007-05-26 13:00:00+00:00,0.0,0.0,286.234375,61.522216796875,3.75,0.0,13.084375000000023
2007-05-26 14:00:00+00:00,0.0,0.0,285.9375,61.56524658203125,3.845703125,0.0,12.787500000000023
2007-05-26 15:00:00+00:00,0.0,0.0,284.90625,66.52972412109375,3.96875,0.0,11.756250000000023
2007-05-26 16:00:00+00:00,0.0,0.0,284.40625,68.67724609375,3.73828125,0.0,11.256250000000023
2007-05-26 17:00:00+00:00,0.0,0.0,284.25,68.83282470703125,4.1640625,0.0,11.100000000000023
2007-05-26 18:00:00+00:00,0.0,0.0,284.34375,66.55816650390625,4.783203125,0.0,11.193750000000023
2007-05-26 19:00:00+00:00,0.0,0.0,284.3125,65.57086181640625,4.84375,0.0,11.162500000000023
2007-05-26 20:00:00+00:00,0.0,0.0,284.234375,65.77105712890625,4.9375,0.0,11.084375000000023
2007-05-26 21:00:00+00:00,4.07421875,10.55078125,283.890625,68.403564453125,5.392578125,14.625,10.740625000000023
2007-05-26 22:00:00+00:00,95.0546875,50.8046875,284.296875,66.105224609375,6.19140625,145.859375,11.146875000000023
2007-05-26 23:00:00+00:00,204.93359375,80.87890625,285.421875,61.2449951171875,6.62890625,285.8125,12.271875000000023
2007-05-27 00:00:00+00:00,341.265625,75.1875,286.78125,56.94952392578125,6.75390625,416.453125,13.631250000000023
2007-05-27 01:00:00+00:00,423.1953125,63.7578125,288.28125,53.05950927734375,6.7421875,486.953125,15.131250000000023
2007-05-27 02:00:00+00:00,444.37890625,55.96484375,289.78125,47.3739013671875,7.189453125,500.34375,16.631250000000023
2007-05-27 03:00:00+00:00,412.140625,47.8125,291.4375,41.50885009765625,8.04296875,459.953125,18.287500000000023
2007-05-27 04:00:00+00:00,306.10546875,51.55078125,291.9375,38.647705078125,8.197265625,357.65625,18.787500000000023
2007-05-27 05:00:00+00:00,198.2421875,30.9296875,291.953125,37.94097900390625,7.505859375,229.171875,18.803125000000023
2007-05-27 06:00:00+00:00,63.11328125,7.91796875,291.25,40.9609375,7.54296875,71.03125,18.100000000000023
2007-05-27 07:00:00+00:00,0.04296875,0.23828125,290.078125,47.544677734375,7.25,0.28125,16.928125000000023
2007-05-27 08:00:00+00:00,0.0,0.0,289.203125,52.97845458984375,6.84765625,0.0,16.053125000000023
2007-05-27 09:00:00+00:00,0.0,0.0,288.6875,52.47052001953125,6.474609375,0.0,15.537500000000023
2007-05-27 10:00:00+00:00,0.0,0.0,288.21875,52.958251953125,5.845703125,0.0,15.068750000000023
2007-05-27 11:00:00+00:00,0.0,0.0,288.140625,52.337646484375,5.55078125,0.0,14.990625000000023
2007-05-27 12:00:00+00:00,0.0,0.0,288.34375,50.78887939453125,5.326171875,0.0,15.193750000000023
2007-05-27 13:00:00+00:00,0.0,0.0,288.3125,50.23486328125,5.083984375,0.0,15.162500000000023
2007-05-27 14:00:00+00:00,0.0,0.0,288.609375,49.9583740234375,5.4140625,0.0,15.459375000000023
2007-05-27 15:00:00+00:00,0.0,0.0,288.96875,50.3116455078125,5.84375,0.0,15.818750000000023
2007-05-27 16:00:00+00:00,0.0,0.0,288.984375,52.32708740234375,5.9765625,0.0,15.834375000000023
2007-05-27 17:00:00+00:00,0.0,0.0,288.828125,54.64154052734375,5.625,0.0,15.678125000000023
2007-05-27 18:00:00+00:00,0.0,0.0,288.78125,55.677490234375,5.603515625,0.0,15.631250000000023
2007-05-27 19:00:00+00:00,0.0,0.0,288.78125,56.35498046875,5.755859375,0.0,15.631250000000023
2007-05-27 20:00:00+00:00,0.0,0.0,288.65625,57.9676513671875,5.533203125,0.0,15.506250000000023
2007-05-27 21:00:00+00:00,0.0,3.703125,288.703125,58.25872802734375,5.4375,3.703125,15.553125000000023
2007-05-27 22:00:00+00:00,0.0,25.15625,288.65625,59.4327392578125,5.251953125,25.15625,15.506250000000023
2007-05-27 23:00:00+00:00,0.02734375,98.58203125,288.8125,59.9774169921875,5.2890625,98.609375,15.662500000000023
2007-05-28 00:00:00+00:00,0.0234375,60.6015625,289.34375,59.03656005859375,6.0703125,60.625,16.193750000000023
2007-05-28 01:00:00+00:00,0.0,53.53125,289.3125,59.21942138671875,5.607421875,53.53125,16.162500000000023
2007-05-28 02:00:00+00:00,0.0,19.328125,289.609375,57.84716796875,4.810546875,19.328125,16.459375000000023
2007-05-28 03:00:00+00:00,0.71875,139.359375,290.171875,60.1124267578125,5.9375,140.078125,17.021875000000023
2007-05-28 04:00:00+00:00,22.8359375,143.7734375,290.8125,58.20556640625,6.11328125,166.609375,17.662500000000023
2007-05-28 05:00:00+00:00,107.74609375,76.41015625,291.203125,57.82855224609375,6.75390625,184.15625,18.053125000000023
2007-05-28 06:00:00+00:00,23.38671875,15.53515625,291.609375,57.9783935546875,7.150390625,38.921875,18.459375000000023
2007-05-28 07:00:00+00:00,0.0,0.21875,291.25,60.1575927734375,7.15625,0.21875,18.100000000000023
2007-05-28 08:00:00+00:00,0.0,0.0,290.84375,62.615966796875,7.330078125,0.0,17.693750000000023
2007-05-28 09:00:00+00:00,0.0,0.0,290.203125,64.46673583984375,6.92578125,0.0,17.053125000000023
2007-05-28 10:00:00+00:00,0.0,0.0,290.1875,63.67022705078125,7.19921875,0.0,17.037500000000023
2007-05-28 11:00:00+00:00,0.0,0.0,290.0625,63.1204833984375,6.75,0.0,16.912500000000023
2007-05-28 12:00:00+00:00,0.0,0.0,289.859375,62.74871826171875,6.91015625,0.0,16.709375000000023
2007-05-28 13:00:00+00:00,0.0,0.0,289.65625,62.97216796875,7.34765625,0.0,16.506250000000023
2007-05-28 14:00:00+00:00,0.0,0.0,289.59375,63.84954833984375,7.529296875,0.0,16.443750000000023
2007-05-28 15:00:00+00:00,0.0,0.0,289.671875,62.51531982421875,6.9921875,0.0,16.521875000000023
2007-05-28 16:00:00+00:00,0.0,0.0,289.59375,62.9793701171875,7.220703125,0.0,16.443750000000023
2007-05-28 17:00:00+00:00,0.0,0.0,289.375,65.064208984375,7.7421875,0.0,16.225000000000023
2007-05-28 18:00:00+00:00,0.0,0.0,289.296875,66.9368896484375,8.1796875,0.0,16.146875000000023
2007-05-28 19:00:00+00:00,0.0,0.0,289.296875,67.98944091796875,8.26171875,0.0,16.146875000000023
2007-05-28 20:00:00+00:00,0.0,0.0,289.28125,68.225341796875,8.1796875,0.0,16.131250000000023
2007-05-28 21:00:00+00:00,1.49609375,9.30078125,289.609375,66.57269287109375,9.048828125,10.796875,16.459375000000023
2007-05-28 22:00:00+00:00,47.20703125,63.62109375,289.75,64.50347900390625,8.69140625,110.828125,16.600000000000023
2007-05-28 23:00:00+00:00,178.25,84.84375,290.421875,60.2154541015625,8.71484375,263.09375,17.271875000000023
2007-05-29 00:00:00+00:00,194.9765625,121.1015625,291.546875,56.08221435546875,8.66796875,316.078125,18.396875000000023
2007-05-29 01:00:00+00:00,266.4453125,146.6796875,292.546875,53.464599609375,8.86328125,413.125,19.396875000000023
2007-05-29 02:00:00+00:00,321.1875,115.953125,293.734375,49.08001708984375,8.677734375,437.140625,20.584375000000023
2007-05-29 03:00:00+00:00,283.8125,111.390625,294.4375,47.43048095703125,9.666015625,395.203125,21.287500000000023
2007-05-29 04:00:00+00:00,98.08984375,118.20703125,294.578125,47.54931640625,11.94140625,216.296875,21.428125000000023
2007-05-29 05:00:00+00:00,6.78515625,25.62109375,292.015625,64.77874755859375,11.53125,32.40625,18.865625000000023
2007-05-29 06:00:00+00:00,0.0,15.234375,290.4375,75.30560302734375,9.4453125,15.234375,17.287500000000023
2007-05-29 07:00:00+00:00,0.0,0.0,289.09375,78.08563232421875,8.3515625,0.0,15.943750000000023
2007-05-29 08:00:00+00:00,0.0,0.0,288.140625,77.03594970703125,6.708984375,0.0,14.990625000000023
2007-05-29 09:00:00+00:00,0.0,0.0,287.078125,81.7071533203125,6.15234375,0.0,13.928125000000023
2007-05-29 10:00:00+00:00,0.0,0.0,286.90625,71.88922119140625,5.4609375,0.0,13.756250000000023
2007-05-29 11:00:00+00:00,0.0,0.0,286.171875,70.79925537109375,5.279296875,0.0,13.021875000000023
2007-05-29 12:00:00+00:00,0.0,0.0,285.390625,70.21209716796875,5.27734375,0.0,12.240625000000023
2007-05-29 13:00:00+00:00,0.0,0.0,284.953125,71.543212890625,4.486328125,0.0,11.803125000000023
2007-05-29 14:00:00+00:00,0.0,0.0,284.78125,69.7254638671875,5.064453125,0.0,11.631250000000023
2007-05-29 15:00:00+00:00,0.0,0.0,284.390625,71.41131591796875,6.1640625,0.0,11.240625000000023
2007-05-29 16:00:00+00:00,0.0,0.0,284.015625,69.85577392578125,5.646484375,0.0,10.865625000000023
2007-05-29 17:00:00+00:00,0.0,0.0,282.21875,75.2657470703125,6.72265625,0.0,9.068750000000023
2007-05-29 18:00:00+00:00,0.0,0.0,281.78125,84.57183837890625,5.888671875,0.0,8.631250000000023
2007-05-29 19:00:00+00:00,0.0,0.0,282.53125,80.2587890625,6.541015625,0.0,9.381250000000023
2007-05-29 20:00:00+00:00,0.0,0.0,282.375,77.7279052734375,6.8203125,0.0,9.225000000000023
2007-05-29 21:00:00+00:00,0.453125,6.28125,281.78125,75.1873779296875,5.8984375,6.734375,8.631250000000023
2007-05-29 22:00:00+00:00,44.671875,65.4375,281.875,72.355712890625,5.166015625,110.109375,8.725000000000023
2007-05-29 23:00:00+00:00,191.703125,78.53125,282.421875,69.22637939453125,4.861328125,270.234375,9.271875000000023
2007-05-30 00:00:00+00:00,256.8515625,97.3984375,283.375,65.59417724609375,5.265625,354.25,10.225000000000023
2007-05-30 01:00:00+00:00,338.38671875,100.19140625,284.578125,60.60333251953125,5.70703125,438.578125,11.428125000000023
2007-05-30 02:00:00+00:00,328.62890625,95.58984375,285.609375,55.58258056640625,5.99609375,424.21875,12.459375000000023
2007-05-30 03:00:00+00:00,247.26171875,129.72265625,286.109375,52.06072998046875,6.263671875,376.984375,12.959375000000023
2007-05-30 04:00:00+00:00,112.96875,130.78125,286.734375,48.60443115234375,6.45703125,243.75,13.584375000000023
2007-05-30 05:00:00+00:00,20.18359375,33.73828125,286.953125,47.49432373046875,6.701171875,53.921875,13.803125000000023
2007-05-30 06:00:00+00:00,24.21484375,26.45703125,286.578125,48.055908203125,6.318359375,50.671875,13.428125000000023
2007-05-30 07:00:00+00:00,0.0,0.15625,286.234375,47.65655517578125,6.33203125,0.15625,13.084375000000023
2007-05-30 08:00:00+00:00,0.0,0.0,285.4375,53.79681396484375,6.271484375,0.0,12.287500000000023
2007-05-30 09:00:00+00:00,0.0,0.0,284.875,60.9298095703125,6.205078125,0.0,11.725000000000023
2007-05-30 10:00:00+00:00,0.0,0.0,284.484375,64.909423828125,6.248046875,0.0,11.334375000000023
2007-05-30 11:00:00+00:00,0.0,0.0,284.328125,66.9150390625,6.408203125,0.0,11.178125000000023
2007-05-30 12:00:00+00:00,0.0,0.0,284.125,68.39617919921875,6.662109375,0.0,10.975000000000023
2007-05-30 13:00:00+00:00,0.0,0.0,283.78125,69.59820556640625,6.8125,0.0,10.631250000000023
2007-05-30 14:00:00+00:00,0.0,0.0,283.53125,70.0631103515625,7.07421875,0.0,10.381250000000023
2007-05-30 15:00:00+00:00,0.0,0.0,283.578125,66.97528076171875,8.12109375,0.0,10.428125000000023
2007-05-30 16:00:00+00:00,0.0,0.0,283.25,67.87738037109375,8.111328125,0.0,10.100000000000023
2007-05-30 17:00:00+00:00,0.0,0.0,283.3125,67.5899658203125,7.994140625,0.0,10.162500000000023
2007-05-30 18:00:00+00:00,0.0,0.0,283.359375,67.2296142578125,8.255859375,0.0,10.209375000000023
2007-05-30 19:00:00+00:00,0.0,0.0,283.109375,69.4522705078125,8.482421875,0.0,9.959375000000023
2007-05-30 20:00:00+00:00,0.0,0.0,283.140625,69.266845703125,8.53125,0.0,9.990625000000023
2007-05-30 21:00:00+00:00,0.0,1.390625,282.578125,73.9183349609375,8.783203125,1.390625,9.428125000000023
2007-05-30 22:00:00+00:00,0.0,32.421875,282.59375,74.0626220703125,8.74609375,32.421875,9.443750000000023
2007-05-30 23:00:00+00:00,0.0,31.109375,282.515625,78.08197021484375,8.43359375,31.109375,9.365625000000023
2007-05-31 00:00:00+00:00,0.0,57.96875,282.40625,82.94671630859375,7.037109375,57.96875,9.256250000000023
2007-05-31 01:00:00+00:00,10.296875,43.203125,282.9375,80.73687744140625,6.318359375,53.5,9.787500000000023
2007-05-31 02:00:00+00:00,297.70703125,149.82421875,283.9375,77.0889892578125,6.072265625,447.53125,10.787500000000023
2007-05-31 03:00:00+00:00,101.32421875,144.30078125,286.015625,70.546630859375,6.44140625,245.625,12.865625000000023
2007-05-31 04:00:00+00:00,22.27734375,43.39453125,286.828125,69.28076171875,5.546875,65.671875,13.678125000000023
2007-05-31 05:00:00+00:00,7.1015625,44.9140625,286.5625,72.7698974609375,4.806640625,52.015625,13.412500000000023
2007-05-31 06:00:00+00:00,5.67578125,20.07421875,285.984375,79.7708740234375,4.595703125,25.75,12.834375000000023
2007-05-31 07:00:00+00:00,0.0,0.109375,285.828125,80.33612060546875,4.455078125,0.109375,12.678125000000023
2007-05-31 08:00:00+00:00,0.0,0.0,285.328125,81.6851806640625,4.517578125,0.0,12.178125000000023
2007-05-31 09:00:00+00:00,0.0,0.0,284.5625,86.6524658203125,3.310546875,0.0,11.412500000000023
2007-05-31 10:00:00+00:00,0.0,0.0,283.828125,90.8001708984375,2.796875,0.0,10.678125000000023
2007-05-31 11:00:00+00:00,0.0,0.0,283.671875,90.13653564453125,2.294921875,0.0,10.521875000000023
2007-05-31 12:00:00+00:00,0.0,0.0,283.5625,88.9537353515625,1.5078125,0.0,10.412500000000023
2007-05-31 13:00:00+00:00,0.0,0.0,283.375,88.08380126953125,1.751953125,0.0,10.225000000000023
2007-05-31 14:00:00+00:00,0.0,0.0,283.46875,86.417236328125,1.99609375,0.0,10.318750000000023
2007-05-31 15:00:00+00:00,0.0,0.0,283.53125,85.876953125,2.046875,0.0,10.381250000000023
2007-05-31 16:00:00+00:00,0.0,0.0,282.40625,89.85491943359375,2.09765625,0.0,9.256250000000023
2007-05-31 17:00:00+00:00,0.0,0.0,282.34375,88.26226806640625,2.001953125,0.0,9.193750000000023
2007-05-31 18:00:00+00:00,0.0,0.0,281.671875,89.88604736328125,1.85546875,0.0,8.521875000000023
2007-05-31 19:00:00+00:00,0.0,0.0,281.265625,90.02374267578125,1.64453125,0.0,8.115625000000023
2007-05-31 20:00:00+00:00,0.0,0.0,280.90625,90.96649169921875,1.509765625,0.0,7.756250000000023
2007-05-31 21:00:00+00:00,2.28515625,8.19921875,280.140625,94.68603515625,1.884765625,10.484375,6.990625000000023
2007-05-31 22:00:00+00:00,78.03125,49.140625,280.234375,95.28985595703125,1.7578125,127.171875,7.084375000000023
2007-05-31 23:00:00+00:00,174.9921875,80.2890625,281.15625,90.13238525390625,1.59375,255.28125,8.006250000000023
2007-06-01 00:00:00+00:00,322.97265625,72.37109375,282.0625,84.7440185546875,1.564453125,395.34375,8.912500000000023
2007-06-01 01:00:00+00:00,407.3359375,60.2578125,283.296875,77.025634765625,1.458984375,467.59375,10.146875000000023
2007-06-01 02:00:00+00:00,414.69921875,63.73828125,284.265625,70.45672607421875,1.30078125,478.4375,11.115625000000023
2007-06-01 03:00:00+00:00,355.9609375,72.1328125,285.53125,51.2447509765625,1.46875,428.09375,12.381250000000023
2007-06-01 04:00:00+00:00,241.65234375,62.81640625,285.875,47.03790283203125,1.509765625,304.46875,12.725000000000023
2007-06-01 05:00:00+00:00,168.62109375,44.56640625,286.015625,44.46026611328125,1.287109375,213.1875,12.865625000000023
2007-06-01 06:00:00+00:00,45.86328125,13.24609375,285.953125,43.54730224609375,1.21484375,59.109375,12.803125000000023
2007-06-01 07:00:00+00:00,0.0,0.09375,284.625,47.28973388671875,1.4453125,0.09375,11.475000000000023
2007-06-01 08:00:00+00:00,0.0,0.0,284.109375,49.81103515625,1.90625,0.0,10.959375000000023
2007-06-01 09:00:00+00:00,0.0,0.0,283.8125,56.8009033203125,2.552734375,0.0,10.662500000000023
2007-06-01 10:00:00+00:00,0.0,0.0,283.90625,62.60601806640625,2.943359375,0.0,10.756250000000023
2007-06-01 11:00:00+00:00,0.0,0.0,283.484375,65.81646728515625,2.91796875,0.0,10.334375000000023
2007-06-01 12:00:00+00:00,0.0,0.0,283.421875,66.0230712890625,3.125,0.0,10.271875000000023
2007-06-01 13:00:00+00:00,0.0,0.0,283.359375,66.18060302734375,3.064453125,0.0,10.209375000000023
2007-06-01 14:00:00+00:00,0.0,0.0,283.203125,66.71002197265625,3.318359375,0.0,10.053125000000023
2007-06-01 15:00:00+00:00,0.0,0.0,282.390625,70.89263916015625,2.576171875,0.0,9.240625000000023
2007-06-01 16:00:00+00:00,0.0,0.0,282.0625,82.134521484375,2.265625,0.0,8.912500000000023
2007-06-01 17:00:00+00:00,0.0,0.0,281.53125,88.6221923828125,2.453125,0.0,8.381250000000023
2007-06-01 18:00:00+00:00,0.0,0.0,281.265625,90.55712890625,2.7890625,0.0,8.115625000000023
2007-06-01 19:00:00+00:00,0.0,0.0,281.390625,90.03955078125,2.826171875,0.0,8.240625000000023
2007-06-01 20:00:00+00:00,0.0,0.0,281.84375,89.42572021484375,2.740234375,0.0,8.693750000000023
2007-06-01 21:00:00+00:00,0.0,3.734375,282.34375,87.8670654296875,2.197265625,3.734375,9.193750000000023
2007-06-01 22:00:00+00:00,0.21875,52.4375,282.703125,88.30517578125,2.236328125,52.65625,9.553125000000023
2007-06-01 23:00:00+00:00,3.8828125,66.6015625,283.140625,88.79351806640625,1.931640625,70.484375,9.990625000000023
2007-06-02 00:00:00+00:00,44.0625,105.140625,283.234375,90.65093994140625,2.015625,149.203125,10.084375000000023
2007-06-02 01:00:00+00:00,146.11328125,150.29296875,283.546875,90.12890625,2.078125,296.40625,10.396875000000023
2007-06-02 02:00:00+00:00,148.08984375,199.12890625,284.453125,80.011962890625,1.580078125,347.21875,11.303125000000023
2007-06-02 03:00:00+00:00,212.8828125,138.3359375,285.28125,72.4561767578125,1.759765625,351.21875,12.131250000000023
2007-06-02 04:00:00+00:00,234.44921875,78.14453125,285.765625,68.896728515625,1.486328125,312.59375,12.615625000000023
2007-06-02 05:00:00+00:00,180.484375,34.84375,286.09375,67.07080078125,0.89453125,215.328125,12.943750000000023
2007-06-02 06:00:00+00:00,58.890625,4.375,286.265625,65.40911865234375,1.0390625,63.265625,13.115625000000023
2007-06-02 07:00:00+00:00,0.0078125,0.0703125,284.953125,73.30047607421875,1.990234375,0.078125,11.803125000000023
2007-06-02 08:00:00+00:00,0.0,0.0,284.703125,79.93414306640625,2.01171875,0.0,11.553125000000023
2007-06-02 09:00:00+00:00,0.0,0.0,284.828125,78.17974853515625,2.25390625,0.0,11.678125000000023
2007-06-02 10:00:00+00:00,0.0,0.0,284.765625,67.18170166015625,2.78515625,0.0,11.615625000000023
2007-06-02 11:00:00+00:00,0.0,0.0,284.09375,62.94256591796875,2.875,0.0,10.943750000000023
2007-06-02 12:00:00+00:00,0.0,0.0,284.1875,64.4300537109375,2.7890625,0.0,11.037500000000023
2007-06-02 13:00:00+00:00,0.0,0.0,283.875,66.0596923828125,2.908203125,0.0,10.725000000000023
2007-06-02 14:00:00+00:00,0.0,0.0,283.640625,67.0150146484375,2.9296875,0.0,10.490625000000023
2007-06-02 15:00:00+00:00,0.0,0.0,283.0,67.724365234375,2.873046875,0.0,9.850000000000023
2007-06-02 16:00:00+00:00,0.0,0.0,282.21875,70.02685546875,2.4765625,0.0,9.068750000000023
2007-06-02 17:00:00+00:00,0.0,0.0,281.53125,72.73883056640625,2.21875,0.0,8.381250000000023
2007-06-02 18:00:00+00:00,0.0,0.0,281.046875,75.16839599609375,2.09765625,0.0,7.896875000000023
2007-06-02 19:00:00+00:00,0.0,0.0,280.65625,77.32403564453125,1.91015625,0.0,7.506250000000023
2007-06-02 20:00:00+00:00,0.0,0.0,280.375,79.05718994140625,1.849609375,0.0,7.225000000000023
2007-06-02 21:00:00+00:00,1.5234375,7.4921875,279.625,84.570068359375,2.03515625,9.015625,6.475000000000023
2007-06-02 22:00:00+00:00,66.40234375,52.08203125,279.90625,82.65191650390625,2.03515625,118.484375,6.756250000000023
2007-06-02 23:00:00+00:00,182.2734375,77.1796875,281.15625,78.490966796875,1.94140625,259.453125,8.006250000000023
2007-06-03 00:00:00+00:00,316.24609375,69.33203125,282.5625,74.259765625,2.068359375,385.578125,9.412500000000023
2007-06-03 01:00:00+00:00,394.2734375,61.6640625,283.796875,70.00811767578125,2.380859375,455.9375,10.646875000000023
2007-06-03 02:00:00+00:00,418.20703125,55.51171875,285.03125,65.3489990234375,2.619140625,473.71875,11.881250000000023
2007-06-03 03:00:00+00:00,338.71875,64.4375,286.8125,56.8087158203125,3.30078125,403.15625,13.662500000000023
2007-06-03 04:00:00+00:00,251.00390625,55.43359375,287.359375,50.30914306640625,3.107421875,306.4375,14.209375000000023
2007-06-03 05:00:00+00:00,101.09765625,38.82421875,287.8125,44.95953369140625,3.078125,139.921875,14.662500000000023
2007-06-03 06:00:00+00:00,14.0,29.609375,287.1875,46.64105224609375,3.15625,43.609375,14.037500000000023
2007-06-03 07:00:00+00:00,0.0,0.03125,286.640625,50.06622314453125,3.05859375,0.03125,13.490625000000023
2007-06-03 08:00:00+00:00,0.0,0.0,286.28125,55.04815673828125,3.380859375,0.0,13.131250000000023
2007-06-03 09:00:00+00:00,0.0,0.0,285.296875,61.9266357421875,2.814453125,0.0,12.146875000000023
2007-06-03 10:00:00+00:00,0.0,0.0,284.53125,69.04681396484375,2.78125,0.0,11.381250000000023
2007-06-03 11:00:00+00:00,0.0,0.0,284.109375,72.55426025390625,2.56640625,0.0,10.959375000000023
2007-06-03 12:00:00+00:00,0.0,0.0,283.71875,74.997802734375,2.23046875,0.0,10.568750000000023
2007-06-03 13:00:00+00:00,0.0,0.0,282.9375,79.785400390625,2.107421875,0.0,9.787500000000023
2007-06-03 14:00:00+00:00,0.0,0.0,282.75,81.81219482421875,1.73046875,0.0,9.600000000000023
2007-06-03 15:00:00+00:00,0.0,0.0,281.875,83.43353271484375,1.888671875,0.0,8.725000000000023
2007-06-03 16:00:00+00:00,0.0,0.0,281.6875,85.1201171875,1.880859375,0.0,8.537500000000023
2007-06-03 17:00:00+00:00,0.0,0.0,281.40625,87.22747802734375,1.85546875,0.0,8.256250000000023
2007-06-03 18:00:00+00:00,0.0,0.0,281.484375,88.18536376953125,1.837890625,0.0,8.334375000000023
2007-06-03 19:00:00+00:00,0.0,0.0,281.59375,90.794189453125,1.880859375,0.0,8.443750000000023
2007-06-03 20:00:00+00:00,0.0,0.0,281.296875,94.7520751953125,1.666015625,0.0,8.146875000000023
2007-06-03 21:00:00+00:00,0.17578125,4.24609375,281.140625,89.327392578125,1.6953125,4.421875,7.990625000000023
2007-06-03 22:00:00+00:00,62.6875,53.9375,280.859375,90.69580078125,1.59375,116.625,7.709375000000023
2007-06-03 23:00:00+00:00,195.8984375,66.8203125,281.328125,89.2874755859375,1.533203125,262.71875,8.178125000000023
2007-06-04 00:00:00+00:00,303.3671875,71.8359375,282.265625,86.8055419921875,1.716796875,375.203125,9.115625000000023
2007-06-04 01:00:00+00:00,257.828125,121.8125,283.1875,84.5667724609375,2.021484375,379.640625,10.037500000000023
2007-06-04 02:00:00+00:00,106.8203125,113.0078125,283.84375,82.76513671875,2.384765625,219.828125,10.693750000000023
2007-06-04 03:00:00+00:00,345.87890625,72.18359375,284.515625,79.8438720703125,2.39453125,418.0625,11.365625000000023
2007-06-04 04:00:00+00:00,277.640625,47.9375,284.953125,77.416748046875,2.0625,325.578125,11.803125000000023
2007-06-04 05:00:00+00:00,106.984375,41.453125,285.125,77.26275634765625,2.0859375,148.4375,11.975000000000023
2007-06-04 06:00:00+00:00,39.328125,13.03125,285.0625,76.36297607421875,1.65625,52.359375,11.912500000000023
2007-06-04 07:00:00+00:00,0.0,0.046875,283.875,81.243896484375,0.771484375,0.046875,10.725000000000023
2007-06-04 08:00:00+00:00,0.0,0.0,283.203125,85.79376220703125,0.837890625,0.0,10.053125000000023
2007-06-04 09:00:00+00:00,0.0,0.0,282.984375,88.423095703125,1.412109375,0.0,9.834375000000023
2007-06-04 10:00:00+00:00,0.0,0.0,282.453125,90.35687255859375,1.509765625,0.0,9.303125000000023
2007-06-04 11:00:00+00:00,0.0,0.0,281.921875,91.85333251953125,1.416015625,0.0,8.771875000000023
2007-06-04 12:00:00+00:00,0.0,0.0,281.34375,93.364013671875,1.146484375,0.0,8.193750000000023
2007-06-04 13:00:00+00:00,0.0,0.0,280.625,96.25421142578125,0.662109375,0.0,7.475000000000023
2007-06-04 14:00:00+00:00,0.0,0.0,280.0,97.93121337890625,0.447265625,0.0,6.850000000000023
2007-06-04 15:00:00+00:00,0.0,0.0,279.625,98.068603515625,0.94921875,0.0,6.475000000000023
2007-06-04 16:00:00+00:00,0.0,0.0,279.78125,97.61822509765625,1.1484375,0.0,6.631250000000023
2007-06-04 17:00:00+00:00,0.0,0.0,280.0625,97.4073486328125,1.341796875,0.0,6.912500000000023
2007-06-04 18:00:00+00:00,0.0,0.0,280.421875,98.0352783203125,1.55078125,0.0,7.271875000000023
2007-06-04 19:00:00+00:00,0.0,0.0,280.484375,97.9676513671875,1.625,0.0,7.334375000000023
2007-06-04 20:00:00+00:00,0.0,0.0,280.25,98.011962890625,1.677734375,0.0,7.100000000000023
2007-06-04 21:00:00+00:00,0.59375,5.109375,279.703125,97.43756103515625,1.568359375,5.703125,6.553125000000023
2007-06-04 22:00:00+00:00,20.26171875,58.76953125,279.484375,97.32806396484375,1.69140625,79.03125,6.334375000000023
2007-06-04 23:00:00+00:00,47.375,122.15625,280.171875,95.24114990234375,1.736328125,169.53125,7.021875000000023
2007-06-05 00:00:00+00:00,57.79296875,182.41015625,281.125,93.15850830078125,1.658203125,240.203125,7.975000000000023
2007-06-05 01:00:00+00:00,55.28515625,181.65234375,282.328125,87.654052734375,1.640625,236.9375,9.178125000000023
2007-06-05 02:00:00+00:00,179.0859375,174.7421875,283.015625,84.06829833984375,1.224609375,353.828125,9.865625000000023
2007-06-05 03:00:00+00:00,254.1484375,117.3203125,284.4375,80.0172119140625,1.076171875,371.46875,11.287500000000023
2007-06-05 04:00:00+00:00,223.1171875,78.0546875,285.296875,73.60906982421875,1.259765625,301.171875,12.146875000000023
2007-06-05 05:00:00+00:00,106.27734375,38.98828125,285.65625,74.12548828125,2.02734375,145.265625,12.506250000000023
2007-06-05 06:00:00+00:00,43.6328125,13.3515625,285.546875,73.6182861328125,2.451171875,56.984375,12.396875000000023
2007-06-05 07:00:00+00:00,0.0,0.046875,284.6875,72.87371826171875,2.7578125,0.046875,11.537500000000023
2007-06-05 08:00:00+00:00,0.0,0.0,284.09375,73.981689453125,2.646484375,0.0,10.943750000000023
2007-06-05 09:00:00+00:00,0.0,0.0,283.046875,82.44915771484375,1.818359375,0.0,9.896875000000023
2007-06-05 10:00:00+00:00,0.0,0.0,282.5625,86.04974365234375,1.62109375,0.0,9.412500000000023
2007-06-05 11:00:00+00:00,0.0,0.0,282.03125,88.8175048828125,1.3515625,0.0,8.881250000000023
2007-06-05 12:00:00+00:00,0.0,0.0,281.5625,92.7779541015625,0.99609375,0.0,8.412500000000023
2007-06-05 13:00:00+00:00,0.0,0.0,281.9375,97.162841796875,0.689453125,0.0,8.787500000000023
2007-06-05 14:00:00+00:00,0.0,0.0,282.578125,97.209228515625,0.806640625,0.0,9.428125000000023
2007-06-05 15:00:00+00:00,0.0,0.0,283.296875,97.2105712890625,1.369140625,0.0,10.146875000000023
2007-06-05 16:00:00+00:00,0.0,0.0,282.4375,97.3385009765625,1.482421875,0.0,9.287500000000023
2007-06-05 17:00:00+00:00,0.0,0.0,282.828125,96.30712890625,1.6953125,0.0,9.678125000000023
2007-06-05 18:00:00+00:00,0.0,0.0,282.484375,96.00933837890625,1.76953125,0.0,9.334375000000023
2007-06-05 19:00:00+00:00,0.0,0.0,282.328125,95.8316650390625,2.01953125,0.0,9.178125000000023
2007-06-05 20:00:00+00:00,0.0,0.0,282.328125,95.51220703125,1.77734375,0.0,9.178125000000023
2007-06-05 21:00:00+00:00,0.0234375,3.6171875,282.0625,93.798583984375,1.720703125,3.640625,8.912500000000023
2007-06-05 22:00:00+00:00,2.16796875,43.87890625,282.21875,92.4541015625,1.626953125,46.046875,9.068750000000023
2007-06-05 23:00:00+00:00,3.359375,73.109375,282.375,91.3974609375,1.44140625,76.46875,9.225000000000023
2007-06-06 00:00:00+00:00,77.90234375,173.59765625,282.640625,90.76934814453125,1.974609375,251.5,9.490625000000023
2007-06-06 01:00:00+00:00,56.140625,173.828125,283.53125,89.271240234375,2.26171875,229.96875,10.381250000000023
2007-06-06 02:00:00+00:00,9.28125,101.71875,284.109375,89.14862060546875,2.1796875,111.0,10.959375000000023
2007-06-06 03:00:00+00:00,89.1953125,137.6640625,285.6875,82.72564697265625,1.8203125,226.859375,12.537500000000023
2007-06-06 04:00:00+00:00,31.98046875,146.11328125,286.34375,75.2227783203125,2.513671875,178.09375,13.193750000000023
2007-06-06 05:00:00+00:00,73.9609375,88.9296875,286.5625,66.81689453125,3.8125,162.890625,13.412500000000023
2007-06-06 06:00:00+00:00,36.609375,14.96875,286.09375,68.67364501953125,4.439453125,51.578125,12.943750000000023
2007-06-06 07:00:00+00:00,0.0,0.03125,285.125,72.98236083984375,3.880859375,0.03125,11.975000000000023
2007-06-06 08:00:00+00:00,0.0,0.0,284.5625,76.81414794921875,3.638671875,0.0,11.412500000000023
2007-06-06 09:00:00+00:00,0.0,0.0,285.109375,72.9705810546875,2.455078125,0.0,11.959375000000023
2007-06-06 10:00:00+00:00,0.0,0.0,284.765625,73.95965576171875,2.1171875,0.0,11.615625000000023
2007-06-06 11:00:00+00:00,0.0,0.0,284.921875,75.74237060546875,2.677734375,0.0,11.771875000000023
2007-06-06 12:00:00+00:00,0.0,0.0,284.796875,77.01171875,3.43359375,0.0,11.646875000000023
2007-06-06 13:00:00+00:00,0.0,0.0,284.21875,79.06219482421875,3.53515625,0.0,11.068750000000023
2007-06-06 14:00:00+00:00,0.0,0.0,284.0625,79.58673095703125,2.9765625,0.0,10.912500000000023
2007-06-06 15:00:00+00:00,0.0,0.0,283.984375,78.74945068359375,2.50390625,0.0,10.834375000000023
2007-06-06 16:00:00+00:00,0.0,0.0,283.375,82.268798828125,2.16015625,0.0,10.225000000000023
2007-06-06 17:00:00+00:00,0.0,0.0,283.6875,81.891357421875,2.126953125,0.0,10.537500000000023
2007-06-06 18:00:00+00:00,0.0,0.0,283.75,81.66937255859375,2.3515625,0.0,10.600000000000023
2007-06-06 19:00:00+00:00,0.0,0.0,283.390625,82.4930419921875,2.10546875,0.0,10.240625000000023
2007-06-06 20:00:00+00:00,0.0,0.0,282.46875,85.8564453125,1.822265625,0.0,9.318750000000023
2007-06-06 21:00:00+00:00,0.5625,5.96875,280.984375,94.1356201171875,1.150390625,6.53125,7.834375000000023
2007-06-06 22:00:00+00:00,66.21484375,48.39453125,281.25,96.01544189453125,0.884765625,114.609375,8.100000000000023
2007-06-06 23:00:00+00:00,190.0546875,66.3046875,282.890625,86.24835205078125,1.0390625,256.359375,9.740625000000023
2007-06-07 00:00:00+00:00,304.765625,69.546875,284.390625,80.2767333984375,2.67578125,374.3125,11.240625000000023
2007-06-07 01:00:00+00:00,345.796875,78.0,285.578125,77.41375732421875,4.23046875,423.796875,12.428125000000023
2007-06-07 02:00:00+00:00,331.2734375,91.7578125,286.1875,74.12872314453125,4.80078125,423.03125,13.037500000000023
2007-06-07 03:00:00+00:00,359.703125,61.40625,287.296875,67.353759765625,5.23828125,421.109375,14.146875000000023
2007-06-07 04:00:00+00:00,142.56640625,88.91796875,288.140625,59.58251953125,5.447265625,231.484375,14.990625000000023
2007-06-07 05:00:00+00:00,124.6875,49.765625,287.953125,58.46856689453125,5.18359375,174.453125,14.803125000000023
2007-06-07 06:00:00+00:00,27.921875,9.0,287.578125,58.1986083984375,4.966796875,36.921875,14.428125000000023
2007-06-07 07:00:00+00:00,0.0,0.015625,286.65625,61.7945556640625,4.876953125,0.015625,13.506250000000023
2007-06-07 08:00:00+00:00,0.0,0.0,285.65625,64.03338623046875,5.09765625,0.0,12.506250000000023
2007-06-07 09:00:00+00:00,0.0,0.0,284.8125,70.242431640625,4.931640625,0.0,11.662500000000023
2007-06-07 10:00:00+00:00,0.0,0.0,283.9375,74.6015625,4.615234375,0.0,10.787500000000023
2007-06-07 11:00:00+00:00,0.0,0.0,283.40625,77.41082763671875,3.99609375,0.0,10.256250000000023
2007-06-07 12:00:00+00:00,0.0,0.0,283.03125,79.2635498046875,3.421875,0.0,9.881250000000023
2007-06-07 13:00:00+00:00,0.0,0.0,282.6875,81.3905029296875,3.17578125,0.0,9.537500000000023
2007-06-07 14:00:00+00:00,0.0,0.0,282.34375,83.7578125,3.078125,0.0,9.193750000000023
2007-06-07 15:00:00+00:00,0.0,0.0,282.109375,87.24169921875,3.0703125,0.0,8.959375000000023
2007-06-07 16:00:00+00:00,0.0,0.0,282.34375,84.8677978515625,2.564453125,0.0,9.193750000000023
2007-06-07 17:00:00+00:00,0.0,0.0,282.203125,84.8323974609375,2.244140625,0.0,9.053125000000023
2007-06-07 18:00:00+00:00,0.0,0.0,281.8125,85.44866943359375,2.158203125,0.0,8.662500000000023
2007-06-07 19:00:00+00:00,0.0,0.0,281.75,83.832763671875,1.775390625,0.0,8.600000000000023
2007-06-07 20:00:00+00:00,0.0,0.0,280.71875,86.83514404296875,1.791015625,0.0,7.568750000000023
2007-06-07 21:00:00+00:00,0.578125,5.65625,280.28125,88.07244873046875,2.232421875,6.234375,7.131250000000023
2007-06-07 22:00:00+00:00,54.484375,49.109375,280.4375,86.7825927734375,2.455078125,103.59375,7.287500000000023
2007-06-07 23:00:00+00:00,179.16796875,68.51953125,281.359375,83.39208984375,2.873046875,247.6875,8.209375000000023
2007-06-08 00:00:00+00:00,281.81640625,79.54296875,282.78125,77.30145263671875,3.474609375,361.359375,9.631250000000023
2007-06-08 01:00:00+00:00,371.1484375,70.6015625,284.28125,67.19482421875,4.087890625,441.75,11.131250000000023
2007-06-08 02:00:00+00:00,313.84765625,101.58984375,285.609375,58.40765380859375,5.41796875,415.4375,12.459375000000023
2007-06-08 03:00:00+00:00,248.91796875,116.26953125,286.59375,55.232177734375,5.896484375,365.1875,13.443750000000023
2007-06-08 04:00:00+00:00,104.515625,113.0625,286.75,53.68414306640625,5.9140625,217.578125,13.600000000000023
2007-06-08 05:00:00+00:00,47.9453125,80.2421875,286.484375,54.843994140625,5.435546875,128.1875,13.334375000000023
2007-06-08 06:00:00+00:00,14.79296875,20.37890625,286.109375,57.40679931640625,4.462890625,35.171875,12.959375000000023
2007-06-08 07:00:00+00:00,0.0,0.015625,285.421875,60.95989990234375,4.009765625,0.015625,12.271875000000023
2007-06-08 08:00:00+00:00,0.0,0.0,284.90625,64.2811279296875,3.419921875,0.0,11.756250000000023
2007-06-08 09:00:00+00:00,0.0,0.0,283.703125,73.92303466796875,3.822265625,0.0,10.553125000000023
2007-06-08 10:00:00+00:00,0.0,0.0,282.703125,78.34405517578125,3.828125,0.0,9.553125000000023
2007-06-08 11:00:00+00:00,0.0,0.0,282.0625,82.86083984375,3.53515625,0.0,8.912500000000023
2007-06-08 12:00:00+00:00,0.0,0.0,282.40625,86.0157470703125,3.060546875,0.0,9.256250000000023
2007-06-08 13:00:00+00:00,0.0,0.0,283.046875,86.993408203125,3.322265625,0.0,9.896875000000023
2007-06-08 14:00:00+00:00,0.0,0.0,283.328125,88.09197998046875,3.345703125,0.0,10.178125000000023
2007-06-08 15:00:00+00:00,0.0,0.0,282.328125,95.2960205078125,2.896484375,0.0,9.178125000000023
2007-06-08 16:00:00+00:00,0.0,0.0,283.078125,94.27667236328125,3.09375,0.0,9.928125000000023
2007-06-08 17:00:00+00:00,0.0,0.0,283.1875,92.51708984375,3.25390625,0.0,10.037500000000023
2007-06-08 18:00:00+00:00,0.0,0.0,282.828125,93.08544921875,3.232421875,0.0,9.678125000000023
2007-06-08 19:00:00+00:00,0.0,0.0,282.828125,92.4478759765625,3.376953125,0.0,9.678125000000023
2007-06-08 20:00:00+00:00,0.0,0.0,282.390625,93.73046875,3.189453125,0.0,9.240625000000023
2007-06-08 21:00:00+00:00,0.05859375,3.87890625,282.140625,94.86065673828125,3.076171875,3.9375,8.990625000000023
2007-06-08 22:00:00+00:00,2.3125,45.875,282.828125,93.87347412109375,3.099609375,48.1875,9.678125000000023
2007-06-08 23:00:00+00:00,43.4296875,103.8046875,283.609375,91.35272216796875,3.39453125,147.234375,10.459375000000023
2007-06-09 00:00:00+00:00,151.6796875,148.8671875,284.625,86.2152099609375,3.701171875,300.546875,11.475000000000023
2007-06-09 01:00:00+00:00,103.1484375,174.6796875,285.78125,76.8592529296875,4.0,277.828125,12.631250000000023
2007-06-09 02:00:00+00:00,291.01171875,113.58203125,286.40625,72.69415283203125,4.03125,404.59375,13.256250000000023
2007-06-09 03:00:00+00:00,292.94140625,101.46484375,287.53125,62.7178955078125,4.013671875,394.40625,14.381250000000023
2007-06-09 04:00:00+00:00,211.9296875,79.4140625,288.0625,58.38104248046875,4.224609375,291.34375,14.912500000000023
2007-06-09 05:00:00+00:00,141.56640625,48.94921875,288.0,59.820068359375,4.39453125,190.515625,14.850000000000023
2007-06-09 06:00:00+00:00,47.828125,7.71875,287.453125,63.7044677734375,4.458984375,55.546875,14.303125000000023
2007-06-09 07:00:00+00:00,0.0,0.015625,286.28125,71.367431640625,3.787109375,0.015625,13.131250000000023
2007-06-09 08:00:00+00:00,0.0,0.0,285.390625,78.39794921875,3.681640625,0.0,12.240625000000023
2007-06-09 09:00:00+00:00,0.0,0.0,284.609375,82.0841064453125,4.06640625,0.0,11.459375000000023
2007-06-09 10:00:00+00:00,0.0,0.0,283.890625,83.3892822265625,4.0859375,0.0,10.740625000000023
2007-06-09 11:00:00+00:00,0.0,0.0,283.234375,85.7802734375,3.693359375,0.0,10.084375000000023
2007-06-09 12:00:00+00:00,0.0,0.0,282.625,89.02178955078125,2.94921875,0.0,9.475000000000023
2007-06-09 13:00:00+00:00,0.0,0.0,282.0,90.72802734375,2.15234375,0.0,8.850000000000023
2007-06-09 14:00:00+00:00,0.0,0.0,281.28125,92.9443359375,1.720703125,0.0,8.131250000000023
2007-06-09 15:00:00+00:00,0.0,0.0,280.859375,94.784423828125,1.90234375,0.0,7.709375000000023
2007-06-09 16:00:00+00:00,0.0,0.0,280.734375,95.63946533203125,2.00390625,0.0,7.584375000000023
2007-06-09 17:00:00+00:00,0.0,0.0,280.25,96.45330810546875,1.875,0.0,7.100000000000023
2007-06-09 18:00:00+00:00,0.0,0.0,279.75,97.38323974609375,1.728515625,0.0,6.600000000000023
2007-06-09 19:00:00+00:00,0.0,0.0,279.125,98.7294921875,1.501953125,0.0,5.975000000000023
2007-06-09 20:00:00+00:00,0.0,0.0,279.015625,99.46307373046875,1.720703125,0.0,5.865625000000023
2007-06-09 21:00:00+00:00,0.12109375,5.47265625,277.875,99.346435546875,1.771484375,5.59375,4.725000000000023
2007-06-09 22:00:00+00:00,50.58203125,54.55859375,278.03125,95.3607177734375,1.94921875,105.140625,4.881250000000023
2007-06-09 23:00:00+00:00,181.52734375,72.20703125,279.359375,83.9140625,2.125,253.734375,6.209375000000023
2007-06-10 00:00:00+00:00,251.5703125,98.9453125,281.15625,75.7896728515625,2.73046875,350.515625,8.006250000000023
2007-06-10 01:00:00+00:00,295.8203125,119.2109375,283.140625,69.61029052734375,3.064453125,415.03125,9.990625000000023
2007-06-10 02:00:00+00:00,387.328125,75.75,284.75,65.19708251953125,3.185546875,463.078125,11.600000000000023
2007-06-10 03:00:00+00:00,324.71484375,78.09765625,286.953125,58.26910400390625,3.755859375,402.8125,13.803125000000023
2007-06-10 04:00:00+00:00,195.26171875,85.36328125,287.875,55.3472900390625,3.294921875,280.625,14.725000000000023
2007-06-10 05:00:00+00:00,80.33984375,56.50390625,288.0625,53.7333984375,2.966796875,136.84375,14.912500000000023
2007-06-10 06:00:00+00:00,19.46484375,23.87890625,286.921875,60.573974609375,2.76953125,43.34375,13.771875000000023
2007-06-10 07:00:00+00:00,0.0,0.0,286.046875,65.36334228515625,2.810546875,0.0,12.896875000000023
2007-06-10 08:00:00+00:00,0.0,0.0,285.8125,64.362060546875,2.69921875,0.0,12.662500000000023
2007-06-10 09:00:00+00:00,0.0,0.0,284.078125,70.08837890625,1.630859375,0.0,10.928125000000023
2007-06-10 10:00:00+00:00,0.0,0.0,284.53125,67.28057861328125,1.65625,0.0,11.381250000000023
2007-06-10 11:00:00+00:00,0.0,0.0,284.234375,68.0321044921875,1.98046875,0.0,11.084375000000023
2007-06-10 12:00:00+00:00,0.0,0.0,283.9375,68.18505859375,2.236328125,0.0,10.787500000000023
2007-06-10 13:00:00+00:00,0.0,0.0,282.84375,72.8446044921875,2.24609375,0.0,9.693750000000023
2007-06-10 14:00:00+00:00,0.0,0.0,282.90625,73.8245849609375,2.185546875,0.0,9.756250000000023
2007-06-10 15:00:00+00:00,0.0,0.0,282.15625,80.2672119140625,2.388671875,0.0,9.006250000000023
2007-06-10 16:00:00+00:00,0.0,0.0,282.75,80.46697998046875,2.169921875,0.0,9.600000000000023
2007-06-10 17:00:00+00:00,0.0,0.0,282.703125,84.02313232421875,2.32421875,0.0,9.553125000000023
2007-06-10 18:00:00+00:00,0.0,0.0,282.78125,86.26165771484375,2.53125,0.0,9.631250000000023
2007-06-10 19:00:00+00:00,0.0,0.0,282.6875,90.16363525390625,2.716796875,0.0,9.537500000000023
2007-06-10 20:00:00+00:00,0.0,0.0,282.359375,96.66290283203125,1.6796875,0.0,9.209375000000023
2007-06-10 21:00:00+00:00,0.0,1.109375,282.71875,95.38427734375,3.771484375,1.109375,9.568750000000023
2007-06-10 22:00:00+00:00,0.0,19.703125,282.484375,94.48480224609375,4.048828125,19.703125,9.334375000000023
2007-06-10 23:00:00+00:00,6.43359375,99.98828125,282.421875,91.4512939453125,2.251953125,106.421875,9.271875000000023
2007-06-11 00:00:00+00:00,7.00390625,171.08984375,283.046875,86.31982421875,1.5234375,178.09375,9.896875000000023
2007-06-11 01:00:00+00:00,11.984375,120.046875,284.296875,70.42138671875,2.599609375,132.03125,11.146875000000023
2007-06-11 02:00:00+00:00,34.73828125,196.44921875,284.578125,59.61126708984375,3.67578125,231.1875,11.428125000000023
2007-06-11 03:00:00+00:00,70.43359375,185.72265625,285.34375,54.92791748046875,4.259765625,256.15625,12.193750000000023
2007-06-11 04:00:00+00:00,28.51953125,92.49609375,285.203125,56.69378662109375,4.6640625,121.015625,12.053125000000023
2007-06-11 05:00:00+00:00,73.328125,81.5,284.75,57.1666259765625,4.97265625,154.828125,11.600000000000023
2007-06-11 06:00:00+00:00,20.3671875,22.9453125,284.609375,58.27618408203125,4.845703125,43.3125,11.459375000000023
2007-06-11 07:00:00+00:00,0.0,0.0,283.765625,62.45098876953125,3.830078125,0.0,10.615625000000023
2007-06-11 08:00:00+00:00,0.0,0.0,283.59375,64.1654052734375,3.291015625,0.0,10.443750000000023
2007-06-11 09:00:00+00:00,0.0,0.0,282.671875,78.0888671875,2.939453125,0.0,9.521875000000023
2007-06-11 10:00:00+00:00,0.0,0.0,282.09375,82.0045166015625,2.72265625,0.0,8.943750000000023
2007-06-11 11:00:00+00:00,0.0,0.0,282.015625,83.170654296875,2.349609375,0.0,8.865625000000023
2007-06-11 12:00:00+00:00,0.0,0.0,281.828125,86.57305908203125,2.041015625,0.0,8.678125000000023
2007-06-11 13:00:00+00:00,0.0,0.0,281.75,88.28924560546875,1.798828125,0.0,8.600000000000023
2007-06-11 14:00:00+00:00,0.0,0.0,281.734375,88.48809814453125,1.705078125,0.0,8.584375000000023
2007-06-11 15:00:00+00:00,0.0,0.0,281.671875,90.9559326171875,2.58984375,0.0,8.521875000000023
2007-06-11 16:00:00+00:00,0.0,0.0,281.828125,89.87261962890625,2.642578125,0.0,8.678125000000023
2007-06-11 17:00:00+00:00,0.0,0.0,281.8125,90.26416015625,2.685546875,0.0,8.662500000000023
2007-06-11 18:00:00+00:00,0.0,0.0,281.71875,90.4151611328125,2.759765625,0.0,8.568750000000023
2007-06-11 19:00:00+00:00,0.0,0.0,281.6875,90.2386474609375,2.65234375,0.0,8.537500000000023
2007-06-11 20:00:00+00:00,0.0,0.0,281.671875,90.48382568359375,2.353515625,0.0,8.521875000000023
2007-06-11 21:00:00+00:00,0.0078125,0.9453125,281.75,89.26507568359375,2.64453125,0.953125,8.600000000000023
2007-06-11 22:00:00+00:00,9.94140625,41.26171875,282.0625,85.5394287109375,2.767578125,51.203125,8.912500000000023
2007-06-11 23:00:00+00:00,38.109375,102.453125,282.5625,81.49212646484375,3.203125,140.5625,9.412500000000023
2007-06-12 00:00:00+00:00,33.35546875,154.37890625,282.703125,81.68017578125,3.748046875,187.734375,9.553125000000023
2007-06-12 01:00:00+00:00,6.4609375,71.3046875,283.265625,79.38641357421875,4.130859375,77.765625,10.115625000000023
2007-06-12 02:00:00+00:00,44.46484375,212.97265625,283.40625,78.165771484375,4.544921875,257.4375,10.256250000000023
2007-06-12 03:00:00+00:00,109.42578125,168.77734375,284.140625,75.6689453125,5.390625,278.203125,10.990625000000023
2007-06-12 04:00:00+00:00,47.71484375,63.95703125,283.953125,78.4071044921875,4.994140625,111.671875,10.803125000000023
2007-06-12 05:00:00+00:00,32.5703125,58.5078125,283.65625,79.30859375,4.830078125,91.078125,10.506250000000023
2007-06-12 06:00:00+00:00,1.53125,8.65625,283.921875,77.6165771484375,3.552734375,10.1875,10.771875000000023
2007-06-12 07:00:00+00:00,0.0,0.015625,284.296875,66.3389892578125,3.625,0.015625,11.146875000000023
2007-06-12 08:00:00+00:00,0.0,0.0,284.03125,66.16046142578125,4.220703125,0.0,10.881250000000023
2007-06-12 09:00:00+00:00,0.0,0.0,283.234375,72.7799072265625,4.1328125,0.0,10.084375000000023
2007-06-12 10:00:00+00:00,0.0,0.0,283.03125,74.02056884765625,4.197265625,0.0,9.881250000000023
2007-06-12 11:00:00+00:00,0.0,0.0,282.53125,77.80133056640625,4.03125,0.0,9.381250000000023
2007-06-12 12:00:00+00:00,0.0,0.0,282.21875,80.0675048828125,3.580078125,0.0,9.068750000000023
2007-06-12 13:00:00+00:00,0.0,0.0,281.59375,82.57440185546875,3.638671875,0.0,8.443750000000023
2007-06-12 14:00:00+00:00,0.0,0.0,281.78125,81.6883544921875,3.884765625,0.0,8.631250000000023
2007-06-12 15:00:00+00:00,0.0,0.0,281.609375,84.841064453125,4.388671875,0.0,8.459375000000023
2007-06-12 16:00:00+00:00,0.0,0.0,281.890625,85.409912109375,4.8515625,0.0,8.740625000000023
2007-06-12 17:00:00+00:00,0.0,0.0,282.015625,88.3770751953125,5.439453125,0.0,8.865625000000023
2007-06-12 18:00:00+00:00,0.0,0.0,282.109375,92.2591552734375,4.958984375,0.0,8.959375000000023
2007-06-12 19:00:00+00:00,0.0,0.0,282.46875,91.2279052734375,3.552734375,0.0,9.318750000000023
2007-06-12 20:00:00+00:00,0.0,0.0,282.890625,77.80487060546875,3.314453125,0.0,9.740625000000023
2007-06-12 21:00:00+00:00,0.26171875,3.84765625,282.84375,61.53125,3.80078125,4.109375,9.693750000000023
2007-06-12 22:00:00+00:00,30.87109375,46.17578125,282.53125,60.4652099609375,3.841796875,77.046875,9.381250000000023
2007-06-12 23:00:00+00:00,169.1015625,77.5390625,282.765625,63.60467529296875,4.0390625,246.640625,9.615625000000023
2007-06-13 00:00:00+00:00,306.41796875,65.64453125,283.4375,67.10797119140625,4.166015625,372.0625,10.287500000000023
2007-06-13 01:00:00+00:00,336.9375,74.9375,284.1875,61.57904052734375,5.31640625,411.875,11.037500000000023
2007-06-13 02:00:00+00:00,130.796875,114.953125,284.671875,56.9697265625,5.9140625,245.75,11.521875000000023
2007-06-13 03:00:00+00:00,189.2734375,140.3671875,284.484375,61.55462646484375,5.861328125,329.640625,11.334375000000023
2007-06-13 04:00:00+00:00,192.40625,82.203125,284.28125,64.97906494140625,6.03125,274.609375,11.131250000000023
2007-06-13 05:00:00+00:00,116.8515625,44.0703125,284.375,59.4974365234375,5.59765625,160.921875,11.225000000000023
2007-06-13 06:00:00+00:00,35.84375,14.953125,284.140625,56.2391357421875,4.87890625,50.796875,10.990625000000023
2007-06-13 07:00:00+00:00,0.0,0.015625,283.359375,59.43731689453125,4.2578125,0.015625,10.209375000000023
2007-06-13 08:00:00+00:00,0.0,0.0,283.0625,60.04498291015625,3.681640625,0.0,9.912500000000023
2007-06-13 09:00:00+00:00,0.0,0.0,282.25,63.0477294921875,2.984375,0.0,9.100000000000023
2007-06-13 10:00:00+00:00,0.0,0.0,282.0625,65.140625,2.693359375,0.0,8.912500000000023
2007-06-13 11:00:00+00:00,0.0,0.0,281.765625,67.19354248046875,2.41796875,0.0,8.615625000000023
2007-06-13 12:00:00+00:00,0.0,0.0,281.625,68.2393798828125,2.240234375,0.0,8.475000000000023
2007-06-13 13:00:00+00:00,0.0,0.0,281.546875,68.56805419921875,2.01953125,0.0,8.396875000000023
2007-06-13 14:00:00+00:00,0.0,0.0,281.46875,67.927734375,1.732421875,0.0,8.318750000000023
2007-06-13 15:00:00+00:00,0.0,0.0,279.25,80.57696533203125,1.765625,0.0,6.100000000000023
2007-06-13 16:00:00+00:00,0.0,0.0,279.65625,75.99493408203125,1.251953125,0.0,6.506250000000023
2007-06-13 17:00:00+00:00,0.0,0.0,279.359375,75.9681396484375,0.9296875,0.0,6.209375000000023
2007-06-13 18:00:00+00:00,0.0,0.0,279.21875,75.9827880859375,0.875,0.0,6.068750000000023
2007-06-13 19:00:00+00:00,0.0,0.0,278.703125,77.7926025390625,0.705078125,0.0,5.553125000000023
2007-06-13 20:00:00+00:00,0.0,0.0,278.734375,76.4415283203125,1.314453125,0.0,5.584375000000023
2007-06-13 21:00:00+00:00,0.01171875,3.42578125,276.9375,89.794677734375,0.865234375,3.4375,3.7875000000000227
2007-06-13 22:00:00+00:00,23.4296875,56.2265625,277.3125,86.18994140625,1.275390625,79.65625,4.162500000000023
2007-06-13 23:00:00+00:00,38.39453125,108.58984375,278.3125,81.091552734375,1.720703125,146.984375,5.162500000000023
2007-06-14 00:00:00+00:00,58.03515625,194.90234375,279.828125,77.62005615234375,2.158203125,252.9375,6.678125000000023
2007-06-14 01:00:00+00:00,179.61328125,138.48046875,281.453125,74.028076171875,2.564453125,318.09375,8.303125000000023
2007-06-14 02:00:00+00:00,97.3671875,204.1171875,282.734375,69.5726318359375,3.1171875,301.484375,9.584375000000023
2007-06-14 03:00:00+00:00,30.28515625,180.18359375,283.484375,70.1640625,3.416015625,210.46875,10.334375000000023
2007-06-14 04:00:00+00:00,115.44140625,119.73046875,284.21875,64.725341796875,4.265625,235.171875,11.068750000000023
2007-06-14 05:00:00+00:00,35.234375,80.921875,284.875,59.88623046875,4.09765625,116.15625,11.725000000000023
2007-06-14 06:00:00+00:00,0.90625,16.828125,284.578125,62.5648193359375,3.1640625,17.734375,11.428125000000023
2007-06-14 07:00:00+00:00,0.0,0.015625,283.890625,65.51788330078125,3.10546875,0.015625,10.740625000000023
2007-06-14 08:00:00+00:00,0.0,0.0,283.40625,66.7281494140625,2.767578125,0.0,10.256250000000023
2007-06-14 09:00:00+00:00,0.0,0.0,282.8125,76.63671875,3.71484375,0.0,9.662500000000023
2007-06-14 10:00:00+00:00,0.0,0.0,282.359375,80.46600341796875,3.71484375,0.0,9.209375000000023
2007-06-14 11:00:00+00:00,0.0,0.0,281.859375,82.60205078125,3.76953125,0.0,8.709375000000023
2007-06-14 12:00:00+00:00,0.0,0.0,281.625,82.62890625,3.9375,0.0,8.475000000000023
2007-06-14 13:00:00+00:00,0.0,0.0,280.953125,85.1478271484375,3.87109375,0.0,7.803125000000023
2007-06-14 14:00:00+00:00,0.0,0.0,281.21875,83.51458740234375,3.654296875,0.0,8.068750000000023
2007-06-14 15:00:00+00:00,0.0,0.0,278.890625,91.76458740234375,3.150390625,0.0,5.740625000000023
2007-06-14 16:00:00+00:00,0.0,0.0,278.859375,91.16815185546875,3.052734375,0.0,5.709375000000023
2007-06-14 17:00:00+00:00,0.0,0.0,278.875,90.9027099609375,2.80859375,0.0,5.725000000000023
2007-06-14 18:00:00+00:00,0.0,0.0,278.421875,92.05615234375,2.0234375,0.0,5.271875000000023
2007-06-14 19:00:00+00:00,0.0,0.0,277.796875,93.72210693359375,1.638671875,0.0,4.646875000000023
2007-06-14 20:00:00+00:00,0.0,0.0,276.8125,96.8494873046875,1.568359375,0.0,3.6625000000000227
2007-06-14 21:00:00+00:00,0.0,3.46875,275.59375,100.43585205078125,1.904296875,3.46875,2.4437500000000227
2007-06-14 22:00:00+00:00,0.98046875,57.23828125,275.109375,99.434814453125,2.115234375,58.21875,1.9593750000000227
2007-06-14 23:00:00+00:00,33.5078125,127.5546875,275.375,98.52886962890625,1.720703125,161.0625,2.2250000000000227
2007-06-15 00:00:00+00:00,59.43359375,165.55078125,276.25,98.11370849609375,1.45703125,224.984375,3.1000000000000227
2007-06-15 01:00:00+00:00,48.91015625,222.15234375,277.21875,97.08612060546875,1.248046875,271.0625,4.068750000000023
2007-06-15 02:00:00+00:00,78.1796875,228.1796875,277.984375,95.4110107421875,0.84375,306.359375,4.834375000000023
2007-06-15 03:00:00+00:00,5.9921875,182.8046875,277.578125,97.69976806640625,0.919921875,188.796875,4.428125000000023
2007-06-15 04:00:00+00:00,97.36328125,156.15234375,278.59375,96.5118408203125,0.99609375,253.515625,5.443750000000023
2007-06-15 05:00:00+00:00,128.63671875,58.37890625,280.1875,92.6962890625,0.681640625,187.015625,7.037500000000023
2007-06-15 06:00:00+00:00,49.96484375,7.03515625,280.890625,91.28363037109375,0.177734375,57.0,7.740625000000023
2007-06-15 07:00:00+00:00,0.0,0.015625,279.828125,94.034423828125,0.140625,0.015625,6.678125000000023
2007-06-15 08:00:00+00:00,0.0,0.0,280.0625,91.355712890625,1.17578125,0.0,6.912500000000023
2007-06-15 09:00:00+00:00,0.0,0.0,278.65625,98.083740234375,0.662109375,0.0,5.506250000000023
2007-06-15 10:00:00+00:00,0.0,0.0,278.34375,98.9185791015625,0.8828125,0.0,5.193750000000023
2007-06-15 11:00:00+00:00,0.0,0.0,279.71875,96.0201416015625,2.626953125,0.0,6.568750000000023
2007-06-15 12:00:00+00:00,0.0,0.0,280.796875,93.82421875,3.056640625,0.0,7.646875000000023
2007-06-15 13:00:00+00:00,0.0,0.0,279.90625,95.808349609375,2.228515625,0.0,6.756250000000023
2007-06-15 14:00:00+00:00,0.0,0.0,278.34375,98.4410400390625,0.849609375,0.0,5.193750000000023
2007-06-15 15:00:00+00:00,0.0,0.0,277.0625,97.0865478515625,0.447265625,0.0,3.9125000000000227
2007-06-15 16:00:00+00:00,0.0,0.0,277.0625,100.3411865234375,1.369140625,0.0,3.9125000000000227
2007-06-15 17:00:00+00:00,0.0,0.0,277.421875,100.3624267578125,1.533203125,0.0,4.271875000000023
2007-06-15 18:00:00+00:00,0.0,0.0,278.34375,100.3541259765625,1.650390625,0.0,5.193750000000023
2007-06-15 19:00:00+00:00,0.0,0.0,278.78125,100.4063720703125,1.81640625,0.0,5.631250000000023
2007-06-15 20:00:00+00:00,0.0,0.0,278.984375,100.362548828125,1.68359375,0.0,5.834375000000023
2007-06-15 21:00:00+00:00,0.0,1.703125,279.046875,100.3680419921875,1.802734375,1.703125,5.896875000000023
2007-06-15 22:00:00+00:00,0.0625,35.578125,279.234375,100.40045166015625,1.6640625,35.640625,6.084375000000023
2007-06-15 23:00:00+00:00,2.46875,90.734375,279.609375,99.7259521484375,1.580078125,93.203125,6.459375000000023
2007-06-16 00:00:00+00:00,28.71875,148.21875,280.15625,99.0638427734375,1.72265625,176.9375,7.006250000000023
2007-06-16 01:00:00+00:00,19.375,142.734375,281.03125,96.46234130859375,1.6953125,162.109375,7.881250000000023
2007-06-16 02:00:00+00:00,3.03125,126.3125,281.59375,92.88055419921875,1.607421875,129.34375,8.443750000000023
2007-06-16 03:00:00+00:00,4.47265625,181.96484375,281.890625,94.09033203125,1.515625,186.4375,8.740625000000023
2007-06-16 04:00:00+00:00,35.8828125,137.6796875,282.34375,91.561767578125,1.37109375,173.5625,9.193750000000023
2007-06-16 05:00:00+00:00,20.78125,84.515625,282.65625,90.00518798828125,1.271484375,105.296875,9.506250000000023
2007-06-16 06:00:00+00:00,0.7109375,18.6171875,282.921875,88.63665771484375,0.791015625,19.328125,9.771875000000023
2007-06-16 07:00:00+00:00,0.0,0.0,282.421875,91.521240234375,0.48828125,0.0,9.271875000000023
2007-06-16 08:00:00+00:00,0.0,0.0,282.359375,91.9578857421875,1.482421875,0.0,9.209375000000023
2007-06-16 09:00:00+00:00,0.0,0.0,281.46875,93.23687744140625,1.244140625,0.0,8.318750000000023
2007-06-16 10:00:00+00:00,0.0,0.0,281.328125,94.09979248046875,1.23046875,0.0,8.178125000000023
2007-06-16 11:00:00+00:00,0.0,0.0,281.375,94.4761962890625,1.265625,0.0,8.225000000000023
2007-06-16 12:00:00+00:00,0.0,0.0,281.109375,95.2930908203125,1.38671875,0.0,7.959375000000023
2007-06-16 13:00:00+00:00,0.0,0.0,280.59375,96.526611328125,1.501953125,0.0,7.443750000000023
2007-06-16 14:00:00+00:00,0.0,0.0,280.953125,97.2864990234375,1.349609375,0.0,7.803125000000023
2007-06-16 15:00:00+00:00,0.0,0.0,278.484375,98.6014404296875,1.24609375,0.0,5.334375000000023
2007-06-16 16:00:00+00:00,0.0,0.0,279.34375,98.28729248046875,1.263671875,0.0,6.193750000000023
2007-06-16 17:00:00+00:00,0.0,0.0,279.234375,98.990478515625,0.751953125,0.0,6.084375000000023
2007-06-16 18:00:00+00:00,0.0,0.0,279.546875,98.6688232421875,0.919921875,0.0,6.396875000000023
2007-06-16 19:00:00+00:00,0.0,0.0,279.671875,98.3782958984375,1.17578125,0.0,6.521875000000023
2007-06-16 20:00:00+00:00,0.0,0.0,279.828125,98.18896484375,1.05078125,0.0,6.678125000000023
2007-06-16 21:00:00+00:00,0.0,2.375,279.78125,97.9351806640625,1.197265625,2.375,6.631250000000023
2007-06-16 22:00:00+00:00,0.0,39.203125,280.09375,97.04058837890625,1.318359375,39.203125,6.943750000000023
2007-06-16 23:00:00+00:00,0.6796875,99.7421875,280.78125,95.72076416015625,1.12890625,100.421875,7.631250000000023
2007-06-17 00:00:00+00:00,1.6171875,142.0703125,281.3125,95.92999267578125,1.15625,143.6875,8.162500000000023
2007-06-17 01:00:00+00:00,13.6171875,183.7734375,281.953125,94.90203857421875,1.09765625,197.390625,8.803125000000023
2007-06-17 02:00:00+00:00,3.2890625,19.4765625,282.625,94.3135986328125,1.02734375,22.765625,9.475000000000023
2007-06-17 03:00:00+00:00,98.1015625,175.9140625,283.484375,93.20550537109375,1.615234375,274.015625,10.334375000000023
2007-06-17 04:00:00+00:00,141.9765625,124.3984375,284.484375,84.7657470703125,4.896484375,266.375,11.334375000000023
2007-06-17 05:00:00+00:00,17.67578125,43.66796875,284.140625,80.53369140625,5.712890625,61.34375,10.990625000000023
2007-06-17 06:00:00+00:00,16.57421875,26.84765625,283.5,82.9676513671875,4.68359375,43.421875,10.350000000000023
2007-06-17 07:00:00+00:00,0.0,0.0,283.203125,79.6947021484375,3.74609375,0.0,10.053125000000023
2007-06-17 08:00:00+00:00,0.0,0.0,283.03125,74.64984130859375,3.025390625,0.0,9.881250000000023
2007-06-17 09:00:00+00:00,0.0,0.0,282.515625,74.10333251953125,2.767578125,0.0,9.365625000000023
2007-06-17 10:00:00+00:00,0.0,0.0,282.359375,69.95361328125,3.052734375,0.0,9.209375000000023
2007-06-17 11:00:00+00:00,0.0,0.0,282.0625,70.1546630859375,3.326171875,0.0,8.912500000000023
2007-06-17 12:00:00+00:00,0.0,0.0,282.03125,69.21240234375,3.287109375,0.0,8.881250000000023
2007-06-17 13:00:00+00:00,0.0,0.0,281.859375,68.7818603515625,2.833984375,0.0,8.709375000000023
2007-06-17 14:00:00+00:00,0.0,0.0,281.625,67.79962158203125,2.5625,0.0,8.475000000000023
2007-06-17 15:00:00+00:00,0.0,0.0,281.171875,69.57806396484375,2.625,0.0,8.021875000000023
2007-06-17 16:00:00+00:00,0.0,0.0,280.6875,69.22119140625,2.8203125,0.0,7.537500000000023
2007-06-17 17:00:00+00:00,0.0,0.0,279.921875,69.98974609375,3.013671875,0.0,6.771875000000023
2007-06-17 18:00:00+00:00,0.0,0.0,279.796875,69.7376708984375,2.8828125,0.0,6.646875000000023
2007-06-17 19:00:00+00:00,0.0,0.0,279.84375,70.080322265625,2.333984375,0.0,6.693750000000023
2007-06-17 20:00:00+00:00,0.0,0.0,279.453125,72.621337890625,1.818359375,0.0,6.303125000000023
2007-06-17 21:00:00+00:00,0.0078125,3.0234375,278.65625,78.4385986328125,1.15234375,3.03125,5.506250000000023
2007-06-17 22:00:00+00:00,12.1953125,48.8671875,278.234375,80.20574951171875,0.5703125,61.0625,5.084375000000023
2007-06-17 23:00:00+00:00,17.35546875,75.76953125,279.546875,73.91455078125,0.693359375,93.125,6.396875000000023
2007-06-18 00:00:00+00:00,4.4453125,127.1484375,280.1875,71.496337890625,0.603515625,131.59375,7.037500000000023
2007-06-18 01:00:00+00:00,42.80859375,171.67578125,280.921875,72.01751708984375,0.494140625,214.484375,7.771875000000023
2007-06-18 02:00:00+00:00,11.7734375,141.0234375,281.546875,68.64508056640625,0.40625,152.796875,8.396875000000023
2007-06-18 03:00:00+00:00,59.63671875,209.12890625,282.125,67.1181640625,2.421875,268.765625,8.975000000000023
2007-06-18 04:00:00+00:00,116.76171875,151.05078125,282.5625,62.86236572265625,2.671875,267.8125,9.412500000000023
2007-06-18 05:00:00+00:00,23.93359375,89.78515625,283.109375,58.06414794921875,2.970703125,113.71875,9.959375000000023
2007-06-18 06:00:00+00:00,21.9921875,27.0390625,282.796875,60.52099609375,3.3359375,49.03125,9.646875000000023
2007-06-18 07:00:00+00:00,0.0,0.015625,281.6875,68.38397216796875,3.0,0.015625,8.537500000000023
2007-06-18 08:00:00+00:00,0.0,0.0,281.375,65.0264892578125,3.357421875,0.0,8.225000000000023
2007-06-18 09:00:00+00:00,0.0,0.0,281.3125,61.674560546875,3.958984375,0.0,8.162500000000023
2007-06-18 10:00:00+00:00,0.0,0.0,280.078125,65.12786865234375,3.693359375,0.0,6.928125000000023
2007-06-18 11:00:00+00:00,0.0,0.0,279.859375,67.8006591796875,3.42578125,0.0,6.709375000000023
2007-06-18 12:00:00+00:00,0.0,0.0,279.75,70.27947998046875,3.82421875,0.0,6.600000000000023
2007-06-18 13:00:00+00:00,0.0,0.0,279.90625,72.91143798828125,3.654296875,0.0,6.756250000000023
2007-06-18 14:00:00+00:00,0.0,0.0,279.625,75.6873779296875,3.458984375,0.0,6.475000000000023
2007-06-18 15:00:00+00:00,0.0,0.0,278.75,81.94830322265625,3.271484375,0.0,5.600000000000023
2007-06-18 16:00:00+00:00,0.0,0.0,279.09375,82.6929931640625,3.80078125,0.0,5.943750000000023
2007-06-18 17:00:00+00:00,0.0,0.0,279.859375,82.44158935546875,4.27734375,0.0,6.709375000000023
2007-06-18 18:00:00+00:00,0.0,0.0,280.375,81.72247314453125,4.97265625,0.0,7.225000000000023
2007-06-18 19:00:00+00:00,0.0,0.0,280.765625,79.504638671875,5.60546875,0.0,7.615625000000023
2007-06-18 20:00:00+00:00,0.0,0.0,281.1875,76.590087890625,5.55078125,0.0,8.037500000000023
2007-06-18 21:00:00+00:00,0.0,2.484375,280.984375,78.9993896484375,5.45703125,2.484375,7.834375000000023
2007-06-18 22:00:00+00:00,0.015625,24.03125,281.5625,76.332763671875,5.884765625,24.046875,8.412500000000023
2007-06-18 23:00:00+00:00,10.546875,90.15625,282.21875,73.67462158203125,5.9296875,100.703125,9.068750000000023
2007-06-19 00:00:00+00:00,5.234375,105.390625,283.203125,70.610107421875,6.423828125,110.625,10.053125000000023
2007-06-19 01:00:00+00:00,157.453125,177.453125,283.625,69.28363037109375,7.421875,334.90625,10.475000000000023
2007-06-19 02:00:00+00:00,280.703125,106.953125,283.890625,70.78460693359375,8.23046875,387.65625,10.740625000000023
2007-06-19 03:00:00+00:00,79.71875,26.46875,284.125,72.9700927734375,8.359375,106.1875,10.975000000000023
2007-06-19 04:00:00+00:00,7.38671875,116.83203125,283.484375,76.79241943359375,7.8515625,124.21875,10.334375000000023
2007-06-19 05:00:00+00:00,0.09375,60.484375,283.59375,77.005615234375,7.1640625,60.578125,10.443750000000023
2007-06-19 06:00:00+00:00,9.5859375,21.7421875,283.359375,78.1253662109375,6.48046875,31.328125,10.209375000000023
2007-06-19 07:00:00+00:00,0.0,0.015625,283.0625,77.22088623046875,6.19140625,0.015625,9.912500000000023
2007-06-19 08:00:00+00:00,0.0,0.0,282.75,77.927490234375,5.54296875,0.0,9.600000000000023
2007-06-19 09:00:00+00:00,0.0,0.0,282.21875,85.902099609375,5.248046875,0.0,9.068750000000023
2007-06-19 10:00:00+00:00,0.0,0.0,282.0,87.09332275390625,4.876953125,0.0,8.850000000000023
2007-06-19 11:00:00+00:00,0.0,0.0,281.765625,87.5994873046875,4.59765625,0.0,8.615625000000023
2007-06-19 12:00:00+00:00,0.0,0.0,281.234375,89.077392578125,4.34375,0.0,8.084375000000023
2007-06-19 13:00:00+00:00,0.0,0.0,281.28125,87.98468017578125,4.11328125,0.0,8.131250000000023
2007-06-19 14:00:00+00:00,0.0,0.0,281.140625,82.42254638671875,3.494140625,0.0,7.990625000000023
2007-06-19 15:00:00+00:00,0.0,0.0,281.109375,86.65777587890625,2.81640625,0.0,7.959375000000023
2007-06-19 16:00:00+00:00,0.0,0.0,280.953125,75.6907958984375,3.197265625,0.0,7.803125000000023
2007-06-19 17:00:00+00:00,0.0,0.0,280.3125,73.8048095703125,3.19921875,0.0,7.162500000000023
2007-06-19 18:00:00+00:00,0.0,0.0,280.890625,75.06927490234375,3.388671875,0.0,7.740625000000023
2007-06-19 19:00:00+00:00,0.0,0.0,281.125,76.16937255859375,3.73828125,0.0,7.975000000000023
2007-06-19 20:00:00+00:00,0.0,0.0,281.046875,76.11602783203125,3.275390625,0.0,7.896875000000023
2007-06-19 21:00:00+00:00,0.015625,3.453125,280.78125,73.633056640625,2.541015625,3.46875,7.631250000000023
2007-06-19 22:00:00+00:00,0.94140625,16.57421875,280.90625,76.09490966796875,2.236328125,17.515625,7.756250000000023
2007-06-19 23:00:00+00:00,1.6953125,96.3515625,280.71875,92.17498779296875,4.0703125,98.046875,7.568750000000023
2007-06-20 00:00:00+00:00,0.87109375,92.87890625,281.203125,89.43389892578125,4.669921875,93.75,8.053125000000023
2007-06-20 01:00:00+00:00,11.71484375,89.45703125,281.5625,86.864013671875,4.22265625,101.171875,8.412500000000023
2007-06-20 02:00:00+00:00,130.2578125,220.7265625,282.03125,84.49420166015625,4.310546875,350.984375,8.881250000000023
2007-06-20 03:00:00+00:00,116.80078125,148.37109375,283.140625,76.86151123046875,5.28125,265.171875,9.990625000000023
2007-06-20 04:00:00+00:00,34.4453125,125.0390625,283.15625,76.47509765625,5.68359375,159.484375,10.006250000000023
2007-06-20 05:00:00+00:00,12.21875,59.6875,282.78125,79.91253662109375,5.869140625,71.90625,9.631250000000023
2007-06-20 06:00:00+00:00,22.8359375,24.3359375,282.90625,77.1295166015625,4.72265625,47.171875,9.756250000000023
2007-06-20 07:00:00+00:00,0.0,0.0,282.53125,75.94024658203125,4.87109375,0.0,9.381250000000023
2007-06-20 08:00:00+00:00,0.0,0.0,282.484375,76.51837158203125,4.470703125,0.0,9.334375000000023
2007-06-20 09:00:00+00:00,0.0,0.0,282.125,77.360107421875,5.033203125,0.0,8.975000000000023
2007-06-20 10:00:00+00:00,0.0,0.0,281.859375,80.88995361328125,5.06640625,0.0,8.709375000000023
2007-06-20 11:00:00+00:00,0.0,0.0,281.71875,81.585693359375,5.123046875,0.0,8.568750000000023
2007-06-20 12:00:00+00:00,0.0,0.0,281.5,82.88311767578125,5.2109375,0.0,8.350000000000023
2007-06-20 13:00:00+00:00,0.0,0.0,281.40625,84.753662109375,5.51953125,0.0,8.256250000000023
2007-06-20 14:00:00+00:00,0.0,0.0,281.46875,87.13372802734375,6.205078125,0.0,8.318750000000023
2007-06-20 15:00:00+00:00,0.0,0.0,282.046875,89.4906005859375,6.771484375,0.0,8.896875000000023
2007-06-20 16:00:00+00:00,0.0,0.0,282.421875,92.81744384765625,5.791015625,0.0,9.271875000000023
2007-06-20 17:00:00+00:00,0.0,0.0,282.703125,86.1663818359375,5.103515625,0.0,9.553125000000023
2007-06-20 18:00:00+00:00,0.0,0.0,282.859375,79.8001708984375,5.259765625,0.0,9.709375000000023
2007-06-20 19:00:00+00:00,0.0,0.0,282.1875,81.5048828125,4.75390625,0.0,9.037500000000023
2007-06-20 20:00:00+00:00,0.0,0.0,281.84375,77.60791015625,4.412109375,0.0,8.693750000000023
2007-06-20 21:00:00+00:00,0.046875,3.484375,281.390625,75.5675048828125,4.22265625,3.53125,8.240625000000023
2007-06-20 22:00:00+00:00,57.875,43.53125,280.96875,72.24884033203125,4.716796875,101.40625,7.818750000000023
2007-06-20 23:00:00+00:00,191.6796875,58.6484375,281.390625,68.01434326171875,5.09375,250.328125,8.240625000000023
2007-06-21 00:00:00+00:00,274.640625,74.6875,282.46875,62.7120361328125,5.412109375,349.328125,9.318750000000023
2007-06-21 01:00:00+00:00,369.09765625,69.08984375,283.078125,52.3433837890625,7.158203125,438.1875,9.928125000000023
2007-06-21 02:00:00+00:00,188.4453125,160.0234375,283.046875,48.75506591796875,7.21875,348.46875,9.896875000000023
2007-06-21 03:00:00+00:00,341.8515625,84.5859375,283.1875,47.81939697265625,6.541015625,426.4375,10.037500000000023
2007-06-21 04:00:00+00:00,229.04296875,67.20703125,283.375,47.29144287109375,6.416015625,296.25,10.225000000000023
2007-06-21 05:00:00+00:00,104.390625,62.265625,283.109375,46.28118896484375,6.220703125,166.65625,9.959375000000023
2007-06-21 06:00:00+00:00,10.7265625,16.1171875,282.59375,45.84674072265625,5.71875,26.84375,9.443750000000023
2007-06-21 07:00:00+00:00,0.0,0.015625,281.890625,49.0052490234375,4.82421875,0.015625,8.740625000000023
2007-06-21 08:00:00+00:00,0.0,0.0,281.546875,51.38555908203125,4.171875,0.0,8.396875000000023
2007-06-21 09:00:00+00:00,0.0,0.0,280.359375,57.233642578125,3.66015625,0.0,7.209375000000023
2007-06-21 10:00:00+00:00,0.0,0.0,279.96875,58.83160400390625,3.341796875,0.0,6.818750000000023
2007-06-21 11:00:00+00:00,0.0,0.0,279.53125,62.7620849609375,3.0625,0.0,6.381250000000023
2007-06-21 12:00:00+00:00,0.0,0.0,280.203125,64.35711669921875,2.4375,0.0,7.053125000000023
2007-06-21 13:00:00+00:00,0.0,0.0,280.359375,66.0626220703125,2.48828125,0.0,7.209375000000023
2007-06-21 14:00:00+00:00,0.0,0.0,280.265625,66.64654541015625,2.529296875,0.0,7.115625000000023
2007-06-21 15:00:00+00:00,0.0,0.0,279.140625,74.2049560546875,1.39453125,0.0,5.990625000000023
2007-06-21 16:00:00+00:00,0.0,0.0,279.203125,77.8109130859375,0.970703125,0.0,6.053125000000023
2007-06-21 17:00:00+00:00,0.0,0.0,278.25,83.65338134765625,0.2265625,0.0,5.100000000000023
2007-06-21 18:00:00+00:00,0.0,0.0,278.9375,80.1171875,0.8203125,0.0,5.787500000000023
2007-06-21 19:00:00+00:00,0.0,0.0,278.234375,90.9779052734375,1.798828125,0.0,5.084375000000023
2007-06-21 20:00:00+00:00,0.0,0.0,278.609375,96.10516357421875,1.294921875,0.0,5.459375000000023
2007-06-21 21:00:00+00:00,0.0,2.4375,278.234375,92.60595703125,1.203125,2.4375,5.084375000000023
2007-06-21 22:00:00+00:00,7.16015625,40.16796875,278.75,90.16796875,1.482421875,47.328125,5.600000000000023
2007-06-21 23:00:00+00:00,11.33984375,103.97265625,279.734375,89.05010986328125,1.13671875,115.3125,6.584375000000023
2007-06-22 00:00:00+00:00,6.94921875,126.44140625,280.890625,90.70245361328125,1.490234375,133.390625,7.740625000000023
2007-06-22 01:00:00+00:00,7.796875,135.0,281.40625,91.41107177734375,1.63671875,142.796875,8.256250000000023
2007-06-22 02:00:00+00:00,5.9453125,154.3828125,281.921875,91.50640869140625,1.94921875,160.328125,8.771875000000023
2007-06-22 03:00:00+00:00,170.234375,153.140625,283.34375,81.8697509765625,2.40625,323.375,10.193750000000023
2007-06-22 04:00:00+00:00,134.50390625,82.21484375,283.984375,79.51324462890625,2.916015625,216.71875,10.834375000000023
2007-06-22 05:00:00+00:00,68.21875,55.984375,284.109375,78.8609619140625,3.130859375,124.203125,10.959375000000023
2007-06-22 06:00:00+00:00,27.63671875,13.64453125,284.234375,78.9005126953125,2.97265625,41.28125,11.084375000000023
2007-06-22 07:00:00+00:00,0.0,0.015625,283.96875,81.24853515625,2.763671875,0.015625,10.818750000000023
2007-06-22 08:00:00+00:00,0.0,0.0,283.734375,82.9542236328125,2.50390625,0.0,10.584375000000023
2007-06-22 09:00:00+00:00,0.0,0.0,283.640625,83.34246826171875,2.298828125,0.0,10.490625000000023
2007-06-22 10:00:00+00:00,0.0,0.0,283.609375,84.4237060546875,2.169921875,0.0,10.459375000000023
2007-06-22 11:00:00+00:00,0.0,0.0,283.21875,86.12493896484375,1.46484375,0.0,10.068750000000023
2007-06-22 12:00:00+00:00,0.0,0.0,282.375,89.53790283203125,0.857421875,0.0,9.225000000000023
2007-06-22 13:00:00+00:00,0.0,0.0,282.28125,91.251708984375,0.888671875,0.0,9.131250000000023
2007-06-22 14:00:00+00:00,0.0,0.0,282.390625,92.52252197265625,0.95703125,0.0,9.240625000000023
2007-06-22 15:00:00+00:00,0.0,0.0,281.84375,95.6302490234375,1.2578125,0.0,8.693750000000023
2007-06-22 16:00:00+00:00,0.0,0.0,281.90625,96.0521240234375,1.4140625,0.0,8.756250000000023
2007-06-22 17:00:00+00:00,0.0,0.0,281.9375,96.182861328125,1.5078125,0.0,8.787500000000023
2007-06-22 18:00:00+00:00,0.0,0.0,281.703125,96.87725830078125,1.404296875,0.0,8.553125000000023
2007-06-22 19:00:00+00:00,0.0,0.0,281.59375,97.05645751953125,1.46484375,0.0,8.443750000000023
2007-06-22 20:00:00+00:00,0.0,0.0,281.1875,97.4912109375,1.658203125,0.0,8.037500000000023
2007-06-22 21:00:00+00:00,0.0,0.953125,281.21875,98.735107421875,1.048828125,0.953125,8.068750000000023
2007-06-22 22:00:00+00:00,0.0,31.015625,281.1875,98.40771484375,1.185546875,31.015625,8.037500000000023
2007-06-22 23:00:00+00:00,0.03515625,46.82421875,281.5,96.3890380859375,1.470703125,46.859375,8.350000000000023
2007-06-23 00:00:00+00:00,2.5625,109.203125,281.609375,95.622802734375,1.84375,111.765625,8.459375000000023
2007-06-23 01:00:00+00:00,6.390625,173.0625,282.015625,93.82391357421875,1.830078125,179.453125,8.865625000000023
2007-06-23 02:00:00+00:00,11.4453125,128.4453125,282.40625,91.676513671875,1.822265625,139.890625,9.256250000000023
2007-06-23 03:00:00+00:00,7.55078125,68.04296875,282.984375,89.8369140625,1.595703125,75.59375,9.834375000000023
2007-06-23 04:00:00+00:00,13.3203125,56.8046875,282.96875,89.30377197265625,1.357421875,70.125,9.818750000000023
2007-06-23 05:00:00+00:00,25.3046875,80.4140625,283.0625,88.64666748046875,0.708984375,105.71875,9.912500000000023
2007-06-23 06:00:00+00:00,19.14453125,25.26171875,283.28125,86.5567626953125,0.42578125,44.40625,10.131250000000023
2007-06-23 07:00:00+00:00,0.0,0.046875,282.390625,91.46295166015625,0.98828125,0.046875,9.240625000000023
2007-06-23 08:00:00+00:00,0.0,0.0,282.125,92.02459716796875,1.197265625,0.0,8.975000000000023
2007-06-23 09:00:00+00:00,0.0,0.0,282.640625,84.7698974609375,0.7734375,0.0,9.490625000000023
2007-06-23 10:00:00+00:00,0.0,0.0,282.375,83.6173095703125,0.837890625,0.0,9.225000000000023
2007-06-23 11:00:00+00:00,0.0,0.0,282.15625,81.05609130859375,0.64453125,0.0,9.006250000000023
2007-06-23 12:00:00+00:00,0.0,0.0,282.234375,77.81268310546875,0.89453125,0.0,9.084375000000023
2007-06-23 13:00:00+00:00,0.0,0.0,281.40625,81.4481201171875,1.42578125,0.0,8.256250000000023
2007-06-23 14:00:00+00:00,0.0,0.0,281.78125,79.31878662109375,1.77734375,0.0,8.631250000000023
2007-06-23 15:00:00+00:00,0.0,0.0,280.3125,84.501220703125,1.49609375,0.0,7.162500000000023
2007-06-23 16:00:00+00:00,0.0,0.0,279.0625,89.83074951171875,1.306640625,0.0,5.912500000000023
2007-06-23 17:00:00+00:00,0.0,0.0,278.453125,92.0382080078125,1.341796875,0.0,5.303125000000023
2007-06-23 18:00:00+00:00,0.0,0.0,278.1875,93.33111572265625,1.564453125,0.0,5.037500000000023
2007-06-23 19:00:00+00:00,0.0,0.0,277.9375,93.7752685546875,1.697265625,0.0,4.787500000000023
2007-06-23 20:00:00+00:00,0.0,0.0,277.59375,94.1990966796875,1.8125,0.0,4.443750000000023
2007-06-23 21:00:00+00:00,0.1640625,3.6015625,276.640625,89.76715087890625,2.34375,3.765625,3.4906250000000227
2007-06-23 22:00:00+00:00,59.1328125,42.2265625,276.515625,88.9962158203125,2.41796875,101.359375,3.3656250000000227
2007-06-23 23:00:00+00:00,193.06640625,58.48046875,277.03125,86.42034912109375,2.408203125,251.546875,3.8812500000000227
2007-06-24 00:00:00+00:00,308.7734375,63.2890625,277.796875,83.33538818359375,2.845703125,372.0625,4.646875000000023
2007-06-24 01:00:00+00:00,389.6796875,59.4453125,279.203125,76.5816650390625,3.26171875,449.125,6.053125000000023
2007-06-24 02:00:00+00:00,412.71484375,55.83203125,280.828125,63.845947265625,4.470703125,468.546875,7.678125000000023
2007-06-24 03:00:00+00:00,389.55859375,45.45703125,282.21875,61.44384765625,4.25,435.015625,9.068750000000023
2007-06-24 04:00:00+00:00,310.6640625,37.0703125,283.203125,56.637939453125,4.220703125,347.734375,10.053125000000023
2007-06-24 05:00:00+00:00,177.6640625,32.1640625,283.828125,54.426025390625,4.068359375,209.828125,10.678125000000023
2007-06-24 06:00:00+00:00,48.34375,10.90625,283.75,55.8887939453125,3.728515625,59.25,10.600000000000023
2007-06-24 07:00:00+00:00,0.0,0.0625,282.609375,59.971435546875,3.40625,0.0625,9.459375000000023
2007-06-24 08:00:00+00:00,0.0,0.0,281.921875,62.82794189453125,3.099609375,0.0,8.771875000000023
2007-06-24 09:00:00+00:00,0.0,0.0,281.34375,66.924560546875,2.126953125,0.0,8.193750000000023
2007-06-24 10:00:00+00:00,0.0,0.0,280.796875,69.142333984375,1.87890625,0.0,7.646875000000023
2007-06-24 11:00:00+00:00,0.0,0.0,280.375,70.24578857421875,1.95703125,0.0,7.225000000000023
2007-06-24 12:00:00+00:00,0.0,0.0,279.734375,71.62432861328125,1.705078125,0.0,6.584375000000023
2007-06-24 13:00:00+00:00,0.0,0.0,279.125,72.398193359375,1.23828125,0.0,5.975000000000023
2007-06-24 14:00:00+00:00,0.0,0.0,277.859375,76.98162841796875,0.65234375,0.0,4.709375000000023
2007-06-24 15:00:00+00:00,0.0,0.0,278.5625,67.14044189453125,1.66015625,0.0,5.412500000000023
2007-06-24 16:00:00+00:00,0.0,0.0,278.0625,67.8336181640625,1.287109375,0.0,4.912500000000023
2007-06-24 17:00:00+00:00,0.0,0.0,276.8125,73.70416259765625,1.0625,0.0,3.6625000000000227
2007-06-24 18:00:00+00:00,0.0,0.0,276.9375,76.8692626953125,1.3125,0.0,3.7875000000000227
2007-06-24 19:00:00+00:00,0.0,0.0,276.28125,83.8853759765625,1.255859375,0.0,3.1312500000000227
2007-06-24 20:00:00+00:00,0.0,0.0,276.796875,82.36962890625,1.583984375,0.0,3.6468750000000227
2007-06-24 21:00:00+00:00,0.0,2.859375,276.3125,83.81866455078125,1.45703125,2.859375,3.1625000000000227
2007-06-24 22:00:00+00:00,8.43359375,53.81640625,276.96875,75.7908935546875,1.728515625,62.25,3.8187500000000227
2007-06-24 23:00:00+00:00,51.703125,128.25,278.875,62.35003662109375,1.908203125,179.953125,5.725000000000023
2007-06-25 00:00:00+00:00,180.03515625,125.38671875,280.46875,55.49658203125,2.0859375,305.421875,7.318750000000023
2007-06-25 01:00:00+00:00,314.56640625,101.54296875,282.703125,48.46142578125,2.380859375,416.109375,9.553125000000023
2007-06-25 02:00:00+00:00,369.5078125,75.7578125,284.4375,49.94549560546875,2.5390625,445.265625,11.287500000000023
2007-06-25 03:00:00+00:00,372.95703125,49.49609375,285.875,55.14697265625,4.03515625,422.453125,12.725000000000023
2007-06-25 04:00:00+00:00,292.47265625,41.16796875,286.6875,51.305419921875,3.67578125,333.640625,13.537500000000023
2007-06-25 05:00:00+00:00,117.4375,50.1875,287.015625,47.1856689453125,3.478515625,167.625,13.865625000000023
2007-06-25 06:00:00+00:00,16.5078125,24.2265625,286.34375,46.441162109375,3.630859375,40.734375,13.193750000000023
2007-06-25 07:00:00+00:00,0.0,0.078125,285.5625,49.20123291015625,3.74609375,0.078125,12.412500000000023
2007-06-25 08:00:00+00:00,0.0,0.0,284.09375,55.62249755859375,3.408203125,0.0,10.943750000000023
2007-06-25 09:00:00+00:00,0.0,0.0,283.03125,60.330810546875,3.13671875,0.0,9.881250000000023
2007-06-25 10:00:00+00:00,0.0,0.0,282.234375,65.31005859375,2.826171875,0.0,9.084375000000023
2007-06-25 11:00:00+00:00,0.0,0.0,281.65625,69.369384765625,2.775390625,0.0,8.506250000000023
2007-06-25 12:00:00+00:00,0.0,0.0,281.109375,72.661376953125,2.634765625,0.0,7.959375000000023
2007-06-25 13:00:00+00:00,0.0,0.0,280.640625,74.591796875,2.646484375,0.0,7.490625000000023
2007-06-25 14:00:00+00:00,0.0,0.0,280.5625,73.00921630859375,2.578125,0.0,7.412500000000023
2007-06-25 15:00:00+00:00,0.0,0.0,280.078125,69.02410888671875,2.5625,0.0,6.928125000000023
2007-06-25 16:00:00+00:00,0.0,0.0,279.265625,70.78326416015625,2.34765625,0.0,6.115625000000023
2007-06-25 17:00:00+00:00,0.0,0.0,278.921875,71.24176025390625,2.19921875,0.0,5.771875000000023
2007-06-25 18:00:00+00:00,0.0,0.0,278.78125,70.88873291015625,2.404296875,0.0,5.631250000000023
2007-06-25 19:00:00+00:00,0.0,0.0,278.8125,69.79638671875,2.5078125,0.0,5.662500000000023
2007-06-25 20:00:00+00:00,0.0,0.0,279.1875,67.9404296875,2.25390625,0.0,6.037500000000023
2007-06-25 21:00:00+00:00,0.00390625,2.82421875,279.71875,68.639892578125,2.09765625,2.828125,6.568750000000023
2007-06-25 22:00:00+00:00,13.62890625,57.83984375,279.375,70.77362060546875,2.162109375,71.46875,6.225000000000023
2007-06-25 23:00:00+00:00,139.4453125,88.2578125,280.109375,71.0975341796875,1.8125,227.703125,6.959375000000023
2007-06-26 00:00:00+00:00,210.78515625,111.15234375,280.84375,71.596923828125,1.787109375,321.9375,7.693750000000023
2007-06-26 01:00:00+00:00,341.0546875,86.5078125,281.84375,68.56951904296875,1.37890625,427.5625,8.693750000000023
2007-06-26 02:00:00+00:00,375.140625,70.34375,282.90625,63.933349609375,1.265625,445.484375,9.756250000000023
2007-06-26 03:00:00+00:00,135.5,160.03125,283.78125,63.01531982421875,1.658203125,295.53125,10.631250000000023
2007-06-26 04:00:00+00:00,103.796875,114.9375,284.046875,63.94549560546875,1.873046875,218.734375,10.896875000000023
2007-06-26 05:00:00+00:00,141.984375,58.3125,284.15625,68.1134033203125,2.166015625,200.296875,11.006250000000023
2007-06-26 06:00:00+00:00,43.94140625,10.90234375,283.921875,74.55908203125,2.5078125,54.84375,10.771875000000023
2007-06-26 07:00:00+00:00,0.0,0.09375,282.703125,82.48516845703125,2.212890625,0.09375,9.553125000000023
2007-06-26 08:00:00+00:00,0.0,0.0,282.109375,86.2783203125,2.314453125,0.0,8.959375000000023
2007-06-26 09:00:00+00:00,0.0,0.0,282.5625,87.43304443359375,1.98828125,0.0,9.412500000000023
2007-06-26 10:00:00+00:00,0.0,0.0,282.046875,88.73974609375,2.712890625,0.0,8.896875000000023
2007-06-26 11:00:00+00:00,0.0,0.0,282.8125,92.1361083984375,3.42578125,0.0,9.662500000000023
2007-06-26 12:00:00+00:00,0.0,0.0,283.078125,91.02972412109375,4.234375,0.0,9.928125000000023
2007-06-26 13:00:00+00:00,0.0,0.0,283.453125,85.05694580078125,4.96484375,0.0,10.303125000000023
2007-06-26 14:00:00+00:00,0.0,0.0,283.4375,84.236572265625,6.0078125,0.0,10.287500000000023
2007-06-26 15:00:00+00:00,0.0,0.0,283.265625,85.23101806640625,5.412109375,0.0,10.115625000000023
2007-06-26 16:00:00+00:00,0.0,0.0,283.15625,86.0076904296875,5.283203125,0.0,10.006250000000023
2007-06-26 17:00:00+00:00,0.0,0.0,283.453125,79.84375,5.8359375,0.0,10.303125000000023
2007-06-26 18:00:00+00:00,0.0,0.0,283.421875,81.13665771484375,6.03125,0.0,10.271875000000023
2007-06-26 19:00:00+00:00,0.0,0.0,283.390625,88.32159423828125,6.16796875,0.0,10.240625000000023
2007-06-26 20:00:00+00:00,0.0,0.0,283.390625,87.1629638671875,6.017578125,0.0,10.240625000000023
2007-06-26 21:00:00+00:00,0.0,0.890625,283.390625,82.041259765625,6.478515625,0.890625,10.240625000000023
2007-06-26 22:00:00+00:00,0.0,25.125,283.09375,86.33807373046875,7.0859375,25.125,9.943750000000023
2007-06-26 23:00:00+00:00,0.0,29.125,283.4375,83.7347412109375,8.55078125,29.125,10.287500000000023
2007-06-27 00:00:00+00:00,0.0,38.765625,283.328125,88.45672607421875,9.55078125,38.765625,10.178125000000023
2007-06-27 01:00:00+00:00,0.0,56.265625,283.484375,90.43231201171875,9.212890625,56.265625,10.334375000000023
2007-06-27 02:00:00+00:00,0.0,32.421875,283.875,91.0584716796875,9.271484375,32.421875,10.725000000000023
2007-06-27 03:00:00+00:00,0.0,44.40625,284.0625,90.379150390625,9.8515625,44.40625,10.912500000000023
2007-06-27 04:00:00+00:00,0.0,24.953125,284.21875,90.65838623046875,9.978515625,24.953125,11.068750000000023
2007-06-27 05:00:00+00:00,0.0,19.9375,284.46875,90.366943359375,9.599609375,19.9375,11.318750000000023
2007-06-27 06:00:00+00:00,0.0,9.34375,284.5625,89.68560791015625,9.638671875,9.34375,11.412500000000023
2007-06-27 07:00:00+00:00,0.0,0.03125,284.421875,90.04241943359375,9.884765625,0.03125,11.271875000000023
2007-06-27 08:00:00+00:00,0.0,0.0,284.421875,90.57769775390625,9.59375,0.0,11.271875000000023
2007-06-27 09:00:00+00:00,0.0,0.0,284.21875,90.3563232421875,9.287109375,0.0,11.068750000000023
2007-06-27 10:00:00+00:00,0.0,0.0,284.265625,90.54010009765625,9.1875,0.0,11.115625000000023
2007-06-27 11:00:00+00:00,0.0,0.0,284.40625,88.85040283203125,9.28515625,0.0,11.256250000000023
2007-06-27 12:00:00+00:00,0.0,0.0,284.4375,90.30413818359375,9.15625,0.0,11.287500000000023
2007-06-27 13:00:00+00:00,0.0,0.0,284.375,89.44854736328125,8.67578125,0.0,11.225000000000023
2007-06-27 14:00:00+00:00,0.0,0.0,284.546875,89.3345947265625,8.427734375,0.0,11.396875000000023
2007-06-27 15:00:00+00:00,0.0,0.0,284.453125,90.1917724609375,7.80078125,0.0,11.303125000000023
2007-06-27 16:00:00+00:00,0.0,0.0,284.40625,91.06719970703125,7.537109375,0.0,11.256250000000023
2007-06-27 17:00:00+00:00,0.0,0.0,284.4375,91.37744140625,7.341796875,0.0,11.287500000000023
2007-06-27 18:00:00+00:00,0.0,0.0,284.59375,89.59991455078125,6.564453125,0.0,11.443750000000023
2007-06-27 19:00:00+00:00,0.0,0.0,284.46875,88.999755859375,6.46484375,0.0,11.318750000000023
2007-06-27 20:00:00+00:00,0.0,0.0,284.625,86.48828125,6.0859375,0.0,11.475000000000023
2007-06-27 21:00:00+00:00,0.0078125,2.9453125,284.640625,85.72161865234375,5.919921875,2.953125,11.490625000000023
2007-06-27 22:00:00+00:00,16.8671875,54.8828125,284.375,85.64581298828125,5.4921875,71.75,11.225000000000023
2007-06-27 23:00:00+00:00,120.01953125,71.46484375,284.609375,83.62518310546875,5.1640625,191.484375,11.459375000000023
2007-06-28 00:00:00+00:00,246.08984375,87.25390625,285.4375,79.96356201171875,5.205078125,333.34375,12.287500000000023
2007-06-28 01:00:00+00:00,299.98828125,79.33984375,286.140625,72.47930908203125,6.705078125,379.328125,12.990625000000023
2007-06-28 02:00:00+00:00,279.0546875,89.9921875,286.578125,67.98681640625,6.876953125,369.046875,13.428125000000023
2007-06-28 03:00:00+00:00,322.24609375,71.83203125,287.15625,64.8443603515625,6.693359375,394.078125,14.006250000000023
2007-06-28 04:00:00+00:00,172.67578125,33.52734375,287.1875,64.6605224609375,6.388671875,206.203125,14.037500000000023
2007-06-28 05:00:00+00:00,144.6484375,47.4765625,286.890625,63.58837890625,5.818359375,192.125,13.740625000000023
2007-06-28 06:00:00+00:00,55.2265625,8.0703125,286.640625,64.60968017578125,5.375,63.296875,13.490625000000023
2007-06-28 07:00:00+00:00,0.015625,0.109375,285.53125,72.7720947265625,4.5,0.125,12.381250000000023
2007-06-28 08:00:00+00:00,0.0,0.0,284.546875,78.6756591796875,3.6875,0.0,11.396875000000023
2007-06-28 09:00:00+00:00,0.0,0.0,283.75,83.359619140625,3.00390625,0.0,10.600000000000023
2007-06-28 10:00:00+00:00,0.0,0.0,283.3125,85.07733154296875,2.8046875,0.0,10.162500000000023
2007-06-28 11:00:00+00:00,0.0,0.0,282.78125,88.54583740234375,2.275390625,0.0,9.631250000000023
2007-06-28 12:00:00+00:00,0.0,0.0,282.125,91.13800048828125,1.966796875,0.0,8.975000000000023
2007-06-28 13:00:00+00:00,0.0,0.0,283.109375,94.2222900390625,1.923828125,0.0,9.959375000000023
2007-06-28 14:00:00+00:00,0.0,0.0,282.640625,94.74090576171875,1.330078125,0.0,9.490625000000023
2007-06-28 15:00:00+00:00,0.0,0.0,280.546875,97.19134521484375,1.669921875,0.0,7.396875000000023
2007-06-28 16:00:00+00:00,0.0,0.0,282.65625,92.6661376953125,3.35546875,0.0,9.506250000000023
2007-06-28 17:00:00+00:00,0.0,0.0,282.640625,90.73486328125,4.138671875,0.0,9.490625000000023
2007-06-28 18:00:00+00:00,0.0,0.0,281.9375,91.9881591796875,2.978515625,0.0,8.787500000000023
2007-06-28 19:00:00+00:00,0.0,0.0,281.671875,91.5865478515625,3.333984375,0.0,8.521875000000023
2007-06-28 20:00:00+00:00,0.0,0.0,281.9375,90.24578857421875,2.943359375,0.0,8.787500000000023
2007-06-28 21:00:00+00:00,0.0,2.3125,281.8125,89.97125244140625,2.53125,2.3125,8.662500000000023
2007-06-28 22:00:00+00:00,0.15625,47.03125,281.5625,89.994873046875,2.40234375,47.1875,8.412500000000023
2007-06-28 23:00:00+00:00,6.80859375,97.26953125,282.0625,86.15118408203125,3.138671875,104.078125,8.912500000000023
2007-06-29 00:00:00+00:00,9.11328125,173.93359375,282.25,84.11517333984375,3.47265625,183.046875,9.100000000000023
2007-06-29 01:00:00+00:00,22.5078125,221.4296875,282.84375,79.98870849609375,3.603515625,243.9375,9.693750000000023
2007-06-29 02:00:00+00:00,14.4453125,198.3515625,283.203125,76.255126953125,3.16015625,212.796875,10.053125000000023
2007-06-29 03:00:00+00:00,90.20703125,194.33984375,284.0625,70.76824951171875,4.259765625,284.546875,10.912500000000023
2007-06-29 04:00:00+00:00,27.52734375,168.70703125,284.75,63.820068359375,4.525390625,196.234375,11.600000000000023
2007-06-29 05:00:00+00:00,1.3359375,85.0703125,285.234375,60.5972900390625,3.857421875,86.40625,12.084375000000023
2007-06-29 06:00:00+00:00,0.0234375,23.3984375,285.21875,65.5592041015625,3.42578125,23.421875,12.068750000000023
2007-06-29 07:00:00+00:00,0.0,0.03125,284.484375,73.2135009765625,3.40234375,0.03125,11.334375000000023
2007-06-29 08:00:00+00:00,0.0,0.0,283.78125,83.11431884765625,4.083984375,0.0,10.631250000000023
2007-06-29 09:00:00+00:00,0.0,0.0,283.265625,87.52142333984375,5.388671875,0.0,10.115625000000023
2007-06-29 10:00:00+00:00,0.0,0.0,283.984375,83.0992431640625,5.068359375,0.0,10.834375000000023
2007-06-29 11:00:00+00:00,0.0,0.0,284.015625,86.49322509765625,6.03125,0.0,10.865625000000023
2007-06-29 12:00:00+00:00,0.0,0.0,283.5,88.24835205078125,5.609375,0.0,10.350000000000023
2007-06-29 13:00:00+00:00,0.0,0.0,283.078125,87.8199462890625,4.99609375,0.0,9.928125000000023
2007-06-29 14:00:00+00:00,0.0,0.0,282.625,88.07806396484375,4.884765625,0.0,9.475000000000023
2007-06-29 15:00:00+00:00,0.0,0.0,282.078125,87.9674072265625,4.67578125,0.0,8.928125000000023
2007-06-29 16:00:00+00:00,0.0,0.0,281.796875,87.24249267578125,4.421875,0.0,8.646875000000023
2007-06-29 17:00:00+00:00,0.0,0.0,281.59375,87.68426513671875,4.486328125,0.0,8.443750000000023
2007-06-29 18:00:00+00:00,0.0,0.0,281.5625,89.095703125,4.73828125,0.0,8.412500000000023
2007-06-29 19:00:00+00:00,0.0,0.0,281.640625,89.502197265625,5.1796875,0.0,8.490625000000023
2007-06-29 20:00:00+00:00,0.0,0.0,281.5,89.54925537109375,5.1171875,0.0,8.350000000000023
2007-06-29 21:00:00+00:00,0.0859375,3.2734375,281.25,90.079833984375,4.814453125,3.359375,8.100000000000023
2007-06-29 22:00:00+00:00,54.2890625,42.0234375,281.3125,87.95611572265625,4.724609375,96.3125,8.162500000000023
2007-06-29 23:00:00+00:00,171.26953125,64.55859375,281.84375,84.42755126953125,4.611328125,235.828125,8.693750000000023
2007-06-30 00:00:00+00:00,261.6015625,83.9921875,282.546875,80.43450927734375,4.94921875,345.59375,9.396875000000023
2007-06-30 01:00:00+00:00,347.8671875,76.4140625,283.640625,74.0262451171875,5.8125,424.28125,10.490625000000023
2007-06-30 02:00:00+00:00,207.89453125,148.07421875,284.46875,67.394287109375,6.865234375,355.96875,11.318750000000023
2007-06-30 03:00:00+00:00,181.3984375,136.6953125,284.8125,65.0322265625,6.6328125,318.09375,11.662500000000023
2007-06-30 04:00:00+00:00,193.390625,85.359375,284.859375,65.50665283203125,6.140625,278.75,11.709375000000023
2007-06-30 05:00:00+00:00,144.61328125,48.65234375,285.109375,62.52154541015625,6.056640625,193.265625,11.959375000000023
2007-06-30 06:00:00+00:00,28.2734375,9.5859375,284.859375,62.2891845703125,5.935546875,37.859375,11.709375000000023
2007-06-30 07:00:00+00:00,0.0,0.171875,284.265625,64.655517578125,5.69140625,0.171875,11.115625000000023
2007-06-30 08:00:00+00:00,0.0,0.0,283.6875,68.91351318359375,5.12890625,0.0,10.537500000000023
2007-06-30 09:00:00+00:00,0.0,0.0,283.296875,72.95037841796875,4.9453125,0.0,10.146875000000023
2007-06-30 10:00:00+00:00,0.0,0.0,282.890625,74.36138916015625,4.486328125,0.0,9.740625000000023
2007-06-30 11:00:00+00:00,0.0,0.0,282.5625,75.29034423828125,4.142578125,0.0,9.412500000000023
2007-06-30 12:00:00+00:00,0.0,0.0,282.40625,74.38848876953125,4.091796875,0.0,9.256250000000023
2007-06-30 13:00:00+00:00,0.0,0.0,282.328125,78.03515625,4.529296875,0.0,9.178125000000023
2007-06-30 14:00:00+00:00,0.0,0.0,282.109375,81.8094482421875,3.609375,0.0,8.959375000000023
2007-06-30 15:00:00+00:00,0.0,0.0,281.78125,87.562255859375,3.7734375,0.0,8.631250000000023
2007-06-30 16:00:00+00:00,0.0,0.0,281.71875,89.47711181640625,3.755859375,0.0,8.568750000000023
2007-06-30 17:00:00+00:00,0.0,0.0,281.875,89.774169921875,3.51953125,0.0,8.725000000000023
2007-06-30 18:00:00+00:00,0.0,0.0,282.3125,86.4453125,3.419921875,0.0,9.162500000000023
2007-06-30 19:00:00+00:00,0.0,0.0,282.875,80.20880126953125,3.998046875,0.0,9.725000000000023
2007-06-30 20:00:00+00:00,0.0,0.0,282.8125,80.03680419921875,4.23828125,0.0,9.662500000000023
2007-06-30 21:00:00+00:00,0.0,1.234375,282.921875,79.96624755859375,4.888671875,1.234375,9.771875000000023
2007-06-30 22:00:00+00:00,2.59375,51.765625,282.734375,81.61358642578125,4.740234375,54.359375,9.584375000000023
2007-06-30 23:00:00+00:00,58.24609375,124.53515625,282.921875,80.5736083984375,4.361328125,182.78125,9.771875000000023
2007-07-01 00:00:00+00:00,64.60546875,102.30078125,283.65625,77.13238525390625,4.103515625,166.90625,10.506250000000023
2007-07-01 01:00:00+00:00,194.40625,176.078125,284.09375,76.06048583984375,4.181640625,370.484375,10.943750000000023
2007-07-01 02:00:00+00:00,43.33203125,115.90234375,285.625,71.0616455078125,4.712890625,159.234375,12.475000000000023
2007-07-01 03:00:00+00:00,55.6875,193.140625,285.75,70.20770263671875,5.2421875,248.828125,12.600000000000023
2007-07-01 04:00:00+00:00,9.1953125,92.4296875,285.90625,71.91009521484375,5.171875,101.625,12.756250000000023
2007-07-01 05:00:00+00:00,1.1953125,73.0234375,285.421875,77.23541259765625,4.845703125,74.21875,12.271875000000023
2007-07-01 06:00:00+00:00,0.015625,24.46875,285.09375,80.98052978515625,4.478515625,24.484375,11.943750000000023
2007-07-01 07:00:00+00:00,0.0,0.125,284.6875,83.49896240234375,5.07421875,0.125,11.537500000000023
2007-07-01 08:00:00+00:00,0.0,0.0,284.578125,84.193115234375,4.908203125,0.0,11.428125000000023
2007-07-01 09:00:00+00:00,0.0,0.0,284.5,81.24407958984375,5.185546875,0.0,11.350000000000023
2007-07-01 10:00:00+00:00,0.0,0.0,284.3125,81.95770263671875,5.029296875,0.0,11.162500000000023
2007-07-01 11:00:00+00:00,0.0,0.0,284.078125,83.15576171875,4.916015625,0.0,10.928125000000023
2007-07-01 12:00:00+00:00,0.0,0.0,283.796875,84.254638671875,4.806640625,0.0,10.646875000000023
2007-07-01 13:00:00+00:00,0.0,0.0,283.734375,84.834228515625,5.001953125,0.0,10.584375000000023
2007-07-01 14:00:00+00:00,0.0,0.0,283.953125,78.76397705078125,5.189453125,0.0,10.803125000000023
2007-07-01 15:00:00+00:00,0.0,0.0,283.71875,78.90289306640625,5.07421875,0.0,10.568750000000023
2007-07-01 16:00:00+00:00,0.0,0.0,283.28125,81.21429443359375,4.615234375,0.0,10.131250000000023
2007-07-01 17:00:00+00:00,0.0,0.0,282.84375,82.01519775390625,3.970703125,0.0,9.693750000000023
2007-07-01 18:00:00+00:00,0.0,0.0,281.984375,83.40264892578125,3.431640625,0.0,8.834375000000023
2007-07-01 19:00:00+00:00,0.0,0.0,281.53125,83.23931884765625,3.25,0.0,8.381250000000023
2007-07-01 20:00:00+00:00,0.0,0.0,281.765625,80.2757568359375,3.3828125,0.0,8.615625000000023
2007-07-01 21:00:00+00:00,0.0,2.296875,281.5,80.77899169921875,3.232421875,2.296875,8.350000000000023
2007-07-01 22:00:00+00:00,22.78125,40.9375,281.5,80.1441650390625,3.318359375,63.71875,8.350000000000023
2007-07-01 23:00:00+00:00,36.1328125,86.0078125,281.875,77.37640380859375,3.384765625,122.140625,8.725000000000023
2007-07-02 00:00:00+00:00,24.1015625,125.5078125,282.609375,71.427490234375,3.96484375,149.609375,9.459375000000023
2007-07-02 01:00:00+00:00,58.6796875,202.1796875,283.140625,67.109130859375,4.439453125,260.859375,9.990625000000023
2007-07-02 02:00:00+00:00,48.26171875,207.70703125,284.171875,61.05242919921875,4.59765625,255.96875,11.021875000000023
2007-07-02 03:00:00+00:00,70.46484375,147.55078125,285.171875,57.54779052734375,5.884765625,218.015625,12.021875000000023
2007-07-02 04:00:00+00:00,28.890625,99.046875,285.203125,61.48956298828125,6.107421875,127.9375,12.053125000000023
2007-07-02 05:00:00+00:00,5.2734375,54.1953125,284.828125,63.40875244140625,6.4140625,59.46875,11.678125000000023
2007-07-02 06:00:00+00:00,2.12890625,35.46484375,284.625,65.1240234375,6.552734375,37.59375,11.475000000000023
2007-07-02 07:00:00+00:00,0.0,0.203125,284.59375,69.97528076171875,6.365234375,0.203125,11.443750000000023
2007-07-02 08:00:00+00:00,0.0,0.0,283.96875,79.41986083984375,6.564453125,0.0,10.818750000000023
2007-07-02 09:00:00+00:00,0.0,0.0,284.21875,77.1365966796875,7.044921875,0.0,11.068750000000023
2007-07-02 10:00:00+00:00,0.0,0.0,284.453125,75.80181884765625,7.44140625,0.0,11.303125000000023
2007-07-02 11:00:00+00:00,0.0,0.0,284.21875,81.462158203125,8.12890625,0.0,11.068750000000023
2007-07-02 12:00:00+00:00,0.0,0.0,284.703125,79.983642578125,7.748046875,0.0,11.553125000000023
2007-07-02 13:00:00+00:00,0.0,0.0,284.75,81.51409912109375,7.10546875,0.0,11.600000000000023
2007-07-02 14:00:00+00:00,0.0,0.0,284.734375,83.5941162109375,5.759765625,0.0,11.584375000000023
2007-07-02 15:00:00+00:00,0.0,0.0,284.375,82.92205810546875,5.669921875,0.0,11.225000000000023
2007-07-02 16:00:00+00:00,0.0,0.0,284.578125,80.73577880859375,5.46484375,0.0,11.428125000000023
2007-07-02 17:00:00+00:00,0.0,0.0,284.65625,79.31011962890625,4.88671875,0.0,11.506250000000023
2007-07-02 18:00:00+00:00,0.0,0.0,284.21875,80.69500732421875,4.388671875,0.0,11.068750000000023
2007-07-02 19:00:00+00:00,0.0,0.0,284.25,79.458251953125,4.357421875,0.0,11.100000000000023
2007-07-02 20:00:00+00:00,0.0,0.0,284.265625,76.89947509765625,4.45703125,0.0,11.115625000000023
2007-07-02 21:00:00+00:00,0.0625,3.390625,283.484375,77.9755859375,4.240234375,3.453125,10.334375000000023
2007-07-02 22:00:00+00:00,52.83203125,43.73046875,283.1875,78.98187255859375,4.0546875,96.5625,10.037500000000023
2007-07-02 23:00:00+00:00,177.75390625,64.16796875,283.6875,77.99871826171875,4.0625,241.921875,10.537500000000023
2007-07-03 00:00:00+00:00,298.6953125,68.2890625,284.4375,75.79669189453125,4.47265625,366.984375,11.287500000000023
2007-07-03 01:00:00+00:00,375.15234375,66.19140625,285.515625,71.082763671875,4.970703125,441.34375,12.365625000000023
2007-07-03 02:00:00+00:00,409.15234375,58.66015625,286.65625,64.7613525390625,5.201171875,467.8125,13.506250000000023
2007-07-03 03:00:00+00:00,387.6171875,49.6953125,287.859375,54.27471923828125,5.1796875,437.3125,14.709375000000023
2007-07-03 04:00:00+00:00,296.0234375,47.9453125,288.40625,51.732666015625,5.521484375,343.96875,15.256250000000023
2007-07-03 05:00:00+00:00,187.9453125,31.5078125,288.484375,52.13372802734375,5.525390625,219.453125,15.334375000000023
2007-07-03 06:00:00+00:00,61.0703125,8.1640625,288.15625,51.66455078125,5.185546875,69.234375,15.006250000000023
2007-07-03 07:00:00+00:00,0.05859375,0.28515625,287.140625,55.2008056640625,5.22265625,0.34375,13.990625000000023
2007-07-03 08:00:00+00:00,0.0,0.0,286.171875,64.75860595703125,5.4453125,0.0,13.021875000000023
2007-07-03 09:00:00+00:00,0.0,0.0,284.765625,69.63739013671875,5.53125,0.0,11.615625000000023
2007-07-03 10:00:00+00:00,0.0,0.0,284.34375,70.45367431640625,5.34375,0.0,11.193750000000023
2007-07-03 11:00:00+00:00,0.0,0.0,284.265625,74.14556884765625,5.359375,0.0,11.115625000000023
2007-07-03 12:00:00+00:00,0.0,0.0,284.203125,74.38958740234375,5.19921875,0.0,11.053125000000023
2007-07-03 13:00:00+00:00,0.0,0.0,284.171875,73.53515625,5.0546875,0.0,11.021875000000023
2007-07-03 14:00:00+00:00,0.0,0.0,284.21875,73.74603271484375,5.169921875,0.0,11.068750000000023
2007-07-03 15:00:00+00:00,0.0,0.0,284.90625,74.33978271484375,5.33984375,0.0,11.756250000000023
2007-07-03 16:00:00+00:00,0.0,0.0,285.359375,73.18170166015625,5.365234375,0.0,12.209375000000023
2007-07-03 17:00:00+00:00,0.0,0.0,285.671875,70.81982421875,6.263671875,0.0,12.521875000000023
2007-07-03 18:00:00+00:00,0.0,0.0,285.40625,72.4056396484375,6.359375,0.0,12.256250000000023
2007-07-03 19:00:00+00:00,0.0,0.0,285.296875,74.8553466796875,6.751953125,0.0,12.146875000000023
2007-07-03 20:00:00+00:00,0.0,0.0,285.03125,78.89544677734375,6.099609375,0.0,11.881250000000023
2007-07-03 21:00:00+00:00,0.01171875,3.11328125,284.53125,85.08758544921875,5.41796875,3.125,11.381250000000023
2007-07-03 22:00:00+00:00,16.609375,56.9375,284.28125,84.38531494140625,5.0625,73.546875,11.131250000000023
2007-07-03 23:00:00+00:00,10.2578125,82.3203125,284.65625,80.09429931640625,4.78125,92.578125,11.506250000000023
2007-07-04 00:00:00+00:00,0.2734375,75.1015625,284.453125,79.86126708984375,5.123046875,75.375,11.303125000000023
2007-07-04 01:00:00+00:00,19.0234375,215.2109375,285.0,74.25537109375,6.138671875,234.234375,11.850000000000023
2007-07-04 02:00:00+00:00,8.71875,96.359375,285.515625,70.3546142578125,6.83203125,105.078125,12.365625000000023
2007-07-04 03:00:00+00:00,189.91796875,179.97265625,285.34375,69.77923583984375,7.244140625,369.890625,12.193750000000023
2007-07-04 04:00:00+00:00,260.234375,63.46875,286.171875,63.227294921875,7.96875,323.703125,13.021875000000023
2007-07-04 05:00:00+00:00,160.41796875,37.09765625,286.40625,61.50732421875,6.314453125,197.515625,13.256250000000023
2007-07-04 06:00:00+00:00,48.62109375,15.50390625,286.296875,62.9158935546875,5.033203125,64.125,13.146875000000023
2007-07-04 07:00:00+00:00,0.02734375,0.34765625,285.84375,63.6885986328125,4.373046875,0.375,12.693750000000023
2007-07-04 08:00:00+00:00,0.0,0.0,285.359375,64.18438720703125,3.81640625,0.0,12.209375000000023
2007-07-04 09:00:00+00:00,0.0,0.0,284.71875,63.03271484375,3.361328125,0.0,11.568750000000023
2007-07-04 10:00:00+00:00,0.0,0.0,284.328125,63.71051025390625,3.55078125,0.0,11.178125000000023
2007-07-04 11:00:00+00:00,0.0,0.0,284.21875,67.19097900390625,4.169921875,0.0,11.068750000000023
2007-07-04 12:00:00+00:00,0.0,0.0,283.328125,80.33721923828125,4.017578125,0.0,10.178125000000023
2007-07-04 13:00:00+00:00,0.0,0.0,283.328125,83.3447265625,3.771484375,0.0,10.178125000000023
2007-07-04 14:00:00+00:00,0.0,0.0,283.484375,81.08721923828125,4.578125,0.0,10.334375000000023
2007-07-04 15:00:00+00:00,0.0,0.0,283.28125,80.4356689453125,5.06640625,0.0,10.131250000000023
2007-07-04 16:00:00+00:00,0.0,0.0,283.015625,80.78082275390625,5.1796875,0.0,9.865625000000023
2007-07-04 17:00:00+00:00,0.0,0.0,282.828125,81.21826171875,5.431640625,0.0,9.678125000000023
2007-07-04 18:00:00+00:00,0.0,0.0,282.796875,78.68524169921875,5.28125,0.0,9.646875000000023
2007-07-04 19:00:00+00:00,0.0,0.0,282.734375,80.24859619140625,5.271484375,0.0,9.584375000000023
2007-07-04 20:00:00+00:00,0.0,0.0,282.515625,80.102294921875,5.525390625,0.0,9.365625000000023
2007-07-04 21:00:00+00:00,0.0,1.234375,282.09375,81.54339599609375,4.72265625,1.234375,8.943750000000023
2007-07-04 22:00:00+00:00,0.02734375,27.12890625,281.5625,83.78472900390625,3.732421875,27.15625,8.412500000000023
2007-07-04 23:00:00+00:00,0.4375,63.34375,281.3125,85.42950439453125,3.244140625,63.78125,8.162500000000023
2007-07-05 00:00:00+00:00,7.26953125,188.57421875,281.390625,84.21258544921875,2.5859375,195.84375,8.240625000000023
2007-07-05 01:00:00+00:00,2.4921875,124.4921875,281.84375,83.0557861328125,1.689453125,126.984375,8.693750000000023
2007-07-05 02:00:00+00:00,92.8828125,215.9609375,281.921875,84.298828125,0.208984375,308.84375,8.771875000000023
2007-07-05 03:00:00+00:00,45.703125,140.3125,282.40625,79.7955322265625,0.5625,186.015625,9.256250000000023
2007-07-05 04:00:00+00:00,167.25390625,130.19921875,282.875,80.31170654296875,0.8203125,297.453125,9.725000000000023
2007-07-05 05:00:00+00:00,24.31640625,0.0,283.828125,81.55865478515625,5.537109375,5.375,10.678125000000023
2007-07-05 06:00:00+00:00,1.4453125,30.1328125,282.875,82.55621337890625,7.6640625,31.578125,9.725000000000023
2007-07-05 07:00:00+00:00,0.0,0.125,282.953125,82.78485107421875,5.3125,0.125,9.803125000000023
2007-07-05 08:00:00+00:00,0.0,0.0,282.71875,87.1441650390625,3.88671875,0.0,9.568750000000023
2007-07-05 09:00:00+00:00,0.0,0.0,282.625,89.319580078125,4.125,0.0,9.475000000000023
2007-07-05 10:00:00+00:00,0.0,0.0,282.75,87.81732177734375,4.455078125,0.0,9.600000000000023
2007-07-05 11:00:00+00:00,0.0,0.0,282.578125,86.71868896484375,4.91796875,0.0,9.428125000000023
2007-07-05 12:00:00+00:00,0.0,0.0,282.015625,88.704833984375,4.546875,0.0,8.865625000000023
2007-07-05 13:00:00+00:00,0.0,0.0,281.578125,90.12445068359375,3.66015625,0.0,8.428125000000023
2007-07-05 14:00:00+00:00,0.0,0.0,281.359375,90.79132080078125,2.8515625,0.0,8.209375000000023
2007-07-05 15:00:00+00:00,0.0,0.0,281.078125,90.82843017578125,2.916015625,0.0,7.928125000000023
2007-07-05 16:00:00+00:00,0.0,0.0,280.625,91.48944091796875,2.8515625,0.0,7.475000000000023
2007-07-05 17:00:00+00:00,0.0,0.0,279.984375,92.47900390625,2.552734375,0.0,6.834375000000023
2007-07-05 18:00:00+00:00,0.0,0.0,279.53125,92.44952392578125,2.392578125,0.0,6.381250000000023
2007-07-05 19:00:00+00:00,0.0,0.0,279.265625,91.85369873046875,2.29296875,0.0,6.115625000000023
2007-07-05 20:00:00+00:00,0.0,0.0,279.234375,89.63671875,2.333984375,0.0,6.084375000000023
2007-07-05 21:00:00+00:00,0.15625,3.578125,279.015625,86.55731201171875,2.802734375,3.734375,5.865625000000023
2007-07-05 22:00:00+00:00,57.73046875,41.98828125,278.875,86.42474365234375,3.359375,99.71875,5.725000000000023
2007-07-05 23:00:00+00:00,184.12890625,61.19921875,279.703125,81.56304931640625,4.263671875,245.328125,6.553125000000023
2007-07-06 00:00:00+00:00,229.953125,103.296875,280.421875,78.82574462890625,5.328125,333.25,7.271875000000023
2007-07-06 01:00:00+00:00,58.48046875,153.95703125,281.3125,78.91741943359375,6.28515625,212.4375,8.162500000000023
2007-07-06 02:00:00+00:00,88.73828125,209.24609375,281.734375,75.03753662109375,6.939453125,297.984375,8.584375000000023
2007-07-06 03:00:00+00:00,62.86328125,169.23046875,282.484375,71.62615966796875,7.0703125,232.09375,9.334375000000023
2007-07-06 04:00:00+00:00,10.0625,12.890625,283.078125,69.0625,5.662109375,22.953125,9.928125000000023
2007-07-06 05:00:00+00:00,0.0,25.765625,282.171875,77.88134765625,5.525390625,25.765625,9.021875000000023
2007-07-06 06:00:00+00:00,0.0,7.0,281.8125,81.70172119140625,5.0625,7.0,8.662500000000023
2007-07-06 07:00:00+00:00,0.0,0.09375,281.484375,86.051025390625,4.9140625,0.09375,8.334375000000023
2007-07-06 08:00:00+00:00,0.0,0.0,281.390625,85.5438232421875,5.01171875,0.0,8.240625000000023
2007-07-06 09:00:00+00:00,0.0,0.0,281.25,84.6220703125,4.033203125,0.0,8.100000000000023
2007-07-06 10:00:00+00:00,0.0,0.0,281.078125,84.64501953125,3.607421875,0.0,7.928125000000023
2007-07-06 11:00:00+00:00,0.0,0.0,281.21875,84.47979736328125,2.865234375,0.0,8.068750000000023
2007-07-06 12:00:00+00:00,0.0,0.0,281.234375,83.85675048828125,2.875,0.0,8.084375000000023
2007-07-06 13:00:00+00:00,0.0,0.0,281.265625,83.7423095703125,2.94921875,0.0,8.115625000000023
2007-07-06 14:00:00+00:00,0.0,0.0,281.234375,83.68975830078125,3.171875,0.0,8.084375000000023
2007-07-06 15:00:00+00:00,0.0,0.0,279.859375,91.48162841796875,2.990234375,0.0,6.709375000000023
2007-07-06 16:00:00+00:00,0.0,0.0,279.609375,91.19964599609375,2.837890625,0.0,6.459375000000023
2007-07-06 17:00:00+00:00,0.0,0.0,279.375,90.982421875,2.76953125,0.0,6.225000000000023
2007-07-06 18:00:00+00:00,0.0,0.0,279.796875,88.47216796875,2.798828125,0.0,6.646875000000023
2007-07-06 19:00:00+00:00,0.0,0.0,279.921875,86.785888671875,2.783203125,0.0,6.771875000000023
2007-07-06 20:00:00+00:00,0.0,0.0,279.9375,85.371337890625,2.599609375,0.0,6.787500000000023
2007-07-06 21:00:00+00:00,0.15234375,3.61328125,278.234375,90.56158447265625,1.95703125,3.765625,5.084375000000023
2007-07-06 22:00:00+00:00,56.87890625,42.77734375,277.859375,91.81927490234375,1.486328125,99.65625,4.709375000000023
2007-07-06 23:00:00+00:00,163.140625,66.375,278.90625,88.526611328125,0.802734375,229.515625,5.756250000000023
2007-07-07 00:00:00+00:00,278.7265625,81.4765625,279.84375,86.769287109375,0.62109375,360.203125,6.693750000000023
2007-07-07 01:00:00+00:00,247.546875,122.484375,281.140625,80.18133544921875,1.326171875,370.03125,7.990625000000023
2007-07-07 02:00:00+00:00,99.234375,197.625,281.703125,78.43353271484375,1.892578125,296.859375,8.553125000000023
2007-07-07 03:00:00+00:00,73.77734375,216.44140625,281.390625,83.94415283203125,2.63671875,290.21875,8.240625000000023
2007-07-07 04:00:00+00:00,11.53515625,29.74609375,281.75,82.42803955078125,2.953125,41.28125,8.600000000000023
2007-07-07 05:00:00+00:00,0.0,36.578125,281.28125,88.05828857421875,3.392578125,36.578125,8.131250000000023
2007-07-07 06:00:00+00:00,1.09375,28.328125,281.296875,91.4044189453125,3.4609375,29.421875,8.146875000000023
2007-07-07 07:00:00+00:00,0.0,0.296875,281.328125,94.70135498046875,2.251953125,0.296875,8.178125000000023
2007-07-07 08:00:00+00:00,0.0,0.0,281.359375,96.20977783203125,1.44140625,0.0,8.209375000000023
2007-07-07 09:00:00+00:00,0.0,0.0,281.65625,97.200927734375,1.728515625,0.0,8.506250000000023
2007-07-07 10:00:00+00:00,0.0,0.0,281.84375,97.96685791015625,1.580078125,0.0,8.693750000000023
2007-07-07 11:00:00+00:00,0.0,0.0,281.890625,98.50238037109375,1.0390625,0.0,8.740625000000023
2007-07-07 12:00:00+00:00,0.0,0.0,281.75,99.06878662109375,0.826171875,0.0,8.600000000000023
2007-07-07 13:00:00+00:00,0.0,0.0,281.59375,98.86285400390625,1.0,0.0,8.443750000000023
2007-07-07 14:00:00+00:00,0.0,0.0,281.5625,98.15008544921875,1.146484375,0.0,8.412500000000023
2007-07-07 15:00:00+00:00,0.0,0.0,281.109375,98.6181640625,1.517578125,0.0,7.959375000000023
2007-07-07 16:00:00+00:00,0.0,0.0,281.265625,96.98516845703125,2.162109375,0.0,8.115625000000023
2007-07-07 17:00:00+00:00,0.0,0.0,280.9375,97.8326416015625,2.6484375,0.0,7.787500000000023
2007-07-07 18:00:00+00:00,0.0,0.0,280.90625,98.3394775390625,2.9765625,0.0,7.756250000000023
2007-07-07 19:00:00+00:00,0.0,0.0,281.640625,95.25775146484375,3.66796875,0.0,8.490625000000023
2007-07-07 20:00:00+00:00,0.0,0.0,281.875,94.2132568359375,4.05859375,0.0,8.725000000000023
2007-07-07 21:00:00+00:00,0.0,2.375,281.171875,96.25433349609375,3.283203125,2.375,8.021875000000023
2007-07-07 22:00:00+00:00,47.94921875,46.87890625,281.53125,94.49334716796875,3.5,94.828125,8.381250000000023
2007-07-07 23:00:00+00:00,153.80078125,73.02734375,282.015625,91.896484375,3.701171875,226.828125,8.865625000000023
2007-07-08 00:00:00+00:00,280.62109375,78.92578125,283.203125,87.755126953125,4.306640625,359.546875,10.053125000000023
2007-07-08 01:00:00+00:00,341.0546875,80.9453125,284.3125,80.67950439453125,5.14453125,422.0,11.162500000000023
2007-07-08 02:00:00+00:00,360.72265625,39.96484375,285.171875,73.18170166015625,5.96484375,400.6875,12.021875000000023
2007-07-08 03:00:00+00:00,328.5078125,102.7890625,285.09375,74.73931884765625,5.1875,431.296875,11.943750000000023
2007-07-08 04:00:00+00:00,268.55078125,40.15234375,285.90625,66.11187744140625,6.095703125,308.703125,12.756250000000023
2007-07-08 05:00:00+00:00,149.56640625,45.27734375,285.921875,63.40802001953125,5.7890625,194.84375,12.771875000000023
2007-07-08 06:00:00+00:00,61.8984375,14.0703125,285.78125,62.37835693359375,4.9375,75.96875,12.631250000000023
2007-07-08 07:00:00+00:00,0.22265625,0.48046875,284.65625,67.27667236328125,4.298828125,0.703125,11.506250000000023
2007-07-08 08:00:00+00:00,0.0,0.0,283.65625,71.0048828125,4.052734375,0.0,10.506250000000023
2007-07-08 09:00:00+00:00,0.0,0.0,283.03125,76.78729248046875,4.044921875,0.0,9.881250000000023
2007-07-08 10:00:00+00:00,0.0,0.0,282.546875,79.97320556640625,3.830078125,0.0,9.396875000000023
2007-07-08 11:00:00+00:00,0.0,0.0,282.0625,83.91461181640625,3.494140625,0.0,8.912500000000023
2007-07-08 12:00:00+00:00,0.0,0.0,281.640625,88.14630126953125,3.123046875,0.0,8.490625000000023
2007-07-08 13:00:00+00:00,0.0,0.0,281.6875,90.93096923828125,3.271484375,0.0,8.537500000000023
2007-07-08 14:00:00+00:00,0.0,0.0,281.65625,93.75494384765625,3.591796875,0.0,8.506250000000023
2007-07-08 15:00:00+00:00,0.0,0.0,281.65625,94.1185302734375,3.6484375,0.0,8.506250000000023
2007-07-08 16:00:00+00:00,0.0,0.0,281.71875,93.78875732421875,3.650390625,0.0,8.568750000000023
2007-07-08 17:00:00+00:00,0.0,0.0,281.609375,92.796630859375,3.736328125,0.0,8.459375000000023
2007-07-08 18:00:00+00:00,0.0,0.0,281.546875,90.72119140625,3.67578125,0.0,8.396875000000023
2007-07-08 19:00:00+00:00,0.0,0.0,281.4375,90.34307861328125,3.462890625,0.0,8.287500000000023
2007-07-08 20:00:00+00:00,0.0,0.0,280.796875,91.01580810546875,3.056640625,0.0,7.646875000000023
2007-07-08 21:00:00+00:00,0.21875,3.859375,280.25,92.64080810546875,2.92578125,4.078125,7.100000000000023
2007-07-08 22:00:00+00:00,59.3671875,43.0234375,279.984375,93.12445068359375,2.568359375,102.390625,6.834375000000023
2007-07-08 23:00:00+00:00,192.5,59.59375,280.9375,89.2923583984375,2.388671875,252.09375,7.787500000000023
2007-07-09 00:00:00+00:00,312.45703125,63.48046875,282.390625,83.753662109375,2.744140625,375.9375,9.240625000000023
2007-07-09 01:00:00+00:00,391.4765625,60.6953125,284.09375,75.4638671875,3.23046875,452.171875,10.943750000000023
2007-07-09 02:00:00+00:00,392.296875,56.078125,285.578125,67.8681640625,4.134765625,448.375,12.428125000000023
2007-07-09 03:00:00+00:00,333.890625,67.5,286.375,65.7855224609375,4.759765625,401.390625,13.225000000000023
2007-07-09 04:00:00+00:00,274.26171875,53.80078125,286.96875,58.6483154296875,4.54296875,328.0625,13.818750000000023
2007-07-09 05:00:00+00:00,171.87109375,43.81640625,286.953125,59.311279296875,4.4765625,215.6875,13.803125000000023
2007-07-09 06:00:00+00:00,63.9296875,9.9765625,286.46875,62.4769287109375,4.3359375,73.90625,13.318750000000023
2007-07-09 07:00:00+00:00,0.23828125,0.58984375,285.328125,69.85723876953125,4.033203125,0.828125,12.178125000000023
2007-07-09 08:00:00+00:00,0.0,0.0,284.328125,74.47943115234375,4.14453125,0.0,11.178125000000023
2007-07-09 09:00:00+00:00,0.0,0.0,283.5,78.50396728515625,4.421875,0.0,10.350000000000023
2007-07-09 10:00:00+00:00,0.0,0.0,282.84375,79.9061279296875,4.646484375,0.0,9.693750000000023
2007-07-09 11:00:00+00:00,0.0,0.0,282.171875,82.02276611328125,4.640625,0.0,9.021875000000023
2007-07-09 12:00:00+00:00,0.0,0.0,281.90625,81.51629638671875,4.87890625,0.0,8.756250000000023
2007-07-09 13:00:00+00:00,0.0,0.0,281.671875,81.09222412109375,4.765625,0.0,8.521875000000023
2007-07-09 14:00:00+00:00,0.0,0.0,281.203125,82.65948486328125,4.248046875,0.0,8.053125000000023
2007-07-09 15:00:00+00:00,0.0,0.0,280.359375,86.2005615234375,3.59765625,0.0,7.209375000000023
2007-07-09 16:00:00+00:00,0.0,0.0,279.78125,88.59832763671875,3.24609375,0.0,6.631250000000023
2007-07-09 17:00:00+00:00,0.0,0.0,279.515625,88.589111328125,3.173828125,0.0,6.365625000000023
2007-07-09 18:00:00+00:00,0.0,0.0,279.234375,88.23297119140625,2.84375,0.0,6.084375000000023
2007-07-09 19:00:00+00:00,0.0,0.0,279.078125,88.01434326171875,2.69140625,0.0,5.928125000000023
2007-07-09 20:00:00+00:00,0.0,0.0,278.78125,89.1181640625,2.4765625,0.0,5.631250000000023
2007-07-09 21:00:00+00:00,0.2421875,3.9453125,276.5,97.00531005859375,1.62109375,4.1875,3.3500000000000227
2007-07-09 22:00:00+00:00,38.77734375,46.86328125,276.859375,98.91326904296875,1.314453125,85.640625,3.7093750000000227
2007-07-09 23:00:00+00:00,71.47265625,116.26171875,277.078125,99.32440185546875,1.37890625,187.734375,3.9281250000000227
2007-07-10 00:00:00+00:00,95.359375,136.109375,277.765625,98.2027587890625,1.349609375,231.46875,4.615625000000023
2007-07-10 01:00:00+00:00,42.87109375,195.08203125,278.359375,97.568359375,1.48046875,237.953125,5.209375000000023
2007-07-10 02:00:00+00:00,83.265625,248.421875,278.859375,94.88385009765625,1.53125,331.6875,5.709375000000023
2007-07-10 03:00:00+00:00,132.5,174.953125,280.0,90.2955322265625,1.6015625,307.453125,6.850000000000023
2007-07-10 04:00:00+00:00,163.58203125,139.30859375,281.015625,85.73687744140625,1.1796875,302.890625,7.865625000000023
2007-07-10 05:00:00+00:00,188.06640625,48.24609375,282.671875,76.64544677734375,1.0,236.3125,9.521875000000023
2007-07-10 06:00:00+00:00,75.01953125,7.27734375,283.984375,68.86688232421875,1.017578125,82.296875,10.834375000000023
2007-07-10 07:00:00+00:00,0.4140625,0.5703125,282.578125,73.21417236328125,1.423828125,0.984375,9.428125000000023
2007-07-10 08:00:00+00:00,0.0,0.0,282.203125,71.84075927734375,1.875,0.0,9.053125000000023
2007-07-10 09:00:00+00:00,0.0,0.0,281.21875,84.57745361328125,1.162109375,0.0,8.068750000000023
2007-07-10 10:00:00+00:00,0.0,0.0,281.09375,83.3507080078125,1.380859375,0.0,7.943750000000023
2007-07-10 11:00:00+00:00,0.0,0.0,280.140625,86.3775634765625,0.94921875,0.0,6.990625000000023
2007-07-10 12:00:00+00:00,0.0,0.0,279.25,90.1873779296875,0.451171875,0.0,6.100000000000023
2007-07-10 13:00:00+00:00,0.0,0.0,278.546875,93.2174072265625,0.662109375,0.0,5.396875000000023
2007-07-10 14:00:00+00:00,0.0,0.0,279.640625,87.056640625,1.52734375,0.0,6.490625000000023
2007-07-10 15:00:00+00:00,0.0,0.0,278.953125,87.5760498046875,1.640625,0.0,5.803125000000023
2007-07-10 16:00:00+00:00,0.0,0.0,278.734375,88.60369873046875,1.556640625,0.0,5.584375000000023
2007-07-10 17:00:00+00:00,0.0,0.0,277.9375,91.21014404296875,1.3984375,0.0,4.787500000000023
2007-07-10 18:00:00+00:00,0.0,0.0,277.28125,93.16357421875,1.3984375,0.0,4.131250000000023
2007-07-10 19:00:00+00:00,0.0,0.0,277.015625,93.82537841796875,1.58203125,0.0,3.8656250000000227
2007-07-10 20:00:00+00:00,0.0,0.0,277.0,92.55767822265625,2.1328125,0.0,3.8500000000000227
2007-07-10 21:00:00+00:00,0.328125,4.203125,276.1875,92.7633056640625,1.900390625,4.53125,3.0375000000000227
2007-07-10 22:00:00+00:00,62.71484375,43.44140625,276.1875,92.83892822265625,1.708984375,106.15625,3.0375000000000227
2007-07-10 23:00:00+00:00,197.99609375,59.30078125,277.640625,86.33099365234375,1.849609375,257.296875,4.490625000000023
2007-07-11 00:00:00+00:00,318.93359375,63.03515625,279.484375,77.69158935546875,2.166015625,381.96875,6.334375000000023
2007-07-11 01:00:00+00:00,397.82421875,60.03515625,281.171875,72.9417724609375,2.13671875,457.859375,8.021875000000023
2007-07-11 02:00:00+00:00,424.21875,54.71875,283.140625,62.9437255859375,2.65234375,478.9375,9.990625000000023
2007-07-11 03:00:00+00:00,336.91796875,57.53515625,284.90625,57.32574462890625,3.623046875,394.453125,11.756250000000023
2007-07-11 04:00:00+00:00,188.25390625,63.02734375,285.578125,56.94036865234375,3.708984375,251.28125,12.428125000000023
2007-07-11 05:00:00+00:00,86.015625,30.234375,284.796875,63.04705810546875,3.705078125,116.25,11.646875000000023
2007-07-11 06:00:00+00:00,41.8828125,19.5859375,284.65625,61.6280517578125,3.064453125,61.46875,11.506250000000023
2007-07-11 07:00:00+00:00,0.109375,0.890625,284.0,62.28302001953125,2.904296875,1.0,10.850000000000023
2007-07-11 08:00:00+00:00,0.0,0.0,283.8125,64.85906982421875,3.001953125,0.0,10.662500000000023
2007-07-11 09:00:00+00:00,0.0,0.0,283.328125,73.11553955078125,3.54296875,0.0,10.178125000000023
2007-07-11 10:00:00+00:00,0.0,0.0,282.4375,78.8778076171875,3.3203125,0.0,9.287500000000023
2007-07-11 11:00:00+00:00,0.0,0.0,281.9375,82.15911865234375,3.0625,0.0,8.787500000000023
2007-07-11 12:00:00+00:00,0.0,0.0,281.734375,83.31378173828125,2.595703125,0.0,8.584375000000023
2007-07-11 13:00:00+00:00,0.0,0.0,281.21875,89.154052734375,2.361328125,0.0,8.068750000000023
2007-07-11 14:00:00+00:00,0.0,0.0,281.328125,90.70770263671875,3.138671875,0.0,8.178125000000023
2007-07-11 15:00:00+00:00,0.0,0.0,280.90625,92.03509521484375,2.845703125,0.0,7.756250000000023
2007-07-11 16:00:00+00:00,0.0,0.0,281.09375,90.97186279296875,3.078125,0.0,7.943750000000023
2007-07-11 17:00:00+00:00,0.0,0.0,280.921875,89.37744140625,2.876953125,0.0,7.771875000000023
2007-07-11 18:00:00+00:00,0.0,0.0,280.484375,90.038818359375,2.298828125,0.0,7.334375000000023
2007-07-11 19:00:00+00:00,0.0,0.0,280.890625,87.20794677734375,1.943359375,0.0,7.740625000000023
2007-07-11 20:00:00+00:00,0.0,0.0,279.84375,92.04656982421875,1.697265625,0.0,6.693750000000023
2007-07-11 21:00:00+00:00,0.0,1.421875,280.8125,96.87115478515625,1.5,1.421875,7.662500000000023
2007-07-11 22:00:00+00:00,9.42578125,48.05859375,281.046875,96.34417724609375,1.46484375,57.484375,7.896875000000023
2007-07-11 23:00:00+00:00,58.0078125,92.7109375,281.640625,92.440673828125,2.21875,150.71875,8.490625000000023
2007-07-12 00:00:00+00:00,20.3046875,87.7734375,281.625,91.0177001953125,3.501953125,108.078125,8.475000000000023
2007-07-12 01:00:00+00:00,1.703125,169.3125,281.5625,93.0028076171875,3.474609375,171.015625,8.412500000000023
2007-07-12 02:00:00+00:00,114.58203125,185.60546875,282.265625,89.79742431640625,3.671875,300.1875,9.115625000000023
2007-07-12 03:00:00+00:00,244.01171875,111.41015625,284.0,81.01025390625,5.14453125,355.421875,10.850000000000023
2007-07-12 04:00:00+00:00,44.53125,47.203125,283.859375,76.236328125,5.283203125,91.734375,10.709375000000023
2007-07-12 05:00:00+00:00,145.57421875,73.78515625,283.546875,80.73480224609375,3.865234375,219.359375,10.396875000000023
2007-07-12 06:00:00+00:00,60.015625,14.515625,284.234375,75.677001953125,3.205078125,74.53125,11.084375000000023
2007-07-12 07:00:00+00:00,0.26953125,0.93359375,283.5625,75.16839599609375,2.978515625,1.203125,10.412500000000023
2007-07-12 08:00:00+00:00,0.0,0.0,282.484375,79.29693603515625,2.5859375,0.0,9.334375000000023
2007-07-12 09:00:00+00:00,0.0,0.0,282.390625,82.33001708984375,2.67578125,0.0,9.240625000000023
2007-07-12 10:00:00+00:00,0.0,0.0,282.40625,82.91741943359375,2.62890625,0.0,9.256250000000023
2007-07-12 11:00:00+00:00,0.0,0.0,282.15625,82.4027099609375,2.474609375,0.0,9.006250000000023
2007-07-12 12:00:00+00:00,0.0,0.0,282.609375,80.942626953125,2.583984375,0.0,9.459375000000023
2007-07-12 13:00:00+00:00,0.0,0.0,282.40625,85.45904541015625,2.853515625,0.0,9.256250000000023
2007-07-12 14:00:00+00:00,0.0,0.0,282.109375,90.43804931640625,3.41015625,0.0,8.959375000000023
2007-07-12 15:00:00+00:00,0.0,0.0,281.78125,90.93682861328125,3.251953125,0.0,8.631250000000023
2007-07-12 16:00:00+00:00,0.0,0.0,281.1875,93.341064453125,3.138671875,0.0,8.037500000000023
2007-07-12 17:00:00+00:00,0.0,0.0,281.5,93.0408935546875,3.1328125,0.0,8.350000000000023
2007-07-12 18:00:00+00:00,0.0,0.0,281.28125,94.01519775390625,3.443359375,0.0,8.131250000000023
2007-07-12 19:00:00+00:00,0.0,0.0,281.34375,94.599365234375,3.365234375,0.0,8.193750000000023
2007-07-12 20:00:00+00:00,0.0,0.0,281.6875,92.96429443359375,3.134765625,0.0,8.537500000000023
2007-07-12 21:00:00+00:00,0.0,1.125,281.75,91.7041015625,2.326171875,1.125,8.600000000000023
2007-07-12 22:00:00+00:00,11.5390625,51.5390625,281.90625,90.28680419921875,2.056640625,63.078125,8.756250000000023
2007-07-12 23:00:00+00:00,84.13671875,119.20703125,282.078125,87.99957275390625,2.546875,203.34375,8.928125000000023
2007-07-13 00:00:00+00:00,101.0078125,132.6796875,281.875,87.57464599609375,3.697265625,233.6875,8.725000000000023
2007-07-13 01:00:00+00:00,326.8125,118.4375,282.359375,83.60736083984375,3.869140625,445.25,9.209375000000023
2007-07-13 02:00:00+00:00,297.7578125,70.8359375,283.46875,77.23577880859375,4.72265625,368.59375,10.318750000000023
2007-07-13 03:00:00+00:00,150.09375,141.78125,283.671875,77.96185302734375,5.84765625,291.875,10.521875000000023
2007-07-13 04:00:00+00:00,93.55078125,139.69921875,283.203125,81.55780029296875,5.486328125,233.25,10.053125000000023
2007-07-13 05:00:00+00:00,11.60546875,73.58203125,283.09375,81.67376708984375,5.10546875,85.1875,9.943750000000023
2007-07-13 06:00:00+00:00,16.79296875,41.92578125,282.765625,82.74798583984375,4.41796875,58.71875,9.615625000000023
2007-07-13 07:00:00+00:00,0.01171875,0.53515625,283.078125,76.4134521484375,3.294921875,0.546875,9.928125000000023
2007-07-13 08:00:00+00:00,0.0,0.0,283.265625,63.06341552734375,4.154296875,0.0,10.115625000000023
2007-07-13 09:00:00+00:00,0.0,0.0,282.515625,65.58282470703125,3.9375,0.0,9.365625000000023
2007-07-13 10:00:00+00:00,0.0,0.0,282.203125,71.00042724609375,3.712890625,0.0,9.053125000000023
2007-07-13 11:00:00+00:00,0.0,0.0,282.109375,79.83709716796875,3.720703125,0.0,8.959375000000023
2007-07-13 12:00:00+00:00,0.0,0.0,281.765625,83.626708984375,3.546875,0.0,8.615625000000023
2007-07-13 13:00:00+00:00,0.0,0.0,281.453125,86.7825927734375,3.4140625,0.0,8.303125000000023
2007-07-13 14:00:00+00:00,0.0,0.0,281.203125,87.21173095703125,3.37890625,0.0,8.053125000000023
2007-07-13 15:00:00+00:00,0.0,0.0,280.671875,87.45367431640625,3.8828125,0.0,7.521875000000023
2007-07-13 16:00:00+00:00,0.0,0.0,280.671875,89.76519775390625,4.310546875,0.0,7.521875000000023
2007-07-13 17:00:00+00:00,0.0,0.0,280.625,93.618896484375,4.376953125,0.0,7.475000000000023
2007-07-13 18:00:00+00:00,0.0,0.0,280.84375,93.675048828125,2.990234375,0.0,7.693750000000023
2007-07-13 19:00:00+00:00,0.0,0.0,280.84375,90.90484619140625,1.94921875,0.0,7.693750000000023
2007-07-13 20:00:00+00:00,0.0,0.0,281.140625,79.95208740234375,1.724609375,0.0,7.990625000000023
2007-07-13 21:00:00+00:00,0.09765625,3.07421875,280.8125,73.44793701171875,2.625,3.171875,7.662500000000023
2007-07-13 22:00:00+00:00,64.671875,46.25,280.546875,69.192626953125,2.45703125,110.921875,7.396875000000023
2007-07-13 23:00:00+00:00,109.5546875,97.6015625,281.21875,65.77130126953125,1.9453125,207.15625,8.068750000000023
2007-07-14 00:00:00+00:00,201.05859375,130.53515625,282.296875,66.6300048828125,1.9609375,331.59375,9.146875000000023
2007-07-14 01:00:00+00:00,199.82421875,137.81640625,283.25,65.03082275390625,2.13671875,337.640625,10.100000000000023
2007-07-14 02:00:00+00:00,236.6953125,173.4453125,283.875,57.9326171875,2.88671875,410.140625,10.725000000000023
2007-07-14 03:00:00+00:00,215.8671875,46.8671875,284.703125,53.2464599609375,2.92578125,262.734375,11.553125000000023
2007-07-14 04:00:00+00:00,72.890625,83.609375,284.609375,51.8419189453125,3.189453125,156.5,11.459375000000023
2007-07-14 05:00:00+00:00,140.00390625,85.04296875,284.34375,50.43817138671875,3.625,225.046875,11.193750000000023
2007-07-14 06:00:00+00:00,67.1875,16.265625,284.1875,51.8677978515625,3.71484375,83.453125,11.037500000000023
2007-07-14 07:00:00+00:00,0.59375,0.953125,283.25,56.59912109375,3.302734375,1.546875,10.100000000000023
2007-07-14 08:00:00+00:00,0.0,0.0,282.609375,59.13104248046875,3.01171875,0.0,9.459375000000023
2007-07-14 09:00:00+00:00,0.0,0.0,281.53125,68.4801025390625,2.1328125,0.0,8.381250000000023
2007-07-14 10:00:00+00:00,0.0,0.0,280.859375,71.02410888671875,1.501953125,0.0,7.709375000000023
2007-07-14 11:00:00+00:00,0.0,0.0,280.53125,72.02587890625,1.708984375,0.0,7.381250000000023
2007-07-14 12:00:00+00:00,0.0,0.0,281.390625,71.82159423828125,2.5078125,0.0,8.240625000000023
2007-07-14 13:00:00+00:00,0.0,0.0,281.8125,77.29766845703125,3.134765625,0.0,8.662500000000023
2007-07-14 14:00:00+00:00,0.0,0.0,281.421875,81.88250732421875,2.845703125,0.0,8.271875000000023
2007-07-14 15:00:00+00:00,0.0,0.0,279.34375,94.31890869140625,2.1640625,0.0,6.193750000000023
2007-07-14 16:00:00+00:00,0.0,0.0,279.609375,96.6712646484375,1.865234375,0.0,6.459375000000023
2007-07-14 17:00:00+00:00,0.0,0.0,279.15625,97.13238525390625,1.966796875,0.0,6.006250000000023
2007-07-14 18:00:00+00:00,0.0,0.0,278.875,97.4849853515625,1.87890625,0.0,5.725000000000023
2007-07-14 19:00:00+00:00,0.0,0.0,278.8125,97.1492919921875,1.74609375,0.0,5.662500000000023
2007-07-14 20:00:00+00:00,0.0,0.0,278.078125,97.98797607421875,1.77734375,0.0,4.928125000000023
2007-07-14 21:00:00+00:00,0.0,3.09375,279.171875,96.3204345703125,1.9453125,3.09375,6.021875000000023
2007-07-14 22:00:00+00:00,7.19140625,64.35546875,278.859375,95.03857421875,1.9375,71.546875,5.709375000000023
2007-07-14 23:00:00+00:00,18.0859375,107.7109375,279.296875,90.76220703125,2.0859375,125.796875,6.146875000000023
2007-07-15 00:00:00+00:00,73.59765625,160.73046875,279.921875,84.98748779296875,2.470703125,234.328125,6.771875000000023
2007-07-15 01:00:00+00:00,70.28125,125.546875,280.8125,78.10040283203125,2.396484375,195.828125,7.662500000000023
2007-07-15 02:00:00+00:00,84.76171875,197.67578125,281.390625,74.821044921875,2.109375,282.4375,8.240625000000023
2007-07-15 03:00:00+00:00,27.36328125,225.21484375,283.6875,62.1317138671875,2.837890625,252.578125,10.537500000000023
2007-07-15 04:00:00+00:00,95.34375,130.046875,284.0625,59.07073974609375,2.994140625,225.390625,10.912500000000023
2007-07-15 05:00:00+00:00,55.1640625,100.1328125,284.421875,55.0887451171875,2.802734375,155.296875,11.271875000000023
2007-07-15 06:00:00+00:00,61.953125,28.296875,284.296875,52.3583984375,2.44921875,90.25,11.146875000000023
2007-07-15 07:00:00+00:00,0.9375,0.890625,283.03125,55.42376708984375,2.28125,1.828125,9.881250000000023
2007-07-15 08:00:00+00:00,0.0,0.0,282.5625,56.2032470703125,2.189453125,0.0,9.412500000000023
2007-07-15 09:00:00+00:00,0.0,0.0,281.3125,60.25006103515625,1.9375,0.0,8.162500000000023
2007-07-15 10:00:00+00:00,0.0,0.0,280.765625,60.189697265625,2.00390625,0.0,7.615625000000023
2007-07-15 11:00:00+00:00,0.0,0.0,281.203125,58.6827392578125,2.580078125,0.0,8.053125000000023
2007-07-15 12:00:00+00:00,0.0,0.0,281.234375,61.2183837890625,3.201171875,0.0,8.084375000000023
2007-07-15 13:00:00+00:00,0.0,0.0,281.09375,59.2164306640625,3.033203125,0.0,7.943750000000023
2007-07-15 14:00:00+00:00,0.0,0.0,280.09375,61.3192138671875,3.04296875,0.0,6.943750000000023
2007-07-15 15:00:00+00:00,0.0,0.0,279.109375,66.29541015625,3.0234375,0.0,5.959375000000023
2007-07-15 16:00:00+00:00,0.0,0.0,278.75,65.962158203125,3.095703125,0.0,5.600000000000023
2007-07-15 17:00:00+00:00,0.0,0.0,278.625,65.647216796875,3.40234375,0.0,5.475000000000023
2007-07-15 18:00:00+00:00,0.0,0.0,278.515625,66.61981201171875,3.6953125,0.0,5.365625000000023
2007-07-15 19:00:00+00:00,0.0,0.0,279.03125,65.35394287109375,4.005859375,0.0,5.881250000000023
2007-07-15 20:00:00+00:00,0.0,0.0,279.203125,66.5933837890625,4.1640625,0.0,6.053125000000023
2007-07-15 21:00:00+00:00,0.5546875,5.0234375,278.46875,75.33563232421875,4.408203125,5.578125,5.318750000000023
2007-07-15 22:00:00+00:00,65.41015625,45.38671875,278.546875,79.27032470703125,4.515625,110.796875,5.396875000000023
2007-07-15 23:00:00+00:00,198.98046875,62.23828125,279.3125,78.61505126953125,4.728515625,261.21875,6.162500000000023
2007-07-16 00:00:00+00:00,322.70703125,65.71484375,280.375,75.28076171875,5.369140625,388.421875,7.225000000000023
2007-07-16 01:00:00+00:00,392.33984375,69.36328125,281.78125,69.70001220703125,5.73046875,461.703125,8.631250000000023
2007-07-16 02:00:00+00:00,404.86328125,70.76171875,282.984375,65.02972412109375,6.154296875,475.625,9.834375000000023
2007-07-16 03:00:00+00:00,400.6484375,55.6015625,284.4375,60.8707275390625,6.701171875,456.25,11.287500000000023
2007-07-16 04:00:00+00:00,291.98046875,59.08203125,285.078125,57.93597412109375,6.564453125,351.0625,11.928125000000023
2007-07-16 05:00:00+00:00,131.06640625,68.60546875,285.296875,57.5704345703125,6.5546875,199.671875,12.146875000000023
2007-07-16 06:00:00+00:00,54.75390625,18.37109375,284.9375,59.7769775390625,6.556640625,73.125,11.787500000000023
2007-07-16 07:00:00+00:00,0.6171875,1.3828125,284.359375,63.62567138671875,6.515625,2.0,11.209375000000023
2007-07-16 08:00:00+00:00,0.0,0.0,283.28125,69.40374755859375,5.923828125,0.0,10.131250000000023
2007-07-16 09:00:00+00:00,0.0,0.0,282.171875,73.200439453125,6.0,0.0,9.021875000000023
2007-07-16 10:00:00+00:00,0.0,0.0,281.875,71.81396484375,6.158203125,0.0,8.725000000000023
2007-07-16 11:00:00+00:00,0.0,0.0,281.671875,69.88421630859375,6.001953125,0.0,8.521875000000023
2007-07-16 12:00:00+00:00,0.0,0.0,281.5,69.25726318359375,6.28125,0.0,8.350000000000023
2007-07-16 13:00:00+00:00,0.0,0.0,281.4375,67.47027587890625,6.626953125,0.0,8.287500000000023
2007-07-16 14:00:00+00:00,0.0,0.0,281.28125,64.54779052734375,6.701171875,0.0,8.131250000000023
2007-07-16 15:00:00+00:00,0.0,0.0,281.390625,59.81842041015625,7.203125,0.0,8.240625000000023
2007-07-16 16:00:00+00:00,0.0,0.0,281.421875,56.37823486328125,7.578125,0.0,8.271875000000023
2007-07-16 17:00:00+00:00,0.0,0.0,281.390625,55.3984375,7.681640625,0.0,8.240625000000023
2007-07-16 18:00:00+00:00,0.0,0.0,281.203125,56.59405517578125,8.21875,0.0,8.053125000000023
2007-07-16 19:00:00+00:00,0.0,0.0,281.265625,56.9901123046875,8.87890625,0.0,8.115625000000023
2007-07-16 20:00:00+00:00,0.0,0.0,281.1875,57.70550537109375,9.005859375,0.0,8.037500000000023
2007-07-16 21:00:00+00:00,0.1640625,3.0703125,281.125,55.99176025390625,9.375,3.234375,7.975000000000023
2007-07-16 22:00:00+00:00,3.22265625,16.66796875,281.15625,56.7322998046875,8.970703125,19.890625,8.006250000000023
2007-07-16 23:00:00+00:00,1.46875,17.8125,281.171875,59.16680908203125,8.50390625,19.28125,8.021875000000023
2007-07-17 00:00:00+00:00,0.0,48.703125,280.71875,63.677978515625,8.439453125,48.703125,7.568750000000023
2007-07-17 01:00:00+00:00,0.0,8.03125,279.625,79.09771728515625,8.22265625,8.03125,6.475000000000023
2007-07-17 02:00:00+00:00,0.0,71.328125,279.0,82.67462158203125,6.990234375,71.328125,5.850000000000023
2007-07-17 03:00:00+00:00,0.0,42.3125,279.546875,80.03082275390625,5.4921875,42.3125,6.396875000000023
2007-07-17 04:00:00+00:00,0.0,64.03125,279.796875,76.1513671875,5.09375,64.03125,6.646875000000023
2007-07-17 05:00:00+00:00,0.0,57.609375,280.234375,78.2586669921875,4.013671875,57.609375,7.084375000000023
2007-07-17 06:00:00+00:00,0.015625,24.4375,280.46875,79.6585693359375,3.701171875,24.453125,7.318750000000023
2007-07-17 07:00:00+00:00,0.0,0.3125,280.609375,77.02471923828125,4.421875,0.3125,7.459375000000023
2007-07-17 08:00:00+00:00,0.0,0.0,280.390625,78.6864013671875,4.458984375,0.0,7.240625000000023
2007-07-17 09:00:00+00:00,0.0,0.0,279.453125,83.27435302734375,5.40625,0.0,6.303125000000023
2007-07-17 10:00:00+00:00,0.0,0.0,279.53125,81.89300537109375,5.53125,0.0,6.381250000000023
2007-07-17 11:00:00+00:00,0.0,0.0,279.484375,80.79345703125,5.796875,0.0,6.334375000000023
2007-07-17 12:00:00+00:00,0.0,0.0,279.453125,81.739990234375,5.68359375,0.0,6.303125000000023
2007-07-17 13:00:00+00:00,0.0,0.0,279.46875,81.9842529296875,5.484375,0.0,6.318750000000023
2007-07-17 14:00:00+00:00,0.0,0.0,279.328125,84.094482421875,5.21875,0.0,6.178125000000023
2007-07-17 15:00:00+00:00,0.0,0.0,278.765625,84.9356689453125,5.376953125,0.0,5.615625000000023
2007-07-17 16:00:00+00:00,0.0,0.0,279.046875,84.828369140625,5.53125,0.0,5.896875000000023
2007-07-17 17:00:00+00:00,0.0,0.0,279.171875,85.1763916015625,5.189453125,0.0,6.021875000000023
2007-07-17 18:00:00+00:00,0.0,0.0,279.328125,85.81903076171875,5.00390625,0.0,6.178125000000023
2007-07-17 19:00:00+00:00,0.0,0.0,279.34375,85.4642333984375,4.50390625,0.0,6.193750000000023
2007-07-17 20:00:00+00:00,0.0,0.0,279.328125,84.06341552734375,3.947265625,0.0,6.178125000000023
2007-07-17 21:00:00+00:00,0.0,1.453125,278.8125,86.5919189453125,4.126953125,1.453125,5.662500000000023
2007-07-17 22:00:00+00:00,15.375,56.390625,279.015625,85.23345947265625,3.720703125,71.765625,5.865625000000023
2007-07-17 23:00:00+00:00,23.17578125,60.60546875,279.6875,82.70928955078125,3.501953125,83.78125,6.537500000000023
2007-07-18 00:00:00+00:00,6.0234375,140.7109375,280.171875,80.32281494140625,3.6171875,146.734375,7.021875000000023
2007-07-18 01:00:00+00:00,10.8515625,132.6953125,281.421875,72.97857666015625,3.7890625,143.546875,8.271875000000023
2007-07-18 02:00:00+00:00,59.86328125,219.21484375,282.03125,63.96783447265625,4.998046875,279.078125,8.881250000000023
2007-07-18 03:00:00+00:00,80.40234375,178.34765625,282.0,70.95587158203125,5.60546875,258.75,8.850000000000023
2007-07-18 04:00:00+00:00,28.64453125,104.71484375,282.546875,65.4168701171875,5.703125,133.359375,9.396875000000023
2007-07-18 05:00:00+00:00,36.9140625,115.6796875,282.765625,62.301513671875,5.50390625,152.59375,9.615625000000023
2007-07-18 06:00:00+00:00,15.51953125,25.32421875,282.828125,63.31793212890625,5.12109375,40.84375,9.678125000000023
2007-07-18 07:00:00+00:00,0.03515625,1.10546875,282.453125,63.40386962890625,4.734375,1.140625,9.303125000000023
2007-07-18 08:00:00+00:00,0.0,0.0,282.28125,63.81817626953125,4.533203125,0.0,9.131250000000023
2007-07-18 09:00:00+00:00,0.0,0.0,281.828125,72.40716552734375,4.40234375,0.0,8.678125000000023
2007-07-18 10:00:00+00:00,0.0,0.0,281.875,72.8739013671875,3.822265625,0.0,8.725000000000023
2007-07-18 11:00:00+00:00,0.0,0.0,281.890625,71.8011474609375,3.62109375,0.0,8.740625000000023
2007-07-18 12:00:00+00:00,0.0,0.0,281.859375,71.88775634765625,3.92578125,0.0,8.709375000000023
2007-07-18 13:00:00+00:00,0.0,0.0,281.78125,73.69451904296875,3.685546875,0.0,8.631250000000023
2007-07-18 14:00:00+00:00,0.0,0.0,281.40625,78.859619140625,3.58203125,0.0,8.256250000000023
2007-07-18 15:00:00+00:00,0.0,0.0,280.6875,89.52130126953125,3.771484375,0.0,7.537500000000023
2007-07-18 16:00:00+00:00,0.0,0.0,280.484375,91.32977294921875,3.490234375,0.0,7.334375000000023
2007-07-18 17:00:00+00:00,0.0,0.0,280.828125,89.44256591796875,3.283203125,0.0,7.678125000000023
2007-07-18 18:00:00+00:00,0.0,0.0,281.171875,84.903564453125,2.876953125,0.0,8.021875000000023
2007-07-18 19:00:00+00:00,0.0,0.0,281.25,81.0831298828125,2.79296875,0.0,8.100000000000023
2007-07-18 20:00:00+00:00,0.0,0.0,281.234375,80.885009765625,2.34375,0.0,8.084375000000023
2007-07-18 21:00:00+00:00,0.0,2.125,280.390625,90.47930908203125,2.51953125,2.125,7.240625000000023
2007-07-18 22:00:00+00:00,0.0,9.140625,280.84375,88.70599365234375,1.943359375,9.140625,7.693750000000023
2007-07-18 23:00:00+00:00,66.484375,82.25,281.0625,86.63824462890625,1.802734375,148.734375,7.912500000000023
2007-07-19 00:00:00+00:00,111.0,63.078125,282.5,81.74371337890625,1.94140625,174.078125,9.350000000000023
2007-07-19 01:00:00+00:00,24.0390625,26.0390625,282.734375,83.0537109375,2.537109375,50.078125,9.584375000000023
2007-07-19 02:00:00+00:00,21.80078125,153.74609375,282.078125,87.65203857421875,2.513671875,175.546875,8.928125000000023
2007-07-19 03:00:00+00:00,35.8828125,16.5546875,283.671875,75.07568359375,3.609375,52.4375,10.521875000000023
2007-07-19 04:00:00+00:00,49.22265625,187.73046875,283.703125,70.82861328125,3.859375,236.953125,10.553125000000023
2007-07-19 05:00:00+00:00,29.19140625,127.08984375,284.578125,66.304931640625,4.48046875,156.28125,11.428125000000023
2007-07-19 06:00:00+00:00,8.7109375,38.2890625,284.359375,68.11761474609375,4.08984375,47.0,11.209375000000023
2007-07-19 07:00:00+00:00,0.00390625,1.65234375,283.6875,71.81597900390625,3.302734375,1.65625,10.537500000000023
2007-07-19 08:00:00+00:00,0.0,0.0,283.140625,75.10784912109375,2.763671875,0.0,9.990625000000023
2007-07-19 09:00:00+00:00,0.0,0.0,282.296875,80.99261474609375,2.640625,0.0,9.146875000000023
2007-07-19 10:00:00+00:00,0.0,0.0,282.546875,79.462158203125,2.55078125,0.0,9.396875000000023
2007-07-19 11:00:00+00:00,0.0,0.0,282.34375,80.119384765625,2.546875,0.0,9.193750000000023
2007-07-19 12:00:00+00:00,0.0,0.0,282.1875,81.01702880859375,2.189453125,0.0,9.037500000000023
2007-07-19 13:00:00+00:00,0.0,0.0,281.96875,83.80401611328125,1.638671875,0.0,8.818750000000023
2007-07-19 14:00:00+00:00,0.0,0.0,281.203125,90.76824951171875,1.51953125,0.0,8.053125000000023
2007-07-19 15:00:00+00:00,0.0,0.0,280.234375,93.85992431640625,1.271484375,0.0,7.084375000000023
2007-07-19 16:00:00+00:00,0.0,0.0,280.15625,95.3946533203125,0.810546875,0.0,7.006250000000023
2007-07-19 17:00:00+00:00,0.0,0.0,278.6875,97.32513427734375,0.693359375,0.0,5.537500000000023
2007-07-19 18:00:00+00:00,0.0,0.0,278.46875,97.36785888671875,1.01171875,0.0,5.318750000000023
2007-07-19 19:00:00+00:00,0.0,0.0,278.1875,98.420654296875,1.17578125,0.0,5.037500000000023
2007-07-19 20:00:00+00:00,0.0,0.0,277.796875,98.47796630859375,1.078125,0.0,4.646875000000023
2007-07-19 21:00:00+00:00,0.0234375,2.0859375,277.640625,98.67193603515625,1.2890625,2.109375,4.490625000000023
2007-07-19 22:00:00+00:00,2.46484375,39.89453125,278.765625,98.0462646484375,1.1875,42.359375,5.615625000000023
2007-07-19 23:00:00+00:00,2.51171875,100.95703125,279.3125,97.488037109375,1.462890625,103.46875,6.162500000000023
2007-07-20 00:00:00+00:00,26.421875,150.703125,280.21875,95.315185546875,1.32421875,177.125,7.068750000000023
2007-07-20 01:00:00+00:00,9.46484375,186.75390625,280.9375,93.31365966796875,1.181640625,196.21875,7.787500000000023
2007-07-20 02:00:00+00:00,0.53515625,66.51171875,281.671875,90.953857421875,1.357421875,67.046875,8.521875000000023
2007-07-20 03:00:00+00:00,49.18359375,192.31640625,282.90625,92.33502197265625,1.6640625,241.5,9.756250000000023
2007-07-20 04:00:00+00:00,66.55078125,202.85546875,283.4375,88.2178955078125,2.369140625,269.40625,10.287500000000023
2007-07-20 05:00:00+00:00,123.453125,87.125,283.6875,85.61358642578125,2.306640625,210.578125,10.537500000000023
2007-07-20 06:00:00+00:00,16.203125,35.671875,283.671875,86.70306396484375,2.3203125,51.875,10.521875000000023
2007-07-20 07:00:00+00:00,0.0,1.78125,283.375,88.671630859375,1.849609375,1.78125,10.225000000000023
2007-07-20 08:00:00+00:00,0.0,0.0,282.921875,87.638427734375,1.080078125,0.0,9.771875000000023
2007-07-20 09:00:00+00:00,0.0,0.0,282.46875,88.39794921875,1.6640625,0.0,9.318750000000023
2007-07-20 10:00:00+00:00,0.0,0.0,282.296875,89.16546630859375,1.3984375,0.0,9.146875000000023
2007-07-20 11:00:00+00:00,0.0,0.0,280.625,93.30242919921875,1.21484375,0.0,7.475000000000023
2007-07-20 12:00:00+00:00,0.0,0.0,279.703125,95.89862060546875,0.89453125,0.0,6.553125000000023
2007-07-20 13:00:00+00:00,0.0,0.0,279.0625,97.85797119140625,0.888671875,0.0,5.912500000000023
2007-07-20 14:00:00+00:00,0.0,0.0,279.0,97.89117431640625,0.833984375,0.0,5.850000000000023
2007-07-20 15:00:00+00:00,0.0,0.0,277.21875,100.22540283203125,1.03125,0.0,4.068750000000023
2007-07-20 16:00:00+00:00,0.0,0.0,276.828125,99.5760498046875,1.203125,0.0,3.6781250000000227
2007-07-20 17:00:00+00:00,0.0,0.0,276.109375,100.12298583984375,1.44140625,0.0,2.9593750000000227
2007-07-20 18:00:00+00:00,0.0,0.0,276.234375,99.5457763671875,1.119140625,0.0,3.0843750000000227
2007-07-20 19:00:00+00:00,0.0,0.0,276.109375,99.50628662109375,1.458984375,0.0,2.9593750000000227
2007-07-20 20:00:00+00:00,0.0,0.0,275.828125,99.748046875,1.537109375,0.0,2.6781250000000227
2007-07-20 21:00:00+00:00,0.0,5.125,275.5,99.3477783203125,2.013671875,5.125,2.3500000000000227
2007-07-20 22:00:00+00:00,0.7421875,64.1328125,275.796875,99.19720458984375,1.74609375,64.875,2.6468750000000227
2007-07-20 23:00:00+00:00,19.6640625,146.3671875,276.296875,98.67523193359375,1.6640625,166.03125,3.1468750000000227
2007-07-21 00:00:00+00:00,34.16015625,211.71484375,277.078125,97.97601318359375,1.43359375,245.875,3.9281250000000227
2007-07-21 01:00:00+00:00,115.3046875,250.0234375,278.0,96.553955078125,1.69921875,365.328125,4.850000000000023
2007-07-21 02:00:00+00:00,103.09765625,214.23046875,279.1875,91.50494384765625,1.736328125,317.328125,6.037500000000023
2007-07-21 03:00:00+00:00,74.4140625,239.8203125,279.921875,90.87432861328125,1.361328125,314.234375,6.771875000000023
2007-07-21 04:00:00+00:00,109.16796875,170.72265625,280.453125,89.1007080078125,1.01171875,279.890625,7.303125000000023
2007-07-21 05:00:00+00:00,30.69140625,117.05859375,280.859375,87.50579833984375,0.515625,147.75,7.709375000000023
2007-07-21 06:00:00+00:00,37.15234375,52.70703125,281.015625,87.80157470703125,0.755859375,89.859375,7.865625000000023
2007-07-21 07:00:00+00:00,0.7890625,2.6953125,280.53125,91.13482666015625,0.64453125,3.484375,7.381250000000023
2007-07-21 08:00:00+00:00,0.0,0.0,280.125,90.88189697265625,1.275390625,0.0,6.975000000000023
2007-07-21 09:00:00+00:00,0.0,0.0,280.25,92.673583984375,1.4453125,0.0,7.100000000000023
2007-07-21 10:00:00+00:00,0.0,0.0,280.265625,91.9066162109375,1.1171875,0.0,7.115625000000023
2007-07-21 11:00:00+00:00,0.0,0.0,279.5,92.83233642578125,0.888671875,0.0,6.350000000000023
2007-07-21 12:00:00+00:00,0.0,0.0,278.890625,94.1981201171875,0.962890625,0.0,5.740625000000023
2007-07-21 13:00:00+00:00,0.0,0.0,278.640625,94.74920654296875,1.232421875,0.0,5.490625000000023
2007-07-21 14:00:00+00:00,0.0,0.0,278.359375,95.031005859375,1.326171875,0.0,5.209375000000023
2007-07-21 15:00:00+00:00,0.0,0.0,276.96875,98.017822265625,1.3046875,0.0,3.8187500000000227
2007-07-21 16:00:00+00:00,0.0,0.0,275.90625,99.57305908203125,0.865234375,0.0,2.7562500000000227
2007-07-21 17:00:00+00:00,0.0,0.0,275.953125,99.63873291015625,1.259765625,0.0,2.8031250000000227
2007-07-21 18:00:00+00:00,0.0,0.0,275.984375,98.69183349609375,1.478515625,0.0,2.8343750000000227
2007-07-21 19:00:00+00:00,0.0,0.0,275.796875,96.86865234375,1.6953125,0.0,2.6468750000000227
2007-07-21 20:00:00+00:00,0.0,0.0,275.609375,95.13592529296875,1.87109375,0.0,2.4593750000000227
2007-07-21 21:00:00+00:00,0.125,6.3125,274.234375,99.81561279296875,1.7734375,6.4375,1.0843750000000227
2007-07-21 22:00:00+00:00,10.890625,70.359375,274.453125,99.397705078125,1.576171875,81.25,1.3031250000000227
2007-07-21 23:00:00+00:00,83.9609375,138.9453125,275.0625,98.33331298828125,1.625,222.90625,1.9125000000000227
2007-07-22 00:00:00+00:00,308.23828125,102.91796875,276.34375,92.64617919921875,1.759765625,411.15625,3.1937500000000227
2007-07-22 01:00:00+00:00,430.70703125,67.30859375,278.296875,83.250244140625,1.9375,498.015625,5.146875000000023
2007-07-22 02:00:00+00:00,460.7421875,60.7578125,280.125,74.0692138671875,2.18359375,521.5,6.975000000000023
2007-07-22 03:00:00+00:00,431.921875,55.734375,283.40625,61.207275390625,4.2890625,487.65625,10.256250000000023
2007-07-22 04:00:00+00:00,359.046875,43.4375,285.09375,48.45294189453125,4.8046875,402.484375,11.943750000000023
2007-07-22 05:00:00+00:00,233.46875,33.15625,285.53125,46.20794677734375,4.970703125,266.625,12.381250000000023
2007-07-22 06:00:00+00:00,70.09375,26.625,285.171875,48.01409912109375,4.5,96.71875,12.021875000000023
2007-07-22 07:00:00+00:00,1.48828125,2.65234375,283.953125,52.6011962890625,3.88671875,4.140625,10.803125000000023
2007-07-22 08:00:00+00:00,0.0,0.0,283.109375,57.56256103515625,4.041015625,0.0,9.959375000000023
2007-07-22 09:00:00+00:00,0.0,0.0,282.484375,64.26324462890625,3.4375,0.0,9.334375000000023
2007-07-22 10:00:00+00:00,0.0,0.0,281.9375,66.87628173828125,3.103515625,0.0,8.787500000000023
2007-07-22 11:00:00+00:00,0.0,0.0,281.21875,69.8048095703125,2.9453125,0.0,8.068750000000023
2007-07-22 12:00:00+00:00,0.0,0.0,280.8125,71.3349609375,2.74609375,0.0,7.662500000000023
2007-07-22 13:00:00+00:00,0.0,0.0,280.578125,71.4993896484375,2.76953125,0.0,7.428125000000023
2007-07-22 14:00:00+00:00,0.0,0.0,280.8125,69.42022705078125,3.2265625,0.0,7.662500000000023
2007-07-22 15:00:00+00:00,0.0,0.0,279.296875,76.239990234375,3.14453125,0.0,6.146875000000023
2007-07-22 16:00:00+00:00,0.0,0.0,279.5625,73.52203369140625,3.65625,0.0,6.412500000000023
2007-07-22 17:00:00+00:00,0.0,0.0,279.3125,74.9434814453125,3.31640625,0.0,6.162500000000023
2007-07-22 18:00:00+00:00,0.0,0.0,278.8125,77.44378662109375,3.0703125,0.0,5.662500000000023
2007-07-22 19:00:00+00:00,0.0,0.0,278.71875,77.5791015625,3.25,0.0,5.568750000000023
2007-07-22 20:00:00+00:00,0.0,0.0,278.765625,76.753173828125,3.412109375,0.0,5.615625000000023
2007-07-22 21:00:00+00:00,1.66796875,7.25390625,277.453125,82.41180419921875,3.1328125,8.921875,4.303125000000023
2007-07-22 22:00:00+00:00,80.01953125,48.65234375,278.3125,78.6612548828125,3.53125,128.671875,5.162500000000023
2007-07-22 23:00:00+00:00,224.234375,63.296875,280.09375,70.35369873046875,3.806640625,287.53125,6.943750000000023
2007-07-23 00:00:00+00:00,353.5859375,65.8515625,281.78125,63.48089599609375,4.080078125,419.4375,8.631250000000023
2007-07-23 01:00:00+00:00,436.81640625,61.90234375,283.46875,55.71185302734375,4.689453125,498.71875,10.318750000000023
2007-07-23 02:00:00+00:00,448.7890625,67.6171875,284.875,46.91845703125,6.001953125,516.40625,11.725000000000023
2007-07-23 03:00:00+00:00,404.765625,68.3125,286.265625,47.709228515625,6.296875,473.078125,13.115625000000023
2007-07-23 04:00:00+00:00,254.33203125,100.48046875,287.0625,43.62432861328125,5.958984375,354.8125,13.912500000000023
2007-07-23 05:00:00+00:00,159.31640625,77.93359375,287.125,42.99951171875,5.96484375,237.25,13.975000000000023
2007-07-23 06:00:00+00:00,24.1015625,43.2109375,286.765625,44.98590087890625,5.71875,67.3125,13.615625000000023
2007-07-23 07:00:00+00:00,0.01171875,1.59765625,285.78125,50.03131103515625,5.68359375,1.609375,12.631250000000023
2007-07-23 08:00:00+00:00,0.0,0.0,285.3125,54.040283203125,5.46875,0.0,12.162500000000023
2007-07-23 09:00:00+00:00,0.0,0.0,284.765625,60.71099853515625,4.962890625,0.0,11.615625000000023
2007-07-23 10:00:00+00:00,0.0,0.0,284.375,62.19635009765625,4.890625,0.0,11.225000000000023
2007-07-23 11:00:00+00:00,0.0,0.0,283.984375,63.550537109375,4.736328125,0.0,10.834375000000023
2007-07-23 12:00:00+00:00,0.0,0.0,284.046875,63.4515380859375,5.06640625,0.0,10.896875000000023
2007-07-23 13:00:00+00:00,0.0,0.0,283.703125,65.28485107421875,5.08203125,0.0,10.553125000000023
2007-07-23 14:00:00+00:00,0.0,0.0,283.546875,66.64532470703125,4.59375,0.0,10.396875000000023
2007-07-23 15:00:00+00:00,0.0,0.0,283.1875,66.93359375,4.626953125,0.0,10.037500000000023
2007-07-23 16:00:00+00:00,0.0,0.0,283.359375,65.56011962890625,4.787109375,0.0,10.209375000000023
2007-07-23 17:00:00+00:00,0.0,0.0,283.09375,66.08636474609375,5.0390625,0.0,9.943750000000023
2007-07-23 18:00:00+00:00,0.0,0.0,283.28125,64.80401611328125,5.68359375,0.0,10.131250000000023
2007-07-23 19:00:00+00:00,0.0,0.0,283.265625,63.84747314453125,5.57421875,0.0,10.115625000000023
2007-07-23 20:00:00+00:00,0.0,0.0,282.5625,65.40875244140625,3.876953125,0.0,9.412500000000023
2007-07-23 21:00:00+00:00,0.3828125,7.2578125,282.3125,66.17352294921875,4.40625,7.640625,9.162500000000023
2007-07-23 22:00:00+00:00,28.44921875,62.47265625,282.84375,61.76153564453125,5.177734375,90.921875,9.693750000000023
2007-07-23 23:00:00+00:00,56.2890625,131.6328125,283.59375,58.79180908203125,5.431640625,187.921875,10.443750000000023
2007-07-24 00:00:00+00:00,258.5390625,128.1484375,284.40625,55.61737060546875,5.4453125,386.6875,11.256250000000023
2007-07-24 01:00:00+00:00,307.2578125,133.0546875,285.953125,50.62103271484375,6.25390625,440.3125,12.803125000000023
2007-07-24 02:00:00+00:00,415.390625,91.34375,287.328125,45.05108642578125,6.375,506.734375,14.178125000000023
2007-07-24 03:00:00+00:00,432.734375,55.203125,288.734375,43.18109130859375,7.0390625,487.9375,15.584375000000023
2007-07-24 04:00:00+00:00,358.3828125,43.6953125,289.359375,39.95721435546875,6.865234375,402.078125,16.209375000000023
2007-07-24 05:00:00+00:00,236.11328125,32.76171875,289.5,39.5687255859375,6.642578125,268.875,16.350000000000023
2007-07-24 06:00:00+00:00,93.484375,15.6875,289.140625,41.3074951171875,6.412109375,109.171875,15.990625000000023
2007-07-24 07:00:00+00:00,3.078125,1.546875,288.171875,47.05499267578125,6.068359375,4.625,15.021875000000023
2007-07-24 08:00:00+00:00,0.0,0.0,287.203125,52.47283935546875,5.625,0.0,14.053125000000023
2007-07-24 09:00:00+00:00,0.0,0.0,286.28125,54.81610107421875,5.28125,0.0,13.131250000000023
2007-07-24 10:00:00+00:00,0.0,0.0,285.734375,56.7119140625,5.5,0.0,12.584375000000023
2007-07-24 11:00:00+00:00,0.0,0.0,285.390625,58.52142333984375,5.75390625,0.0,12.240625000000023
2007-07-24 12:00:00+00:00,0.0,0.0,285.15625,60.68572998046875,5.8359375,0.0,12.006250000000023
2007-07-24 13:00:00+00:00,0.0,0.0,284.96875,62.3648681640625,5.556640625,0.0,11.818750000000023
2007-07-24 14:00:00+00:00,0.0,0.0,284.828125,63.0338134765625,5.3984375,0.0,11.678125000000023
2007-07-24 15:00:00+00:00,0.0,0.0,284.515625,61.85211181640625,5.21484375,0.0,11.365625000000023
2007-07-24 16:00:00+00:00,0.0,0.0,284.46875,61.02093505859375,5.201171875,0.0,11.318750000000023
2007-07-24 17:00:00+00:00,0.0,0.0,284.40625,60.80596923828125,5.4453125,0.0,11.256250000000023
2007-07-24 18:00:00+00:00,0.0,0.0,284.25,60.6510009765625,5.400390625,0.0,11.100000000000023
2007-07-24 19:00:00+00:00,0.0,0.0,284.171875,60.01373291015625,5.431640625,0.0,11.021875000000023
2007-07-24 20:00:00+00:00,0.0,0.0,284.125,60.00665283203125,5.53125,0.0,10.975000000000023
2007-07-24 21:00:00+00:00,1.29296875,7.81640625,283.796875,62.47357177734375,5.484375,9.109375,10.646875000000023
2007-07-24 22:00:00+00:00,70.44921875,53.81640625,283.90625,61.65020751953125,5.666015625,124.265625,10.756250000000023
2007-07-24 23:00:00+00:00,208.984375,71.234375,284.75,58.60992431640625,5.626953125,280.21875,11.600000000000023
2007-07-25 00:00:00+00:00,317.4765625,85.6328125,286.1875,53.68023681640625,5.865234375,403.109375,13.037500000000023
2007-07-25 01:00:00+00:00,400.71875,83.96875,287.6875,48.79632568359375,6.349609375,484.6875,14.537500000000023
2007-07-25 02:00:00+00:00,417.453125,86.9375,289.03125,45.1280517578125,6.701171875,504.390625,15.881250000000023
2007-07-25 03:00:00+00:00,410.68359375,68.89453125,290.34375,44.39276123046875,6.771484375,479.578125,17.193750000000023
2007-07-25 04:00:00+00:00,279.98828125,86.76171875,291.171875,41.818115234375,6.849609375,366.75,18.021875000000023
2007-07-25 05:00:00+00:00,156.50390625,77.19921875,291.15625,41.81494140625,6.541015625,233.703125,18.006250000000023
2007-07-25 06:00:00+00:00,63.609375,36.03125,290.625,43.75775146484375,6.40625,99.640625,17.475000000000023
2007-07-25 07:00:00+00:00,1.83984375,2.89453125,289.65625,47.332763671875,6.255859375,4.734375,16.506250000000023
2007-07-25 08:00:00+00:00,0.0,0.0,288.734375,51.8292236328125,6.34375,0.0,15.584375000000023
2007-07-25 09:00:00+00:00,0.0,0.0,288.109375,55.5352783203125,6.400390625,0.0,14.959375000000023
2007-07-25 10:00:00+00:00,0.0,0.0,287.6875,56.613525390625,6.59765625,0.0,14.537500000000023
2007-07-25 11:00:00+00:00,0.0,0.0,287.375,57.58123779296875,6.484375,0.0,14.225000000000023
2007-07-25 12:00:00+00:00,0.0,0.0,287.21875,57.6263427734375,6.513671875,0.0,14.068750000000023
2007-07-25 13:00:00+00:00,0.0,0.0,287.15625,56.5556640625,6.708984375,0.0,14.006250000000023
2007-07-25 14:00:00+00:00,0.0,0.0,287.265625,54.41351318359375,6.65234375,0.0,14.115625000000023
2007-07-25 15:00:00+00:00,0.0,0.0,287.5625,53.71539306640625,6.62890625,0.0,14.412500000000023
2007-07-25 16:00:00+00:00,0.0,0.0,287.359375,52.64569091796875,6.775390625,0.0,14.209375000000023
2007-07-25 17:00:00+00:00,0.0,0.0,287.359375,51.59710693359375,6.9296875,0.0,14.209375000000023
2007-07-25 18:00:00+00:00,0.0,0.0,287.265625,51.30364990234375,6.8125,0.0,14.115625000000023
2007-07-25 19:00:00+00:00,0.0,0.0,286.953125,52.03985595703125,6.46875,0.0,13.803125000000023
2007-07-25 20:00:00+00:00,0.0,0.0,286.6875,52.6951904296875,5.810546875,0.0,13.537500000000023
2007-07-25 21:00:00+00:00,0.0,1.65625,286.4375,60.2320556640625,5.486328125,1.65625,13.287500000000023
2007-07-25 22:00:00+00:00,0.0,17.015625,286.375,58.82940673828125,6.060546875,17.015625,13.225000000000023
2007-07-25 23:00:00+00:00,0.00390625,68.18359375,286.015625,60.43121337890625,6.453125,68.1875,12.865625000000023
2007-07-26 00:00:00+00:00,14.45703125,132.21484375,286.203125,61.4842529296875,5.37890625,146.671875,13.053125000000023
2007-07-26 01:00:00+00:00,307.4765625,157.0703125,286.71875,59.96392822265625,5.568359375,464.546875,13.568750000000023
2007-07-26 02:00:00+00:00,313.1484375,141.1171875,288.625,54.1343994140625,5.806640625,454.265625,15.475000000000023
2007-07-26 03:00:00+00:00,148.0625,182.34375,289.15625,59.02459716796875,6.515625,330.40625,16.006250000000023
2007-07-26 04:00:00+00:00,22.01171875,92.78515625,289.296875,58.22943115234375,7.203125,114.796875,16.146875000000023
2007-07-26 05:00:00+00:00,5.859375,16.65625,287.609375,69.0528564453125,6.158203125,22.515625,14.459375000000023
2007-07-26 06:00:00+00:00,47.109375,44.296875,287.015625,72.725341796875,5.0703125,91.40625,13.865625000000023
2007-07-26 07:00:00+00:00,1.27734375,3.48828125,286.75,72.4368896484375,5.21875,4.765625,13.600000000000023
2007-07-26 08:00:00+00:00,0.0,0.0,286.1875,73.53900146484375,4.9375,0.0,13.037500000000023
2007-07-26 09:00:00+00:00,0.0,0.0,286.28125,69.49224853515625,5.001953125,0.0,13.131250000000023
2007-07-26 10:00:00+00:00,0.0,0.0,285.984375,71.23394775390625,4.564453125,0.0,12.834375000000023
2007-07-26 11:00:00+00:00,0.0,0.0,285.9375,71.60009765625,5.005859375,0.0,12.787500000000023
2007-07-26 12:00:00+00:00,0.0,0.0,285.84375,71.9957275390625,5.375,0.0,12.693750000000023
2007-07-26 13:00:00+00:00,0.0,0.0,285.765625,71.88299560546875,5.126953125,0.0,12.615625000000023
2007-07-26 14:00:00+00:00,0.0,0.0,285.6875,72.65216064453125,4.82421875,0.0,12.537500000000023
2007-07-26 15:00:00+00:00,0.0,0.0,285.21875,73.56817626953125,4.833984375,0.0,12.068750000000023
2007-07-26 16:00:00+00:00,0.0,0.0,284.890625,76.298828125,5.087890625,0.0,11.740625000000023
2007-07-26 17:00:00+00:00,0.0,0.0,284.578125,77.86822509765625,5.06640625,0.0,11.428125000000023
2007-07-26 18:00:00+00:00,0.0,0.0,284.359375,78.09515380859375,4.861328125,0.0,11.209375000000023
2007-07-26 19:00:00+00:00,0.0,0.0,284.109375,78.19683837890625,4.73828125,0.0,10.959375000000023
2007-07-26 20:00:00+00:00,0.0,0.0,283.71875,79.24578857421875,4.80859375,0.0,10.568750000000023
2007-07-26 21:00:00+00:00,1.86328125,8.71484375,283.25,79.07452392578125,5.283203125,10.578125,10.100000000000023
2007-07-26 22:00:00+00:00,75.70703125,54.19921875,283.203125,78.96539306640625,6.056640625,129.90625,10.053125000000023
2007-07-26 23:00:00+00:00,112.6875,110.046875,283.703125,75.6614990234375,6.6171875,222.734375,10.553125000000023
2007-07-27 00:00:00+00:00,25.6953125,70.1640625,284.203125,71.88916015625,6.783203125,95.859375,11.053125000000023
2007-07-27 01:00:00+00:00,115.16796875,145.58203125,284.265625,72.5980224609375,6.484375,260.75,11.115625000000023
2007-07-27 02:00:00+00:00,269.69921875,183.26953125,285.59375,68.42010498046875,5.958984375,452.96875,12.443750000000023
2007-07-27 03:00:00+00:00,40.5234375,173.9296875,287.203125,59.0506591796875,6.740234375,214.453125,14.053125000000023
2007-07-27 04:00:00+00:00,61.9921875,189.6953125,287.296875,58.92132568359375,6.375,251.6875,14.146875000000023
2007-07-27 05:00:00+00:00,106.2734375,59.3671875,287.265625,62.2891845703125,6.064453125,165.640625,14.115625000000023
2007-07-27 06:00:00+00:00,53.5234375,40.8046875,287.015625,65.19989013671875,5.63671875,94.328125,13.865625000000023
2007-07-27 07:00:00+00:00,0.73046875,3.89453125,286.296875,71.86297607421875,5.171875,4.625,13.146875000000023
2007-07-27 08:00:00+00:00,0.0,0.0,285.640625,79.7969970703125,5.052734375,0.0,12.490625000000023
2007-07-27 09:00:00+00:00,0.0,0.0,284.796875,77.89727783203125,4.96875,0.0,11.646875000000023
2007-07-27 10:00:00+00:00,0.0,0.0,284.5625,76.53521728515625,4.794921875,0.0,11.412500000000023
2007-07-27 11:00:00+00:00,0.0,0.0,284.109375,78.47509765625,4.642578125,0.0,10.959375000000023
2007-07-27 12:00:00+00:00,0.0,0.0,283.71875,79.70819091796875,4.72265625,0.0,10.568750000000023
2007-07-27 13:00:00+00:00,0.0,0.0,283.3125,80.35247802734375,4.96875,0.0,10.162500000000023
2007-07-27 14:00:00+00:00,0.0,0.0,283.015625,81.6468505859375,5.150390625,0.0,9.865625000000023
2007-07-27 15:00:00+00:00,0.0,0.0,282.734375,82.934326171875,5.0078125,0.0,9.584375000000023
2007-07-27 16:00:00+00:00,0.0,0.0,282.421875,83.65484619140625,4.916015625,0.0,9.271875000000023
2007-07-27 17:00:00+00:00,0.0,0.0,282.28125,83.2215576171875,4.970703125,0.0,9.131250000000023
2007-07-27 18:00:00+00:00,0.0,0.0,282.421875,83.421142578125,4.974609375,0.0,9.271875000000023
2007-07-27 19:00:00+00:00,0.0,0.0,282.03125,85.76287841796875,4.791015625,0.0,8.881250000000023
2007-07-27 20:00:00+00:00,0.0,0.0,282.078125,85.86138916015625,4.767578125,0.0,8.928125000000023
2007-07-27 21:00:00+00:00,1.9375,9.015625,281.96875,85.334716796875,4.78515625,10.953125,8.818750000000023
2007-07-27 22:00:00+00:00,28.2421875,50.4921875,281.8125,86.14990234375,4.59765625,78.734375,8.662500000000023
2007-07-27 23:00:00+00:00,76.8203125,135.4609375,282.53125,83.07977294921875,4.67578125,212.28125,9.381250000000023
2007-07-28 00:00:00+00:00,205.37109375,154.95703125,283.46875,78.42144775390625,5.35546875,360.328125,10.318750000000023
2007-07-28 01:00:00+00:00,288.43359375,118.78515625,284.453125,70.8538818359375,5.56640625,407.21875,11.303125000000023
2007-07-28 02:00:00+00:00,367.25390625,99.24609375,284.96875,65.35467529296875,5.43359375,466.5,11.818750000000023
2007-07-28 03:00:00+00:00,346.3203125,91.5390625,285.5,62.71051025390625,5.3359375,437.859375,12.350000000000023
2007-07-28 04:00:00+00:00,145.546875,54.875,285.9375,58.2442626953125,4.70703125,200.421875,12.787500000000023
2007-07-28 05:00:00+00:00,83.6015625,111.4609375,285.796875,58.5443115234375,4.07421875,195.0625,12.646875000000023
2007-07-28 06:00:00+00:00,8.796875,54.609375,285.796875,59.32244873046875,3.779296875,63.40625,12.646875000000023
2007-07-28 07:00:00+00:00,2.1328125,3.7890625,285.140625,62.64544677734375,3.271484375,5.921875,11.990625000000023
2007-07-28 08:00:00+00:00,0.0,0.0,284.109375,67.6943359375,2.900390625,0.0,10.959375000000023
2007-07-28 09:00:00+00:00,0.0,0.0,283.046875,74.69317626953125,2.046875,0.0,9.896875000000023
2007-07-28 10:00:00+00:00,0.0,0.0,282.3125,79.18023681640625,1.705078125,0.0,9.162500000000023
2007-07-28 11:00:00+00:00,0.0,0.0,282.109375,82.95745849609375,2.078125,0.0,8.959375000000023
2007-07-28 12:00:00+00:00,0.0,0.0,283.25,79.08465576171875,1.5390625,0.0,10.100000000000023
2007-07-28 13:00:00+00:00,0.0,0.0,282.859375,81.93426513671875,1.814453125,0.0,9.709375000000023
2007-07-28 14:00:00+00:00,0.0,0.0,282.703125,80.39178466796875,2.16015625,0.0,9.553125000000023
2007-07-28 15:00:00+00:00,0.0,0.0,279.609375,84.15216064453125,1.689453125,0.0,6.459375000000023
2007-07-28 16:00:00+00:00,0.0,0.0,279.59375,82.30157470703125,2.0234375,0.0,6.443750000000023
2007-07-28 17:00:00+00:00,0.0,0.0,280.203125,78.51422119140625,1.962890625,0.0,7.053125000000023
2007-07-28 18:00:00+00:00,0.0,0.0,279.65625,80.16168212890625,2.041015625,0.0,6.506250000000023
2007-07-28 19:00:00+00:00,0.0,0.0,279.890625,78.1302490234375,2.064453125,0.0,6.740625000000023
2007-07-28 20:00:00+00:00,0.0,0.0,279.515625,80.19085693359375,2.306640625,0.0,6.365625000000023
2007-07-28 21:00:00+00:00,0.01171875,9.39453125,278.734375,84.32696533203125,2.7265625,9.40625,5.584375000000023
2007-07-28 22:00:00+00:00,1.4921875,81.7890625,279.1875,82.43231201171875,2.80859375,83.28125,6.037500000000023
2007-07-28 23:00:00+00:00,1.265625,65.109375,280.34375,77.83416748046875,3.017578125,66.375,7.193750000000023
2007-07-29 00:00:00+00:00,41.2578125,233.1953125,280.734375,76.29473876953125,3.181640625,274.453125,7.584375000000023
2007-07-29 01:00:00+00:00,20.07421875,235.87890625,282.15625,70.4649658203125,3.55078125,255.953125,9.006250000000023
2007-07-29 02:00:00+00:00,56.9609375,275.8515625,282.953125,67.3441162109375,3.958984375,332.8125,9.803125000000023
2007-07-29 03:00:00+00:00,13.296875,222.328125,284.53125,62.5181884765625,4.755859375,235.625,11.381250000000023
2007-07-29 04:00:00+00:00,144.84765625,189.15234375,285.078125,60.83343505859375,4.501953125,334.0,11.928125000000023
2007-07-29 05:00:00+00:00,35.2265625,131.8828125,285.8125,58.20489501953125,4.41796875,167.109375,12.662500000000023
2007-07-29 06:00:00+00:00,8.40625,57.96875,285.65625,58.86981201171875,4.287109375,66.375,12.506250000000023
2007-07-29 07:00:00+00:00,0.125,4.5,284.859375,63.06494140625,3.662109375,4.625,11.709375000000023
2007-07-29 08:00:00+00:00,0.0,0.0,284.359375,66.05108642578125,3.38671875,0.0,11.209375000000023
2007-07-29 09:00:00+00:00,0.0,0.0,283.578125,71.23895263671875,3.212890625,0.0,10.428125000000023
2007-07-29 10:00:00+00:00,0.0,0.0,283.0,74.603271484375,3.439453125,0.0,9.850000000000023
2007-07-29 11:00:00+00:00,0.0,0.0,282.875,75.94451904296875,3.216796875,0.0,9.725000000000023
2007-07-29 12:00:00+00:00,0.0,0.0,282.609375,77.31866455078125,2.880859375,0.0,9.459375000000023
2007-07-29 13:00:00+00:00,0.0,0.0,282.328125,79.1126708984375,2.83203125,0.0,9.178125000000023
2007-07-29 14:00:00+00:00,0.0,0.0,282.203125,80.38702392578125,2.8125,0.0,9.053125000000023
2007-07-29 15:00:00+00:00,0.0,0.0,281.5625,83.380859375,2.884765625,0.0,8.412500000000023
2007-07-29 16:00:00+00:00,0.0,0.0,281.03125,87.1463623046875,3.0390625,0.0,7.881250000000023
2007-07-29 17:00:00+00:00,0.0,0.0,280.9375,87.784912109375,3.10546875,0.0,7.787500000000023
2007-07-29 18:00:00+00:00,0.0,0.0,280.765625,88.44989013671875,3.068359375,0.0,7.615625000000023
2007-07-29 19:00:00+00:00,0.0,0.0,281.265625,86.6444091796875,3.064453125,0.0,8.115625000000023
2007-07-29 20:00:00+00:00,0.0,0.0,281.3125,86.89849853515625,3.15625,0.0,8.162500000000023
2007-07-29 21:00:00+00:00,0.0,2.625,281.5625,92.83642578125,3.251953125,2.625,8.412500000000023
2007-07-29 22:00:00+00:00,0.0,40.484375,281.703125,93.93072509765625,3.09765625,40.484375,8.553125000000023
2007-07-29 23:00:00+00:00,34.6953125,106.1953125,282.171875,94.0517578125,2.626953125,140.890625,9.021875000000023
2007-07-30 00:00:00+00:00,92.66796875,140.48828125,283.34375,93.8822021484375,2.125,233.15625,10.193750000000023
2007-07-30 01:00:00+00:00,21.34375,118.484375,284.53125,90.39288330078125,2.82421875,139.828125,11.381250000000023
2007-07-30 02:00:00+00:00,26.21875,131.921875,284.875,86.56512451171875,3.095703125,158.140625,11.725000000000023
2007-07-30 03:00:00+00:00,132.62109375,166.97265625,285.328125,79.47393798828125,3.48046875,299.59375,12.178125000000023
2007-07-30 04:00:00+00:00,121.2421875,162.2109375,286.0,72.70111083984375,3.14453125,283.453125,12.850000000000023
2007-07-30 05:00:00+00:00,130.33203125,113.68359375,286.390625,68.07720947265625,2.5390625,244.015625,13.240625000000023
2007-07-30 06:00:00+00:00,56.11328125,43.43359375,286.453125,66.142333984375,2.001953125,99.546875,13.303125000000023
2007-07-30 07:00:00+00:00,1.60546875,4.87890625,285.234375,71.58868408203125,1.439453125,6.484375,12.084375000000023
2007-07-30 08:00:00+00:00,0.0,0.0,283.71875,81.32452392578125,1.28125,0.0,10.568750000000023
2007-07-30 09:00:00+00:00,0.0,0.0,282.53125,88.1180419921875,0.939453125,0.0,9.381250000000023
2007-07-30 10:00:00+00:00,0.0,0.0,282.0625,89.26141357421875,1.275390625,0.0,8.912500000000023
2007-07-30 11:00:00+00:00,0.0,0.0,281.734375,89.963134765625,1.244140625,0.0,8.584375000000023
2007-07-30 12:00:00+00:00,0.0,0.0,281.703125,90.2230224609375,1.58203125,0.0,8.553125000000023
2007-07-30 13:00:00+00:00,0.0,0.0,281.578125,91.12347412109375,2.001953125,0.0,8.428125000000023
2007-07-30 14:00:00+00:00,0.0,0.0,281.828125,91.29931640625,2.203125,0.0,8.678125000000023
2007-07-30 15:00:00+00:00,0.0,0.0,281.78125,89.926025390625,2.47265625,0.0,8.631250000000023
2007-07-30 16:00:00+00:00,0.0,0.0,281.609375,88.8814697265625,2.412109375,0.0,8.459375000000023
2007-07-30 17:00:00+00:00,0.0,0.0,282.078125,83.34918212890625,2.197265625,0.0,8.928125000000023
2007-07-30 18:00:00+00:00,0.0,0.0,281.953125,83.70660400390625,2.484375,0.0,8.803125000000023
2007-07-30 19:00:00+00:00,0.0,0.0,282.15625,84.87884521484375,2.509765625,0.0,9.006250000000023
2007-07-30 20:00:00+00:00,0.0,0.0,281.515625,87.89349365234375,2.935546875,0.0,8.365625000000023
2007-07-30 21:00:00+00:00,0.00390625,8.65234375,281.125,87.244384765625,3.189453125,8.65625,7.975000000000023
2007-07-30 22:00:00+00:00,1.16796875,80.26953125,281.453125,84.76104736328125,3.75390625,81.4375,8.303125000000023
2007-07-30 23:00:00+00:00,6.140625,137.953125,282.359375,83.8331298828125,4.265625,144.09375,9.209375000000023
2007-07-31 00:00:00+00:00,164.046875,161.0,283.21875,81.61761474609375,4.96875,325.046875,10.068750000000023
2007-07-31 01:00:00+00:00,151.484375,187.09375,284.8125,72.28253173828125,6.908203125,338.578125,11.662500000000023
2007-07-31 02:00:00+00:00,33.078125,156.609375,285.265625,68.338134765625,8.603515625,189.6875,12.115625000000023
2007-07-31 03:00:00+00:00,198.6953125,204.8828125,285.40625,64.22509765625,8.501953125,403.578125,12.256250000000023
2007-07-31 04:00:00+00:00,261.9765625,105.4609375,286.109375,61.18841552734375,8.693359375,367.4375,12.959375000000023
2007-07-31 05:00:00+00:00,144.00390625,99.80859375,286.453125,57.94635009765625,9.37109375,243.8125,13.303125000000023
2007-07-31 06:00:00+00:00,89.59375,34.140625,286.125,62.24969482421875,9.28125,123.734375,12.975000000000023
2007-07-31 07:00:00+00:00,4.7421875,3.2421875,285.40625,62.85540771484375,9.21875,7.984375,12.256250000000023
2007-07-31 08:00:00+00:00,0.0,0.0,284.703125,66.26123046875,9.1875,0.0,11.553125000000023
2007-07-31 09:00:00+00:00,0.0,0.0,284.53125,65.7589111328125,9.94140625,0.0,11.381250000000023
2007-07-31 10:00:00+00:00,0.0,0.0,284.25,68.01507568359375,10.37890625,0.0,11.100000000000023
2007-07-31 11:00:00+00:00,0.0,0.0,284.234375,67.96697998046875,10.3125,0.0,11.084375000000023
2007-07-31 12:00:00+00:00,0.0,0.0,284.328125,70.12066650390625,9.478515625,0.0,11.178125000000023
2007-07-31 13:00:00+00:00,0.0,0.0,284.421875,71.52093505859375,8.951171875,0.0,11.271875000000023
2007-07-31 14:00:00+00:00,0.0,0.0,284.578125,73.508544921875,8.357421875,0.0,11.428125000000023
2007-07-31 15:00:00+00:00,0.0,0.0,284.421875,74.43316650390625,8.861328125,0.0,11.271875000000023
2007-07-31 16:00:00+00:00,0.0,0.0,284.171875,78.81756591796875,8.17578125,0.0,11.021875000000023
2007-07-31 17:00:00+00:00,0.0,0.0,284.09375,78.11236572265625,7.697265625,0.0,10.943750000000023
2007-07-31 18:00:00+00:00,0.0,0.0,283.90625,81.19378662109375,6.751953125,0.0,10.756250000000023
2007-07-31 19:00:00+00:00,0.0,0.0,283.921875,81.70538330078125,6.078125,0.0,10.771875000000023
2007-07-31 20:00:00+00:00,0.0,0.0,283.59375,83.1820068359375,5.546875,0.0,10.443750000000023
2007-07-31 21:00:00+00:00,3.1015625,11.1484375,283.046875,83.72613525390625,5.939453125,14.25,9.896875000000023
2007-07-31 22:00:00+00:00,83.703125,58.0,283.046875,83.73974609375,5.958984375,141.703125,9.896875000000023
2007-07-31 23:00:00+00:00,218.9609375,77.4140625,283.796875,80.69903564453125,5.923828125,296.375,10.646875000000023
2007-08-01 00:00:00+00:00,315.53125,96.1875,284.828125,76.66729736328125,6.109375,411.71875,11.678125000000023
2007-08-01 01:00:00+00:00,402.6484375,94.8046875,286.125,70.047119140625,6.416015625,497.453125,12.975000000000023
2007-08-01 02:00:00+00:00,289.4140625,150.8828125,287.171875,63.45074462890625,6.625,440.296875,14.021875000000023
2007-08-01 03:00:00+00:00,349.33203125,123.16796875,287.921875,59.2645263671875,7.357421875,472.5,14.771875000000023
2007-08-01 04:00:00+00:00,291.296875,91.609375,288.734375,52.92108154296875,7.2578125,382.90625,15.584375000000023
2007-08-01 05:00:00+00:00,180.93359375,57.44140625,289.171875,50.55712890625,7.18359375,238.375,16.021875000000023
2007-08-01 06:00:00+00:00,51.8359375,7.3984375,288.546875,56.84442138671875,6.833984375,59.234375,15.396875000000023
2007-08-01 07:00:00+00:00,2.24609375,3.78515625,287.6875,62.74969482421875,6.267578125,6.03125,14.537500000000023
2007-08-01 08:00:00+00:00,0.0,0.0,287.484375,63.40191650390625,5.884765625,0.0,14.334375000000023
2007-08-01 09:00:00+00:00,0.0,0.0,286.90625,68.2471923828125,6.28515625,0.0,13.756250000000023
2007-08-01 10:00:00+00:00,0.0,0.0,286.5,69.0418701171875,6.037109375,0.0,13.350000000000023
2007-08-01 11:00:00+00:00,0.0,0.0,286.09375,68.53656005859375,5.80078125,0.0,12.943750000000023
2007-08-01 12:00:00+00:00,0.0,0.0,285.71875,67.50006103515625,5.705078125,0.0,12.568750000000023
2007-08-01 13:00:00+00:00,0.0,0.0,285.390625,67.11474609375,5.822265625,0.0,12.240625000000023
2007-08-01 14:00:00+00:00,0.0,0.0,285.140625,66.54779052734375,5.93359375,0.0,11.990625000000023
2007-08-01 15:00:00+00:00,0.0,0.0,284.75,65.71478271484375,5.880859375,0.0,11.600000000000023
2007-08-01 16:00:00+00:00,0.0,0.0,284.40625,65.55865478515625,5.53515625,0.0,11.256250000000023
2007-08-01 17:00:00+00:00,0.0,0.0,284.125,65.459716796875,5.5,0.0,10.975000000000023
2007-08-01 18:00:00+00:00,0.0,0.0,283.890625,65.21624755859375,5.59375,0.0,10.740625000000023
2007-08-01 19:00:00+00:00,0.0,0.0,283.625,65.17822265625,5.751953125,0.0,10.475000000000023
2007-08-01 20:00:00+00:00,0.0,0.0,283.421875,64.66864013671875,5.974609375,0.0,10.271875000000023
2007-08-01 21:00:00+00:00,1.671875,12.71875,283.421875,62.72894287109375,7.03515625,14.390625,10.271875000000023
2007-08-01 22:00:00+00:00,10.6328125,75.8984375,283.375,63.619873046875,7.25390625,86.53125,10.225000000000023
2007-08-01 23:00:00+00:00,13.52734375,157.42578125,283.6875,62.33636474609375,7.158203125,170.953125,10.537500000000023
2007-08-02 00:00:00+00:00,19.47265625,122.51171875,284.359375,58.00103759765625,7.326171875,141.984375,11.209375000000023
2007-08-02 01:00:00+00:00,4.59375,119.328125,285.015625,55.46319580078125,6.484375,123.921875,11.865625000000023
2007-08-02 02:00:00+00:00,0.0,106.109375,285.671875,57.54534912109375,5.92578125,106.109375,12.521875000000023
2007-08-02 03:00:00+00:00,6.40234375,215.01953125,285.671875,63.065673828125,7.453125,221.421875,12.521875000000023
2007-08-02 04:00:00+00:00,275.1875,124.671875,285.953125,64.66094970703125,6.91796875,399.859375,12.803125000000023
2007-08-02 05:00:00+00:00,245.9921875,43.6953125,286.9375,61.95050048828125,6.46484375,289.6875,13.787500000000023
2007-08-02 06:00:00+00:00,60.4296875,26.9921875,287.453125,54.92999267578125,6.087890625,87.421875,14.303125000000023
2007-08-02 07:00:00+00:00,4.5390625,5.0546875,286.859375,56.02301025390625,5.859375,9.59375,13.709375000000023
2007-08-02 08:00:00+00:00,0.0,0.0,285.984375,60.68408203125,5.771484375,0.0,12.834375000000023
2007-08-02 09:00:00+00:00,0.0,0.0,285.25,66.0079345703125,5.578125,0.0,12.100000000000023
2007-08-02 10:00:00+00:00,0.0,0.0,284.5625,69.53338623046875,4.916015625,0.0,11.412500000000023
2007-08-02 11:00:00+00:00,0.0,0.0,284.015625,70.111083984375,4.8515625,0.0,10.865625000000023
2007-08-02 12:00:00+00:00,0.0,0.0,283.421875,71.62750244140625,4.583984375,0.0,10.271875000000023
2007-08-02 13:00:00+00:00,0.0,0.0,283.09375,72.13165283203125,4.578125,0.0,9.943750000000023
2007-08-02 14:00:00+00:00,0.0,0.0,282.703125,72.6405029296875,4.70703125,0.0,9.553125000000023
2007-08-02 15:00:00+00:00,0.0,0.0,282.609375,72.35882568359375,4.63671875,0.0,9.459375000000023
2007-08-02 16:00:00+00:00,0.0,0.0,282.0625,75.259033203125,4.578125,0.0,8.912500000000023
2007-08-02 17:00:00+00:00,0.0,0.0,281.453125,78.86505126953125,4.46875,0.0,8.303125000000023
2007-08-02 18:00:00+00:00,0.0,0.0,281.0,82.3699951171875,4.109375,0.0,7.850000000000023
2007-08-02 19:00:00+00:00,0.0,0.0,281.03125,82.96551513671875,3.931640625,0.0,7.881250000000023
2007-08-02 20:00:00+00:00,0.0,0.0,280.46875,84.6600341796875,3.779296875,0.0,7.318750000000023
2007-08-02 21:00:00+00:00,0.0078125,9.7109375,280.859375,78.57623291015625,3.876953125,9.71875,7.709375000000023
2007-08-02 22:00:00+00:00,0.8359375,68.3203125,281.03125,77.1064453125,3.8828125,69.15625,7.881250000000023
2007-08-02 23:00:00+00:00,68.6796875,143.7109375,281.4375,74.0870361328125,4.544921875,212.390625,8.287500000000023
2007-08-03 00:00:00+00:00,95.4375,131.359375,281.984375,68.910400390625,5.912109375,226.796875,8.834375000000023
2007-08-03 01:00:00+00:00,239.1328125,206.5703125,282.5625,63.36639404296875,6.390625,445.703125,9.412500000000023
2007-08-03 02:00:00+00:00,87.04296875,0.0,283.1875,57.8983154296875,6.81640625,85.953125,10.037500000000023
2007-08-03 03:00:00+00:00,68.27734375,219.48828125,283.0625,55.45709228515625,7.26171875,287.765625,9.912500000000023
2007-08-03 04:00:00+00:00,146.11328125,159.30859375,283.1875,56.0516357421875,7.15625,305.421875,10.037500000000023
2007-08-03 05:00:00+00:00,40.94140625,0.0,283.3125,56.80084228515625,6.89453125,35.8125,10.162500000000023
2007-08-03 06:00:00+00:00,50.0859375,65.0859375,282.5,60.326171875,6.673828125,115.171875,9.350000000000023
2007-08-03 07:00:00+00:00,3.84375,5.546875,282.21875,62.53515625,6.263671875,9.390625,9.068750000000023
2007-08-03 08:00:00+00:00,0.0,0.0,281.75,65.95562744140625,6.173828125,0.0,8.600000000000023
2007-08-03 09:00:00+00:00,0.0,0.0,281.171875,72.32965087890625,5.720703125,0.0,8.021875000000023
2007-08-03 10:00:00+00:00,0.0,0.0,280.765625,76.77825927734375,5.0703125,0.0,7.615625000000023
2007-08-03 11:00:00+00:00,0.0,0.0,280.703125,78.484130859375,4.77734375,0.0,7.553125000000023
2007-08-03 12:00:00+00:00,0.0,0.0,280.609375,78.77581787109375,4.732421875,0.0,7.459375000000023
2007-08-03 13:00:00+00:00,0.0,0.0,280.734375,78.236572265625,4.662109375,0.0,7.584375000000023
2007-08-03 14:00:00+00:00,0.0,0.0,280.671875,79.44427490234375,4.697265625,0.0,7.521875000000023
2007-08-03 15:00:00+00:00,0.0,0.0,279.484375,84.28955078125,4.3828125,0.0,6.334375000000023
2007-08-03 16:00:00+00:00,0.0,0.0,279.609375,84.94964599609375,4.236328125,0.0,6.459375000000023
2007-08-03 17:00:00+00:00,0.0,0.0,279.546875,86.2957763671875,4.212890625,0.0,6.396875000000023
2007-08-03 18:00:00+00:00,0.0,0.0,279.578125,86.22088623046875,4.07421875,0.0,6.428125000000023
2007-08-03 19:00:00+00:00,0.0,0.0,279.34375,86.58258056640625,4.083984375,0.0,6.193750000000023
2007-08-03 20:00:00+00:00,0.0,0.0,279.515625,84.56732177734375,4.220703125,0.0,6.365625000000023
2007-08-03 21:00:00+00:00,1.84375,11.359375,278.515625,83.90020751953125,3.900390625,13.203125,5.365625000000023
2007-08-03 22:00:00+00:00,16.85546875,77.58203125,278.8125,81.9461669921875,3.99609375,94.4375,5.662500000000023
2007-08-03 23:00:00+00:00,33.03125,125.671875,279.546875,78.2059326171875,4.306640625,158.703125,6.396875000000023
2007-08-04 00:00:00+00:00,250.4140625,159.7421875,280.4375,73.20562744140625,4.30078125,410.15625,7.287500000000023
2007-08-04 01:00:00+00:00,103.71484375,164.48828125,282.328125,67.817626953125,4.751953125,268.203125,9.178125000000023
2007-08-04 02:00:00+00:00,19.65625,216.96875,283.5,63.55364990234375,5.263671875,236.625,10.350000000000023
2007-08-04 03:00:00+00:00,32.015625,192.71875,284.15625,60.82720947265625,5.42578125,224.734375,11.006250000000023
2007-08-04 04:00:00+00:00,4.6953125,97.7265625,284.921875,58.2257080078125,6.025390625,102.421875,11.771875000000023
2007-08-04 05:00:00+00:00,1.5859375,75.5234375,285.078125,58.1103515625,5.77734375,77.109375,11.928125000000023
2007-08-04 06:00:00+00:00,4.49609375,50.81640625,285.265625,57.20196533203125,6.1640625,55.3125,12.115625000000023
2007-08-04 07:00:00+00:00,0.0078125,2.8046875,285.203125,59.09521484375,6.36328125,2.8125,12.053125000000023
2007-08-04 08:00:00+00:00,0.0,0.0,284.953125,62.382080078125,6.298828125,0.0,11.803125000000023
2007-08-04 09:00:00+00:00,0.0,0.0,284.515625,66.02789306640625,6.96875,0.0,11.365625000000023
2007-08-04 10:00:00+00:00,0.0,0.0,283.890625,77.57916259765625,7.08984375,0.0,10.740625000000023
2007-08-04 11:00:00+00:00,0.0,0.0,283.625,85.21783447265625,7.177734375,0.0,10.475000000000023
2007-08-04 12:00:00+00:00,0.0,0.0,283.4375,87.13861083984375,6.4140625,0.0,10.287500000000023
2007-08-04 13:00:00+00:00,0.0,0.0,283.0,86.95947265625,5.830078125,0.0,9.850000000000023
2007-08-04 14:00:00+00:00,0.0,0.0,282.390625,83.43023681640625,5.498046875,0.0,9.240625000000023
2007-08-04 15:00:00+00:00,0.0,0.0,281.90625,87.95758056640625,4.470703125,0.0,8.756250000000023
2007-08-04 16:00:00+00:00,0.0,0.0,281.609375,87.45501708984375,4.37890625,0.0,8.459375000000023
2007-08-04 17:00:00+00:00,0.0,0.0,281.3125,85.630615234375,4.541015625,0.0,8.162500000000023
2007-08-04 18:00:00+00:00,0.0,0.0,281.546875,82.99481201171875,4.505859375,0.0,8.396875000000023
2007-08-04 19:00:00+00:00,0.0,0.0,281.59375,83.02398681640625,4.59765625,0.0,8.443750000000023
2007-08-04 20:00:00+00:00,0.0,0.0,281.53125,83.4317626953125,4.41796875,0.0,8.381250000000023
2007-08-04 21:00:00+00:00,0.0625,8.96875,280.875,86.48773193359375,4.404296875,9.03125,7.725000000000023
2007-08-04 22:00:00+00:00,4.7109375,76.6171875,281.328125,84.11077880859375,4.330078125,81.328125,8.178125000000023
2007-08-04 23:00:00+00:00,37.48828125,171.26171875,282.109375,81.18743896484375,4.451171875,208.75,8.959375000000023
2007-08-05 00:00:00+00:00,105.0546875,207.7578125,283.140625,78.3616943359375,4.6875,312.8125,9.990625000000023
2007-08-05 01:00:00+00:00,99.82421875,202.87890625,284.125,74.91766357421875,5.19140625,302.703125,10.975000000000023
2007-08-05 02:00:00+00:00,212.87890625,153.55859375,284.9375,69.35528564453125,5.44140625,366.4375,11.787500000000023
2007-08-05 03:00:00+00:00,442.984375,66.5625,286.1875,61.91729736328125,5.978515625,509.546875,13.037500000000023
2007-08-05 04:00:00+00:00,130.3203125,133.7578125,286.40625,64.03118896484375,5.626953125,264.078125,13.256250000000023
2007-08-05 05:00:00+00:00,32.26953125,63.90234375,286.125,66.79034423828125,5.669921875,96.171875,12.975000000000023
2007-08-05 06:00:00+00:00,10.1015625,40.8359375,285.546875,71.8974609375,5.6328125,50.9375,12.396875000000023
2007-08-05 07:00:00+00:00,2.52734375,6.66015625,285.28125,73.06097412109375,5.193359375,9.1875,12.131250000000023
2007-08-05 08:00:00+00:00,0.0,0.0,284.609375,73.48480224609375,4.416015625,0.0,11.459375000000023
2007-08-05 09:00:00+00:00,0.0,0.0,284.375,77.65081787109375,4.689453125,0.0,11.225000000000023
2007-08-05 10:00:00+00:00,0.0,0.0,284.21875,79.37445068359375,4.6640625,0.0,11.068750000000023
2007-08-05 11:00:00+00:00,0.0,0.0,284.125,80.41839599609375,4.912109375,0.0,10.975000000000023
2007-08-05 12:00:00+00:00,0.0,0.0,283.765625,84.64837646484375,4.759765625,0.0,10.615625000000023
2007-08-05 13:00:00+00:00,0.0,0.0,283.375,88.80999755859375,4.484375,0.0,10.225000000000023
2007-08-05 14:00:00+00:00,0.0,0.0,283.140625,91.1351318359375,4.314453125,0.0,9.990625000000023
2007-08-05 15:00:00+00:00,0.0,0.0,283.265625,92.09417724609375,4.033203125,0.0,10.115625000000023
2007-08-05 16:00:00+00:00,0.0,0.0,283.109375,93.28033447265625,3.62109375,0.0,9.959375000000023
2007-08-05 17:00:00+00:00,0.0,0.0,282.703125,94.63360595703125,3.55078125,0.0,9.553125000000023
2007-08-05 18:00:00+00:00,0.0,0.0,282.703125,95.2919921875,3.638671875,0.0,9.553125000000023
2007-08-05 19:00:00+00:00,0.0,0.0,282.96875,94.99456787109375,3.578125,0.0,9.818750000000023
2007-08-05 20:00:00+00:00,0.0,0.0,282.703125,94.35711669921875,3.53125,0.0,9.553125000000023
2007-08-05 21:00:00+00:00,0.00390625,10.80859375,283.15625,93.2691650390625,3.720703125,10.8125,10.006250000000023
2007-08-05 22:00:00+00:00,0.97265625,38.93359375,283.546875,91.44549560546875,3.45703125,39.90625,10.396875000000023
2007-08-05 23:00:00+00:00,100.96484375,155.41015625,283.765625,90.251708984375,3.357421875,256.375,10.615625000000023
2007-08-06 00:00:00+00:00,135.53515625,172.27734375,284.890625,85.82843017578125,3.78125,307.8125,11.740625000000023
2007-08-06 01:00:00+00:00,90.16796875,193.06640625,285.625,81.60150146484375,4.439453125,283.234375,12.475000000000023
2007-08-06 02:00:00+00:00,399.234375,131.484375,286.0625,77.4127197265625,5.021484375,530.71875,12.912500000000023
2007-08-06 03:00:00+00:00,182.33203125,131.07421875,287.203125,69.61981201171875,5.060546875,313.40625,14.053125000000023
2007-08-06 04:00:00+00:00,269.1640625,122.5546875,287.234375,67.6478271484375,4.6953125,391.71875,14.084375000000023
2007-08-06 05:00:00+00:00,223.5234375,59.8671875,287.890625,63.16009521484375,4.09765625,283.390625,14.740625000000023
2007-08-06 06:00:00+00:00,97.8125,29.53125,288.265625,59.07403564453125,3.650390625,127.34375,15.115625000000023
2007-08-06 07:00:00+00:00,8.8828125,3.5859375,287.703125,60.38409423828125,3.51171875,12.46875,14.553125000000023
2007-08-06 08:00:00+00:00,0.0,0.0,286.5625,65.963623046875,3.1328125,0.0,13.412500000000023
2007-08-06 09:00:00+00:00,0.0,0.0,286.140625,66.7244873046875,3.052734375,0.0,12.990625000000023
2007-08-06 10:00:00+00:00,0.0,0.0,285.203125,70.73846435546875,2.43359375,0.0,12.053125000000023
2007-08-06 11:00:00+00:00,0.0,0.0,284.921875,72.6822509765625,2.568359375,0.0,11.771875000000023
2007-08-06 12:00:00+00:00,0.0,0.0,284.984375,72.08428955078125,3.005859375,0.0,11.834375000000023
2007-08-06 13:00:00+00:00,0.0,0.0,284.796875,71.96087646484375,3.11328125,0.0,11.646875000000023
2007-08-06 14:00:00+00:00,0.0,0.0,284.015625,74.545166015625,3.1171875,0.0,10.865625000000023
2007-08-06 15:00:00+00:00,0.0,0.0,283.4375,74.89495849609375,3.416015625,0.0,10.287500000000023
2007-08-06 16:00:00+00:00,0.0,0.0,282.859375,76.67205810546875,3.6171875,0.0,9.709375000000023
2007-08-06 17:00:00+00:00,0.0,0.0,282.734375,76.33367919921875,3.828125,0.0,9.584375000000023
2007-08-06 18:00:00+00:00,0.0,0.0,282.453125,77.7808837890625,3.865234375,0.0,9.303125000000023
2007-08-06 19:00:00+00:00,0.0,0.0,282.203125,79.9769287109375,3.853515625,0.0,9.053125000000023
2007-08-06 20:00:00+00:00,0.0,0.0,281.96875,82.6986083984375,4.1015625,0.0,8.818750000000023
2007-08-06 21:00:00+00:00,8.5078125,14.7421875,281.46875,83.30975341796875,4.41015625,23.25,8.318750000000023
2007-08-06 22:00:00+00:00,116.0625,54.46875,281.53125,82.54705810546875,4.576171875,170.53125,8.381250000000023
2007-08-06 23:00:00+00:00,269.578125,66.0625,282.296875,78.42919921875,5.201171875,335.640625,9.146875000000023
2007-08-07 00:00:00+00:00,383.71875,73.625,283.65625,71.57696533203125,6.533203125,457.34375,10.506250000000023
2007-08-07 01:00:00+00:00,448.37890625,80.08984375,284.984375,65.0216064453125,7.73046875,528.46875,11.834375000000023
2007-08-07 02:00:00+00:00,466.70703125,90.02734375,285.921875,59.96331787109375,8.640625,556.734375,12.771875000000023
2007-08-07 03:00:00+00:00,454.875,75.3125,287.78125,53.79693603515625,9.1875,530.1875,14.631250000000023
2007-08-07 04:00:00+00:00,377.1171875,62.9453125,288.28125,51.82598876953125,9.283203125,440.0625,15.131250000000023
2007-08-07 05:00:00+00:00,249.7265625,48.8671875,288.546875,54.63836669921875,9.3359375,298.59375,15.396875000000023
2007-08-07 06:00:00+00:00,111.6953125,27.8515625,289.203125,48.26824951171875,8.794921875,139.546875,16.053125000000023
2007-08-07 07:00:00+00:00,8.83984375,4.05078125,288.671875,48.31072998046875,8.552734375,12.890625,15.521875000000023
2007-08-07 08:00:00+00:00,0.0,0.0,288.078125,50.43603515625,7.83984375,0.0,14.928125000000023
2007-08-07 09:00:00+00:00,0.0,0.0,287.359375,54.82025146484375,8.1796875,0.0,14.209375000000023
2007-08-07 10:00:00+00:00,0.0,0.0,287.015625,54.9354248046875,8.4140625,0.0,13.865625000000023
2007-08-07 11:00:00+00:00,0.0,0.0,286.5625,55.487060546875,8.34375,0.0,13.412500000000023
2007-08-07 12:00:00+00:00,0.0,0.0,286.28125,55.120361328125,7.712890625,0.0,13.131250000000023
2007-08-07 13:00:00+00:00,0.0,0.0,286.09375,55.06756591796875,7.646484375,0.0,12.943750000000023
2007-08-07 14:00:00+00:00,0.0,0.0,285.875,55.86505126953125,7.5,0.0,12.725000000000023
2007-08-07 15:00:00+00:00,0.0,0.0,285.34375,58.93658447265625,7.095703125,0.0,12.193750000000023
2007-08-07 16:00:00+00:00,0.0,0.0,284.859375,60.2994384765625,6.564453125,0.0,11.709375000000023
2007-08-07 17:00:00+00:00,0.0,0.0,284.4375,61.71856689453125,6.181640625,0.0,11.287500000000023
2007-08-07 18:00:00+00:00,0.0,0.0,284.046875,63.2559814453125,6.185546875,0.0,10.896875000000023
2007-08-07 19:00:00+00:00,0.0,0.0,283.703125,64.99737548828125,5.533203125,0.0,10.553125000000023
2007-08-07 20:00:00+00:00,0.0,0.0,283.421875,67.0208740234375,5.076171875,0.0,10.271875000000023
2007-08-07 21:00:00+00:00,3.28125,16.203125,283.4375,68.22979736328125,5.16796875,19.484375,10.287500000000023
2007-08-07 22:00:00+00:00,5.7890625,4.7109375,283.015625,69.66180419921875,5.34765625,10.5,9.865625000000023
2007-08-07 23:00:00+00:00,129.953125,150.1875,282.9375,70.8963623046875,5.6484375,280.140625,9.787500000000023
2007-08-08 00:00:00+00:00,360.5703125,99.6328125,284.3125,68.29083251953125,5.744140625,460.203125,11.162500000000023
2007-08-08 01:00:00+00:00,445.98046875,89.00390625,285.859375,65.18206787109375,5.916015625,534.984375,12.709375000000023
2007-08-08 02:00:00+00:00,444.37109375,95.56640625,287.609375,60.25933837890625,6.11328125,539.9375,14.459375000000023
2007-08-08 03:00:00+00:00,459.05078125,62.38671875,288.75,51.328857421875,6.4765625,521.4375,15.600000000000023
2007-08-08 04:00:00+00:00,283.34375,97.03125,289.640625,42.0352783203125,6.564453125,380.375,16.490625000000023
2007-08-08 05:00:00+00:00,171.15234375,82.42578125,289.65625,40.153564453125,6.9296875,253.578125,16.506250000000023
2007-08-08 06:00:00+00:00,61.671875,49.96875,289.40625,41.57891845703125,7.1796875,111.640625,16.256250000000023
2007-08-08 07:00:00+00:00,5.0546875,8.0078125,288.75,46.6585693359375,7.384765625,13.0625,15.600000000000023
2007-08-08 08:00:00+00:00,0.0,0.0,288.15625,47.48931884765625,7.16796875,0.0,15.006250000000023
2007-08-08 09:00:00+00:00,0.0,0.0,287.515625,53.4066162109375,7.373046875,0.0,14.365625000000023
2007-08-08 10:00:00+00:00,0.0,0.0,286.890625,56.9091796875,7.703125,0.0,13.740625000000023
2007-08-08 11:00:00+00:00,0.0,0.0,286.8125,57.6170654296875,7.376953125,0.0,13.662500000000023
2007-08-08 12:00:00+00:00,0.0,0.0,286.625,58.86370849609375,7.4765625,0.0,13.475000000000023
2007-08-08 13:00:00+00:00,0.0,0.0,286.3125,60.634033203125,7.58984375,0.0,13.162500000000023
2007-08-08 14:00:00+00:00,0.0,0.0,286.015625,62.73565673828125,7.44921875,0.0,12.865625000000023
2007-08-08 15:00:00+00:00,0.0,0.0,285.625,62.58953857421875,7.798828125,0.0,12.475000000000023
2007-08-08 16:00:00+00:00,0.0,0.0,285.203125,65.9180908203125,7.412109375,0.0,12.053125000000023
2007-08-08 17:00:00+00:00,0.0,0.0,285.03125,68.5428466796875,7.365234375,0.0,11.881250000000023
2007-08-08 18:00:00+00:00,0.0,0.0,285.0,70.36309814453125,7.033203125,0.0,11.850000000000023
2007-08-08 19:00:00+00:00,0.0,0.0,285.046875,71.26031494140625,7.15625,0.0,11.896875000000023
2007-08-08 20:00:00+00:00,0.0,0.0,285.1875,71.14044189453125,7.3828125,0.0,12.037500000000023
2007-08-08 21:00:00+00:00,1.23046875,19.62890625,284.3125,73.43621826171875,7.912109375,20.859375,11.162500000000023
2007-08-08 22:00:00+00:00,13.46875,102.953125,284.34375,73.73431396484375,7.609375,116.421875,11.193750000000023
2007-08-08 23:00:00+00:00,154.68359375,139.87890625,284.953125,71.53643798828125,7.697265625,294.5625,11.803125000000023
2007-08-09 00:00:00+00:00,159.7265625,204.2578125,285.9375,67.92974853515625,7.654296875,363.984375,12.787500000000023
2007-08-09 01:00:00+00:00,44.57421875,237.34765625,286.90625,64.2142333984375,7.41015625,281.921875,13.756250000000023
2007-08-09 02:00:00+00:00,10.56640625,202.23046875,287.21875,63.3526611328125,8.939453125,212.796875,14.068750000000023
2007-08-09 03:00:00+00:00,132.6484375,199.7421875,288.765625,56.16436767578125,9.10546875,332.390625,15.615625000000023
2007-08-09 04:00:00+00:00,132.953125,169.859375,289.234375,55.902099609375,8.669921875,302.8125,16.084375000000023
2007-08-09 05:00:00+00:00,51.0625,122.765625,289.3125,59.27886962890625,9.0546875,173.828125,16.162500000000023
2007-08-09 06:00:00+00:00,23.80859375,69.00390625,289.328125,57.96624755859375,8.109375,92.8125,16.178125000000023
2007-08-09 07:00:00+00:00,1.41015625,6.30859375,289.0625,61.27008056640625,7.28125,7.71875,15.912500000000023
2007-08-09 08:00:00+00:00,0.0,0.0,288.59375,61.734375,7.40234375,0.0,15.443750000000023
2007-08-09 09:00:00+00:00,0.0,0.0,288.140625,64.0535888671875,7.193359375,0.0,14.990625000000023
2007-08-09 10:00:00+00:00,0.0,0.0,287.828125,62.80303955078125,7.083984375,0.0,14.678125000000023
2007-08-09 11:00:00+00:00,0.0,0.0,287.5625,61.62060546875,7.23828125,0.0,14.412500000000023
2007-08-09 12:00:00+00:00,0.0,0.0,287.46875,61.32879638671875,7.689453125,0.0,14.318750000000023
2007-08-09 13:00:00+00:00,0.0,0.0,287.046875,61.18707275390625,7.0,0.0,13.896875000000023
2007-08-09 14:00:00+00:00,0.0,0.0,286.65625,62.3052978515625,6.708984375,0.0,13.506250000000023
2007-08-09 15:00:00+00:00,0.0,0.0,285.78125,68.9583740234375,7.376953125,0.0,12.631250000000023
2007-08-09 16:00:00+00:00,0.0,0.0,285.6875,70.62542724609375,7.966796875,0.0,12.537500000000023
2007-08-09 17:00:00+00:00,0.0,0.0,285.640625,69.8525390625,7.66015625,0.0,12.490625000000023
2007-08-09 18:00:00+00:00,0.0,0.0,285.328125,68.7034912109375,7.126953125,0.0,12.178125000000023
2007-08-09 19:00:00+00:00,0.0,0.0,285.046875,65.82281494140625,7.099609375,0.0,11.896875000000023
2007-08-09 20:00:00+00:00,0.0,0.0,285.015625,64.56353759765625,7.068359375,0.0,11.865625000000023
2007-08-09 21:00:00+00:00,3.9609375,14.8671875,284.25,69.81268310546875,7.5625,18.828125,11.100000000000023
2007-08-09 22:00:00+00:00,9.5625,43.890625,284.421875,70.03765869140625,8.193359375,53.453125,11.271875000000023
2007-08-09 23:00:00+00:00,86.28125,164.25,284.671875,68.66986083984375,8.375,250.53125,11.521875000000023
2007-08-10 00:00:00+00:00,232.046875,164.53125,285.71875,62.7557373046875,8.611328125,396.578125,12.568750000000023
2007-08-10 01:00:00+00:00,197.4921875,184.2890625,286.90625,56.3724365234375,8.6015625,381.78125,13.756250000000023
2007-08-10 02:00:00+00:00,40.7421875,195.0234375,288.046875,53.25262451171875,8.650390625,235.765625,14.896875000000023
2007-08-10 03:00:00+00:00,1.98828125,117.27734375,288.265625,54.81976318359375,8.48046875,119.265625,15.115625000000023
2007-08-10 04:00:00+00:00,0.91796875,162.81640625,288.5625,53.1534423828125,8.6953125,163.734375,15.412500000000023
2007-08-10 05:00:00+00:00,0.38671875,81.34765625,289.234375,50.51080322265625,8.544921875,81.734375,16.084375000000023
2007-08-10 06:00:00+00:00,41.07421875,58.50390625,289.359375,51.24456787109375,8.3203125,99.578125,16.209375000000023
2007-08-10 07:00:00+00:00,3.08203125,9.02734375,289.609375,51.79498291015625,8.607421875,12.109375,16.459375000000023
2007-08-10 08:00:00+00:00,0.0,0.0,289.390625,55.70452880859375,8.69921875,0.0,16.240625000000023
2007-08-10 09:00:00+00:00,0.0,0.0,288.953125,55.67449951171875,8.63671875,0.0,15.803125000000023
2007-08-10 10:00:00+00:00,0.0,0.0,289.25,51.89483642578125,8.189453125,0.0,16.100000000000023
2007-08-10 11:00:00+00:00,0.0,0.0,289.3125,48.4224853515625,8.150390625,0.0,16.162500000000023
2007-08-10 12:00:00+00:00,0.0,0.0,289.15625,45.80328369140625,8.171875,0.0,16.006250000000023
2007-08-10 13:00:00+00:00,0.0,0.0,288.96875,43.809326171875,8.134765625,0.0,15.818750000000023
2007-08-10 14:00:00+00:00,0.0,0.0,288.65625,45.3907470703125,8.0390625,0.0,15.506250000000023
2007-08-10 15:00:00+00:00,0.0,0.0,288.796875,44.53021240234375,8.630859375,0.0,15.646875000000023
2007-08-10 16:00:00+00:00,0.0,0.0,288.109375,52.99810791015625,8.375,0.0,14.959375000000023
2007-08-10 17:00:00+00:00,0.0,0.0,287.71875,60.3148193359375,7.380859375,0.0,14.568750000000023
2007-08-10 18:00:00+00:00,0.0,0.0,286.140625,80.2127685546875,5.3203125,0.0,12.990625000000023
2007-08-10 19:00:00+00:00,0.0,0.0,285.65625,91.370361328125,4.025390625,0.0,12.506250000000023
2007-08-10 20:00:00+00:00,0.0,0.0,285.6875,86.37701416015625,5.138671875,0.0,12.537500000000023
2007-08-10 21:00:00+00:00,0.1015625,10.4296875,285.875,79.97314453125,5.400390625,10.53125,12.725000000000023
2007-08-10 22:00:00+00:00,66.5078125,79.1953125,285.625,90.98260498046875,4.255859375,145.703125,12.475000000000023
2007-08-10 23:00:00+00:00,84.97265625,135.57421875,287.125,77.6585693359375,5.275390625,220.546875,13.975000000000023
2007-08-11 00:00:00+00:00,286.859375,156.15625,287.484375,74.14385986328125,5.591796875,443.015625,14.334375000000023
2007-08-11 01:00:00+00:00,225.76953125,179.40234375,288.3125,69.33685302734375,6.80078125,405.171875,15.162500000000023
2007-08-11 02:00:00+00:00,375.2421875,164.8984375,288.84375,59.4029541015625,6.84765625,540.140625,15.693750000000023
2007-08-11 03:00:00+00:00,93.44140625,16.73046875,289.796875,53.20697021484375,7.12109375,110.171875,16.646875000000023
2007-08-11 04:00:00+00:00,15.5078125,96.2421875,288.609375,59.66534423828125,6.125,111.75,15.459375000000023
2007-08-11 05:00:00+00:00,27.6015625,96.2890625,288.890625,58.81488037109375,5.70703125,123.890625,15.740625000000023
2007-08-11 06:00:00+00:00,4.55078125,28.04296875,288.4375,60.64508056640625,5.439453125,32.59375,15.287500000000023
2007-08-11 07:00:00+00:00,0.00390625,7.90234375,287.171875,73.28668212890625,3.904296875,7.90625,14.021875000000023
2007-08-11 08:00:00+00:00,0.0,0.0,286.359375,83.216552734375,3.78125,0.0,13.209375000000023
2007-08-11 09:00:00+00:00,0.0,0.0,285.96875,87.55023193359375,4.314453125,0.0,12.818750000000023
2007-08-11 10:00:00+00:00,0.0,0.0,285.53125,91.707275390625,3.568359375,0.0,12.381250000000023
2007-08-11 11:00:00+00:00,0.0,0.0,285.078125,94.29461669921875,2.990234375,0.0,11.928125000000023
2007-08-11 12:00:00+00:00,0.0,0.0,284.390625,94.02569580078125,2.75,0.0,11.240625000000023
2007-08-11 13:00:00+00:00,0.0,0.0,284.0625,92.982666015625,1.689453125,0.0,10.912500000000023
2007-08-11 14:00:00+00:00,0.0,0.0,283.953125,92.6903076171875,1.427734375,0.0,10.803125000000023
2007-08-11 15:00:00+00:00,0.0,0.0,283.546875,95.26177978515625,1.630859375,0.0,10.396875000000023
2007-08-11 16:00:00+00:00,0.0,0.0,283.046875,95.6947021484375,2.228515625,0.0,9.896875000000023
2007-08-11 17:00:00+00:00,0.0,0.0,283.140625,92.359130859375,2.576171875,0.0,9.990625000000023
2007-08-11 18:00:00+00:00,0.0,0.0,282.640625,92.76080322265625,2.345703125,0.0,9.490625000000023
2007-08-11 19:00:00+00:00,0.0,0.0,282.09375,94.86126708984375,2.673828125,0.0,8.943750000000023
2007-08-11 20:00:00+00:00,0.0,0.0,282.046875,93.65960693359375,2.48046875,0.0,8.896875000000023
2007-08-11 21:00:00+00:00,0.0,8.40625,282.0625,92.1885986328125,1.923828125,8.40625,8.912500000000023
2007-08-11 22:00:00+00:00,0.0,17.859375,281.875,90.4287109375,2.345703125,17.859375,8.725000000000023
2007-08-11 23:00:00+00:00,72.2109375,113.3515625,281.671875,87.61077880859375,2.68359375,185.5625,8.521875000000023
2007-08-12 00:00:00+00:00,64.5625,223.328125,282.203125,81.765869140625,2.791015625,287.890625,9.053125000000023
2007-08-12 01:00:00+00:00,25.515625,236.25,282.578125,78.725341796875,2.39453125,261.765625,9.428125000000023
2007-08-12 02:00:00+00:00,14.6328125,197.1640625,282.84375,75.34906005859375,2.302734375,211.796875,9.693750000000023
2007-08-12 03:00:00+00:00,11.515625,18.5625,283.03125,75.13909912109375,3.79296875,30.078125,9.881250000000023
2007-08-12 04:00:00+00:00,1.13671875,130.83203125,282.75,73.90411376953125,3.63671875,131.96875,9.600000000000023
2007-08-12 05:00:00+00:00,158.9765625,124.9609375,283.375,68.35150146484375,3.060546875,283.9375,10.225000000000023
2007-08-12 06:00:00+00:00,52.0703125,25.8984375,283.75,66.07623291015625,2.873046875,77.96875,10.600000000000023
2007-08-12 07:00:00+00:00,0.78515625,5.46484375,283.484375,66.44158935546875,2.599609375,6.25,10.334375000000023
2007-08-12 08:00:00+00:00,0.0,0.0,283.015625,69.88726806640625,2.783203125,0.0,9.865625000000023
2007-08-12 09:00:00+00:00,0.0,0.0,282.5,74.9326171875,2.369140625,0.0,9.350000000000023
2007-08-12 10:00:00+00:00,0.0,0.0,281.9375,77.71160888671875,1.22265625,0.0,8.787500000000023
2007-08-12 11:00:00+00:00,0.0,0.0,281.953125,76.48492431640625,1.6640625,0.0,8.803125000000023
2007-08-12 12:00:00+00:00,0.0,0.0,281.78125,76.12164306640625,2.181640625,0.0,8.631250000000023
2007-08-12 13:00:00+00:00,0.0,0.0,281.6875,75.93023681640625,2.05859375,0.0,8.537500000000023
2007-08-12 14:00:00+00:00,0.0,0.0,280.90625,80.01483154296875,2.47265625,0.0,7.756250000000023
2007-08-12 15:00:00+00:00,0.0,0.0,280.171875,88.578369140625,2.515625,0.0,7.021875000000023
2007-08-12 16:00:00+00:00,0.0,0.0,279.609375,91.76104736328125,2.501953125,0.0,6.459375000000023
2007-08-12 17:00:00+00:00,0.0,0.0,279.53125,91.28607177734375,2.41015625,0.0,6.381250000000023
2007-08-12 18:00:00+00:00,0.0,0.0,278.859375,92.88787841796875,2.318359375,0.0,5.709375000000023
2007-08-12 19:00:00+00:00,0.0,0.0,278.765625,93.2373046875,2.267578125,0.0,5.615625000000023
2007-08-12 20:00:00+00:00,0.0,0.0,278.890625,94.68609619140625,2.15234375,0.0,5.740625000000023
2007-08-12 21:00:00+00:00,0.0,7.53125,278.71875,94.13275146484375,2.115234375,7.53125,5.568750000000023
2007-08-12 22:00:00+00:00,59.8359375,92.3515625,278.921875,93.21710205078125,2.041015625,152.1875,5.771875000000023
2007-08-12 23:00:00+00:00,133.8515625,114.3984375,279.65625,90.1007080078125,2.349609375,248.25,6.506250000000023
2007-08-13 00:00:00+00:00,182.734375,181.40625,280.5,84.5589599609375,2.638671875,364.140625,7.350000000000023
2007-08-13 01:00:00+00:00,282.95703125,177.57421875,281.421875,78.58404541015625,2.126953125,460.53125,8.271875000000023
2007-08-13 02:00:00+00:00,321.203125,160.3125,282.453125,69.208740234375,2.109375,481.515625,9.303125000000023
2007-08-13 03:00:00+00:00,320.2421875,161.1015625,283.703125,59.4422607421875,3.919921875,481.34375,10.553125000000023
2007-08-13 04:00:00+00:00,227.29296875,81.84765625,283.84375,58.9283447265625,3.849609375,309.140625,10.693750000000023
2007-08-13 05:00:00+00:00,124.71484375,93.45703125,283.75,57.39324951171875,3.66015625,218.171875,10.600000000000023
2007-08-13 06:00:00+00:00,10.875,38.421875,284.09375,51.1534423828125,3.68359375,49.296875,10.943750000000023
2007-08-13 07:00:00+00:00,12.72265625,8.91796875,283.671875,49.82562255859375,3.84375,21.640625,10.521875000000023
2007-08-13 08:00:00+00:00,0.0,0.0,282.234375,58.57257080078125,3.31640625,0.0,9.084375000000023
2007-08-13 09:00:00+00:00,0.0,0.0,281.171875,69.9359130859375,3.14453125,0.0,8.021875000000023
2007-08-13 10:00:00+00:00,0.0,0.0,280.375,74.1070556640625,2.712890625,0.0,7.225000000000023
2007-08-13 11:00:00+00:00,0.0,0.0,279.71875,78.421142578125,2.416015625,0.0,6.568750000000023
2007-08-13 12:00:00+00:00,0.0,0.0,279.265625,80.5137939453125,2.77734375,0.0,6.115625000000023
2007-08-13 13:00:00+00:00,0.0,0.0,278.765625,80.75421142578125,2.857421875,0.0,5.615625000000023
2007-08-13 14:00:00+00:00,0.0,0.0,278.4375,82.70672607421875,2.787109375,0.0,5.287500000000023
2007-08-13 15:00:00+00:00,0.0,0.0,277.421875,88.0506591796875,2.470703125,0.0,4.271875000000023
2007-08-13 16:00:00+00:00,0.0,0.0,277.203125,90.62005615234375,2.556640625,0.0,4.053125000000023
2007-08-13 17:00:00+00:00,0.0,0.0,277.203125,92.893798828125,2.833984375,0.0,4.053125000000023
2007-08-13 18:00:00+00:00,0.0,0.0,277.453125,93.06488037109375,2.96875,0.0,4.303125000000023
2007-08-13 19:00:00+00:00,0.0,0.0,277.46875,93.245849609375,2.931640625,0.0,4.318750000000023
2007-08-13 20:00:00+00:00,0.0,0.0,277.4375,93.2786865234375,2.974609375,0.0,4.287500000000023
2007-08-13 21:00:00+00:00,9.94140625,16.99609375,276.28125,95.07000732421875,2.267578125,26.9375,3.1312500000000227
2007-08-13 22:00:00+00:00,65.07421875,87.28515625,276.984375,94.064697265625,2.08203125,152.359375,3.8343750000000227
2007-08-13 23:00:00+00:00,196.984375,113.578125,277.9375,90.4439697265625,1.95703125,310.5625,4.787500000000023
2007-08-14 00:00:00+00:00,395.0,103.796875,279.4375,86.59222412109375,1.6640625,498.796875,6.287500000000023
2007-08-14 01:00:00+00:00,521.47265625,70.69921875,281.53125,80.07684326171875,1.8671875,592.171875,8.381250000000023
2007-08-14 02:00:00+00:00,558.39453125,58.79296875,284.5,60.697021484375,2.41796875,617.1875,11.350000000000023
2007-08-14 03:00:00+00:00,534.45703125,50.62109375,285.78125,49.541259765625,2.310546875,585.078125,12.631250000000023
2007-08-14 04:00:00+00:00,426.5859375,54.3046875,286.765625,42.7025146484375,2.72265625,480.890625,13.615625000000023
2007-08-14 05:00:00+00:00,283.2578125,48.8046875,287.109375,40.23333740234375,2.693359375,332.0625,13.959375000000023
2007-08-14 06:00:00+00:00,142.16015625,27.18359375,287.046875,39.4678955078125,2.73046875,169.34375,13.896875000000023
2007-08-14 07:00:00+00:00,21.3203125,1.6328125,286.0625,42.2769775390625,2.93359375,22.953125,12.912500000000023
2007-08-14 08:00:00+00:00,0.0,0.0,284.515625,51.48651123046875,3.197265625,0.0,11.365625000000023
2007-08-14 09:00:00+00:00,0.0,0.0,283.421875,59.2725830078125,4.189453125,0.0,10.271875000000023
2007-08-14 10:00:00+00:00,0.0,0.0,282.453125,64.11920166015625,4.146484375,0.0,9.303125000000023
2007-08-14 11:00:00+00:00,0.0,0.0,282.078125,66.55059814453125,3.796875,0.0,8.928125000000023
2007-08-14 12:00:00+00:00,0.0,0.0,281.5,69.91790771484375,3.41796875,0.0,8.350000000000023
2007-08-14 13:00:00+00:00,0.0,0.0,281.234375,70.0185546875,2.9375,0.0,8.084375000000023
2007-08-14 14:00:00+00:00,0.0,0.0,280.890625,69.39923095703125,2.53125,0.0,7.740625000000023
2007-08-14 15:00:00+00:00,0.0,0.0,278.3125,83.27349853515625,0.939453125,0.0,5.162500000000023
2007-08-14 16:00:00+00:00,0.0,0.0,277.484375,88.55645751953125,0.90625,0.0,4.334375000000023
2007-08-14 17:00:00+00:00,0.0,0.0,278.21875,84.58685302734375,1.650390625,0.0,5.068750000000023
2007-08-14 18:00:00+00:00,0.0,0.0,277.765625,87.2735595703125,1.625,0.0,4.615625000000023
2007-08-14 19:00:00+00:00,0.0,0.0,277.765625,88.9547119140625,1.697265625,0.0,4.615625000000023
2007-08-14 20:00:00+00:00,0.0,0.0,277.0625,93.2440185546875,1.4453125,0.0,3.9125000000000227
2007-08-14 21:00:00+00:00,7.9453125,22.9296875,275.625,96.0447998046875,1.435546875,30.875,2.4750000000000227
2007-08-14 22:00:00+00:00,67.16796875,89.80078125,277.0,93.11895751953125,1.44140625,156.96875,3.8500000000000227
2007-08-14 23:00:00+00:00,106.2890625,163.8046875,279.15625,80.3670654296875,1.34765625,270.09375,6.006250000000023
2007-08-15 00:00:00+00:00,128.4609375,240.9140625,280.515625,79.37908935546875,1.2578125,369.375,7.365625000000023
2007-08-15 01:00:00+00:00,460.30078125,132.37109375,282.421875,76.8792724609375,0.400390625,592.671875,9.271875000000023
2007-08-15 02:00:00+00:00,563.10546875,61.45703125,284.34375,67.7078857421875,0.552734375,624.5625,11.193750000000023
2007-08-15 03:00:00+00:00,519.375,56.546875,287.78125,43.0018310546875,3.73046875,575.921875,14.631250000000023
2007-08-15 04:00:00+00:00,388.60546875,68.94140625,288.421875,39.06268310546875,3.984375,457.546875,15.271875000000023
2007-08-15 05:00:00+00:00,61.8359375,105.5859375,288.671875,39.3529052734375,3.8828125,167.421875,15.521875000000023
2007-08-15 06:00:00+00:00,47.9453125,57.6640625,288.328125,39.09149169921875,3.91796875,105.609375,15.178125000000023
2007-08-15 07:00:00+00:00,4.08984375,8.67578125,287.578125,40.82843017578125,4.220703125,12.765625,14.428125000000023
2007-08-15 08:00:00+00:00,0.0,0.0,286.9375,43.01593017578125,3.87109375,0.0,13.787500000000023
2007-08-15 09:00:00+00:00,0.0,0.0,285.46875,50.91571044921875,2.26953125,0.0,12.318750000000023
2007-08-15 10:00:00+00:00,0.0,0.0,284.875,54.0806884765625,1.994140625,0.0,11.725000000000023
2007-08-15 11:00:00+00:00,0.0,0.0,284.578125,55.8345947265625,1.625,0.0,11.428125000000023
2007-08-15 12:00:00+00:00,0.0,0.0,284.03125,58.334228515625,1.91796875,0.0,10.881250000000023
2007-08-15 13:00:00+00:00,0.0,0.0,283.734375,59.61212158203125,1.76171875,0.0,10.584375000000023
2007-08-15 14:00:00+00:00,0.0,0.0,283.640625,60.072998046875,1.71875,0.0,10.490625000000023
2007-08-15 15:00:00+00:00,0.0,0.0,280.65625,76.87066650390625,1.0390625,0.0,7.506250000000023
2007-08-15 16:00:00+00:00,0.0,0.0,280.421875,77.62689208984375,1.50390625,0.0,7.271875000000023
2007-08-15 17:00:00+00:00,0.0,0.0,280.3125,78.0186767578125,1.275390625,0.0,7.162500000000023
2007-08-15 18:00:00+00:00,0.0,0.0,280.5625,76.26483154296875,1.494140625,0.0,7.412500000000023
2007-08-15 19:00:00+00:00,0.0,0.0,280.203125,74.96136474609375,1.91796875,0.0,7.053125000000023
2007-08-15 20:00:00+00:00,0.0,0.0,280.75,67.2025146484375,2.091796875,0.0,7.600000000000023
2007-08-15 21:00:00+00:00,0.0546875,26.8828125,280.984375,69.238525390625,2.7578125,26.9375,7.834375000000023
2007-08-15 22:00:00+00:00,0.74609375,49.55078125,281.828125,62.79150390625,2.9453125,50.296875,8.678125000000023
2007-08-15 23:00:00+00:00,0.66015625,137.94921875,282.40625,60.26239013671875,2.984375,138.609375,9.256250000000023
2007-08-16 00:00:00+00:00,0.953125,196.78125,283.78125,57.81732177734375,3.138671875,197.734375,10.631250000000023
2007-08-16 01:00:00+00:00,0.296875,61.953125,285.09375,55.82305908203125,3.607421875,62.25,11.943750000000023
2007-08-16 02:00:00+00:00,22.12109375,294.83203125,284.953125,56.91070556640625,3.724609375,316.953125,11.803125000000023
2007-08-16 03:00:00+00:00,17.3828125,274.1796875,287.234375,53.18524169921875,3.66015625,291.5625,14.084375000000023
2007-08-16 04:00:00+00:00,4.5703125,175.0546875,287.515625,52.44805908203125,3.58984375,179.625,14.365625000000023
2007-08-16 05:00:00+00:00,0.203125,49.015625,287.25,56.194091796875,3.154296875,49.21875,14.100000000000023
2007-08-16 06:00:00+00:00,8.390625,72.765625,286.265625,59.73541259765625,2.51953125,81.15625,13.115625000000023
2007-08-16 07:00:00+00:00,0.21484375,13.83203125,286.046875,59.6427001953125,2.17578125,14.046875,12.896875000000023
2007-08-16 08:00:00+00:00,0.0,0.0,285.203125,62.30169677734375,1.95703125,0.0,12.053125000000023
2007-08-16 09:00:00+00:00,0.0,0.0,283.640625,75.87628173828125,1.453125,0.0,10.490625000000023
2007-08-16 10:00:00+00:00,0.0,0.0,284.09375,72.88458251953125,1.236328125,0.0,10.943750000000023
2007-08-16 11:00:00+00:00,0.0,0.0,284.3125,69.71246337890625,1.6875,0.0,11.162500000000023
2007-08-16 12:00:00+00:00,0.0,0.0,283.984375,70.384521484375,1.369140625,0.0,10.834375000000023
2007-08-16 13:00:00+00:00,0.0,0.0,283.484375,70.46063232421875,2.146484375,0.0,10.334375000000023
2007-08-16 14:00:00+00:00,0.0,0.0,283.21875,67.04510498046875,2.42578125,0.0,10.068750000000023
2007-08-16 15:00:00+00:00,0.0,0.0,283.328125,66.5535888671875,2.07421875,0.0,10.178125000000023
2007-08-16 16:00:00+00:00,0.0,0.0,282.859375,73.8037109375,2.365234375,0.0,9.709375000000023
2007-08-16 17:00:00+00:00,0.0,0.0,282.375,79.10333251953125,2.443359375,0.0,9.225000000000023
2007-08-16 18:00:00+00:00,0.0,0.0,281.890625,81.53765869140625,2.91015625,0.0,8.740625000000023
2007-08-16 19:00:00+00:00,0.0,0.0,281.90625,78.585205078125,3.115234375,0.0,8.756250000000023
2007-08-16 20:00:00+00:00,0.0,0.0,281.890625,77.7369384765625,2.685546875,0.0,8.740625000000023
2007-08-16 21:00:00+00:00,2.23046875,21.25390625,280.21875,88.20684814453125,0.349609375,23.484375,7.068750000000023
2007-08-16 22:00:00+00:00,97.59375,90.859375,281.734375,83.68804931640625,1.5625,188.453125,8.584375000000023
2007-08-16 23:00:00+00:00,214.1875,121.75,283.5,84.41949462890625,1.62890625,335.9375,10.350000000000023
2007-08-17 00:00:00+00:00,365.28125,121.140625,285.296875,79.68505859375,2.4453125,486.421875,12.146875000000023
2007-08-17 01:00:00+00:00,455.53515625,110.16796875,286.671875,69.1883544921875,3.212890625,565.703125,13.521875000000023
2007-08-17 02:00:00+00:00,460.80078125,82.08984375,287.171875,66.92889404296875,3.3203125,542.890625,14.021875000000023
2007-08-17 03:00:00+00:00,60.83984375,194.08203125,286.953125,70.25994873046875,3.9140625,254.921875,13.803125000000023
2007-08-17 04:00:00+00:00,114.375,152.859375,286.546875,71.1654052734375,3.751953125,267.234375,13.396875000000023
2007-08-17 05:00:00+00:00,44.1796875,72.8203125,286.578125,72.75970458984375,4.03125,117.0,13.428125000000023
2007-08-17 06:00:00+00:00,24.71875,74.984375,285.734375,77.055419921875,4.349609375,99.703125,12.584375000000023
2007-08-17 07:00:00+00:00,0.5,10.84375,285.0625,81.73675537109375,4.326171875,11.34375,11.912500000000023
2007-08-17 08:00:00+00:00,0.0,0.0,284.0625,89.02301025390625,4.416015625,0.0,10.912500000000023
2007-08-17 09:00:00+00:00,0.0,0.0,283.359375,88.88037109375,4.388671875,0.0,10.209375000000023
2007-08-17 10:00:00+00:00,0.0,0.0,283.265625,84.68707275390625,3.494140625,0.0,10.115625000000023
2007-08-17 11:00:00+00:00,0.0,0.0,283.359375,79.76556396484375,2.857421875,0.0,10.209375000000023
2007-08-17 12:00:00+00:00,0.0,0.0,283.265625,74.50225830078125,3.28515625,0.0,10.115625000000023
2007-08-17 13:00:00+00:00,0.0,0.0,282.796875,74.6875,3.244140625,0.0,9.646875000000023
2007-08-17 14:00:00+00:00,0.0,0.0,282.046875,76.7244873046875,2.966796875,0.0,8.896875000000023
2007-08-17 15:00:00+00:00,0.0,0.0,281.15625,81.0306396484375,2.541015625,0.0,8.006250000000023
2007-08-17 16:00:00+00:00,0.0,0.0,280.265625,87.00115966796875,2.05078125,0.0,7.115625000000023
2007-08-17 17:00:00+00:00,0.0,0.0,280.03125,88.4940185546875,1.736328125,0.0,6.881250000000023
2007-08-17 18:00:00+00:00,0.0,0.0,279.953125,88.01776123046875,1.640625,0.0,6.803125000000023
2007-08-17 19:00:00+00:00,0.0,0.0,280.140625,86.30645751953125,1.56640625,0.0,6.990625000000023
2007-08-17 20:00:00+00:00,0.0,0.0,278.890625,91.02032470703125,1.65625,0.0,5.740625000000023
2007-08-17 21:00:00+00:00,0.0,15.5625,280.515625,81.76873779296875,1.837890625,15.5625,7.365625000000023
2007-08-17 22:00:00+00:00,109.3046875,89.2265625,280.59375,81.54248046875,1.751953125,198.53125,7.443750000000023
2007-08-17 23:00:00+00:00,241.60546875,82.76953125,281.359375,79.68853759765625,2.060546875,324.375,8.209375000000023
2007-08-18 00:00:00+00:00,286.1328125,164.5703125,282.265625,79.31878662109375,2.53515625,450.703125,9.115625000000023
2007-08-18 01:00:00+00:00,77.765625,224.234375,283.3125,77.03753662109375,2.740234375,302.0,10.162500000000023
2007-08-18 02:00:00+00:00,202.734375,280.375,283.9375,75.34423828125,2.646484375,483.109375,10.787500000000023
2007-08-18 03:00:00+00:00,169.26171875,229.31640625,286.1875,65.59228515625,3.2265625,398.578125,13.037500000000023
2007-08-18 04:00:00+00:00,106.8984375,75.7578125,286.40625,63.14013671875,3.23046875,182.65625,13.256250000000023
2007-08-18 05:00:00+00:00,213.0625,106.1875,286.4375,59.77545166015625,3.15234375,319.25,13.287500000000023
2007-08-18 06:00:00+00:00,121.421875,39.078125,286.734375,57.208740234375,3.09375,160.5,13.584375000000023
2007-08-18 07:00:00+00:00,19.1171875,2.7578125,286.03125,60.569091796875,2.712890625,21.875,12.881250000000023
2007-08-18 08:00:00+00:00,0.0,0.0,284.734375,69.1600341796875,2.380859375,0.0,11.584375000000023
2007-08-18 09:00:00+00:00,0.0,0.0,283.734375,85.08905029296875,2.314453125,0.0,10.584375000000023
2007-08-18 10:00:00+00:00,0.0,0.0,283.28125,90.85662841796875,1.923828125,0.0,10.131250000000023
2007-08-18 11:00:00+00:00,0.0,0.0,282.90625,91.9403076171875,1.419921875,0.0,9.756250000000023
2007-08-18 12:00:00+00:00,0.0,0.0,282.296875,92.07196044921875,1.1953125,0.0,9.146875000000023
2007-08-18 13:00:00+00:00,0.0,0.0,281.6875,92.01531982421875,1.16796875,0.0,8.537500000000023
2007-08-18 14:00:00+00:00,0.0,0.0,282.640625,89.45831298828125,1.41796875,0.0,9.490625000000023
2007-08-18 15:00:00+00:00,0.0,0.0,282.671875,91.75555419921875,1.564453125,0.0,9.521875000000023
2007-08-18 16:00:00+00:00,0.0,0.0,282.65625,88.68048095703125,1.798828125,0.0,9.506250000000023
2007-08-18 17:00:00+00:00,0.0,0.0,281.828125,92.64666748046875,1.669921875,0.0,8.678125000000023
2007-08-18 18:00:00+00:00,0.0,0.0,281.3125,94.519287109375,1.439453125,0.0,8.162500000000023
2007-08-18 19:00:00+00:00,0.0,0.0,281.078125,95.4119873046875,1.32421875,0.0,7.928125000000023
2007-08-18 20:00:00+00:00,0.0,0.0,281.015625,95.6597900390625,1.240234375,0.0,7.865625000000023
2007-08-18 21:00:00+00:00,11.47265625,20.62109375,280.734375,94.3419189453125,1.11328125,32.09375,7.584375000000023
2007-08-18 22:00:00+00:00,11.18359375,73.47265625,281.078125,91.015380859375,0.87109375,84.65625,7.928125000000023
2007-08-18 23:00:00+00:00,107.3984375,149.9765625,281.453125,90.0816650390625,0.951171875,257.375,8.303125000000023
2007-08-19 00:00:00+00:00,191.76953125,189.87109375,282.28125,86.67095947265625,1.056640625,381.640625,9.131250000000023
2007-08-19 01:00:00+00:00,286.8046875,187.2578125,283.09375,83.2972412109375,1.064453125,474.0625,9.943750000000023
2007-08-19 02:00:00+00:00,355.703125,166.171875,284.109375,75.90234375,1.080078125,521.875,10.959375000000023
2007-08-19 03:00:00+00:00,397.26953125,106.43359375,285.296875,69.4437255859375,1.013671875,503.703125,12.146875000000023
2007-08-19 04:00:00+00:00,381.171875,85.453125,286.046875,62.60064697265625,1.462890625,466.625,12.896875000000023
2007-08-19 05:00:00+00:00,195.77734375,83.70703125,286.65625,56.0404052734375,1.802734375,279.484375,13.506250000000023
2007-08-19 06:00:00+00:00,68.05859375,59.36328125,286.734375,52.4053955078125,2.0078125,127.421875,13.584375000000023
2007-08-19 07:00:00+00:00,6.9375,13.96875,286.328125,53.32159423828125,2.302734375,20.90625,13.178125000000023
2007-08-19 08:00:00+00:00,0.0,0.0,285.234375,59.9915771484375,2.40234375,0.0,12.084375000000023
2007-08-19 09:00:00+00:00,0.0,0.0,284.546875,66.5010986328125,2.349609375,0.0,11.396875000000023
2007-08-19 10:00:00+00:00,0.0,0.0,283.28125,73.75457763671875,2.22265625,0.0,10.131250000000023
2007-08-19 11:00:00+00:00,0.0,0.0,282.546875,78.87164306640625,1.748046875,0.0,9.396875000000023
2007-08-19 12:00:00+00:00,0.0,0.0,281.609375,84.1685791015625,1.1796875,0.0,8.459375000000023
2007-08-19 13:00:00+00:00,0.0,0.0,281.015625,87.30731201171875,0.98828125,0.0,7.865625000000023
2007-08-19 14:00:00+00:00,0.0,0.0,280.546875,88.6708984375,1.09375,0.0,7.396875000000023
2007-08-19 15:00:00+00:00,0.0,0.0,278.59375,94.05615234375,0.515625,0.0,5.443750000000023
2007-08-19 16:00:00+00:00,0.0,0.0,278.0625,96.42596435546875,0.62890625,0.0,4.912500000000023
2007-08-19 17:00:00+00:00,0.0,0.0,277.53125,97.29248046875,0.419921875,0.0,4.381250000000023
2007-08-19 18:00:00+00:00,0.0,0.0,277.515625,97.233154296875,0.99609375,0.0,4.365625000000023
2007-08-19 19:00:00+00:00,0.0,0.0,277.53125,97.127685546875,1.42578125,0.0,4.381250000000023
2007-08-19 20:00:00+00:00,0.0,0.0,277.234375,97.45880126953125,1.69140625,0.0,4.084375000000023
2007-08-19 21:00:00+00:00,24.109375,27.0625,275.8125,98.827880859375,1.76953125,51.171875,2.6625000000000227
2007-08-19 22:00:00+00:00,132.83984375,79.89453125,276.5625,98.3580322265625,1.494140625,212.734375,3.4125000000000227
2007-08-19 23:00:00+00:00,266.71875,110.125,277.625,95.54644775390625,1.0078125,376.84375,4.475000000000023
2007-08-20 00:00:00+00:00,460.4453125,84.3984375,279.171875,90.281005859375,1.19140625,544.84375,6.021875000000023
2007-08-20 01:00:00+00:00,563.16015625,66.57421875,280.984375,82.4525146484375,1.091796875,629.734375,7.834375000000023
2007-08-20 02:00:00+00:00,595.453125,59.59375,282.84375,73.5128173828125,1.189453125,655.046875,9.693750000000023
2007-08-20 03:00:00+00:00,563.09765625,51.01171875,285.40625,60.2322998046875,2.94140625,614.109375,12.256250000000023
2007-08-20 04:00:00+00:00,476.48828125,41.94921875,285.875,54.93194580078125,3.1484375,518.4375,12.725000000000023
2007-08-20 05:00:00+00:00,298.79296875,51.91015625,286.125,53.607666015625,3.337890625,350.703125,12.975000000000023
2007-08-20 06:00:00+00:00,133.11328125,39.38671875,285.859375,56.4271240234375,2.28125,172.5,12.709375000000023
2007-08-20 07:00:00+00:00,14.4921875,2.4296875,285.46875,57.79779052734375,2.2734375,16.921875,12.318750000000023
2007-08-20 08:00:00+00:00,0.0,0.0,284.03125,63.074951171875,1.98046875,0.0,10.881250000000023
2007-08-20 09:00:00+00:00,0.0,0.0,283.75,68.35968017578125,2.009765625,0.0,10.600000000000023
2007-08-20 10:00:00+00:00,0.0,0.0,283.75,68.04559326171875,1.46484375,0.0,10.600000000000023
2007-08-20 11:00:00+00:00,0.0,0.0,283.578125,67.09149169921875,1.203125,0.0,10.428125000000023
2007-08-20 12:00:00+00:00,0.0,0.0,283.140625,68.4454345703125,0.435546875,0.0,9.990625000000023
2007-08-20 13:00:00+00:00,0.0,0.0,283.015625,69.44171142578125,0.90625,0.0,9.865625000000023
2007-08-20 14:00:00+00:00,0.0,0.0,283.21875,69.80316162109375,1.44140625,0.0,10.068750000000023
2007-08-20 15:00:00+00:00,0.0,0.0,282.265625,74.59503173828125,1.37890625,0.0,9.115625000000023
2007-08-20 16:00:00+00:00,0.0,0.0,281.609375,78.02728271484375,1.060546875,0.0,8.459375000000023
2007-08-20 17:00:00+00:00,0.0,0.0,280.015625,86.264404296875,0.662109375,0.0,6.865625000000023
2007-08-20 18:00:00+00:00,0.0,0.0,279.6875,86.97369384765625,0.841796875,0.0,6.537500000000023
2007-08-20 19:00:00+00:00,0.0,0.0,279.4375,87.65069580078125,1.2578125,0.0,6.287500000000023
2007-08-20 20:00:00+00:00,0.0,0.0,279.265625,88.86676025390625,1.228515625,0.0,6.115625000000023
2007-08-20 21:00:00+00:00,0.0,19.140625,280.5625,92.26007080078125,0.71875,19.140625,7.412500000000023
2007-08-20 22:00:00+00:00,22.8828125,93.0859375,280.75,96.3455810546875,0.484375,115.96875,7.600000000000023
2007-08-20 23:00:00+00:00,75.77734375,193.14453125,282.75,86.96392822265625,2.236328125,268.921875,9.600000000000023
2007-08-21 00:00:00+00:00,373.76171875,147.51953125,284.03125,76.92572021484375,3.298828125,521.28125,10.881250000000023
2007-08-21 01:00:00+00:00,377.984375,143.3125,285.34375,68.8057861328125,3.33203125,521.296875,12.193750000000023
2007-08-21 02:00:00+00:00,505.66015625,89.85546875,286.15625,62.228759765625,3.408203125,595.515625,13.006250000000023
2007-08-21 03:00:00+00:00,294.65625,151.921875,286.90625,59.3082275390625,2.95703125,446.578125,13.756250000000023
2007-08-21 04:00:00+00:00,187.97265625,150.02734375,287.640625,54.9525146484375,3.365234375,338.0,14.490625000000023
2007-08-21 05:00:00+00:00,286.7890625,80.8046875,287.9375,55.64349365234375,4.056640625,367.59375,14.787500000000023
2007-08-21 06:00:00+00:00,75.1796875,44.2109375,287.828125,61.07672119140625,5.109375,119.390625,14.678125000000023
2007-08-21 07:00:00+00:00,3.0,15.0,286.203125,80.07366943359375,6.197265625,18.0,13.053125000000023
2007-08-21 08:00:00+00:00,0.0,0.0,284.984375,77.49365234375,7.048828125,0.0,11.834375000000023
2007-08-21 09:00:00+00:00,0.0,0.0,283.984375,79.99127197265625,7.197265625,0.0,10.834375000000023
2007-08-21 10:00:00+00:00,0.0,0.0,283.421875,79.16510009765625,6.978515625,0.0,10.271875000000023
2007-08-21 11:00:00+00:00,0.0,0.0,283.015625,78.15447998046875,7.11328125,0.0,9.865625000000023
2007-08-21 12:00:00+00:00,0.0,0.0,282.625,75.6966552734375,7.177734375,0.0,9.475000000000023
2007-08-21 13:00:00+00:00,0.0,0.0,282.34375,73.87457275390625,6.841796875,0.0,9.193750000000023
2007-08-21 14:00:00+00:00,0.0,0.0,281.859375,75.863037109375,6.314453125,0.0,8.709375000000023
2007-08-21 15:00:00+00:00,0.0,0.0,281.34375,78.06610107421875,5.390625,0.0,8.193750000000023
2007-08-21 16:00:00+00:00,0.0,0.0,281.046875,79.4281005859375,5.095703125,0.0,7.896875000000023
2007-08-21 17:00:00+00:00,0.0,0.0,280.546875,81.63543701171875,4.775390625,0.0,7.396875000000023
2007-08-21 18:00:00+00:00,0.0,0.0,280.328125,81.2939453125,4.6015625,0.0,7.178125000000023
2007-08-21 19:00:00+00:00,0.0,0.0,280.140625,81.34600830078125,3.8046875,0.0,6.990625000000023
2007-08-21 20:00:00+00:00,0.0,0.0,279.65625,84.05535888671875,2.78515625,0.0,6.506250000000023
2007-08-21 21:00:00+00:00,4.0234375,40.6640625,277.96875,94.38604736328125,1.564453125,44.6875,4.818750000000023
2007-08-21 22:00:00+00:00,62.046875,119.234375,278.875,91.908203125,1.3125,181.28125,5.725000000000023
2007-08-21 23:00:00+00:00,89.01953125,191.83984375,279.546875,92.52496337890625,1.357421875,280.859375,6.396875000000023
2007-08-22 00:00:00+00:00,69.1015625,265.2109375,280.765625,89.05242919921875,1.30859375,334.3125,7.615625000000023
2007-08-22 01:00:00+00:00,245.38671875,264.53515625,281.546875,85.94818115234375,1.380859375,509.921875,8.396875000000023
2007-08-22 02:00:00+00:00,241.05859375,218.12890625,282.765625,80.9461669921875,1.314453125,459.1875,9.615625000000023
2007-08-22 03:00:00+00:00,517.328125,94.03125,285.015625,71.82861328125,1.349609375,611.359375,11.865625000000023
2007-08-22 04:00:00+00:00,303.6015625,144.9140625,286.125,65.93377685546875,1.09375,448.515625,12.975000000000023
2007-08-22 05:00:00+00:00,258.0,94.734375,286.703125,62.49560546875,0.755859375,352.734375,13.553125000000023
2007-08-22 06:00:00+00:00,118.71484375,54.69140625,287.15625,59.142822265625,0.53125,173.40625,14.006250000000023
2007-08-22 07:00:00+00:00,9.34765625,15.73046875,287.21875,57.87890625,1.36328125,25.078125,14.068750000000023
2007-08-22 08:00:00+00:00,0.0,0.0,285.5,64.03167724609375,1.8125,0.0,12.350000000000023
2007-08-22 09:00:00+00:00,0.0,0.0,284.984375,64.354736328125,1.72265625,0.0,11.834375000000023
2007-08-22 10:00:00+00:00,0.0,0.0,284.1875,66.13958740234375,1.595703125,0.0,11.037500000000023
2007-08-22 11:00:00+00:00,0.0,0.0,283.078125,69.46380615234375,1.1328125,0.0,9.928125000000023
2007-08-22 12:00:00+00:00,0.0,0.0,282.671875,70.29986572265625,0.970703125,0.0,9.521875000000023
2007-08-22 13:00:00+00:00,0.0,0.0,282.28125,71.3756103515625,0.705078125,0.0,9.131250000000023
2007-08-22 14:00:00+00:00,0.0,0.0,282.734375,68.90045166015625,0.5078125,0.0,9.584375000000023
2007-08-22 15:00:00+00:00,0.0,0.0,281.703125,74.1019287109375,0.587890625,0.0,8.553125000000023
2007-08-22 16:00:00+00:00,0.0,0.0,281.15625,76.6011962890625,0.732421875,0.0,8.006250000000023
2007-08-22 17:00:00+00:00,0.0,0.0,280.78125,77.14544677734375,0.751953125,0.0,7.631250000000023
2007-08-22 18:00:00+00:00,0.0,0.0,280.0,80.90771484375,0.89453125,0.0,6.850000000000023
2007-08-22 19:00:00+00:00,0.0,0.0,280.375,78.26348876953125,1.341796875,0.0,7.225000000000023
2007-08-22 20:00:00+00:00,0.0,0.0,280.109375,79.84490966796875,1.556640625,0.0,6.959375000000023
2007-08-22 21:00:00+00:00,2.2265625,38.2578125,280.40625,81.58709716796875,2.390625,40.484375,7.256250000000023
2007-08-22 22:00:00+00:00,3.875,98.96875,281.3125,74.75714111328125,2.34375,102.84375,8.162500000000023
2007-08-22 23:00:00+00:00,126.6328125,178.5078125,282.390625,66.62786865234375,2.783203125,305.140625,9.240625000000023
2007-08-23 00:00:00+00:00,142.375,240.359375,284.078125,59.23162841796875,3.3125,382.734375,10.928125000000023
2007-08-23 01:00:00+00:00,387.39453125,207.49609375,285.640625,53.0186767578125,4.125,594.890625,12.490625000000023
2007-08-23 02:00:00+00:00,507.1953125,122.1953125,287.34375,44.62091064453125,4.251953125,629.390625,14.193750000000023
2007-08-23 03:00:00+00:00,458.7265625,115.2421875,288.46875,40.9798583984375,3.369140625,573.96875,15.318750000000023
2007-08-23 04:00:00+00:00,367.93359375,91.89453125,288.921875,38.7144775390625,2.912109375,459.828125,15.771875000000023
2007-08-23 05:00:00+00:00,300.2734375,67.1484375,289.125,38.25543212890625,2.828125,367.421875,15.975000000000023
2007-08-23 06:00:00+00:00,103.4375,34.359375,289.21875,38.6597900390625,2.947265625,137.796875,16.068750000000023
2007-08-23 07:00:00+00:00,15.44921875,11.83203125,288.421875,40.566650390625,3.64453125,27.28125,15.271875000000023
2007-08-23 08:00:00+00:00,0.0,0.0,287.671875,43.17974853515625,4.474609375,0.0,14.521875000000023
2007-08-23 09:00:00+00:00,0.0,0.0,287.4375,44.0150146484375,3.6875,0.0,14.287500000000023
2007-08-23 10:00:00+00:00,0.0,0.0,285.921875,49.591796875,2.962890625,0.0,12.771875000000023
2007-08-23 11:00:00+00:00,0.0,0.0,285.28125,52.41595458984375,2.14453125,0.0,12.131250000000023
2007-08-23 12:00:00+00:00,0.0,0.0,284.890625,54.1414794921875,2.02734375,0.0,11.740625000000023
2007-08-23 13:00:00+00:00,0.0,0.0,285.078125,53.68853759765625,1.951171875,0.0,11.928125000000023
2007-08-23 14:00:00+00:00,0.0,0.0,285.046875,53.90460205078125,2.197265625,0.0,11.896875000000023
2007-08-23 15:00:00+00:00,0.0,0.0,283.90625,59.0198974609375,2.46875,0.0,10.756250000000023
2007-08-23 16:00:00+00:00,0.0,0.0,283.875,58.97650146484375,2.431640625,0.0,10.725000000000023
2007-08-23 17:00:00+00:00,0.0,0.0,283.609375,60.035888671875,2.6640625,0.0,10.459375000000023
2007-08-23 18:00:00+00:00,0.0,0.0,283.40625,61.087158203125,3.1640625,0.0,10.256250000000023
2007-08-23 19:00:00+00:00,0.0,0.0,284.0,60.1329345703125,3.298828125,0.0,10.850000000000023
2007-08-23 20:00:00+00:00,0.0,0.015625,282.8125,65.79132080078125,3.181640625,0.015625,9.662500000000023
2007-08-23 21:00:00+00:00,10.81640625,28.29296875,283.46875,63.1771240234375,3.412109375,39.109375,10.318750000000023
2007-08-23 22:00:00+00:00,167.390625,77.125,284.296875,61.958984375,4.1171875,244.515625,11.146875000000023
2007-08-23 23:00:00+00:00,336.7265625,76.5703125,285.609375,60.48309326171875,3.9375,413.296875,12.459375000000023
2007-08-24 00:00:00+00:00,375.28515625,129.04296875,286.953125,58.71173095703125,4.36328125,504.328125,13.803125000000023
2007-08-24 01:00:00+00:00,144.51171875,204.36328125,288.1875,55.18304443359375,5.2109375,348.875,15.037500000000023
2007-08-24 02:00:00+00:00,420.82421875,204.47265625,288.90625,52.0274658203125,5.109375,625.296875,15.756250000000023
2007-08-24 03:00:00+00:00,389.1875,187.40625,290.046875,51.0360107421875,5.109375,576.59375,16.896875000000023
2007-08-24 04:00:00+00:00,353.1328125,65.3671875,291.21875,43.8050537109375,4.9375,418.5,18.068750000000023
2007-08-24 05:00:00+00:00,241.05859375,57.83203125,291.5625,40.68328857421875,4.763671875,298.890625,18.412500000000023
2007-08-24 06:00:00+00:00,67.578125,20.1875,291.578125,40.3272705078125,4.50390625,87.765625,18.428125000000023
2007-08-24 07:00:00+00:00,8.01171875,11.47265625,290.578125,44.24737548828125,4.3203125,19.484375,17.428125000000023
2007-08-24 08:00:00+00:00,0.0,0.0,289.890625,49.5538330078125,4.552734375,0.0,16.740625000000023
2007-08-24 09:00:00+00:00,0.0,0.0,288.4375,60.77264404296875,4.296875,0.0,15.287500000000023
2007-08-24 10:00:00+00:00,0.0,0.0,287.546875,64.301513671875,4.0859375,0.0,14.396875000000023
2007-08-24 11:00:00+00:00,0.0,0.0,286.734375,67.24139404296875,3.796875,0.0,13.584375000000023
2007-08-24 12:00:00+00:00,0.0,0.0,286.21875,69.0784912109375,3.796875,0.0,13.068750000000023
2007-08-24 13:00:00+00:00,0.0,0.0,286.171875,67.73187255859375,4.02734375,0.0,13.021875000000023
2007-08-24 14:00:00+00:00,0.0,0.0,286.09375,65.73162841796875,4.1875,0.0,12.943750000000023
2007-08-24 15:00:00+00:00,0.0,0.0,285.21875,71.56878662109375,4.16796875,0.0,12.068750000000023
2007-08-24 16:00:00+00:00,0.0,0.0,285.265625,69.179443359375,4.095703125,0.0,12.115625000000023
2007-08-24 17:00:00+00:00,0.0,0.0,285.3125,67.488037109375,4.04296875,0.0,12.162500000000023
2007-08-24 18:00:00+00:00,0.0,0.0,284.890625,68.4151611328125,3.880859375,0.0,11.740625000000023
2007-08-24 19:00:00+00:00,0.0,0.0,285.03125,67.02099609375,3.650390625,0.0,11.881250000000023
2007-08-24 20:00:00+00:00,0.0,0.046875,284.390625,67.683837890625,3.57421875,0.046875,11.240625000000023
2007-08-24 21:00:00+00:00,18.0703125,38.4453125,283.984375,67.5072021484375,3.904296875,56.515625,10.834375000000023
2007-08-24 22:00:00+00:00,142.76953125,88.32421875,285.171875,60.74652099609375,3.751953125,231.09375,12.021875000000023
2007-08-24 23:00:00+00:00,326.25390625,87.27734375,286.53125,56.43701171875,3.66015625,413.53125,13.381250000000023
2007-08-25 00:00:00+00:00,472.31640625,83.49609375,288.171875,51.165283203125,3.66015625,555.8125,15.021875000000023
2007-08-25 01:00:00+00:00,332.90234375,182.16015625,289.875,43.783935546875,4.40625,515.0625,16.725000000000023
2007-08-25 02:00:00+00:00,128.67578125,207.62109375,291.015625,38.44879150390625,4.875,336.296875,17.865625000000023
2007-08-25 03:00:00+00:00,348.15625,191.84375,292.1875,39.1849365234375,5.001953125,540.0,19.037500000000023
2007-08-25 04:00:00+00:00,308.7734375,140.7265625,293.28125,36.41815185546875,4.90625,449.5,20.131250000000023
2007-08-25 05:00:00+00:00,81.71484375,149.67578125,294.234375,30.4423828125,4.47265625,231.390625,21.084375000000023
2007-08-25 06:00:00+00:00,5.10546875,58.19140625,293.875,28.05029296875,4.896484375,63.296875,20.725000000000023
2007-08-25 07:00:00+00:00,9.90625,15.859375,292.78125,33.82012939453125,5.12890625,25.765625,19.631250000000023
2007-08-25 08:00:00+00:00,0.0,0.0,291.75,41.657958984375,4.82421875,0.0,18.600000000000023
2007-08-25 09:00:00+00:00,0.0,0.0,291.015625,46.5838623046875,4.78125,0.0,17.865625000000023
2007-08-25 10:00:00+00:00,0.0,0.0,290.390625,46.46435546875,3.751953125,0.0,17.240625000000023
2007-08-25 11:00:00+00:00,0.0,0.0,289.21875,46.90765380859375,2.4453125,0.0,16.068750000000023
2007-08-25 12:00:00+00:00,0.0,0.0,288.390625,54.76025390625,2.90234375,0.0,15.240625000000023
2007-08-25 13:00:00+00:00,0.0,0.0,286.703125,71.9945068359375,2.44140625,0.0,13.553125000000023
2007-08-25 14:00:00+00:00,0.0,0.0,286.453125,79.8499755859375,2.34375,0.0,13.303125000000023
2007-08-25 15:00:00+00:00,0.0,0.0,285.828125,82.98394775390625,2.365234375,0.0,12.678125000000023
2007-08-25 16:00:00+00:00,0.0,0.0,284.015625,90.12799072265625,1.712890625,0.0,10.865625000000023
2007-08-25 17:00:00+00:00,0.0,0.0,283.90625,89.83807373046875,1.392578125,0.0,10.756250000000023
2007-08-25 18:00:00+00:00,0.0,0.0,284.046875,86.5672607421875,1.3515625,0.0,10.896875000000023
2007-08-25 19:00:00+00:00,0.0,0.0,283.9375,80.62640380859375,1.818359375,0.0,10.787500000000023
2007-08-25 20:00:00+00:00,0.0,0.078125,284.234375,70.9559326171875,1.0625,0.078125,11.084375000000023
2007-08-25 21:00:00+00:00,28.7265625,37.4765625,283.890625,77.4591064453125,1.953125,66.203125,10.740625000000023
2007-08-25 22:00:00+00:00,60.30859375,120.75390625,285.3125,65.62237548828125,2.51953125,181.0625,12.162500000000023
2007-08-25 23:00:00+00:00,100.7421875,196.9296875,286.078125,62.64752197265625,2.51953125,297.671875,12.928125000000023
2007-08-26 00:00:00+00:00,72.28515625,185.27734375,287.546875,56.9796142578125,2.619140625,257.5625,14.396875000000023
2007-08-26 01:00:00+00:00,280.16015625,230.37109375,288.3125,54.9530029296875,2.759765625,510.53125,15.162500000000023
2007-08-26 02:00:00+00:00,483.7109375,140.1484375,290.1875,47.07489013671875,2.8203125,623.859375,17.037500000000023
2007-08-26 03:00:00+00:00,538.86328125,80.24609375,292.890625,37.90576171875,4.748046875,619.109375,19.740625000000023
2007-08-26 04:00:00+00:00,427.734375,84.234375,293.984375,33.74072265625,5.763671875,511.96875,20.834375000000023
2007-08-26 05:00:00+00:00,235.7265625,105.0859375,294.296875,34.00384521484375,6.03515625,340.8125,21.146875000000023
2007-08-26 06:00:00+00:00,44.72265625,97.48046875,294.375,34.3681640625,5.740234375,142.203125,21.225000000000023
2007-08-26 07:00:00+00:00,10.3671875,22.0234375,293.75,36.51702880859375,4.912109375,32.390625,20.600000000000023
2007-08-26 08:00:00+00:00,0.0,0.0,292.140625,41.76397705078125,4.0703125,0.0,18.990625000000023
2007-08-26 09:00:00+00:00,0.0,0.0,291.625,45.34796142578125,3.998046875,0.0,18.475000000000023
2007-08-26 10:00:00+00:00,0.0,0.0,291.25,47.16168212890625,3.671875,0.0,18.100000000000023
2007-08-26 11:00:00+00:00,0.0,0.0,289.71875,55.00958251953125,3.09765625,0.0,16.568750000000023
2007-08-26 12:00:00+00:00,0.0,0.0,288.515625,60.99261474609375,2.525390625,0.0,15.365625000000023
2007-08-26 13:00:00+00:00,0.0,0.0,287.625,63.846435546875,2.447265625,0.0,14.475000000000023
2007-08-26 14:00:00+00:00,0.0,0.0,286.625,67.98095703125,2.083984375,0.0,13.475000000000023
2007-08-26 15:00:00+00:00,0.0,0.0,284.8125,74.69769287109375,1.36328125,0.0,11.662500000000023
2007-08-26 16:00:00+00:00,0.0,0.0,283.9375,78.24139404296875,1.12109375,0.0,10.787500000000023
2007-08-26 17:00:00+00:00,0.0,0.0,283.296875,80.568359375,1.044921875,0.0,10.146875000000023
2007-08-26 18:00:00+00:00,0.0,0.0,283.0,80.5843505859375,1.19140625,0.0,9.850000000000023
2007-08-26 19:00:00+00:00,0.0,0.0,282.9375,79.542724609375,1.720703125,0.0,9.787500000000023
2007-08-26 20:00:00+00:00,0.0,0.265625,282.765625,80.28436279296875,2.09765625,0.265625,9.615625000000023
2007-08-26 21:00:00+00:00,23.51171875,45.84765625,282.046875,81.80804443359375,2.265625,69.359375,8.896875000000023
2007-08-26 22:00:00+00:00,167.12890625,84.29296875,284.03125,69.529052734375,3.5,251.421875,10.881250000000023
2007-08-26 23:00:00+00:00,193.96875,161.953125,286.109375,59.5994873046875,4.28515625,355.921875,12.959375000000023
2007-08-27 00:00:00+00:00,381.0078125,154.5859375,288.265625,53.71270751953125,4.3203125,535.59375,15.115625000000023
2007-08-27 01:00:00+00:00,364.734375,195.953125,291.234375,44.97174072265625,4.5859375,560.6875,18.084375000000023
2007-08-27 02:00:00+00:00,425.56640625,174.40234375,293.46875,35.62335205078125,5.517578125,599.96875,20.318750000000023
2007-08-27 03:00:00+00:00,537.4375,85.234375,295.8125,31.12213134765625,6.4140625,622.671875,22.662500000000023
2007-08-27 04:00:00+00:00,455.625,70.671875,296.640625,28.62060546875,6.51171875,526.296875,23.490625000000023
2007-08-27 05:00:00+00:00,326.87109375,54.91015625,297.015625,27.93548583984375,6.576171875,381.78125,23.865625000000023
2007-08-27 06:00:00+00:00,170.18359375,35.28515625,296.171875,30.8770751953125,6.822265625,205.46875,23.021875000000023
2007-08-27 07:00:00+00:00,30.4765625,6.7578125,294.96875,34.7447509765625,5.7578125,37.234375,21.818750000000023
2007-08-27 08:00:00+00:00,0.0,0.0,293.171875,42.021240234375,4.98046875,0.0,20.021875000000023
2007-08-27 09:00:00+00:00,0.0,0.0,292.546875,44.6412353515625,4.904296875,0.0,19.396875000000023
2007-08-27 10:00:00+00:00,0.0,0.0,292.296875,43.67181396484375,5.494140625,0.0,19.146875000000023
2007-08-27 11:00:00+00:00,0.0,0.0,291.75,42.42376708984375,5.75,0.0,18.600000000000023
2007-08-27 12:00:00+00:00,0.0,0.0,291.375,41.12664794921875,6.39453125,0.0,18.225000000000023
2007-08-27 13:00:00+00:00,0.0,0.0,291.125,37.72540283203125,6.6015625,0.0,17.975000000000023
2007-08-27 14:00:00+00:00,0.0,0.0,290.84375,34.31585693359375,6.375,0.0,17.693750000000023
2007-08-27 15:00:00+00:00,0.0,0.0,290.296875,37.444091796875,6.09375,0.0,17.146875000000023
2007-08-27 16:00:00+00:00,0.0,0.0,290.59375,33.14117431640625,6.56640625,0.0,17.443750000000023
2007-08-27 17:00:00+00:00,0.0,0.0,290.5,30.92999267578125,6.767578125,0.0,17.350000000000023
2007-08-27 18:00:00+00:00,0.0,0.0,289.640625,32.17401123046875,5.513671875,0.0,16.490625000000023
2007-08-27 19:00:00+00:00,0.0,0.0,288.71875,34.42333984375,4.83984375,0.0,15.568750000000023
2007-08-27 20:00:00+00:00,0.0,0.34375,287.90625,36.90643310546875,4.27734375,0.34375,14.756250000000023
2007-08-27 21:00:00+00:00,15.96875,46.421875,287.28125,38.12188720703125,2.962890625,62.390625,14.131250000000023
2007-08-27 22:00:00+00:00,136.07421875,100.48828125,287.65625,38.23199462890625,2.8515625,236.5625,14.506250000000023
2007-08-27 23:00:00+00:00,299.0,111.921875,288.4375,38.75,3.2265625,410.921875,15.287500000000023
2007-08-28 00:00:00+00:00,424.828125,120.484375,288.890625,49.5538330078125,4.080078125,545.3125,15.740625000000023
2007-08-28 01:00:00+00:00,462.51171875,136.42578125,289.4375,53.74896240234375,4.208984375,598.9375,16.287500000000023
2007-08-28 02:00:00+00:00,358.75390625,173.98046875,290.4375,50.333251953125,4.322265625,532.734375,17.287500000000023
2007-08-28 03:00:00+00:00,302.875,118.015625,291.28125,46.6982421875,4.296875,420.890625,18.131250000000023
2007-08-28 04:00:00+00:00,84.609375,236.75,291.546875,42.52691650390625,4.8671875,321.359375,18.396875000000023
2007-08-28 05:00:00+00:00,108.48828125,132.46484375,291.59375,40.36676025390625,5.3671875,240.953125,18.443750000000023
2007-08-28 06:00:00+00:00,52.4140625,74.2265625,291.296875,39.6663818359375,5.158203125,126.640625,18.146875000000023
2007-08-28 07:00:00+00:00,12.1171875,17.4453125,289.6875,49.4732666015625,4.51171875,29.5625,16.537500000000023
2007-08-28 08:00:00+00:00,0.0,0.0,287.9375,63.276123046875,3.26171875,0.0,14.787500000000023
2007-08-28 09:00:00+00:00,0.0,0.0,286.953125,71.95159912109375,2.65234375,0.0,13.803125000000023
2007-08-28 10:00:00+00:00,0.0,0.0,286.984375,71.1234130859375,2.708984375,0.0,13.834375000000023
2007-08-28 11:00:00+00:00,0.0,0.0,286.640625,71.5296630859375,3.14453125,0.0,13.490625000000023
2007-08-28 12:00:00+00:00,0.0,0.0,286.46875,72.37750244140625,2.974609375,0.0,13.318750000000023
2007-08-28 13:00:00+00:00,0.0,0.0,285.328125,78.7008056640625,2.935546875,0.0,12.178125000000023
2007-08-28 14:00:00+00:00,0.0,0.0,284.671875,82.4713134765625,2.837890625,0.0,11.521875000000023
2007-08-28 15:00:00+00:00,0.0,0.0,283.171875,88.8961181640625,1.888671875,0.0,10.021875000000023
2007-08-28 16:00:00+00:00,0.0,0.0,282.65625,90.29376220703125,1.826171875,0.0,9.506250000000023
2007-08-28 17:00:00+00:00,0.0,0.0,282.09375,92.22015380859375,1.65625,0.0,8.943750000000023
2007-08-28 18:00:00+00:00,0.0,0.0,281.71875,92.8736572265625,1.55078125,0.0,8.568750000000023
2007-08-28 19:00:00+00:00,0.0,0.0,281.328125,93.09027099609375,1.4921875,0.0,8.178125000000023
2007-08-28 20:00:00+00:00,0.0,0.609375,280.8125,94.188232421875,1.431640625,0.609375,7.662500000000023
2007-08-28 21:00:00+00:00,47.37109375,39.73828125,280.765625,93.9503173828125,1.732421875,87.109375,7.615625000000023
2007-08-28 22:00:00+00:00,208.0859375,65.3671875,282.515625,88.2423095703125,1.447265625,273.453125,9.365625000000023
2007-08-28 23:00:00+00:00,374.6328125,72.5078125,283.890625,80.20147705078125,1.708984375,447.140625,10.740625000000023
2007-08-29 00:00:00+00:00,514.71875,73.015625,285.15625,70.72918701171875,2.171875,587.734375,12.006250000000023
2007-08-29 01:00:00+00:00,602.734375,67.609375,286.28125,63.52978515625,2.41796875,670.34375,13.131250000000023
2007-08-29 02:00:00+00:00,632.71484375,60.70703125,287.140625,57.907958984375,2.271484375,693.421875,13.990625000000023
2007-08-29 03:00:00+00:00,595.97265625,57.71484375,288.015625,56.61322021484375,2.02734375,653.6875,14.865625000000023
2007-08-29 04:00:00+00:00,512.51171875,42.83203125,288.71875,52.63323974609375,1.71875,555.34375,15.568750000000023
2007-08-29 05:00:00+00:00,374.7421875,32.5703125,289.328125,50.09918212890625,1.51953125,407.3125,16.178125000000023
2007-08-29 06:00:00+00:00,205.171875,19.875,289.78125,47.3765869140625,1.015625,225.046875,16.631250000000023
2007-08-29 07:00:00+00:00,46.03515625,0.0,289.765625,46.61077880859375,0.53125,45.84375,16.615625000000023
2007-08-29 08:00:00+00:00,0.0,0.0,287.59375,53.08538818359375,1.01953125,0.0,14.443750000000023
2007-08-29 09:00:00+00:00,0.0,0.0,287.203125,53.79840087890625,1.767578125,0.0,14.053125000000023
2007-08-29 10:00:00+00:00,0.0,0.0,286.59375,57.41424560546875,1.9609375,0.0,13.443750000000023
2007-08-29 11:00:00+00:00,0.0,0.0,285.96875,60.66827392578125,2.267578125,0.0,12.818750000000023
2007-08-29 12:00:00+00:00,0.0,0.0,285.5,61.22607421875,1.966796875,0.0,12.350000000000023
2007-08-29 13:00:00+00:00,0.0,0.0,285.21875,62.17901611328125,2.09765625,0.0,12.068750000000023
2007-08-29 14:00:00+00:00,0.0,0.0,285.609375,60.60064697265625,2.748046875,0.0,12.459375000000023
2007-08-29 15:00:00+00:00,0.0,0.0,284.296875,74.4193115234375,2.97265625,0.0,11.146875000000023
2007-08-29 16:00:00+00:00,0.0,0.0,284.203125,74.5489501953125,3.16015625,0.0,11.053125000000023
2007-08-29 17:00:00+00:00,0.0,0.0,284.0625,73.48516845703125,3.267578125,0.0,10.912500000000023
2007-08-29 18:00:00+00:00,0.0,0.0,283.9375,72.0743408203125,3.416015625,0.0,10.787500000000023
2007-08-29 19:00:00+00:00,0.0,0.0,283.90625,70.1397705078125,3.72265625,0.0,10.756250000000023
2007-08-29 20:00:00+00:00,0.0,0.9375,283.953125,67.69757080078125,4.0,0.9375,10.803125000000023
2007-08-29 21:00:00+00:00,52.484375,41.828125,283.25,71.97406005859375,3.94140625,94.3125,10.100000000000023
2007-08-29 22:00:00+00:00,219.171875,66.15625,284.875,63.58892822265625,3.849609375,285.328125,11.725000000000023
2007-08-29 23:00:00+00:00,387.8046875,73.3828125,286.78125,54.74444580078125,4.375,461.1875,13.631250000000023
2007-08-30 00:00:00+00:00,527.875,74.375,288.96875,45.8084716796875,5.82421875,602.25,15.818750000000023
2007-08-30 01:00:00+00:00,614.0078125,69.9296875,290.796875,39.96209716796875,6.96875,683.9375,17.646875000000023
2007-08-30 02:00:00+00:00,639.5234375,64.4296875,292.796875,34.2611083984375,7.765625,703.953125,19.646875000000023
2007-08-30 03:00:00+00:00,601.12890625,57.57421875,294.609375,33.6190185546875,8.298828125,658.703125,21.459375000000023
2007-08-30 04:00:00+00:00,508.40234375,49.92578125,295.78125,30.69012451171875,8.4375,558.328125,22.631250000000023
2007-08-30 05:00:00+00:00,366.5625,40.140625,296.171875,31.664794921875,8.53515625,406.703125,23.021875000000023
2007-08-30 06:00:00+00:00,195.5625,26.828125,295.953125,33.888427734375,8.73828125,222.390625,22.803125000000023
2007-08-30 07:00:00+00:00,38.9765625,4.5390625,295.171875,38.048583984375,7.7265625,43.515625,22.021875000000023
2007-08-30 08:00:00+00:00,0.0,0.0,294.234375,40.70587158203125,7.4140625,0.0,21.084375000000023
2007-08-30 09:00:00+00:00,0.0,0.0,293.484375,42.7607421875,7.09765625,0.0,20.334375000000023
2007-08-30 10:00:00+00:00,0.0,0.0,293.015625,41.32257080078125,6.30078125,0.0,19.865625000000023
2007-08-30 11:00:00+00:00,0.0,0.0,292.609375,39.51995849609375,5.9140625,0.0,19.459375000000023
2007-08-30 12:00:00+00:00,0.0,0.0,293.046875,35.01446533203125,7.1328125,0.0,19.896875000000023
2007-08-30 13:00:00+00:00,0.0,0.0,293.25,31.6112060546875,7.689453125,0.0,20.100000000000023
2007-08-30 14:00:00+00:00,0.0,0.0,292.796875,31.3494873046875,7.3203125,0.0,19.646875000000023
2007-08-30 15:00:00+00:00,0.0,0.0,292.234375,34.79864501953125,7.2265625,0.0,19.084375000000023
2007-08-30 16:00:00+00:00,0.0,0.0,291.453125,34.82464599609375,6.658203125,0.0,18.303125000000023
2007-08-30 17:00:00+00:00,0.0,0.0,290.890625,34.27301025390625,6.767578125,0.0,17.740625000000023
2007-08-30 18:00:00+00:00,0.0,0.0,290.671875,34.2562255859375,6.65625,0.0,17.521875000000023
2007-08-30 19:00:00+00:00,0.0,0.0,290.265625,37.57403564453125,7.138671875,0.0,17.115625000000023
2007-08-30 20:00:00+00:00,0.0,0.609375,289.375,44.493408203125,6.6328125,0.609375,16.225000000000023
2007-08-30 21:00:00+00:00,0.8046875,9.2734375,289.46875,48.5650634765625,5.998046875,10.078125,16.318750000000023
2007-08-30 22:00:00+00:00,1.3828125,85.6796875,288.75,55.212890625,9.2265625,87.0625,15.600000000000023
2007-08-30 23:00:00+00:00,47.74609375,196.17578125,287.21875,59.41058349609375,9.2890625,243.921875,14.068750000000023
2007-08-31 00:00:00+00:00,22.78515625,118.82421875,286.09375,63.94024658203125,10.724609375,141.609375,12.943750000000023
2007-08-31 01:00:00+00:00,26.4765625,91.0234375,285.03125,66.467529296875,10.04296875,117.5,11.881250000000023
2007-08-31 02:00:00+00:00,56.640625,125.203125,284.859375,61.4197998046875,10.0546875,181.84375,11.709375000000023
2007-08-31 03:00:00+00:00,85.43359375,143.53515625,285.203125,60.2509765625,9.5,228.96875,12.053125000000023
2007-08-31 04:00:00+00:00,256.6640625,103.5703125,285.046875,60.5587158203125,9.125,360.234375,11.896875000000023
2007-08-31 05:00:00+00:00,109.30078125,99.12109375,285.125,57.49261474609375,8.37109375,208.421875,11.975000000000023
2007-08-31 06:00:00+00:00,32.8125,39.96875,285.0625,52.84881591796875,7.38671875,72.78125,11.912500000000023
2007-08-31 07:00:00+00:00,0.984375,15.703125,284.671875,49.72137451171875,6.841796875,16.6875,11.521875000000023
2007-08-31 08:00:00+00:00,0.0,0.0,284.28125,51.21612548828125,5.943359375,0.0,11.131250000000023
2007-08-31 09:00:00+00:00,0.0,0.0,283.671875,54.49114990234375,5.6015625,0.0,10.521875000000023
2007-08-31 10:00:00+00:00,0.0,0.0,283.734375,53.73291015625,4.744140625,0.0,10.584375000000023
2007-08-31 11:00:00+00:00,0.0,0.0,283.359375,57.09674072265625,4.716796875,0.0,10.209375000000023
2007-08-31 12:00:00+00:00,0.0,0.0,283.421875,54.53033447265625,4.408203125,0.0,10.271875000000023
2007-08-31 13:00:00+00:00,0.0,0.0,283.203125,54.17425537109375,4.337890625,0.0,10.053125000000023
2007-08-31 14:00:00+00:00,0.0,0.0,282.609375,58.21453857421875,3.630859375,0.0,9.459375000000023
2007-08-31 15:00:00+00:00,0.0,0.0,282.109375,69.78887939453125,4.26953125,0.0,8.959375000000023
2007-08-31 16:00:00+00:00,0.0,0.0,281.84375,72.578125,3.892578125,0.0,8.693750000000023
2007-08-31 17:00:00+00:00,0.0,0.0,281.671875,69.37353515625,3.212890625,0.0,8.521875000000023
2007-08-31 18:00:00+00:00,0.0,0.0,281.53125,66.14984130859375,3.095703125,0.0,8.381250000000023
2007-08-31 19:00:00+00:00,0.0,0.0,281.40625,65.99945068359375,2.982421875,0.0,8.256250000000023
2007-08-31 20:00:00+00:00,0.0,1.0,281.65625,64.572509765625,2.615234375,1.0,8.506250000000023
2007-08-31 21:00:00+00:00,0.01953125,45.74609375,279.78125,71.92626953125,2.841796875,45.765625,6.631250000000023
2007-08-31 22:00:00+00:00,51.7734375,116.8984375,280.1875,69.31195068359375,3.279296875,168.671875,7.037500000000023
2007-08-31 23:00:00+00:00,98.359375,194.5625,280.9375,66.8770751953125,3.732421875,292.921875,7.787500000000023
2007-09-01 00:00:00+00:00,95.96875,278.75,282.40625,60.64447021484375,4.0,374.71875,9.256250000000023
2007-09-01 01:00:00+00:00,356.30859375,237.58203125,283.828125,55.8194580078125,4.041015625,593.890625,10.678125000000023
2007-09-01 02:00:00+00:00,366.671875,219.28125,285.46875,49.926513671875,3.837890625,585.953125,12.318750000000023
2007-09-01 03:00:00+00:00,613.2109375,53.2890625,287.53125,41.14459228515625,2.818359375,666.5,14.381250000000023
2007-09-01 04:00:00+00:00,522.953125,43.671875,288.484375,38.6497802734375,2.75,566.625,15.334375000000023
2007-09-01 05:00:00+00:00,383.1796875,33.3515625,289.140625,37.955322265625,2.322265625,416.53125,15.990625000000023
2007-09-01 06:00:00+00:00,212.265625,21.03125,289.5,37.781494140625,1.900390625,233.296875,16.350000000000023
2007-09-01 07:00:00+00:00,50.71875,0.109375,289.359375,38.8797607421875,1.890625,50.828125,16.209375000000023
2007-09-01 08:00:00+00:00,0.0,0.0,287.65625,44.5946044921875,2.53125,0.0,14.506250000000023
2007-09-01 09:00:00+00:00,0.0,0.0,288.09375,45.56146240234375,3.7265625,0.0,14.943750000000023
2007-09-01 10:00:00+00:00,0.0,0.0,287.3125,47.74969482421875,3.759765625,0.0,14.162500000000023
2007-09-01 11:00:00+00:00,0.0,0.0,286.34375,49.8748779296875,3.7265625,0.0,13.193750000000023
2007-09-01 12:00:00+00:00,0.0,0.0,285.484375,52.6912841796875,3.685546875,0.0,12.334375000000023
2007-09-01 13:00:00+00:00,0.0,0.0,284.71875,56.0284423828125,3.81640625,0.0,11.568750000000023
2007-09-01 14:00:00+00:00,0.0,0.0,284.171875,57.30133056640625,3.953125,0.0,11.021875000000023
2007-09-01 15:00:00+00:00,0.0,0.0,282.78125,63.1519775390625,3.865234375,0.0,9.631250000000023
2007-09-01 16:00:00+00:00,0.0,0.0,282.34375,64.10443115234375,3.65234375,0.0,9.193750000000023
2007-09-01 17:00:00+00:00,0.0,0.0,281.984375,65.3590087890625,3.8984375,0.0,8.834375000000023
2007-09-01 18:00:00+00:00,0.0,0.0,281.53125,67.04345703125,4.078125,0.0,8.381250000000023
2007-09-01 19:00:00+00:00,0.0,0.0,281.28125,66.7939453125,4.236328125,0.0,8.131250000000023
2007-09-01 20:00:00+00:00,0.0,2.1875,281.28125,64.670654296875,4.48828125,2.1875,8.131250000000023
2007-09-01 21:00:00+00:00,60.96875,46.703125,280.953125,67.7835693359375,4.609375,107.671875,7.803125000000023
2007-09-01 22:00:00+00:00,231.3515625,69.7734375,282.09375,60.793701171875,4.9765625,301.125,8.943750000000023
2007-09-01 23:00:00+00:00,401.83203125,76.54296875,283.671875,53.32598876953125,5.43359375,478.375,10.521875000000023
2007-09-02 00:00:00+00:00,545.87890625,76.96484375,285.59375,46.44256591796875,5.87109375,622.84375,12.443750000000023
2007-09-02 01:00:00+00:00,633.27734375,71.14453125,287.5625,39.0906982421875,6.32421875,704.421875,14.412500000000023
2007-09-02 02:00:00+00:00,613.86328125,87.35546875,289.34375,33.87420654296875,6.2265625,701.21875,16.193750000000023
2007-09-02 03:00:00+00:00,526.69140625,121.07421875,290.703125,33.7149658203125,5.6953125,647.765625,17.553125000000023
2007-09-02 04:00:00+00:00,438.49609375,98.30078125,291.375,31.26507568359375,6.060546875,536.796875,18.225000000000023
2007-09-02 05:00:00+00:00,342.60546875,66.67578125,291.34375,32.32623291015625,6.17578125,409.28125,18.193750000000023
2007-09-02 06:00:00+00:00,114.91796875,71.70703125,291.21875,33.578857421875,5.671875,186.625,18.068750000000023
2007-09-02 07:00:00+00:00,22.6328125,13.3984375,290.5625,32.96221923828125,5.322265625,36.03125,17.412500000000023
2007-09-02 08:00:00+00:00,0.0,0.0,289.75,35.05438232421875,5.21484375,0.0,16.600000000000023
2007-09-02 09:00:00+00:00,0.0,0.0,289.09375,39.06280517578125,4.48828125,0.0,15.943750000000023
2007-09-02 10:00:00+00:00,0.0,0.0,287.8125,45.7183837890625,3.86328125,0.0,14.662500000000023
2007-09-02 11:00:00+00:00,0.0,0.0,286.796875,51.56768798828125,3.65234375,0.0,13.646875000000023
2007-09-02 12:00:00+00:00,0.0,0.0,285.96875,58.1959228515625,3.986328125,0.0,12.818750000000023
2007-09-02 13:00:00+00:00,0.0,0.0,285.0625,72.324462890625,5.3828125,0.0,11.912500000000023
2007-09-02 14:00:00+00:00,0.0,0.0,283.640625,90.90496826171875,5.2890625,0.0,10.490625000000023
2007-09-02 15:00:00+00:00,0.0,0.0,282.59375,87.9769287109375,4.533203125,0.0,9.443750000000023
2007-09-02 16:00:00+00:00,0.0,0.0,282.421875,88.58990478515625,2.908203125,0.0,9.271875000000023
2007-09-02 17:00:00+00:00,0.0,0.0,282.4375,88.91668701171875,2.138671875,0.0,9.287500000000023
2007-09-02 18:00:00+00:00,0.0,0.0,282.421875,87.61602783203125,2.45703125,0.0,9.271875000000023
2007-09-02 19:00:00+00:00,0.0,0.0,281.890625,91.28350830078125,2.880859375,0.0,8.740625000000023
2007-09-02 20:00:00+00:00,0.00390625,2.77734375,281.859375,89.71826171875,3.40234375,2.78125,8.709375000000023
2007-09-02 21:00:00+00:00,66.18359375,47.56640625,281.21875,85.68316650390625,3.40625,113.75,8.068750000000023
2007-09-02 22:00:00+00:00,84.13671875,121.11328125,281.96875,81.37615966796875,3.318359375,205.25,8.818750000000023
2007-09-02 23:00:00+00:00,183.44921875,193.80078125,282.546875,75.94024658203125,3.6640625,377.25,9.396875000000023
2007-09-03 00:00:00+00:00,498.40625,122.125,283.828125,65.02679443359375,4.099609375,620.53125,10.678125000000023
2007-09-03 01:00:00+00:00,553.4453125,113.2421875,285.234375,50.41180419921875,5.169921875,666.6875,12.084375000000023
2007-09-03 02:00:00+00:00,99.96875,197.484375,285.875,49.97027587890625,5.841796875,297.453125,12.725000000000023
2007-09-03 03:00:00+00:00,101.7421875,285.5078125,285.46875,55.4903564453125,6.056640625,387.25,12.318750000000023
2007-09-03 04:00:00+00:00,368.3984375,130.8203125,285.359375,58.44500732421875,6.439453125,499.21875,12.209375000000023
2007-09-03 05:00:00+00:00,287.91796875,66.70703125,285.390625,57.7940673828125,6.59765625,354.625,12.240625000000023
2007-09-03 06:00:00+00:00,105.73046875,35.51953125,285.15625,53.3209228515625,6.552734375,141.25,12.006250000000023
2007-09-03 07:00:00+00:00,40.61328125,12.23046875,284.578125,53.6771240234375,5.8828125,52.84375,11.428125000000023
2007-09-03 08:00:00+00:00,0.0,0.0,284.0,54.203857421875,5.04296875,0.0,10.850000000000023
2007-09-03 09:00:00+00:00,0.0,0.0,283.453125,63.689453125,4.271484375,0.0,10.303125000000023
2007-09-03 10:00:00+00:00,0.0,0.0,282.984375,66.93487548828125,3.712890625,0.0,9.834375000000023
2007-09-03 11:00:00+00:00,0.0,0.0,282.71875,67.5089111328125,2.783203125,0.0,9.568750000000023
2007-09-03 12:00:00+00:00,0.0,0.0,281.6875,69.98443603515625,2.56640625,0.0,8.537500000000023
2007-09-03 13:00:00+00:00,0.0,0.0,282.234375,64.47686767578125,3.072265625,0.0,9.084375000000023
2007-09-03 14:00:00+00:00,0.0,0.0,282.328125,62.619140625,3.375,0.0,9.178125000000023
2007-09-03 15:00:00+00:00,0.0,0.0,281.234375,74.4183349609375,2.66796875,0.0,8.084375000000023
2007-09-03 16:00:00+00:00,0.0,0.0,281.28125,74.51025390625,2.693359375,0.0,8.131250000000023
2007-09-03 17:00:00+00:00,0.0,0.0,281.28125,73.615234375,2.6640625,0.0,8.131250000000023
2007-09-03 18:00:00+00:00,0.0,0.0,280.625,74.97564697265625,2.609375,0.0,7.475000000000023
2007-09-03 19:00:00+00:00,0.0,0.0,280.796875,73.15338134765625,2.751953125,0.0,7.646875000000023
2007-09-03 20:00:00+00:00,0.0,2.359375,280.4375,71.7254638671875,3.060546875,2.359375,7.287500000000023
2007-09-03 21:00:00+00:00,27.15234375,53.41015625,279.46875,77.595703125,2.630859375,80.5625,6.318750000000023
2007-09-03 22:00:00+00:00,98.0390625,133.5234375,280.109375,71.5897216796875,2.865234375,231.5625,6.959375000000023
2007-09-03 23:00:00+00:00,182.8984375,203.9140625,281.484375,64.447265625,3.216796875,386.8125,8.334375000000023
2007-09-04 00:00:00+00:00,345.58984375,202.39453125,282.828125,51.05548095703125,5.248046875,547.984375,9.678125000000023
2007-09-04 01:00:00+00:00,263.81640625,276.32421875,283.78125,48.71795654296875,5.662109375,540.140625,10.631250000000023
2007-09-04 02:00:00+00:00,297.796875,258.125,284.25,48.23309326171875,6.453125,555.921875,11.100000000000023
2007-09-04 03:00:00+00:00,539.43359375,147.25390625,285.1875,44.19464111328125,6.23046875,686.6875,12.037500000000023
2007-09-04 04:00:00+00:00,548.296875,49.28125,286.3125,36.85162353515625,6.232421875,597.578125,13.162500000000023
2007-09-04 05:00:00+00:00,409.8203125,33.7109375,286.625,37.1063232421875,5.865234375,443.53125,13.475000000000023
2007-09-04 06:00:00+00:00,231.44921875,21.08203125,286.578125,40.2357177734375,5.880859375,252.53125,13.428125000000023
2007-09-04 07:00:00+00:00,60.25,0.0,285.859375,43.827392578125,5.76953125,59.9375,12.709375000000023
2007-09-04 08:00:00+00:00,0.0,0.0,284.3125,51.29345703125,5.732421875,0.0,11.162500000000023
2007-09-04 09:00:00+00:00,0.0,0.0,283.34375,53.72723388671875,6.2265625,0.0,10.193750000000023
2007-09-04 10:00:00+00:00,0.0,0.0,282.828125,55.6488037109375,6.3046875,0.0,9.678125000000023
2007-09-04 11:00:00+00:00,0.0,0.0,282.296875,56.35955810546875,5.91015625,0.0,9.146875000000023
2007-09-04 12:00:00+00:00,0.0,0.0,281.78125,58.44683837890625,5.353515625,0.0,8.631250000000023
2007-09-04 13:00:00+00:00,0.0,0.0,281.359375,60.1669921875,4.64453125,0.0,8.209375000000023
2007-09-04 14:00:00+00:00,0.0,0.0,280.921875,61.9041748046875,3.88671875,0.0,7.771875000000023
2007-09-04 15:00:00+00:00,0.0,0.0,279.921875,67.4527587890625,2.66796875,0.0,6.771875000000023
2007-09-04 16:00:00+00:00,0.0,0.0,279.4375,68.984619140625,2.22265625,0.0,6.287500000000023
2007-09-04 17:00:00+00:00,0.0,0.0,278.765625,72.049072265625,1.880859375,0.0,5.615625000000023
2007-09-04 18:00:00+00:00,0.0,0.0,278.125,75.808349609375,1.6953125,0.0,4.975000000000023
2007-09-04 19:00:00+00:00,0.0,0.0,277.234375,81.3892822265625,1.3984375,0.0,4.084375000000023
2007-09-04 20:00:00+00:00,0.171875,4.125,276.671875,85.23126220703125,1.25,4.296875,3.5218750000000227
2007-09-04 21:00:00+00:00,74.9921875,49.9609375,275.765625,90.5311279296875,1.1875,124.953125,2.6156250000000227
2007-09-04 22:00:00+00:00,252.47265625,70.13671875,277.75,83.28863525390625,1.0625,322.609375,4.600000000000023
2007-09-04 23:00:00+00:00,425.6015625,75.5703125,279.75,75.58984375,0.919921875,501.171875,6.600000000000023
2007-09-05 00:00:00+00:00,569.33984375,75.45703125,281.84375,68.4171142578125,1.087890625,644.796875,8.693750000000023
2007-09-05 01:00:00+00:00,657.12890625,69.29296875,284.625,49.7113037109375,2.62890625,726.421875,11.475000000000023
2007-09-05 02:00:00+00:00,684.609375,62.125,286.4375,40.39013671875,3.5078125,746.734375,13.287500000000023
2007-09-05 03:00:00+00:00,650.65234375,53.12890625,288.03125,36.664306640625,2.90234375,703.78125,14.881250000000023
2007-09-05 04:00:00+00:00,555.6484375,43.6015625,289.03125,34.555419921875,2.77734375,599.25,15.881250000000023
2007-09-05 05:00:00+00:00,410.96875,33.515625,289.703125,32.90380859375,2.798828125,444.484375,16.553125000000023
2007-09-05 06:00:00+00:00,233.6015625,21.3203125,289.90625,32.50091552734375,3.03125,254.921875,16.756250000000023
2007-09-05 07:00:00+00:00,62.1796875,0.0,289.296875,33.8974609375,3.248046875,61.78125,16.146875000000023
2007-09-05 08:00:00+00:00,0.0,0.0,287.4375,38.811279296875,3.40234375,0.0,14.287500000000023
2007-09-05 09:00:00+00:00,0.0,0.0,286.34375,47.05792236328125,2.84375,0.0,13.193750000000023
2007-09-05 10:00:00+00:00,0.0,0.0,285.28125,51.5074462890625,2.5078125,0.0,12.131250000000023
2007-09-05 11:00:00+00:00,0.0,0.0,284.6875,52.58648681640625,2.2890625,0.0,11.537500000000023
2007-09-05 12:00:00+00:00,0.0,0.0,284.0625,54.016357421875,2.00390625,0.0,10.912500000000023
2007-09-05 13:00:00+00:00,0.0,0.0,283.53125,55.86279296875,2.041015625,0.0,10.381250000000023
2007-09-05 14:00:00+00:00,0.0,0.0,283.25,56.1375732421875,2.12890625,0.0,10.100000000000023
2007-09-05 15:00:00+00:00,0.0,0.0,281.1875,67.1754150390625,1.5078125,0.0,8.037500000000023
2007-09-05 16:00:00+00:00,0.0,0.0,281.515625,65.0909423828125,2.212890625,0.0,8.365625000000023
2007-09-05 17:00:00+00:00,0.0,0.0,281.6875,64.5711669921875,3.0234375,0.0,8.537500000000023
2007-09-05 18:00:00+00:00,0.0,0.0,281.21875,67.047607421875,3.125,0.0,8.068750000000023
2007-09-05 19:00:00+00:00,0.0,0.0,280.890625,69.00830078125,3.138671875,0.0,7.740625000000023
2007-09-05 20:00:00+00:00,0.30078125,4.73046875,280.78125,69.3876953125,3.3046875,5.03125,7.631250000000023
2007-09-05 21:00:00+00:00,75.7421875,51.4296875,280.0,70.95281982421875,2.728515625,127.171875,6.850000000000023
2007-09-05 22:00:00+00:00,251.0078125,71.6484375,281.96875,64.7723388671875,2.9375,322.65625,8.818750000000023
2007-09-05 23:00:00+00:00,422.609375,77.203125,283.828125,59.3984375,3.466796875,499.8125,10.678125000000023
2007-09-06 00:00:00+00:00,564.75390625,77.04296875,285.921875,52.9927978515625,4.3203125,641.796875,12.771875000000023
2007-09-06 01:00:00+00:00,652.0859375,70.9140625,287.921875,45.0162353515625,5.125,723.0,14.771875000000023
2007-09-06 02:00:00+00:00,679.83203125,63.35546875,289.265625,39.53582763671875,4.830078125,743.1875,16.115625000000023
2007-09-06 03:00:00+00:00,595.48046875,78.34765625,290.40625,36.12255859375,3.796875,673.828125,17.256250000000023
2007-09-06 04:00:00+00:00,483.40625,79.78125,290.984375,33.1514892578125,3.578125,563.1875,17.834375000000023
2007-09-06 05:00:00+00:00,350.5234375,69.6328125,291.234375,31.91766357421875,3.697265625,420.15625,18.084375000000023
2007-09-06 06:00:00+00:00,206.55078125,36.24609375,291.0625,32.86810302734375,3.818359375,242.796875,17.912500000000023
2007-09-06 07:00:00+00:00,54.765625,3.84375,290.25,35.18341064453125,3.9921875,58.609375,17.100000000000023
2007-09-06 08:00:00+00:00,0.0,0.0,288.75,39.38427734375,3.998046875,0.0,15.600000000000023
2007-09-06 09:00:00+00:00,0.0,0.0,287.984375,43.26226806640625,3.43359375,0.0,14.834375000000023
2007-09-06 10:00:00+00:00,0.0,0.0,287.4375,43.982177734375,3.251953125,0.0,14.287500000000023
2007-09-06 11:00:00+00:00,0.0,0.0,286.96875,43.494384765625,1.564453125,0.0,13.818750000000023
2007-09-06 12:00:00+00:00,0.0,0.0,285.6875,46.508056640625,0.26953125,0.0,12.537500000000023
2007-09-06 13:00:00+00:00,0.0,0.0,284.6875,49.81719970703125,1.328125,0.0,11.537500000000023
2007-09-06 14:00:00+00:00,0.0,0.0,285.015625,53.83416748046875,1.7578125,0.0,11.865625000000023
2007-09-06 15:00:00+00:00,0.0,0.0,283.390625,68.689453125,1.22265625,0.0,10.240625000000023
2007-09-06 16:00:00+00:00,0.0,0.0,283.109375,70.17669677734375,0.908203125,0.0,9.959375000000023
2007-09-06 17:00:00+00:00,0.0,0.0,283.234375,70.35394287109375,1.396484375,0.0,10.084375000000023
2007-09-06 18:00:00+00:00,0.0,0.0,283.515625,69.9755859375,1.373046875,0.0,10.365625000000023
2007-09-06 19:00:00+00:00,0.0,0.0,283.078125,72.3809814453125,1.193359375,0.0,9.928125000000023
2007-09-06 20:00:00+00:00,0.0078125,2.5234375,283.25,72.431640625,1.287109375,2.53125,10.100000000000023
2007-09-06 21:00:00+00:00,21.328125,49.828125,282.40625,74.2799072265625,1.322265625,71.15625,9.256250000000023
2007-09-06 22:00:00+00:00,22.9609375,127.2890625,283.9375,68.82940673828125,1.24609375,150.25,10.787500000000023
2007-09-06 23:00:00+00:00,54.73046875,206.69140625,285.015625,63.56982421875,1.34375,261.421875,11.865625000000023
2007-09-07 00:00:00+00:00,241.51171875,256.14453125,285.984375,60.404541015625,1.001953125,497.65625,12.834375000000023
2007-09-07 01:00:00+00:00,128.17578125,326.91796875,287.53125,53.35369873046875,1.18359375,455.09375,14.381250000000023
2007-09-07 02:00:00+00:00,97.58984375,275.31640625,288.890625,45.07232666015625,2.16796875,372.90625,15.740625000000023
2007-09-07 03:00:00+00:00,25.046875,250.890625,289.96875,42.9615478515625,2.501953125,275.9375,16.818750000000023
2007-09-07 04:00:00+00:00,208.83203125,264.71484375,290.28125,39.06378173828125,1.927734375,473.546875,17.131250000000023
2007-09-07 05:00:00+00:00,120.265625,143.09375,291.0,36.1055908203125,1.859375,263.359375,17.850000000000023
2007-09-07 06:00:00+00:00,101.42578125,90.69921875,290.984375,35.57293701171875,2.275390625,192.125,17.834375000000023
2007-09-07 07:00:00+00:00,21.84375,18.4375,290.21875,36.658447265625,2.453125,40.28125,17.068750000000023
2007-09-07 08:00:00+00:00,0.0,0.0,289.109375,38.71533203125,2.5234375,0.0,15.959375000000023
2007-09-07 09:00:00+00:00,0.0,0.0,288.484375,50.20635986328125,3.08984375,0.0,15.334375000000023
2007-09-07 10:00:00+00:00,0.0,0.0,287.28125,60.33392333984375,3.134765625,0.0,14.131250000000023
2007-09-07 11:00:00+00:00,0.0,0.0,286.0625,66.393798828125,2.54296875,0.0,12.912500000000023
2007-09-07 12:00:00+00:00,0.0,0.0,286.4375,62.1890869140625,2.419921875,0.0,13.287500000000023
2007-09-07 13:00:00+00:00,0.0,0.0,286.34375,59.86029052734375,1.9765625,0.0,13.193750000000023
2007-09-07 14:00:00+00:00,0.0,0.0,286.03125,60.9281005859375,1.7890625,0.0,12.881250000000023
2007-09-07 15:00:00+00:00,0.0,0.0,284.5,70.7135009765625,1.861328125,0.0,11.350000000000023
2007-09-07 16:00:00+00:00,0.0,0.0,284.359375,69.13665771484375,1.412109375,0.0,11.209375000000023
2007-09-07 17:00:00+00:00,0.0,0.0,283.625,71.20263671875,1.087890625,0.0,10.475000000000023
2007-09-07 18:00:00+00:00,0.0,0.0,283.609375,70.68609619140625,1.109375,0.0,10.459375000000023
2007-09-07 19:00:00+00:00,0.0,0.0,282.75,74.496337890625,0.6015625,0.0,9.600000000000023
2007-09-07 20:00:00+00:00,0.015625,3.953125,282.328125,76.93701171875,0.693359375,3.96875,9.178125000000023
2007-09-07 21:00:00+00:00,38.7890625,70.0234375,280.625,81.3536376953125,1.375,108.8125,7.475000000000023
2007-09-07 22:00:00+00:00,45.90234375,156.89453125,282.75,71.87200927734375,1.220703125,202.796875,9.600000000000023
2007-09-07 23:00:00+00:00,376.6484375,131.4453125,283.453125,69.856689453125,1.302734375,508.09375,10.303125000000023
2007-09-08 00:00:00+00:00,567.40625,81.796875,285.515625,62.1142578125,1.11328125,649.203125,12.365625000000023
2007-09-08 01:00:00+00:00,652.91015625,76.82421875,287.71875,52.617919921875,0.837890625,729.734375,14.568750000000023
2007-09-08 02:00:00+00:00,679.6953125,69.8359375,289.078125,45.66778564453125,0.484375,749.53125,15.928125000000023
2007-09-08 03:00:00+00:00,628.15625,64.734375,290.265625,45.6634521484375,0.833984375,692.890625,17.115625000000023
2007-09-08 04:00:00+00:00,474.76953125,75.16796875,291.25,34.80487060546875,1.140625,549.9375,18.100000000000023
2007-09-08 05:00:00+00:00,397.16796875,52.61328125,291.40625,32.60711669921875,0.740234375,449.78125,18.256250000000023
2007-09-08 06:00:00+00:00,227.546875,29.75,291.8125,31.62274169921875,1.44140625,257.296875,18.662500000000023
2007-09-08 07:00:00+00:00,56.08203125,3.90234375,291.1875,35.38531494140625,2.853515625,59.984375,18.037500000000023
2007-09-08 08:00:00+00:00,0.0,0.0,289.34375,46.65966796875,3.533203125,0.0,16.193750000000023
2007-09-08 09:00:00+00:00,0.0,0.0,287.625,56.59698486328125,3.3828125,0.0,14.475000000000023
2007-09-08 10:00:00+00:00,0.0,0.0,286.734375,60.03057861328125,3.55078125,0.0,13.584375000000023
2007-09-08 11:00:00+00:00,0.0,0.0,286.15625,57.9505615234375,3.470703125,0.0,13.006250000000023
2007-09-08 12:00:00+00:00,0.0,0.0,285.453125,57.47509765625,2.748046875,0.0,12.303125000000023
2007-09-08 13:00:00+00:00,0.0,0.0,284.765625,58.99603271484375,2.02734375,0.0,11.615625000000023
2007-09-08 14:00:00+00:00,0.0,0.0,284.40625,60.85076904296875,1.849609375,0.0,11.256250000000023
2007-09-08 15:00:00+00:00,0.0,0.0,283.28125,69.416259765625,2.01171875,0.0,10.131250000000023
2007-09-08 16:00:00+00:00,0.0,0.0,283.03125,70.40411376953125,2.125,0.0,9.881250000000023
2007-09-08 17:00:00+00:00,0.0,0.0,282.5625,71.28057861328125,2.025390625,0.0,9.412500000000023
2007-09-08 18:00:00+00:00,0.0,0.0,282.078125,73.139404296875,1.97265625,0.0,8.928125000000023
2007-09-08 19:00:00+00:00,0.0,0.0,281.6875,74.0081787109375,2.15234375,0.0,8.537500000000023
2007-09-08 20:00:00+00:00,0.34375,7.390625,281.46875,73.388916015625,2.611328125,7.734375,8.318750000000023
2007-09-08 21:00:00+00:00,49.3125,73.984375,280.796875,74.55712890625,2.580078125,123.296875,7.646875000000023
2007-09-08 22:00:00+00:00,177.703125,124.609375,283.21875,63.12890625,2.90625,302.3125,10.068750000000023
2007-09-08 23:00:00+00:00,126.59765625,200.62109375,285.375,55.35369873046875,3.65234375,327.21875,12.225000000000023
2007-09-09 00:00:00+00:00,202.15625,277.5625,286.828125,49.9603271484375,4.33203125,479.71875,13.678125000000023
2007-09-09 01:00:00+00:00,551.65234375,165.69140625,288.875,41.9573974609375,5.19140625,717.34375,15.725000000000023
2007-09-09 02:00:00+00:00,492.66796875,174.78515625,290.6875,38.466064453125,5.625,667.453125,17.537500000000023
2007-09-09 03:00:00+00:00,411.24609375,217.56640625,292.140625,36.828857421875,5.732421875,628.8125,18.990625000000023
2007-09-09 04:00:00+00:00,364.02734375,173.08203125,292.859375,35.1490478515625,5.46875,537.109375,19.709375000000023
2007-09-09 05:00:00+00:00,183.046875,166.515625,293.03125,34.65667724609375,5.3359375,349.5625,19.881250000000023
2007-09-09 06:00:00+00:00,53.90625,127.078125,292.859375,35.052734375,5.087890625,180.984375,19.709375000000023
2007-09-09 07:00:00+00:00,22.46875,32.5,292.203125,37.6192626953125,5.1796875,54.96875,19.053125000000023
2007-09-09 08:00:00+00:00,0.0,0.0,290.953125,41.4462890625,4.984375,0.0,17.803125000000023
2007-09-09 09:00:00+00:00,0.0,0.0,289.890625,46.181396484375,4.00390625,0.0,16.740625000000023
2007-09-09 10:00:00+00:00,0.0,0.0,289.125,48.14129638671875,3.83984375,0.0,15.975000000000023
2007-09-09 11:00:00+00:00,0.0,0.0,288.734375,47.63568115234375,3.9609375,0.0,15.584375000000023
2007-09-09 12:00:00+00:00,0.0,0.0,288.875,46.1669921875,4.154296875,0.0,15.725000000000023
2007-09-09 13:00:00+00:00,0.0,0.0,288.375,46.996337890625,3.755859375,0.0,15.225000000000023
2007-09-09 14:00:00+00:00,0.0,0.0,288.15625,46.98736572265625,3.669921875,0.0,15.006250000000023
2007-09-09 15:00:00+00:00,0.0,0.0,287.765625,54.2364501953125,3.626953125,0.0,14.615625000000023
2007-09-09 16:00:00+00:00,0.0,0.0,287.703125,51.6732177734375,4.05078125,0.0,14.553125000000023
2007-09-09 17:00:00+00:00,0.0,0.0,287.484375,50.44952392578125,5.134765625,0.0,14.334375000000023
2007-09-09 18:00:00+00:00,0.0,0.0,287.375,49.2127685546875,5.966796875,0.0,14.225000000000023
2007-09-09 19:00:00+00:00,0.0,0.0,287.25,49.69500732421875,5.91796875,0.0,14.100000000000023
2007-09-09 20:00:00+00:00,0.0,2.21875,287.546875,47.8154296875,7.1953125,2.21875,14.396875000000023
2007-09-09 21:00:00+00:00,48.6875,70.046875,287.5,50.781982421875,7.193359375,118.734375,14.350000000000023
2007-09-09 22:00:00+00:00,167.44921875,122.62890625,287.859375,49.4346923828125,8.005859375,290.078125,14.709375000000023
2007-09-09 23:00:00+00:00,368.59375,121.765625,288.859375,46.32904052734375,8.00390625,490.359375,15.709375000000023
2007-09-10 00:00:00+00:00,518.59375,117.734375,290.09375,40.9525146484375,9.294921875,636.328125,16.943750000000023
2007-09-10 01:00:00+00:00,596.52734375,118.08203125,291.171875,37.0648193359375,9.265625,714.609375,18.021875000000023
2007-09-10 02:00:00+00:00,414.7890625,166.2109375,292.171875,36.24945068359375,8.826171875,581.0,19.021875000000023
2007-09-10 03:00:00+00:00,422.38671875,142.84765625,292.53125,40.87066650390625,9.236328125,565.234375,19.381250000000023
2007-09-10 04:00:00+00:00,168.23828125,171.44921875,292.515625,43.3624267578125,9.05859375,339.6875,19.365625000000023
2007-09-10 05:00:00+00:00,16.23046875,63.09765625,292.328125,42.0174560546875,8.427734375,79.328125,19.178125000000023
2007-09-10 06:00:00+00:00,10.10546875,69.42578125,291.421875,47.986083984375,7.525390625,79.53125,18.271875000000023
2007-09-10 07:00:00+00:00,6.33203125,21.54296875,289.96875,58.496337890625,6.3203125,27.875,16.818750000000023
2007-09-10 08:00:00+00:00,0.0,0.015625,289.03125,64.62646484375,6.197265625,0.015625,15.881250000000023
2007-09-10 09:00:00+00:00,0.0,0.0,288.21875,69.8575439453125,5.98828125,0.0,15.068750000000023
2007-09-10 10:00:00+00:00,0.0,0.0,287.484375,72.97735595703125,5.6015625,0.0,14.334375000000023
2007-09-10 11:00:00+00:00,0.0,0.0,287.109375,73.3486328125,5.505859375,0.0,13.959375000000023
2007-09-10 12:00:00+00:00,0.0,0.0,287.0,71.19158935546875,5.28125,0.0,13.850000000000023
2007-09-10 13:00:00+00:00,0.0,0.0,286.65625,71.39306640625,5.173828125,0.0,13.506250000000023
2007-09-10 14:00:00+00:00,0.0,0.0,286.359375,70.904541015625,5.212890625,0.0,13.209375000000023
2007-09-10 15:00:00+00:00,0.0,0.0,285.78125,75.97613525390625,5.216796875,0.0,12.631250000000023
2007-09-10 16:00:00+00:00,0.0,0.0,284.875,84.894775390625,5.234375,0.0,11.725000000000023
2007-09-10 17:00:00+00:00,0.0,0.0,285.0625,82.04962158203125,5.45703125,0.0,11.912500000000023
2007-09-10 18:00:00+00:00,0.0,0.0,284.359375,83.03753662109375,5.849609375,0.0,11.209375000000023
2007-09-10 19:00:00+00:00,0.0,0.0,284.171875,82.81097412109375,5.306640625,0.0,11.021875000000023
2007-09-10 20:00:00+00:00,0.0,2.578125,284.0625,87.17132568359375,5.49609375,2.578125,10.912500000000023
2007-09-10 21:00:00+00:00,0.0,12.65625,284.4375,88.25445556640625,6.361328125,12.65625,11.287500000000023
2007-09-10 22:00:00+00:00,0.0,27.8125,284.40625,89.49151611328125,6.8125,27.8125,11.256250000000023
2007-09-10 23:00:00+00:00,0.00390625,31.60546875,284.515625,88.4737548828125,6.91015625,31.609375,11.365625000000023
2007-09-11 00:00:00+00:00,14.74609375,51.73828125,285.015625,86.5850830078125,6.9453125,66.484375,11.865625000000023
2007-09-11 01:00:00+00:00,8.8203125,199.5859375,285.375,84.6495361328125,6.87109375,208.40625,12.225000000000023
2007-09-11 02:00:00+00:00,429.34375,237.25,285.875,84.28179931640625,6.861328125,666.59375,12.725000000000023
2007-09-11 03:00:00+00:00,350.5,186.125,287.0625,76.1075439453125,8.068359375,536.625,13.912500000000023
2007-09-11 04:00:00+00:00,260.53125,175.40625,286.90625,77.592529296875,7.8046875,435.9375,13.756250000000023
2007-09-11 05:00:00+00:00,268.68359375,119.03515625,286.75,77.31243896484375,7.82421875,387.71875,13.600000000000023
2007-09-11 06:00:00+00:00,126.5,72.640625,286.671875,76.0797119140625,7.705078125,199.140625,13.521875000000023
2007-09-11 07:00:00+00:00,35.04296875,16.12890625,286.125,79.369140625,7.22265625,51.171875,12.975000000000023
2007-09-11 08:00:00+00:00,0.0,0.015625,285.5,81.9383544921875,6.544921875,0.015625,12.350000000000023
2007-09-11 09:00:00+00:00,0.0,0.0,285.171875,86.570068359375,5.234375,0.0,12.021875000000023
2007-09-11 10:00:00+00:00,0.0,0.0,285.015625,87.8406982421875,4.41796875,0.0,11.865625000000023
2007-09-11 11:00:00+00:00,0.0,0.0,284.8125,88.91748046875,4.240234375,0.0,11.662500000000023
2007-09-11 12:00:00+00:00,0.0,0.0,284.5625,89.2630615234375,4.15625,0.0,11.412500000000023
2007-09-11 13:00:00+00:00,0.0,0.0,284.234375,89.1231689453125,4.33203125,0.0,11.084375000000023
2007-09-11 14:00:00+00:00,0.0,0.0,284.15625,89.23046875,4.515625,0.0,11.006250000000023
2007-09-11 15:00:00+00:00,0.0,0.0,284.203125,91.43170166015625,4.345703125,0.0,11.053125000000023
2007-09-11 16:00:00+00:00,0.0,0.0,284.125,91.66607666015625,4.16796875,0.0,10.975000000000023
2007-09-11 17:00:00+00:00,0.0,0.0,283.875,92.756591796875,3.849609375,0.0,10.725000000000023
2007-09-11 18:00:00+00:00,0.0,0.0,283.6875,92.72857666015625,3.509765625,0.0,10.537500000000023
2007-09-11 19:00:00+00:00,0.0,0.0,283.53125,92.82977294921875,3.150390625,0.0,10.381250000000023
2007-09-11 20:00:00+00:00,0.20703125,8.63671875,283.109375,94.27532958984375,3.03125,8.84375,9.959375000000023
2007-09-11 21:00:00+00:00,18.875,83.484375,283.234375,94.66680908203125,2.546875,102.359375,10.084375000000023
2007-09-11 22:00:00+00:00,46.3125,157.859375,283.59375,92.98095703125,2.6171875,204.171875,10.443750000000023
2007-09-11 23:00:00+00:00,109.5234375,222.5859375,284.1875,89.2010498046875,2.642578125,332.109375,11.037500000000023
2007-09-12 00:00:00+00:00,414.578125,174.734375,285.21875,80.53216552734375,3.1171875,589.3125,12.068750000000023
2007-09-12 01:00:00+00:00,491.30859375,128.55078125,286.390625,68.63726806640625,3.388671875,619.859375,13.240625000000023
2007-09-12 02:00:00+00:00,576.55859375,124.95703125,287.03125,61.05316162109375,2.916015625,701.515625,13.881250000000023
2007-09-12 03:00:00+00:00,571.9375,107.640625,287.78125,57.03485107421875,2.5546875,679.578125,14.631250000000023
2007-09-12 04:00:00+00:00,453.18359375,105.23828125,288.265625,54.34136962890625,1.802734375,558.421875,15.115625000000023
2007-09-12 05:00:00+00:00,244.45703125,114.35546875,288.671875,52.535400390625,1.166015625,358.8125,15.521875000000023
2007-09-12 06:00:00+00:00,67.84375,74.90625,288.921875,51.7803955078125,1.0078125,142.75,15.771875000000023
2007-09-12 07:00:00+00:00,18.01953125,25.19921875,289.0,50.617919921875,0.96484375,43.21875,15.850000000000023
2007-09-12 08:00:00+00:00,0.0,0.078125,288.296875,51.99615478515625,1.70703125,0.078125,15.146875000000023
2007-09-12 09:00:00+00:00,0.0,0.0,287.015625,55.95526123046875,2.392578125,0.0,13.865625000000023
2007-09-12 10:00:00+00:00,0.0,0.0,286.578125,59.4595947265625,2.6484375,0.0,13.428125000000023
2007-09-12 11:00:00+00:00,0.0,0.0,286.09375,62.91143798828125,2.751953125,0.0,12.943750000000023
2007-09-12 12:00:00+00:00,0.0,0.0,286.109375,64.1104736328125,3.26171875,0.0,12.959375000000023
2007-09-12 13:00:00+00:00,0.0,0.0,285.71875,65.4892578125,3.052734375,0.0,12.568750000000023
2007-09-12 14:00:00+00:00,0.0,0.0,285.09375,67.216552734375,3.005859375,0.0,11.943750000000023
2007-09-12 15:00:00+00:00,0.0,0.0,283.734375,73.00640869140625,3.185546875,0.0,10.584375000000023
2007-09-12 16:00:00+00:00,0.0,0.0,283.796875,70.91259765625,3.556640625,0.0,10.646875000000023
2007-09-12 17:00:00+00:00,0.0,0.0,283.65625,70.0633544921875,3.67578125,0.0,10.506250000000023
2007-09-12 18:00:00+00:00,0.0,0.0,283.609375,68.61968994140625,3.84375,0.0,10.459375000000023
2007-09-12 19:00:00+00:00,0.0,0.0,283.65625,66.4866943359375,4.14453125,0.0,10.506250000000023
2007-09-12 20:00:00+00:00,3.32421875,10.51953125,283.875,62.95916748046875,4.646484375,13.84375,10.725000000000023
2007-09-12 21:00:00+00:00,104.81640625,58.49609375,283.96875,63.205078125,5.0859375,163.3125,10.818750000000023
2007-09-12 22:00:00+00:00,285.75390625,76.21484375,285.34375,58.30865478515625,5.48046875,361.96875,12.193750000000023
2007-09-12 23:00:00+00:00,420.8046875,102.9140625,286.96875,52.71435546875,6.220703125,523.71875,13.818750000000023
2007-09-13 00:00:00+00:00,577.18359375,96.62890625,288.46875,47.892333984375,6.908203125,673.8125,15.318750000000023
2007-09-13 01:00:00+00:00,661.60546875,89.37890625,290.390625,42.69342041015625,7.716796875,750.984375,17.240625000000023
2007-09-13 02:00:00+00:00,580.703125,146.75,292.59375,34.93670654296875,8.27734375,727.453125,19.443750000000023
2007-09-13 03:00:00+00:00,86.7109375,100.5546875,293.671875,35.8487548828125,8.62109375,187.265625,20.521875000000023
2007-09-13 04:00:00+00:00,187.671875,274.578125,292.625,38.35406494140625,8.935546875,462.25,19.475000000000023
2007-09-13 05:00:00+00:00,305.18359375,122.45703125,293.125,40.60968017578125,9.263671875,427.640625,19.975000000000023
2007-09-13 06:00:00+00:00,180.72265625,62.04296875,293.59375,39.63348388671875,8.40234375,242.765625,20.443750000000023
2007-09-13 07:00:00+00:00,40.92578125,23.15234375,293.59375,36.86187744140625,8.33984375,64.078125,20.443750000000023
2007-09-13 08:00:00+00:00,0.0,0.125,292.921875,37.12841796875,7.880859375,0.125,19.771875000000023
2007-09-13 09:00:00+00:00,0.0,0.0,292.328125,40.998291015625,8.025390625,0.0,19.178125000000023
2007-09-13 10:00:00+00:00,0.0,0.0,291.796875,41.04937744140625,7.666015625,0.0,18.646875000000023
2007-09-13 11:00:00+00:00,0.0,0.0,291.46875,39.97088623046875,7.267578125,0.0,18.318750000000023
2007-09-13 12:00:00+00:00,0.0,0.0,291.296875,38.48651123046875,7.681640625,0.0,18.146875000000023
2007-09-13 13:00:00+00:00,0.0,0.0,291.28125,37.048583984375,7.603515625,0.0,18.131250000000023
2007-09-13 14:00:00+00:00,0.0,0.0,291.421875,36.0523681640625,7.578125,0.0,18.271875000000023
2007-09-13 15:00:00+00:00,0.0,0.0,290.90625,36.51116943359375,6.314453125,0.0,17.756250000000023
2007-09-13 16:00:00+00:00,0.0,0.0,288.4375,57.41387939453125,6.720703125,0.0,15.287500000000023
2007-09-13 17:00:00+00:00,0.0,0.0,286.390625,80.209716796875,4.572265625,0.0,13.240625000000023
2007-09-13 18:00:00+00:00,0.0,0.0,286.078125,78.2559814453125,1.6796875,0.0,12.928125000000023
2007-09-13 19:00:00+00:00,0.0,0.0,286.0,77.805419921875,2.064453125,0.0,12.850000000000023
2007-09-13 20:00:00+00:00,0.125,8.09375,286.375,73.73193359375,3.353515625,8.21875,13.225000000000023
2007-09-13 21:00:00+00:00,52.91796875,68.01953125,285.453125,64.01953125,3.9765625,120.9375,12.303125000000023
2007-09-13 22:00:00+00:00,21.796875,40.171875,285.625,67.68939208984375,4.64453125,61.96875,12.475000000000023
2007-09-13 23:00:00+00:00,295.828125,176.140625,284.984375,76.01220703125,4.646484375,471.96875,11.834375000000023
2007-09-14 00:00:00+00:00,74.65625,60.421875,285.53125,73.62835693359375,7.09765625,135.078125,12.381250000000023
2007-09-14 01:00:00+00:00,16.2421875,176.3984375,285.4375,67.36541748046875,6.052734375,192.640625,12.287500000000023
2007-09-14 02:00:00+00:00,483.75,215.84375,286.953125,51.4171142578125,6.177734375,699.59375,13.803125000000023
2007-09-14 03:00:00+00:00,147.6640625,205.0703125,289.234375,42.5543212890625,8.044921875,352.734375,16.084375000000023
2007-09-14 04:00:00+00:00,14.296875,208.5,288.359375,47.587890625,8.841796875,222.796875,15.209375000000023
2007-09-14 05:00:00+00:00,0.76171875,99.42578125,286.84375,56.6378173828125,9.09375,100.1875,13.693750000000023
2007-09-14 06:00:00+00:00,0.0078125,34.1796875,285.03125,67.8203125,8.853515625,34.1875,11.881250000000023
2007-09-14 07:00:00+00:00,0.04296875,31.34765625,284.375,73.79400634765625,8.52734375,31.390625,11.225000000000023
2007-09-14 08:00:00+00:00,0.0,0.078125,283.859375,78.7158203125,8.2109375,0.078125,10.709375000000023
2007-09-14 09:00:00+00:00,0.0,0.0,283.921875,77.69195556640625,8.03125,0.0,10.771875000000023
2007-09-14 10:00:00+00:00,0.0,0.0,283.828125,75.36187744140625,7.443359375,0.0,10.678125000000023
2007-09-14 11:00:00+00:00,0.0,0.0,283.859375,72.4049072265625,6.689453125,0.0,10.709375000000023
2007-09-14 12:00:00+00:00,0.0,0.0,283.546875,72.16058349609375,6.34375,0.0,10.396875000000023
2007-09-14 13:00:00+00:00,0.0,0.0,282.984375,75.189208984375,5.4375,0.0,9.834375000000023
2007-09-14 14:00:00+00:00,0.0,0.0,282.421875,79.7177734375,4.583984375,0.0,9.271875000000023
2007-09-14 15:00:00+00:00,0.0,0.0,282.59375,78.2908935546875,4.283203125,0.0,9.443750000000023
2007-09-14 16:00:00+00:00,0.0,0.0,282.171875,80.11785888671875,3.869140625,0.0,9.021875000000023
2007-09-14 17:00:00+00:00,0.0,0.0,281.75,81.30096435546875,3.404296875,0.0,8.600000000000023
2007-09-14 18:00:00+00:00,0.0,0.0,281.25,83.05914306640625,2.861328125,0.0,8.100000000000023
2007-09-14 19:00:00+00:00,0.0,0.0,280.953125,83.87054443359375,2.677734375,0.0,7.803125000000023
2007-09-14 20:00:00+00:00,4.671875,12.375,280.953125,82.67803955078125,2.50390625,17.046875,7.803125000000023
2007-09-14 21:00:00+00:00,80.37890625,72.15234375,282.390625,74.873046875,2.814453125,152.53125,9.240625000000023
2007-09-14 22:00:00+00:00,84.2578125,107.6953125,283.09375,69.99267578125,2.8359375,191.953125,9.943750000000023
2007-09-14 23:00:00+00:00,99.6484375,254.6171875,283.640625,65.3170166015625,2.841796875,354.265625,10.490625000000023
2007-09-15 00:00:00+00:00,102.13671875,315.64453125,284.65625,61.141845703125,3.16015625,417.78125,11.506250000000023
2007-09-15 01:00:00+00:00,327.45703125,240.63671875,285.5625,56.21807861328125,2.927734375,568.09375,12.412500000000023
2007-09-15 02:00:00+00:00,314.0703125,340.2890625,286.265625,51.23272705078125,2.55078125,654.359375,13.115625000000023
2007-09-15 03:00:00+00:00,433.20703125,236.29296875,287.828125,44.3829345703125,2.791015625,669.5,14.678125000000023
2007-09-15 04:00:00+00:00,514.1953125,103.7421875,288.53125,41.5924072265625,2.33984375,617.9375,15.381250000000023
2007-09-15 05:00:00+00:00,112.70703125,140.96484375,289.03125,38.48651123046875,1.845703125,253.671875,15.881250000000023
2007-09-15 06:00:00+00:00,214.578125,75.90625,289.15625,36.34698486328125,1.6015625,290.484375,16.006250000000023
2007-09-15 07:00:00+00:00,84.640625,2.84375,289.375,35.798095703125,1.4140625,87.484375,16.225000000000023
2007-09-15 08:00:00+00:00,0.07421875,0.20703125,287.625,39.93951416015625,1.400390625,0.28125,14.475000000000023
2007-09-15 09:00:00+00:00,0.0,0.0,286.21875,46.3358154296875,1.0546875,0.0,13.068750000000023
2007-09-15 10:00:00+00:00,0.0,0.0,286.53125,46.3726806640625,2.21875,0.0,13.381250000000023
2007-09-15 11:00:00+00:00,0.0,0.0,287.203125,44.0914306640625,3.23046875,0.0,14.053125000000023
2007-09-15 12:00:00+00:00,0.0,0.0,286.4375,47.044189453125,3.69140625,0.0,13.287500000000023
2007-09-15 13:00:00+00:00,0.0,0.0,285.1875,53.07373046875,3.8359375,0.0,12.037500000000023
2007-09-15 14:00:00+00:00,0.0,0.0,284.671875,53.15966796875,3.759765625,0.0,11.521875000000023
2007-09-15 15:00:00+00:00,0.0,0.0,283.46875,57.8370361328125,3.904296875,0.0,10.318750000000023
2007-09-15 16:00:00+00:00,0.0,0.0,283.109375,58.578125,3.90625,0.0,9.959375000000023
2007-09-15 17:00:00+00:00,0.0,0.0,282.921875,58.8787841796875,4.08203125,0.0,9.771875000000023
2007-09-15 18:00:00+00:00,0.0,0.0,283.09375,56.263427734375,4.671875,0.0,9.943750000000023
2007-09-15 19:00:00+00:00,0.0,0.0,283.34375,52.9713134765625,4.984375,0.0,10.193750000000023
2007-09-15 20:00:00+00:00,1.18359375,14.19140625,283.96875,48.6231689453125,5.671875,15.375,10.818750000000023
2007-09-15 21:00:00+00:00,45.28125,93.515625,284.1875,47.18011474609375,6.380859375,138.796875,11.037500000000023
2007-09-15 22:00:00+00:00,20.453125,52.859375,285.34375,42.474365234375,7.392578125,73.3125,12.193750000000023
2007-09-15 23:00:00+00:00,6.3984375,187.7109375,285.640625,40.86346435546875,7.466796875,194.109375,12.490625000000023
2007-09-16 00:00:00+00:00,139.4609375,247.6171875,286.90625,38.20166015625,8.203125,387.078125,13.756250000000023
2007-09-16 01:00:00+00:00,258.62109375,350.17578125,288.546875,35.25970458984375,8.263671875,608.796875,15.396875000000023
2007-09-16 02:00:00+00:00,519.03515625,213.71484375,290.859375,31.15277099609375,8.896484375,732.75,17.709375000000023
2007-09-16 03:00:00+00:00,546.97265625,148.01171875,292.0,30.487060546875,9.482421875,694.984375,18.850000000000023
2007-09-16 04:00:00+00:00,540.08984375,85.31640625,292.890625,27.260986328125,9.61328125,625.40625,19.740625000000023
2007-09-16 05:00:00+00:00,228.62109375,91.05078125,293.71875,25.9283447265625,8.828125,319.671875,20.568750000000023
2007-09-16 06:00:00+00:00,24.8515625,56.4140625,294.171875,25.6187744140625,7.27734375,81.265625,21.021875000000023
2007-09-16 07:00:00+00:00,0.109375,4.484375,293.203125,26.953857421875,9.056640625,4.59375,20.053125000000023
2007-09-16 08:00:00+00:00,0.0,0.03125,286.171875,72.74224853515625,8.640625,0.03125,13.021875000000023
2007-09-16 09:00:00+00:00,0.0,0.0,285.796875,71.40142822265625,3.865234375,0.0,12.646875000000023
2007-09-16 10:00:00+00:00,0.0,0.0,286.046875,65.60809326171875,5.419921875,0.0,12.896875000000023
2007-09-16 11:00:00+00:00,0.0,0.0,284.953125,73.84735107421875,6.482421875,0.0,11.803125000000023
2007-09-16 12:00:00+00:00,0.0,0.0,283.90625,77.74273681640625,6.30078125,0.0,10.756250000000023
2007-09-16 13:00:00+00:00,0.0,0.0,283.5625,77.40594482421875,5.78125,0.0,10.412500000000023
2007-09-16 14:00:00+00:00,0.0,0.0,283.40625,75.79937744140625,6.24609375,0.0,10.256250000000023
2007-09-16 15:00:00+00:00,0.0,0.0,282.90625,77.50927734375,6.607421875,0.0,9.756250000000023
2007-09-16 16:00:00+00:00,0.0,0.0,282.609375,79.99761962890625,6.12890625,0.0,9.459375000000023
2007-09-16 17:00:00+00:00,0.0,0.0,282.453125,81.10943603515625,5.853515625,0.0,9.303125000000023
2007-09-16 18:00:00+00:00,0.0,0.0,282.4375,81.2650146484375,6.048828125,0.0,9.287500000000023
2007-09-16 19:00:00+00:00,0.0,0.0,282.734375,78.36846923828125,5.927734375,0.0,9.584375000000023
2007-09-16 20:00:00+00:00,0.0078125,11.3203125,282.9375,74.5062255859375,6.5390625,11.328125,9.787500000000023
2007-09-16 21:00:00+00:00,8.80078125,82.60546875,282.75,78.09234619140625,6.919921875,91.40625,9.600000000000023
2007-09-16 22:00:00+00:00,12.94921875,147.00390625,283.34375,77.2056884765625,6.189453125,159.953125,10.193750000000023
2007-09-16 23:00:00+00:00,67.3515625,221.1328125,284.453125,70.81024169921875,5.966796875,288.484375,11.303125000000023
2007-09-17 00:00:00+00:00,69.75,184.0,285.828125,60.132568359375,7.802734375,253.75,12.678125000000023
2007-09-17 01:00:00+00:00,171.4765625,368.4296875,285.921875,56.95867919921875,8.025390625,539.90625,12.771875000000023
2007-09-17 02:00:00+00:00,399.71484375,277.91015625,286.90625,52.14306640625,7.572265625,677.625,13.756250000000023
2007-09-17 03:00:00+00:00,617.53515625,122.76171875,287.0,50.04931640625,7.783203125,740.296875,13.850000000000023
2007-09-17 04:00:00+00:00,452.171875,88.515625,287.34375,48.0645751953125,7.19921875,540.6875,14.193750000000023
2007-09-17 05:00:00+00:00,281.62109375,105.36328125,287.171875,49.9312744140625,6.708984375,386.984375,14.021875000000023
2007-09-17 06:00:00+00:00,191.8828125,61.5078125,286.875,53.8115234375,6.1484375,253.390625,13.725000000000023
2007-09-17 07:00:00+00:00,51.67578125,11.98046875,286.171875,60.4703369140625,5.5078125,63.65625,13.021875000000023
2007-09-17 08:00:00+00:00,0.01171875,0.47265625,285.390625,64.933837890625,4.416015625,0.484375,12.240625000000023
2007-09-17 09:00:00+00:00,0.0,0.0,284.453125,70.46685791015625,2.81640625,0.0,11.303125000000023
2007-09-17 10:00:00+00:00,0.0,0.0,283.828125,74.5872802734375,1.94921875,0.0,10.678125000000023
2007-09-17 11:00:00+00:00,0.0,0.0,283.796875,74.87713623046875,1.06640625,0.0,10.646875000000023
2007-09-17 12:00:00+00:00,0.0,0.0,282.875,79.187255859375,0.880859375,0.0,9.725000000000023
2007-09-17 13:00:00+00:00,0.0,0.0,282.453125,80.92022705078125,1.03515625,0.0,9.303125000000023
2007-09-17 14:00:00+00:00,0.0,0.0,283.40625,75.9102783203125,1.025390625,0.0,10.256250000000023
2007-09-17 15:00:00+00:00,0.0,0.0,282.703125,80.80023193359375,1.52734375,0.0,9.553125000000023
2007-09-17 16:00:00+00:00,0.0,0.0,282.953125,79.2099609375,1.70703125,0.0,9.803125000000023
2007-09-17 17:00:00+00:00,0.0,0.0,281.34375,86.36065673828125,1.333984375,0.0,8.193750000000023
2007-09-17 18:00:00+00:00,0.0,0.0,280.703125,88.5069580078125,1.21484375,0.0,7.553125000000023
2007-09-17 19:00:00+00:00,0.0,0.0,280.421875,88.85125732421875,1.48046875,0.0,7.271875000000023
2007-09-17 20:00:00+00:00,8.6328125,15.3203125,280.46875,88.79119873046875,2.16015625,23.953125,7.318750000000023
2007-09-17 21:00:00+00:00,130.92578125,60.40234375,280.984375,87.0211181640625,2.21484375,191.328125,7.834375000000023
2007-09-17 22:00:00+00:00,250.0,105.96875,282.390625,78.51715087890625,2.873046875,355.96875,9.240625000000023
2007-09-17 23:00:00+00:00,403.4296875,131.1953125,283.921875,70.01611328125,3.2421875,534.625,10.771875000000023
2007-09-18 00:00:00+00:00,491.4921875,161.2890625,285.734375,59.14471435546875,4.04296875,652.78125,12.584375000000023
2007-09-18 01:00:00+00:00,467.25,226.796875,287.765625,49.9510498046875,4.51171875,694.046875,14.615625000000023
2007-09-18 02:00:00+00:00,590.74609375,176.20703125,289.453125,43.819091796875,5.078125,766.953125,16.303125000000023
2007-09-18 03:00:00+00:00,543.9453125,167.0703125,291.125,40.38165283203125,5.162109375,711.015625,17.975000000000023
2007-09-18 04:00:00+00:00,429.8046875,130.4296875,292.4375,36.47576904296875,5.466796875,560.234375,19.287500000000023
2007-09-18 05:00:00+00:00,315.40625,116.390625,292.859375,36.60516357421875,5.92578125,431.796875,19.709375000000023
2007-09-18 06:00:00+00:00,232.421875,53.0625,292.796875,37.18035888671875,5.900390625,285.484375,19.646875000000023
2007-09-18 07:00:00+00:00,79.9921875,9.7109375,292.1875,39.1116943359375,5.5390625,89.703125,19.037500000000023
2007-09-18 08:00:00+00:00,0.1484375,0.4921875,291.046875,41.68902587890625,5.12109375,0.640625,17.896875000000023
2007-09-18 09:00:00+00:00,0.0,0.0,290.109375,44.70806884765625,5.087890625,0.0,16.959375000000023
2007-09-18 10:00:00+00:00,0.0,0.0,288.890625,49.201904296875,4.458984375,0.0,15.740625000000023
2007-09-18 11:00:00+00:00,0.0,0.0,288.265625,48.87310791015625,4.740234375,0.0,15.115625000000023
2007-09-18 12:00:00+00:00,0.0,0.0,287.890625,47.9942626953125,4.70703125,0.0,14.740625000000023
2007-09-18 13:00:00+00:00,0.0,0.0,287.796875,46.3128662109375,4.86328125,0.0,14.646875000000023
2007-09-18 14:00:00+00:00,0.0,0.0,287.546875,44.8165283203125,5.119140625,0.0,14.396875000000023
2007-09-18 15:00:00+00:00,0.0,0.0,287.25,44.0587158203125,5.291015625,0.0,14.100000000000023
2007-09-18 16:00:00+00:00,0.0,0.0,286.984375,44.079833984375,5.388671875,0.0,13.834375000000023
2007-09-18 17:00:00+00:00,0.0,0.0,286.625,44.8939208984375,5.048828125,0.0,13.475000000000023
2007-09-18 18:00:00+00:00,0.0,0.0,286.6875,43.86370849609375,5.98828125,0.0,13.537500000000023
2007-09-18 19:00:00+00:00,0.0,0.0,287.78125,37.843505859375,7.103515625,0.0,14.631250000000023
2007-09-18 20:00:00+00:00,0.0,3.578125,287.53125,40.83917236328125,6.46875,3.578125,14.381250000000023
2007-09-18 21:00:00+00:00,0.0,27.984375,288.078125,43.93743896484375,7.7578125,27.984375,14.928125000000023
2007-09-18 22:00:00+00:00,0.1328125,44.6640625,287.734375,44.5322265625,8.01171875,44.796875,14.584375000000023
2007-09-18 23:00:00+00:00,21.828125,288.109375,288.21875,39.096435546875,7.880859375,309.9375,15.068750000000023
2007-09-19 00:00:00+00:00,7.2265625,88.9921875,290.34375,32.9732666015625,7.59375,96.21875,17.193750000000023
2007-09-19 01:00:00+00:00,0.16796875,154.28515625,289.796875,34.25018310546875,7.755859375,154.453125,16.646875000000023
2007-09-19 02:00:00+00:00,2.3671875,115.6953125,289.84375,36.4273681640625,7.01171875,118.0625,16.693750000000023
2007-09-19 03:00:00+00:00,223.3203125,369.2109375,289.890625,41.298095703125,7.384765625,592.53125,16.740625000000023
2007-09-19 04:00:00+00:00,205.3671875,274.6328125,293.0,29.17608642578125,8.224609375,480.0,19.850000000000023
2007-09-19 05:00:00+00:00,37.9609375,132.9453125,292.9375,29.53173828125,6.77734375,170.90625,19.787500000000023
2007-09-19 06:00:00+00:00,1.265625,97.640625,292.1875,32.96173095703125,5.3046875,98.90625,19.037500000000023
2007-09-19 07:00:00+00:00,2.13671875,48.94140625,291.703125,38.0570068359375,4.388671875,51.078125,18.553125000000023
2007-09-19 08:00:00+00:00,0.0,0.203125,290.875,42.01519775390625,4.078125,0.203125,17.725000000000023
2007-09-19 09:00:00+00:00,0.0,0.0,288.484375,55.70086669921875,3.421875,0.0,15.334375000000023
2007-09-19 10:00:00+00:00,0.0,0.0,288.234375,59.12603759765625,3.55078125,0.0,15.084375000000023
2007-09-19 11:00:00+00:00,0.0,0.0,285.59375,87.2701416015625,5.03125,0.0,12.443750000000023
2007-09-19 12:00:00+00:00,0.0,0.0,285.34375,87.123046875,1.6015625,0.0,12.193750000000023
2007-09-19 13:00:00+00:00,0.0,0.0,285.234375,83.86962890625,2.18359375,0.0,12.084375000000023
2007-09-19 14:00:00+00:00,0.0,0.0,284.859375,80.933837890625,3.275390625,0.0,11.709375000000023
2007-09-19 15:00:00+00:00,0.0,0.0,283.9375,82.4844970703125,3.841796875,0.0,10.787500000000023
2007-09-19 16:00:00+00:00,0.0,0.0,283.578125,84.3450927734375,4.21875,0.0,10.428125000000023
2007-09-19 17:00:00+00:00,0.0,0.0,283.328125,85.27337646484375,4.52734375,0.0,10.178125000000023
2007-09-19 18:00:00+00:00,0.0,0.0,283.0,88.374267578125,4.626953125,0.0,9.850000000000023
2007-09-19 19:00:00+00:00,0.0,0.0,282.953125,88.472412109375,4.345703125,0.0,9.803125000000023
2007-09-19 20:00:00+00:00,7.9921875,17.4140625,283.046875,84.53509521484375,4.1015625,25.40625,9.896875000000023
2007-09-19 21:00:00+00:00,55.9296875,98.7265625,283.0625,82.8543701171875,4.599609375,154.65625,9.912500000000023
2007-09-19 22:00:00+00:00,241.27734375,121.50390625,283.578125,76.37060546875,5.0078125,362.78125,10.428125000000023
2007-09-19 23:00:00+00:00,484.109375,95.71875,284.484375,65.7972412109375,5.53515625,579.828125,11.334375000000023
2007-09-20 00:00:00+00:00,497.7734375,143.1171875,285.5,55.2071533203125,6.08984375,640.890625,12.350000000000023
2007-09-20 01:00:00+00:00,507.87109375,194.12890625,286.40625,45.921142578125,6.080078125,702.0,13.256250000000023
2007-09-20 02:00:00+00:00,377.484375,297.3125,286.96875,40.74017333984375,5.818359375,674.796875,13.818750000000023
2007-09-20 03:00:00+00:00,661.7265625,110.0859375,287.34375,40.62896728515625,5.7265625,771.8125,14.193750000000023
2007-09-20 04:00:00+00:00,495.60546875,92.05078125,287.453125,40.26202392578125,5.685546875,587.65625,14.303125000000023
2007-09-20 05:00:00+00:00,150.59765625,191.54296875,287.1875,43.6488037109375,5.373046875,342.140625,14.037500000000023
2007-09-20 06:00:00+00:00,44.15625,130.953125,286.8125,46.68890380859375,4.556640625,175.109375,13.662500000000023
2007-09-20 07:00:00+00:00,4.70703125,31.63671875,286.421875,49.48614501953125,3.8828125,36.34375,13.271875000000023
2007-09-20 08:00:00+00:00,0.0,0.640625,285.859375,52.54443359375,2.8125,0.640625,12.709375000000023
2007-09-20 09:00:00+00:00,0.0,0.0,285.3125,55.4542236328125,1.404296875,0.0,12.162500000000023
2007-09-20 10:00:00+00:00,0.0,0.0,284.65625,57.767333984375,0.833984375,0.0,11.506250000000023
2007-09-20 11:00:00+00:00,0.0,0.0,284.328125,58.70361328125,1.28125,0.0,11.178125000000023
2007-09-20 12:00:00+00:00,0.0,0.0,284.921875,56.861083984375,1.828125,0.0,11.771875000000023
2007-09-20 13:00:00+00:00,0.0,0.0,284.6875,57.85125732421875,1.75,0.0,11.537500000000023
2007-09-20 14:00:00+00:00,0.0,0.0,284.953125,57.2481689453125,1.501953125,0.0,11.803125000000023
2007-09-20 15:00:00+00:00,0.0,0.0,283.953125,63.840576171875,2.0703125,0.0,10.803125000000023
2007-09-20 16:00:00+00:00,0.0,0.0,284.015625,64.47637939453125,1.994140625,0.0,10.865625000000023
2007-09-20 17:00:00+00:00,0.0,0.0,284.046875,64.82440185546875,2.173828125,0.0,10.896875000000023
2007-09-20 18:00:00+00:00,0.0,0.0,283.984375,65.15716552734375,2.16796875,0.0,10.834375000000023
2007-09-20 19:00:00+00:00,0.0,0.0,284.0625,64.8868408203125,2.431640625,0.0,10.912500000000023
2007-09-20 20:00:00+00:00,6.69140625,16.85546875,283.25,69.6783447265625,2.873046875,23.546875,10.100000000000023
2007-09-20 21:00:00+00:00,135.890625,73.625,283.65625,67.79888916015625,2.45703125,209.515625,10.506250000000023
2007-09-20 22:00:00+00:00,334.9375,76.078125,284.359375,63.933349609375,3.248046875,411.015625,11.209375000000023
2007-09-20 23:00:00+00:00,506.96875,79.3125,285.453125,59.59246826171875,3.728515625,586.28125,12.303125000000023
2007-09-21 00:00:00+00:00,589.0625,99.484375,286.703125,57.2308349609375,3.8046875,688.546875,13.553125000000023
2007-09-21 01:00:00+00:00,517.25,126.84375,287.984375,54.09222412109375,3.51171875,644.09375,14.834375000000023
2007-09-21 02:00:00+00:00,673.36328125,122.80859375,289.015625,51.7926025390625,3.537109375,796.171875,15.865625000000023
2007-09-21 03:00:00+00:00,346.7734375,183.9296875,289.984375,47.1876220703125,4.533203125,530.703125,16.834375000000023
2007-09-21 04:00:00+00:00,148.9375,94.96875,290.40625,45.64630126953125,4.73046875,243.90625,17.256250000000023
2007-09-21 05:00:00+00:00,17.27734375,47.95703125,289.171875,56.1153564453125,5.392578125,65.234375,16.021875000000023
2007-09-21 06:00:00+00:00,12.71875,52.703125,287.140625,73.56195068359375,5.150390625,65.421875,13.990625000000023
2007-09-21 07:00:00+00:00,4.1875,35.9375,286.46875,78.5322265625,4.802734375,40.125,13.318750000000023
2007-09-21 08:00:00+00:00,0.0,0.71875,285.359375,85.85107421875,5.0390625,0.71875,12.209375000000023
2007-09-21 09:00:00+00:00,0.0,0.0,284.890625,81.98272705078125,4.625,0.0,11.740625000000023
2007-09-21 10:00:00+00:00,0.0,0.0,284.109375,81.4522705078125,3.431640625,0.0,10.959375000000023
2007-09-21 11:00:00+00:00,0.0,0.0,283.78125,76.37872314453125,3.19921875,0.0,10.631250000000023
2007-09-21 12:00:00+00:00,0.0,0.0,283.640625,67.25311279296875,3.51953125,0.0,10.490625000000023
2007-09-21 13:00:00+00:00,0.0,0.0,282.890625,66.0498046875,3.224609375,0.0,9.740625000000023
2007-09-21 14:00:00+00:00,0.0,0.0,281.734375,68.573486328125,2.439453125,0.0,8.584375000000023
2007-09-21 15:00:00+00:00,0.0,0.0,281.21875,71.80810546875,2.24609375,0.0,8.068750000000023
2007-09-21 16:00:00+00:00,0.0,0.0,281.734375,69.3199462890625,1.97265625,0.0,8.584375000000023
2007-09-21 17:00:00+00:00,0.0,0.0,281.75,70.31048583984375,1.546875,0.0,8.600000000000023
2007-09-21 18:00:00+00:00,0.0,0.0,281.125,73.72259521484375,1.30078125,0.0,7.975000000000023
2007-09-21 19:00:00+00:00,0.0,0.0,281.203125,72.46539306640625,1.228515625,0.0,8.053125000000023
2007-09-21 20:00:00+00:00,2.640625,21.8125,281.453125,69.84515380859375,1.7890625,24.453125,8.303125000000023
2007-09-21 21:00:00+00:00,106.109375,81.046875,280.40625,73.951904296875,1.59375,187.15625,7.256250000000023
2007-09-21 22:00:00+00:00,327.9296875,94.9140625,281.46875,69.39190673828125,2.208984375,422.84375,8.318750000000023
2007-09-21 23:00:00+00:00,319.15625,175.125,282.8125,56.11383056640625,2.98046875,494.28125,9.662500000000023
2007-09-22 00:00:00+00:00,631.4296875,123.2578125,283.796875,48.87127685546875,3.609375,754.6875,10.646875000000023
2007-09-22 01:00:00+00:00,761.05859375,71.55078125,284.921875,44.7921142578125,3.63671875,832.609375,11.771875000000023
2007-09-22 02:00:00+00:00,782.4375,63.875,286.0,42.0848388671875,3.328125,846.3125,12.850000000000023
2007-09-22 03:00:00+00:00,742.13671875,54.76953125,287.375,38.13140869140625,3.166015625,796.90625,14.225000000000023
2007-09-22 04:00:00+00:00,638.96484375,45.50390625,288.1875,37.32244873046875,3.041015625,684.46875,15.037500000000023
2007-09-22 05:00:00+00:00,484.8828125,35.6015625,288.6875,37.26812744140625,2.96875,520.484375,15.537500000000023
2007-09-22 06:00:00+00:00,297.4765625,24.0078125,288.890625,36.20855712890625,2.982421875,321.484375,15.740625000000023
2007-09-22 07:00:00+00:00,105.546875,5.453125,288.640625,35.11907958984375,3.201171875,111.0,15.490625000000023
2007-09-22 08:00:00+00:00,0.91796875,0.67578125,287.140625,39.11126708984375,3.3125,1.59375,13.990625000000023
2007-09-22 09:00:00+00:00,0.0,0.0,285.0,58.69488525390625,3.2421875,0.0,11.850000000000023
2007-09-22 10:00:00+00:00,0.0,0.0,283.859375,65.37969970703125,2.763671875,0.0,10.709375000000023
2007-09-22 11:00:00+00:00,0.0,0.0,282.96875,70.92779541015625,2.224609375,0.0,9.818750000000023
2007-09-22 12:00:00+00:00,0.0,0.0,282.234375,72.4505615234375,1.7890625,0.0,9.084375000000023
2007-09-22 13:00:00+00:00,0.0,0.0,281.453125,72.2227783203125,1.220703125,0.0,8.303125000000023
2007-09-22 14:00:00+00:00,0.0,0.0,281.03125,72.36444091796875,1.189453125,0.0,7.881250000000023
2007-09-22 15:00:00+00:00,0.0,0.0,280.109375,76.85919189453125,1.041015625,0.0,6.959375000000023
2007-09-22 16:00:00+00:00,0.0,0.0,279.546875,79.28759765625,1.115234375,0.0,6.396875000000023
2007-09-22 17:00:00+00:00,0.0,0.0,279.765625,76.998291015625,1.744140625,0.0,6.615625000000023
2007-09-22 18:00:00+00:00,0.0,0.0,279.21875,79.088623046875,1.736328125,0.0,6.068750000000023
2007-09-22 19:00:00+00:00,0.0,0.0,278.765625,81.1519775390625,1.501953125,0.0,5.615625000000023
2007-09-22 20:00:00+00:00,17.9453125,21.7109375,278.703125,81.52447509765625,1.7734375,39.65625,5.553125000000023
2007-09-22 21:00:00+00:00,167.48828125,64.35546875,280.75,70.71417236328125,3.416015625,231.84375,7.600000000000023
2007-09-22 22:00:00+00:00,310.44921875,95.76953125,283.8125,54.0743408203125,4.451171875,406.21875,10.662500000000023
2007-09-22 23:00:00+00:00,435.078125,147.546875,286.203125,45.119873046875,5.0390625,582.625,13.053125000000023
2007-09-23 00:00:00+00:00,442.5078125,223.6484375,288.53125,36.7159423828125,6.591796875,666.15625,15.381250000000023
2007-09-23 01:00:00+00:00,297.55859375,265.80078125,290.25,32.5064697265625,7.205078125,563.359375,17.100000000000023
2007-09-23 02:00:00+00:00,62.8203125,255.3984375,291.484375,30.47509765625,7.00390625,318.21875,18.334375000000023
2007-09-23 03:00:00+00:00,260.52734375,347.48828125,292.78125,26.2806396484375,7.779296875,608.015625,19.631250000000023
2007-09-23 04:00:00+00:00,117.69921875,229.73828125,293.390625,27.09161376953125,8.00390625,347.4375,20.240625000000023
2007-09-23 05:00:00+00:00,345.25,141.0,293.28125,28.22198486328125,7.814453125,486.25,20.131250000000023
2007-09-23 06:00:00+00:00,146.8984375,58.9609375,294.375,25.94244384765625,7.318359375,205.859375,21.225000000000023
2007-09-23 07:00:00+00:00,26.234375,34.546875,293.671875,27.1981201171875,7.099609375,60.78125,20.521875000000023
2007-09-23 08:00:00+00:00,0.0078125,1.4921875,292.703125,30.55731201171875,6.927734375,1.5,19.553125000000023
2007-09-23 09:00:00+00:00,0.0,0.0,291.484375,34.040283203125,6.97265625,0.0,18.334375000000023
2007-09-23 10:00:00+00:00,0.0,0.0,291.015625,34.87799072265625,7.513671875,0.0,17.865625000000023
2007-09-23 11:00:00+00:00,0.0,0.0,290.53125,33.9482421875,5.8515625,0.0,17.381250000000023
2007-09-23 12:00:00+00:00,0.0,0.0,287.796875,61.18463134765625,4.654296875,0.0,14.646875000000023
2007-09-23 13:00:00+00:00,0.0,0.0,285.59375,87.93310546875,4.69140625,0.0,12.443750000000023
2007-09-23 14:00:00+00:00,0.0,0.0,285.40625,86.68377685546875,3.501953125,0.0,12.256250000000023
2007-09-23 15:00:00+00:00,0.0,0.0,284.96875,85.228271484375,2.76171875,0.0,11.818750000000023
2007-09-23 16:00:00+00:00,0.0,0.0,284.46875,80.1737060546875,3.48828125,0.0,11.318750000000023
2007-09-23 17:00:00+00:00,0.0,0.0,284.046875,78.035888671875,3.93359375,0.0,10.896875000000023
2007-09-23 18:00:00+00:00,0.0,0.0,283.78125,77.158203125,3.251953125,0.0,10.631250000000023
2007-09-23 19:00:00+00:00,0.0,0.0,282.890625,80.62274169921875,2.72265625,0.0,9.740625000000023
2007-09-23 20:00:00+00:00,17.5078125,22.6796875,281.890625,84.8763427734375,2.25,40.1875,8.740625000000023
2007-09-23 21:00:00+00:00,162.8984375,66.3359375,282.578125,81.113037109375,2.52734375,229.234375,9.428125000000023
2007-09-23 22:00:00+00:00,361.03125,78.375,283.1875,74.5125732421875,3.0234375,439.40625,10.037500000000023
2007-09-23 23:00:00+00:00,518.40625,91.78125,284.390625,62.45513916015625,3.32421875,610.1875,11.240625000000023
2007-09-24 00:00:00+00:00,535.02734375,132.59765625,285.671875,53.18487548828125,3.859375,667.625,12.521875000000023
2007-09-24 01:00:00+00:00,638.33984375,145.03515625,286.4375,49.42950439453125,3.759765625,783.375,13.287500000000023
2007-09-24 02:00:00+00:00,406.515625,222.546875,287.359375,44.8236083984375,3.443359375,629.0625,14.209375000000023
2007-09-24 03:00:00+00:00,397.72265625,257.91796875,288.25,42.18316650390625,3.888671875,655.640625,15.100000000000023
2007-09-24 04:00:00+00:00,470.71484375,132.17578125,289.09375,39.72210693359375,4.171875,602.890625,15.943750000000023
2007-09-24 05:00:00+00:00,270.50390625,125.99609375,289.78125,38.261474609375,4.798828125,396.5,16.631250000000023
2007-09-24 06:00:00+00:00,117.8125,117.671875,289.5,39.0806884765625,4.853515625,235.484375,16.350000000000023
2007-09-24 07:00:00+00:00,12.328125,42.453125,287.546875,55.28839111328125,5.12890625,54.78125,14.396875000000023
2007-09-24 08:00:00+00:00,0.1328125,1.6640625,286.375,64.50030517578125,4.61328125,1.796875,13.225000000000023
2007-09-24 09:00:00+00:00,0.0,0.0,285.890625,64.90985107421875,4.81640625,0.0,12.740625000000023
2007-09-24 10:00:00+00:00,0.0,0.0,285.375,61.27740478515625,5.087890625,0.0,12.225000000000023
2007-09-24 11:00:00+00:00,0.0,0.0,284.453125,63.3038330078125,4.015625,0.0,11.303125000000023
2007-09-24 12:00:00+00:00,0.0,0.0,283.875,67.37823486328125,3.830078125,0.0,10.725000000000023
2007-09-24 13:00:00+00:00,0.0,0.0,283.234375,72.42816162109375,3.576171875,0.0,10.084375000000023
2007-09-24 14:00:00+00:00,0.0,0.0,283.25,73.89068603515625,3.349609375,0.0,10.100000000000023
2007-09-24 15:00:00+00:00,0.0,0.0,282.8125,77.16033935546875,3.28515625,0.0,9.662500000000023
2007-09-24 16:00:00+00:00,0.0,0.0,282.546875,77.66790771484375,3.115234375,0.0,9.396875000000023
2007-09-24 17:00:00+00:00,0.0,0.0,282.140625,79.11260986328125,2.896484375,0.0,8.990625000000023
2007-09-24 18:00:00+00:00,0.0,0.0,281.96875,79.67584228515625,2.384765625,0.0,8.818750000000023
2007-09-24 19:00:00+00:00,0.0,0.0,281.109375,83.7362060546875,1.806640625,0.0,7.959375000000023
2007-09-24 20:00:00+00:00,0.0,20.8125,281.46875,81.673583984375,1.396484375,20.8125,8.318750000000023
2007-09-24 21:00:00+00:00,9.45703125,87.46484375,281.75,78.94024658203125,1.73828125,96.921875,8.600000000000023
2007-09-24 22:00:00+00:00,92.15625,186.125,282.140625,77.7030029296875,2.005859375,278.28125,8.990625000000023
2007-09-24 23:00:00+00:00,61.96875,241.296875,282.859375,76.177001953125,2.00390625,303.265625,9.709375000000023
2007-09-25 00:00:00+00:00,179.26171875,322.22265625,283.359375,75.506591796875,1.845703125,501.484375,10.209375000000023
2007-09-25 01:00:00+00:00,369.140625,289.546875,284.3125,74.58660888671875,1.705078125,658.6875,11.162500000000023
2007-09-25 02:00:00+00:00,155.375,313.140625,285.703125,69.63824462890625,1.849609375,468.515625,12.553125000000023
2007-09-25 03:00:00+00:00,360.32421875,239.19140625,287.234375,61.68768310546875,1.677734375,599.515625,14.084375000000023
2007-09-25 04:00:00+00:00,446.8828125,175.1640625,288.0,57.3375244140625,1.640625,622.046875,14.850000000000023
2007-09-25 05:00:00+00:00,457.9296875,63.9140625,288.515625,54.716796875,1.240234375,521.84375,15.365625000000023
2007-09-25 06:00:00+00:00,296.9921875,27.2734375,288.8125,51.96630859375,0.39453125,324.265625,15.662500000000023
2007-09-25 07:00:00+00:00,104.84375,9.421875,288.921875,51.24481201171875,0.267578125,114.265625,15.771875000000023
2007-09-25 08:00:00+00:00,1.25,1.0625,287.984375,53.7015380859375,0.9296875,2.3125,14.834375000000023
2007-09-25 09:00:00+00:00,0.0,0.0,287.625,60.04339599609375,3.140625,0.0,14.475000000000023
2007-09-25 10:00:00+00:00,0.0,0.0,286.671875,63.38836669921875,3.623046875,0.0,13.521875000000023
2007-09-25 11:00:00+00:00,0.0,0.0,285.609375,66.17205810546875,3.626953125,0.0,12.459375000000023
2007-09-25 12:00:00+00:00,0.0,0.0,285.125,69.33984375,3.2890625,0.0,11.975000000000023
2007-09-25 13:00:00+00:00,0.0,0.0,284.84375,71.25872802734375,2.599609375,0.0,11.693750000000023
2007-09-25 14:00:00+00:00,0.0,0.0,284.890625,71.2061767578125,2.7890625,0.0,11.740625000000023
2007-09-25 15:00:00+00:00,0.0,0.0,283.796875,79.177001953125,2.1875,0.0,10.646875000000023
2007-09-25 16:00:00+00:00,0.0,0.0,283.609375,79.93670654296875,2.751953125,0.0,10.459375000000023
2007-09-25 17:00:00+00:00,0.0,0.0,283.265625,81.615234375,2.724609375,0.0,10.115625000000023
2007-09-25 18:00:00+00:00,0.0,0.0,283.03125,82.65887451171875,2.4375,0.0,9.881250000000023
2007-09-25 19:00:00+00:00,0.0,0.0,281.9375,88.3206787109375,1.6796875,0.0,8.787500000000023
2007-09-25 20:00:00+00:00,4.73828125,31.30859375,281.8125,88.5810546875,2.14453125,36.046875,8.662500000000023
2007-09-25 21:00:00+00:00,10.0703125,102.4296875,283.125,83.61285400390625,2.4375,112.5,9.975000000000023
2007-09-25 22:00:00+00:00,9.0625,177.96875,284.578125,79.0911865234375,1.67578125,187.03125,11.428125000000023
2007-09-25 23:00:00+00:00,35.55078125,287.62109375,285.859375,74.31915283203125,0.830078125,323.171875,12.709375000000023
2007-09-26 00:00:00+00:00,22.24609375,224.83203125,287.15625,71.1922607421875,1.03125,247.078125,14.006250000000023
2007-09-26 01:00:00+00:00,10.6171875,322.5390625,288.765625,57.92901611328125,2.453125,333.15625,15.615625000000023
2007-09-26 02:00:00+00:00,1.625,73.9375,290.953125,40.477783203125,1.720703125,75.5625,17.803125000000023
2007-09-26 03:00:00+00:00,0.0,24.015625,289.09375,49.12371826171875,2.658203125,24.015625,15.943750000000023
2007-09-26 04:00:00+00:00,0.00390625,91.01171875,288.46875,52.14862060546875,2.29296875,91.015625,15.318750000000023
2007-09-26 05:00:00+00:00,0.03515625,113.65234375,289.25,54.18865966796875,1.935546875,113.6875,16.100000000000023
2007-09-26 06:00:00+00:00,0.17578125,77.19921875,289.90625,54.23211669921875,3.267578125,77.375,16.756250000000023
2007-09-26 07:00:00+00:00,0.0,33.25,289.75,48.3480224609375,2.365234375,33.25,16.600000000000023
2007-09-26 08:00:00+00:00,0.01171875,1.89453125,287.78125,69.153564453125,4.6640625,1.90625,14.631250000000023
2007-09-26 09:00:00+00:00,0.0,0.0,285.09375,81.58441162109375,3.923828125,0.0,11.943750000000023
2007-09-26 10:00:00+00:00,0.0,0.0,285.21875,86.68975830078125,3.43359375,0.0,12.068750000000023
2007-09-26 11:00:00+00:00,0.0,0.0,285.375,87.5926513671875,4.041015625,0.0,12.225000000000023
2007-09-26 12:00:00+00:00,0.0,0.0,284.5625,90.57843017578125,3.28515625,0.0,11.412500000000023
2007-09-26 13:00:00+00:00,0.0,0.0,284.578125,90.10504150390625,2.412109375,0.0,11.428125000000023
2007-09-26 14:00:00+00:00,0.0,0.0,283.0625,94.461669921875,1.416015625,0.0,9.912500000000023
2007-09-26 15:00:00+00:00,0.0,0.0,281.953125,94.23699951171875,1.61328125,0.0,8.803125000000023
2007-09-26 16:00:00+00:00,0.0,0.0,281.734375,93.80364990234375,1.751953125,0.0,8.584375000000023
2007-09-26 17:00:00+00:00,0.0,0.0,281.75,93.345458984375,2.18359375,0.0,8.600000000000023
2007-09-26 18:00:00+00:00,0.0,0.0,281.828125,92.964599609375,2.515625,0.0,8.678125000000023
2007-09-26 19:00:00+00:00,0.0,0.0,281.9375,91.013671875,2.84765625,0.0,8.787500000000023
2007-09-26 20:00:00+00:00,7.53125,32.4375,281.90625,88.50665283203125,3.0703125,39.96875,8.756250000000023
2007-09-26 21:00:00+00:00,10.41796875,40.61328125,282.484375,79.2855224609375,3.1015625,51.03125,9.334375000000023
2007-09-26 22:00:00+00:00,18.56640625,191.10546875,282.546875,82.24749755859375,3.533203125,209.671875,9.396875000000023
2007-09-26 23:00:00+00:00,89.81640625,316.37109375,283.828125,80.0673828125,4.126953125,406.1875,10.678125000000023
2007-09-27 00:00:00+00:00,54.68359375,314.36328125,285.859375,74.19378662109375,4.53125,369.046875,12.709375000000023
2007-09-27 01:00:00+00:00,409.37109375,335.69140625,287.453125,68.7935791015625,4.724609375,745.0625,14.303125000000023
2007-09-27 02:00:00+00:00,427.39453125,187.24609375,290.65625,44.67864990234375,5.7890625,614.640625,17.506250000000023
2007-09-27 03:00:00+00:00,91.5234375,279.4921875,291.015625,42.67156982421875,7.4296875,371.015625,17.865625000000023
2007-09-27 04:00:00+00:00,4.58203125,96.60546875,291.625,42.2481689453125,7.904296875,101.1875,18.475000000000023
2007-09-27 05:00:00+00:00,0.00390625,72.15234375,291.40625,43.5882568359375,7.861328125,72.15625,18.256250000000023
2007-09-27 06:00:00+00:00,41.68359375,123.64453125,291.296875,44.16455078125,7.662109375,165.328125,18.146875000000023
2007-09-27 07:00:00+00:00,44.6484375,26.9921875,291.6875,41.85491943359375,7.421875,71.640625,18.537500000000023
2007-09-27 08:00:00+00:00,0.21484375,1.34765625,291.671875,38.68890380859375,7.515625,1.5625,18.521875000000023
2007-09-27 09:00:00+00:00,0.0,0.0,291.125,40.493896484375,7.67578125,0.0,17.975000000000023
2007-09-27 10:00:00+00:00,0.0,0.0,291.0625,39.697265625,8.203125,0.0,17.912500000000023
2007-09-27 11:00:00+00:00,0.0,0.0,290.265625,48.32757568359375,8.017578125,0.0,17.115625000000023
2007-09-27 12:00:00+00:00,0.0,0.0,288.953125,62.764404296875,7.931640625,0.0,15.803125000000023
2007-09-27 13:00:00+00:00,0.0,0.0,288.484375,67.01824951171875,6.7734375,0.0,15.334375000000023
2007-09-27 14:00:00+00:00,0.0,0.0,286.21875,84.82452392578125,4.662109375,0.0,13.068750000000023
2007-09-27 15:00:00+00:00,0.0,0.0,284.9375,77.865966796875,5.154296875,0.0,11.787500000000023
2007-09-27 16:00:00+00:00,0.0,0.0,284.859375,77.62762451171875,4.671875,0.0,11.709375000000023
2007-09-27 17:00:00+00:00,0.0,0.0,284.875,80.75726318359375,4.3984375,0.0,11.725000000000023
2007-09-27 18:00:00+00:00,0.0,0.0,284.875,78.0728759765625,5.568359375,0.0,11.725000000000023
2007-09-27 19:00:00+00:00,0.0,0.0,284.4375,75.37310791015625,5.7734375,0.0,11.287500000000023
2007-09-27 20:00:00+00:00,18.796875,24.53125,284.046875,75.0589599609375,5.70703125,43.328125,10.896875000000023
2007-09-27 21:00:00+00:00,152.0546875,82.6484375,284.078125,72.52301025390625,5.998046875,234.703125,10.928125000000023
2007-09-27 22:00:00+00:00,74.15234375,89.87890625,284.875,69.25543212890625,6.58203125,164.03125,11.725000000000023
2007-09-27 23:00:00+00:00,15.35546875,168.76953125,284.828125,66.04669189453125,8.09375,184.125,11.678125000000023
2007-09-28 00:00:00+00:00,379.890625,280.484375,285.359375,55.50030517578125,8.634765625,660.375,12.209375000000023
2007-09-28 01:00:00+00:00,249.59375,305.453125,286.890625,44.59075927734375,9.6953125,555.046875,13.740625000000023
2007-09-28 02:00:00+00:00,69.421875,381.390625,287.0,43.58477783203125,10.203125,450.8125,13.850000000000023
2007-09-28 03:00:00+00:00,155.0234375,271.7265625,287.859375,37.3885498046875,9.76171875,426.75,14.709375000000023
2007-09-28 04:00:00+00:00,61.5859375,350.0703125,286.84375,41.2042236328125,10.041015625,411.65625,13.693750000000023
2007-09-28 05:00:00+00:00,21.2890625,219.6640625,286.09375,44.08648681640625,9.26953125,240.953125,12.943750000000023
2007-09-28 06:00:00+00:00,12.484375,153.3125,285.203125,47.8780517578125,8.818359375,165.796875,12.053125000000023
2007-09-28 07:00:00+00:00,40.5234375,58.1015625,285.125,49.03875732421875,8.37109375,98.625,11.975000000000023
2007-09-28 08:00:00+00:00,0.234375,2.265625,284.53125,52.90765380859375,8.06640625,2.5,11.381250000000023
2007-09-28 09:00:00+00:00,0.0,0.0,283.78125,57.2366943359375,8.15625,0.0,10.631250000000023
2007-09-28 10:00:00+00:00,0.0,0.0,283.3125,59.49456787109375,7.783203125,0.0,10.162500000000023
2007-09-28 11:00:00+00:00,0.0,0.0,283.078125,62.168701171875,7.392578125,0.0,9.928125000000023
2007-09-28 12:00:00+00:00,0.0,0.0,282.640625,64.93585205078125,7.216796875,0.0,9.490625000000023
2007-09-28 13:00:00+00:00,0.0,0.0,282.34375,67.50848388671875,7.125,0.0,9.193750000000023
2007-09-28 14:00:00+00:00,0.0,0.0,282.25,68.80615234375,7.154296875,0.0,9.100000000000023
2007-09-28 15:00:00+00:00,0.0,0.0,281.625,72.31781005859375,6.703125,0.0,8.475000000000023
2007-09-28 16:00:00+00:00,0.0,0.0,281.28125,75.085205078125,6.572265625,0.0,8.131250000000023
2007-09-28 17:00:00+00:00,0.0,0.0,281.40625,75.81768798828125,6.46484375,0.0,8.256250000000023
2007-09-28 18:00:00+00:00,0.0,0.0,281.46875,75.49212646484375,6.17578125,0.0,8.318750000000023
2007-09-28 19:00:00+00:00,0.0,0.0,281.640625,75.5242919921875,6.029296875,0.0,8.490625000000023
2007-09-28 20:00:00+00:00,9.4296875,24.2421875,281.828125,74.632568359375,5.80078125,33.671875,8.678125000000023
2007-09-28 21:00:00+00:00,62.4921875,73.4609375,281.390625,75.28997802734375,5.162109375,135.953125,8.240625000000023
2007-09-28 22:00:00+00:00,210.71484375,169.00390625,282.078125,71.3349609375,5.537109375,379.71875,8.928125000000023
2007-09-28 23:00:00+00:00,113.09375,185.5,283.65625,62.32342529296875,6.41796875,298.59375,10.506250000000023
2007-09-29 00:00:00+00:00,325.6328125,313.6953125,284.421875,55.35723876953125,6.755859375,639.328125,11.271875000000023
2007-09-29 01:00:00+00:00,108.09375,232.71875,285.796875,49.6190185546875,6.515625,340.8125,12.646875000000023
2007-09-29 02:00:00+00:00,75.30859375,339.84765625,285.9375,48.9825439453125,6.0,415.15625,12.787500000000023
2007-09-29 03:00:00+00:00,242.19921875,337.94140625,287.3125,45.38665771484375,6.8984375,580.140625,14.162500000000023
2007-09-29 04:00:00+00:00,39.02734375,213.76953125,287.6875,44.9000244140625,6.57421875,252.796875,14.537500000000023
2007-09-29 05:00:00+00:00,9.55078125,231.52734375,287.546875,46.0579833984375,6.720703125,241.078125,14.396875000000023
2007-09-29 06:00:00+00:00,3.3828125,96.6796875,288.078125,44.1419677734375,6.98828125,100.0625,14.928125000000023
2007-09-29 07:00:00+00:00,0.12109375,27.61328125,287.75,47.27197265625,7.001953125,27.734375,14.600000000000023
2007-09-29 08:00:00+00:00,0.02734375,1.97265625,287.6875,47.8707275390625,6.033203125,2.0,14.537500000000023
2007-09-29 09:00:00+00:00,0.0,0.0,287.3125,50.4193115234375,6.23046875,0.0,14.162500000000023
2007-09-29 10:00:00+00:00,0.0,0.0,287.203125,52.5362548828125,6.2578125,0.0,14.053125000000023
2007-09-29 11:00:00+00:00,0.0,0.0,286.96875,56.90155029296875,6.603515625,0.0,13.818750000000023
2007-09-29 12:00:00+00:00,0.0,0.0,286.828125,60.01123046875,7.26171875,0.0,13.678125000000023
2007-09-29 13:00:00+00:00,0.0,0.0,286.546875,62.03631591796875,7.169921875,0.0,13.396875000000023
2007-09-29 14:00:00+00:00,0.0,0.0,286.40625,63.56256103515625,7.291015625,0.0,13.256250000000023
2007-09-29 15:00:00+00:00,0.0,0.0,286.28125,64.07586669921875,7.462890625,0.0,13.131250000000023
2007-09-29 16:00:00+00:00,0.0,0.0,286.078125,67.03662109375,6.95703125,0.0,12.928125000000023
2007-09-29 17:00:00+00:00,0.0,0.0,286.015625,68.9453125,6.63671875,0.0,12.865625000000023
2007-09-29 18:00:00+00:00,0.0,0.0,285.96875,71.18841552734375,6.42578125,0.0,12.818750000000023
2007-09-29 19:00:00+00:00,0.0,0.0,285.796875,75.1326904296875,6.212890625,0.0,12.646875000000023
2007-09-29 20:00:00+00:00,0.0,6.171875,285.5625,78.69805908203125,5.998046875,6.171875,12.412500000000023
2007-09-29 21:00:00+00:00,0.0,62.921875,285.90625,74.490234375,6.123046875,62.921875,12.756250000000023
2007-09-29 22:00:00+00:00,0.0234375,94.9765625,286.453125,72.96112060546875,5.865234375,95.0,13.303125000000023
2007-09-29 23:00:00+00:00,0.03125,123.421875,286.875,74.14599609375,5.3671875,123.453125,13.725000000000023
2007-09-30 00:00:00+00:00,0.01171875,101.45703125,287.671875,72.7645263671875,5.236328125,101.46875,14.521875000000023
2007-09-30 01:00:00+00:00,0.0078125,180.7890625,288.78125,65.43267822265625,6.794921875,180.796875,15.631250000000023
2007-09-30 02:00:00+00:00,66.81640625,132.40234375,289.46875,62.44232177734375,7.044921875,199.21875,16.318750000000023
2007-09-30 03:00:00+00:00,47.09375,418.109375,289.125,61.64984130859375,7.216796875,465.203125,15.975000000000023
2007-09-30 04:00:00+00:00,96.0234375,300.8671875,289.953125,63.2506103515625,7.869140625,396.890625,16.803125000000023
2007-09-30 05:00:00+00:00,14.28125,172.734375,290.828125,55.27667236328125,8.74609375,187.015625,17.678125000000023
2007-09-30 06:00:00+00:00,99.2421875,118.1953125,290.484375,55.85626220703125,8.390625,217.4375,17.334375000000023
2007-09-30 07:00:00+00:00,10.2890625,46.9296875,290.34375,55.94891357421875,8.314453125,57.21875,17.193750000000023
2007-09-30 08:00:00+00:00,0.0,0.703125,289.484375,62.847412109375,8.185546875,0.703125,16.334375000000023
2007-09-30 09:00:00+00:00,0.0,0.0,288.15625,73.19647216796875,6.974609375,0.0,15.006250000000023
2007-09-30 10:00:00+00:00,0.0,0.0,287.484375,73.29388427734375,7.1640625,0.0,14.334375000000023
2007-09-30 11:00:00+00:00,0.0,0.0,287.1875,76.3536376953125,6.037109375,0.0,14.037500000000023
2007-09-30 12:00:00+00:00,0.0,0.0,287.0,75.3482666015625,6.333984375,0.0,13.850000000000023
2007-09-30 13:00:00+00:00,0.0,0.0,286.453125,77.77862548828125,5.44140625,0.0,13.303125000000023
2007-09-30 14:00:00+00:00,0.0,0.0,285.953125,79.20672607421875,4.30859375,0.0,12.803125000000023
2007-09-30 15:00:00+00:00,0.0,0.0,285.203125,80.9228515625,3.41796875,0.0,12.053125000000023
2007-09-30 16:00:00+00:00,0.0,0.0,285.046875,82.73162841796875,2.55859375,0.0,11.896875000000023
2007-09-30 17:00:00+00:00,0.0,0.0,284.265625,89.41387939453125,1.681640625,0.0,11.115625000000023
2007-09-30 18:00:00+00:00,0.0,0.0,284.828125,85.9735107421875,1.677734375,0.0,11.678125000000023
2007-09-30 19:00:00+00:00,0.0,0.0,285.125,82.7349853515625,2.505859375,0.0,11.975000000000023
2007-09-30 20:00:00+00:00,0.0,8.828125,284.578125,89.317626953125,2.708984375,8.828125,11.428125000000023
2007-09-30 21:00:00+00:00,22.609375,69.859375,285.046875,78.25799560546875,3.5859375,92.46875,11.896875000000023
2007-09-30 22:00:00+00:00,220.75390625,150.49609375,285.609375,78.07568359375,4.041015625,371.25,12.459375000000023
2007-09-30 23:00:00+00:00,267.51171875,76.86328125,287.34375,71.39215087890625,5.150390625,344.375,14.193750000000023
2007-10-01 00:00:00+00:00,414.7578125,135.0546875,288.3125,60.00396728515625,6.845703125,549.8125,15.162500000000023
2007-10-01 01:00:00+00:00,441.03125,116.921875,289.84375,50.90142822265625,6.83203125,557.953125,16.693750000000023
2007-10-01 02:00:00+00:00,448.40625,267.03125,290.6875,46.00482177734375,7.11328125,715.4375,17.537500000000023
2007-10-01 03:00:00+00:00,536.73828125,191.73046875,291.40625,40.120849609375,7.353515625,728.46875,18.256250000000023
2007-10-01 04:00:00+00:00,402.609375,157.828125,291.90625,36.3685302734375,7.373046875,560.4375,18.756250000000023
2007-10-01 05:00:00+00:00,122.14453125,93.71484375,291.90625,36.942138671875,7.3359375,215.859375,18.756250000000023
2007-10-01 06:00:00+00:00,151.9453125,125.0859375,290.96875,40.82708740234375,7.490234375,277.03125,17.818750000000023
2007-10-01 07:00:00+00:00,28.37890625,49.23046875,290.5625,43.15887451171875,6.73828125,77.609375,17.412500000000023
2007-10-01 08:00:00+00:00,0.1875,3.453125,289.8125,46.16778564453125,5.98828125,3.640625,16.662500000000023
2007-10-01 09:00:00+00:00,0.0,0.0,288.40625,53.93353271484375,5.408203125,0.0,15.256250000000023
2007-10-01 10:00:00+00:00,0.0,0.0,287.359375,58.16070556640625,4.62890625,0.0,14.209375000000023
2007-10-01 11:00:00+00:00,0.0,0.0,286.328125,62.996337890625,4.185546875,0.0,13.178125000000023
2007-10-01 12:00:00+00:00,0.0,0.0,285.625,67.5076904296875,4.185546875,0.0,12.475000000000023
2007-10-01 13:00:00+00:00,0.0,0.0,285.015625,72.76690673828125,4.08984375,0.0,11.865625000000023
2007-10-01 14:00:00+00:00,0.0,0.0,284.4375,77.99755859375,3.66015625,0.0,11.287500000000023
2007-10-01 15:00:00+00:00,0.0,0.0,283.84375,77.302001953125,3.341796875,0.0,10.693750000000023
2007-10-01 16:00:00+00:00,0.0,0.0,283.21875,80.41070556640625,3.107421875,0.0,10.068750000000023
2007-10-01 17:00:00+00:00,0.0,0.0,282.71875,82.45281982421875,2.826171875,0.0,9.568750000000023
2007-10-01 18:00:00+00:00,0.0,0.0,282.1875,85.19964599609375,2.498046875,0.0,9.037500000000023
2007-10-01 19:00:00+00:00,0.0,0.0,281.734375,87.791015625,2.345703125,0.0,8.584375000000023
2007-10-01 20:00:00+00:00,36.1953125,32.3046875,281.390625,88.80230712890625,2.283203125,68.5,8.240625000000023
2007-10-01 21:00:00+00:00,130.8515625,98.6015625,282.71875,79.633544921875,2.197265625,229.453125,9.568750000000023
2007-10-01 22:00:00+00:00,101.21875,185.265625,283.625,75.89892578125,2.80078125,286.484375,10.475000000000023
2007-10-01 23:00:00+00:00,453.91015625,178.74609375,284.515625,71.13604736328125,2.8515625,632.65625,11.365625000000023
2007-10-02 00:00:00+00:00,691.46484375,97.51953125,285.9375,65.00787353515625,2.80859375,788.984375,12.787500000000023
2007-10-02 01:00:00+00:00,685.4453125,117.8046875,287.171875,58.132080078125,3.212890625,803.25,14.021875000000023
2007-10-02 02:00:00+00:00,796.29296875,87.08203125,288.8125,49.075927734375,3.51953125,883.375,15.662500000000023
2007-10-02 03:00:00+00:00,772.1640625,55.7421875,292.0625,36.58905029296875,3.93359375,827.90625,18.912500000000023
2007-10-02 04:00:00+00:00,654.68359375,51.86328125,294.3125,27.97369384765625,4.49609375,706.546875,21.162500000000023
2007-10-02 05:00:00+00:00,306.73046875,137.01953125,295.71875,23.08734130859375,5.322265625,443.75,22.568750000000023
2007-10-02 06:00:00+00:00,211.30859375,93.92578125,295.453125,26.19354248046875,6.203125,305.234375,22.303125000000023
2007-10-02 07:00:00+00:00,42.9921875,48.0234375,294.984375,27.8470458984375,6.625,91.015625,21.834375000000023
2007-10-02 08:00:00+00:00,0.87890625,3.93359375,293.78125,31.6854248046875,6.306640625,4.8125,20.631250000000023
2007-10-02 09:00:00+00:00,0.0,0.0,292.734375,31.98504638671875,5.6328125,0.0,19.584375000000023
2007-10-02 10:00:00+00:00,0.0,0.0,292.59375,29.3487548828125,5.9453125,0.0,19.443750000000023
2007-10-02 11:00:00+00:00,0.0,0.0,293.125,27.57568359375,7.5078125,0.0,19.975000000000023
2007-10-02 12:00:00+00:00,0.0,0.0,293.015625,28.16156005859375,8.189453125,0.0,19.865625000000023
2007-10-02 13:00:00+00:00,0.0,0.0,292.9375,28.62506103515625,8.345703125,0.0,19.787500000000023
2007-10-02 14:00:00+00:00,0.0,0.0,293.046875,28.24896240234375,8.884765625,0.0,19.896875000000023
2007-10-02 15:00:00+00:00,0.0,0.0,293.109375,29.75933837890625,9.505859375,0.0,19.959375000000023
2007-10-02 16:00:00+00:00,0.0,0.0,292.578125,29.6060791015625,7.7265625,0.0,19.428125000000023
2007-10-02 17:00:00+00:00,0.0,0.0,291.5625,31.322998046875,6.66796875,0.0,18.412500000000023
2007-10-02 18:00:00+00:00,0.0,0.0,290.71875,32.2379150390625,5.01953125,0.0,17.568750000000023
2007-10-02 19:00:00+00:00,0.0,0.03125,289.625,36.801025390625,4.259765625,0.03125,16.475000000000023
2007-10-02 20:00:00+00:00,29.234375,35.625,287.515625,72.26080322265625,6.474609375,64.859375,14.365625000000023
2007-10-02 21:00:00+00:00,77.8984375,84.3828125,287.046875,65.55804443359375,6.080078125,162.28125,13.896875000000023
2007-10-02 22:00:00+00:00,326.78125,132.453125,287.0625,58.134521484375,7.880859375,459.234375,13.912500000000023
2007-10-02 23:00:00+00:00,514.28125,109.21875,287.921875,46.29010009765625,7.97265625,623.5,14.771875000000023
2007-10-03 00:00:00+00:00,605.21484375,133.47265625,288.8125,42.7994384765625,8.251953125,738.6875,15.662500000000023
2007-10-03 01:00:00+00:00,171.20703125,299.27734375,289.5625,38.8172607421875,9.439453125,470.484375,16.412500000000023
2007-10-03 02:00:00+00:00,69.05859375,303.42578125,289.09375,39.87127685546875,9.64453125,372.484375,15.943750000000023
2007-10-03 03:00:00+00:00,291.609375,365.921875,288.4375,40.74560546875,8.76171875,657.53125,15.287500000000023
2007-10-03 04:00:00+00:00,60.2109375,171.4296875,289.578125,34.286865234375,8.443359375,231.640625,16.428125000000023
2007-10-03 05:00:00+00:00,56.8203125,83.6328125,289.125,29.78466796875,9.330078125,140.453125,15.975000000000023
2007-10-03 06:00:00+00:00,104.5625,148.484375,288.375,32.9349365234375,9.458984375,253.046875,15.225000000000023
2007-10-03 07:00:00+00:00,61.90234375,52.12890625,288.046875,34.956298828125,9.39453125,114.03125,14.896875000000023
2007-10-03 08:00:00+00:00,1.11328125,1.77734375,286.890625,41.689697265625,8.486328125,2.890625,13.740625000000023
2007-10-03 09:00:00+00:00,0.0,0.0,285.65625,53.58349609375,7.0,0.0,12.506250000000023
2007-10-03 10:00:00+00:00,0.0,0.0,285.046875,57.3048095703125,6.47265625,0.0,11.896875000000023
2007-10-03 11:00:00+00:00,0.0,0.0,284.46875,60.717041015625,6.650390625,0.0,11.318750000000023
2007-10-03 12:00:00+00:00,0.0,0.0,284.15625,62.18109130859375,6.396484375,0.0,11.006250000000023
2007-10-03 13:00:00+00:00,0.0,0.0,284.046875,60.07977294921875,6.24609375,0.0,10.896875000000023
2007-10-03 14:00:00+00:00,0.0,0.0,284.171875,57.62457275390625,6.3203125,0.0,11.021875000000023
2007-10-03 15:00:00+00:00,0.0,0.0,282.71875,68.7989501953125,6.078125,0.0,9.568750000000023
2007-10-03 16:00:00+00:00,0.0,0.0,282.453125,70.40185546875,5.7109375,0.0,9.303125000000023
2007-10-03 17:00:00+00:00,0.0,0.0,282.15625,72.2894287109375,5.326171875,0.0,9.006250000000023
2007-10-03 18:00:00+00:00,0.0,0.0,281.890625,73.562255859375,4.828125,0.0,8.740625000000023
2007-10-03 19:00:00+00:00,0.0,0.109375,281.609375,74.930419921875,4.08984375,0.109375,8.459375000000023
2007-10-03 20:00:00+00:00,40.5,37.21875,281.5,75.4501953125,3.8828125,77.71875,8.350000000000023
2007-10-03 21:00:00+00:00,138.58203125,105.44921875,281.921875,71.2703857421875,4.798828125,244.03125,8.771875000000023
2007-10-03 22:00:00+00:00,390.421875,95.640625,283.171875,67.8189697265625,5.1015625,486.0625,10.021875000000023
2007-10-03 23:00:00+00:00,516.84765625,112.55859375,285.046875,61.282470703125,5.748046875,629.40625,11.896875000000023
2007-10-04 00:00:00+00:00,335.26953125,235.87109375,287.046875,51.8223876953125,6.54296875,571.140625,13.896875000000023
2007-10-04 01:00:00+00:00,117.14453125,250.51171875,288.25,46.102294921875,6.361328125,367.65625,15.100000000000023
2007-10-04 02:00:00+00:00,79.3671875,353.6328125,288.859375,45.06658935546875,6.359375,433.0,15.709375000000023
2007-10-04 03:00:00+00:00,64.05859375,130.11328125,290.59375,39.86712646484375,6.86328125,194.171875,17.443750000000023
2007-10-04 04:00:00+00:00,58.140625,246.484375,290.21875,41.203125,6.9765625,304.625,17.068750000000023
2007-10-04 05:00:00+00:00,166.38671875,214.83203125,290.65625,42.165283203125,6.94140625,381.21875,17.506250000000023
2007-10-04 06:00:00+00:00,170.421875,100.234375,290.890625,43.72607421875,6.87890625,270.65625,17.740625000000023
2007-10-04 07:00:00+00:00,31.8515625,35.4765625,290.796875,44.96453857421875,6.828125,67.328125,17.646875000000023
2007-10-04 08:00:00+00:00,0.4375,3.734375,290.25,48.6937255859375,6.27734375,4.171875,17.100000000000023
2007-10-04 09:00:00+00:00,0.0,0.0,289.90625,52.05792236328125,6.146484375,0.0,16.756250000000023
2007-10-04 10:00:00+00:00,0.0,0.0,289.140625,57.14154052734375,5.64453125,0.0,15.990625000000023
2007-10-04 11:00:00+00:00,0.0,0.0,288.703125,61.13946533203125,5.322265625,0.0,15.553125000000023
2007-10-04 12:00:00+00:00,0.0,0.0,288.203125,63.65594482421875,5.474609375,0.0,15.053125000000023
2007-10-04 13:00:00+00:00,0.0,0.0,287.6875,64.9910888671875,5.42578125,0.0,14.537500000000023
2007-10-04 14:00:00+00:00,0.0,0.0,287.125,66.46051025390625,5.439453125,0.0,13.975000000000023
2007-10-04 15:00:00+00:00,0.0,0.0,286.4375,66.68994140625,4.896484375,0.0,13.287500000000023
2007-10-04 16:00:00+00:00,0.0,0.0,286.015625,68.4393310546875,4.99609375,0.0,12.865625000000023
2007-10-04 17:00:00+00:00,0.0,0.0,285.265625,72.386962890625,4.36328125,0.0,12.115625000000023
2007-10-04 18:00:00+00:00,0.0,0.0,284.765625,75.2847900390625,3.658203125,0.0,11.615625000000023
2007-10-04 19:00:00+00:00,0.0,0.203125,284.34375,77.27410888671875,3.359375,0.203125,11.193750000000023
2007-10-04 20:00:00+00:00,19.453125,46.796875,284.1875,77.6575927734375,3.337890625,66.25,11.037500000000023
2007-10-04 21:00:00+00:00,103.50390625,124.76171875,284.96875,74.32354736328125,3.625,228.265625,11.818750000000023
2007-10-04 22:00:00+00:00,300.8515625,153.3359375,285.65625,71.037109375,3.96484375,454.1875,12.506250000000023
2007-10-04 23:00:00+00:00,509.28515625,134.04296875,286.6875,66.0350341796875,3.9296875,643.328125,13.537500000000023
2007-10-05 00:00:00+00:00,598.421875,160.25,288.09375,58.79669189453125,4.38671875,758.671875,14.943750000000023
2007-10-05 01:00:00+00:00,630.40234375,150.70703125,289.78125,50.6304931640625,4.609375,781.109375,16.631250000000023
2007-10-05 02:00:00+00:00,509.640625,234.15625,291.484375,44.12103271484375,4.857421875,743.796875,18.334375000000023
2007-10-05 03:00:00+00:00,94.3046875,240.7734375,293.046875,39.89276123046875,6.19140625,335.078125,19.896875000000023
2007-10-05 04:00:00+00:00,1.6796875,92.3984375,293.3125,37.87188720703125,6.8046875,94.078125,20.162500000000023
2007-10-05 05:00:00+00:00,112.59375,224.8125,293.015625,36.985107421875,6.66796875,337.40625,19.865625000000023
2007-10-05 06:00:00+00:00,103.703125,70.765625,293.53125,38.10809326171875,6.125,174.46875,20.381250000000023
2007-10-05 07:00:00+00:00,8.34375,39.828125,293.03125,41.21502685546875,5.64453125,48.171875,19.881250000000023
2007-10-05 08:00:00+00:00,0.0,2.515625,292.796875,42.04034423828125,5.04296875,2.515625,19.646875000000023
2007-10-05 09:00:00+00:00,0.0,0.0,289.984375,61.713134765625,2.5625,0.0,16.834375000000023
2007-10-05 10:00:00+00:00,0.0,0.0,289.0,68.285888671875,1.61328125,0.0,15.850000000000023
2007-10-05 11:00:00+00:00,0.0,0.0,287.78125,73.899658203125,1.927734375,0.0,14.631250000000023
2007-10-05 12:00:00+00:00,0.0,0.0,287.671875,77.1368408203125,1.9609375,0.0,14.521875000000023
2007-10-05 13:00:00+00:00,0.0,0.0,287.484375,81.00750732421875,3.31640625,0.0,14.334375000000023
2007-10-05 14:00:00+00:00,0.0,0.0,286.953125,81.976806640625,5.283203125,0.0,13.803125000000023
2007-10-05 15:00:00+00:00,0.0,0.0,285.5625,80.42333984375,6.99609375,0.0,12.412500000000023
2007-10-05 16:00:00+00:00,0.0,0.0,284.4375,80.54852294921875,6.359375,0.0,11.287500000000023
2007-10-05 17:00:00+00:00,0.0,0.0,283.8125,84.1109619140625,4.8203125,0.0,10.662500000000023
2007-10-05 18:00:00+00:00,0.0,0.0,283.125,89.08984375,3.544921875,0.0,9.975000000000023
2007-10-05 19:00:00+00:00,0.0,0.109375,283.109375,87.7574462890625,2.900390625,0.109375,9.959375000000023
2007-10-05 20:00:00+00:00,15.12890625,34.51171875,282.890625,87.9088134765625,2.33203125,49.640625,9.740625000000023
2007-10-05 21:00:00+00:00,18.64453125,77.08984375,282.734375,87.10992431640625,2.255859375,95.734375,9.584375000000023
2007-10-05 22:00:00+00:00,226.07421875,175.06640625,282.90625,83.80157470703125,2.97265625,401.140625,9.756250000000023
2007-10-05 23:00:00+00:00,207.32421875,263.66015625,284.03125,78.07958984375,3.125,470.984375,10.881250000000023
2007-10-06 00:00:00+00:00,211.6875,277.453125,285.09375,67.03521728515625,3.5078125,489.140625,11.943750000000023
2007-10-06 01:00:00+00:00,513.48828125,271.58984375,285.703125,61.6224365234375,3.900390625,785.078125,12.553125000000023
2007-10-06 02:00:00+00:00,313.4296875,304.7734375,286.6875,54.69537353515625,4.150390625,618.203125,13.537500000000023
2007-10-06 03:00:00+00:00,323.12890625,248.88671875,286.6875,54.57781982421875,4.48828125,572.015625,13.537500000000023
2007-10-06 04:00:00+00:00,52.1171875,228.3828125,287.03125,49.96405029296875,4.52734375,280.5,13.881250000000023
2007-10-06 05:00:00+00:00,14.47265625,151.51171875,286.40625,51.24151611328125,4.345703125,165.984375,13.256250000000023
2007-10-06 06:00:00+00:00,1.265625,82.90625,285.875,52.3525390625,4.369140625,84.171875,12.725000000000023
2007-10-06 07:00:00+00:00,0.0,12.96875,285.453125,52.275634765625,4.2109375,12.96875,12.303125000000023
2007-10-06 08:00:00+00:00,0.0,1.21875,284.875,53.15576171875,3.658203125,1.21875,11.725000000000023
2007-10-06 09:00:00+00:00,0.0,0.0,284.5,54.192626953125,3.20703125,0.0,11.350000000000023
2007-10-06 10:00:00+00:00,0.0,0.0,284.21875,54.519287109375,2.6484375,0.0,11.068750000000023
2007-10-06 11:00:00+00:00,0.0,0.0,283.765625,56.07916259765625,1.91796875,0.0,10.615625000000023
2007-10-06 12:00:00+00:00,0.0,0.0,283.984375,56.3704833984375,1.203125,0.0,10.834375000000023
2007-10-06 13:00:00+00:00,0.0,0.0,283.34375,58.9417724609375,0.62890625,0.0,10.193750000000023
2007-10-06 14:00:00+00:00,0.0,0.0,283.703125,57.69757080078125,1.05078125,0.0,10.553125000000023
2007-10-06 15:00:00+00:00,0.0,0.0,282.125,63.014404296875,0.21875,0.0,8.975000000000023
2007-10-06 16:00:00+00:00,0.0,0.0,281.8125,65.97869873046875,0.837890625,0.0,8.662500000000023
2007-10-06 17:00:00+00:00,0.0,0.0,281.796875,67.84661865234375,1.25,0.0,8.646875000000023
2007-10-06 18:00:00+00:00,0.0,0.0,282.0625,70.4327392578125,1.392578125,0.0,8.912500000000023
2007-10-06 19:00:00+00:00,0.0,0.53125,281.828125,74.45916748046875,2.078125,0.53125,8.678125000000023
2007-10-06 20:00:00+00:00,17.578125,35.90625,281.265625,77.78582763671875,2.3203125,53.484375,8.115625000000023
2007-10-06 21:00:00+00:00,82.22265625,119.55859375,280.140625,79.2515869140625,2.626953125,201.78125,6.990625000000023
2007-10-06 22:00:00+00:00,396.7578125,116.6796875,280.796875,74.7276611328125,3.01171875,513.4375,7.646875000000023
2007-10-06 23:00:00+00:00,529.0078125,114.9453125,282.0,67.68035888671875,3.076171875,643.953125,8.850000000000023
2007-10-07 00:00:00+00:00,641.58203125,132.98046875,283.1875,61.36431884765625,2.923828125,774.5625,10.037500000000023
2007-10-07 01:00:00+00:00,581.69921875,208.98828125,284.625,52.95843505859375,2.8515625,790.6875,11.475000000000023
2007-10-07 02:00:00+00:00,98.47265625,101.93359375,286.171875,44.7513427734375,2.912109375,200.40625,13.021875000000023
2007-10-07 03:00:00+00:00,16.51171875,326.25390625,286.65625,41.40673828125,2.6875,342.765625,13.506250000000023
2007-10-07 04:00:00+00:00,87.90625,337.015625,287.140625,39.16400146484375,2.203125,424.921875,13.990625000000023
2007-10-07 05:00:00+00:00,328.94140625,144.05859375,287.859375,37.03082275390625,2.798828125,473.0,14.709375000000023
2007-10-07 06:00:00+00:00,116.83203125,99.57421875,288.015625,38.52874755859375,3.640625,216.40625,14.865625000000023
2007-10-07 07:00:00+00:00,85.2265625,47.6328125,286.984375,45.08233642578125,4.490234375,132.859375,13.834375000000023
2007-10-07 08:00:00+00:00,3.94140625,2.71484375,285.890625,53.67657470703125,4.11328125,6.65625,12.740625000000023
2007-10-07 09:00:00+00:00,0.0,0.0,284.78125,63.53466796875,2.9375,0.0,11.631250000000023
2007-10-07 10:00:00+00:00,0.0,0.0,284.3125,67.32403564453125,1.978515625,0.0,11.162500000000023
2007-10-07 11:00:00+00:00,0.0,0.0,283.265625,72.48260498046875,0.87109375,0.0,10.115625000000023
2007-10-07 12:00:00+00:00,0.0,0.0,283.9375,69.51763916015625,1.484375,0.0,10.787500000000023
2007-10-07 13:00:00+00:00,0.0,0.0,283.984375,68.9266357421875,1.44140625,0.0,10.834375000000023
2007-10-07 14:00:00+00:00,0.0,0.0,283.765625,69.6029052734375,1.318359375,0.0,10.615625000000023
2007-10-07 15:00:00+00:00,0.0,0.0,280.46875,85.62005615234375,0.662109375,0.0,7.318750000000023
2007-10-07 16:00:00+00:00,0.0,0.0,279.828125,89.450927734375,0.662109375,0.0,6.678125000000023
2007-10-07 17:00:00+00:00,0.0,0.0,279.921875,89.00634765625,1.28125,0.0,6.771875000000023
2007-10-07 18:00:00+00:00,0.0,0.0,279.90625,90.4930419921875,1.42578125,0.0,6.756250000000023
2007-10-07 19:00:00+00:00,0.0,0.8125,280.140625,89.78033447265625,1.736328125,0.8125,6.990625000000023
2007-10-07 20:00:00+00:00,41.1640625,48.2890625,280.015625,88.98272705078125,1.736328125,89.453125,6.865625000000023
2007-10-07 21:00:00+00:00,240.20703125,72.69921875,280.765625,85.74847412109375,1.580078125,312.90625,7.615625000000023
2007-10-07 22:00:00+00:00,441.1953125,81.7421875,282.046875,74.7572021484375,1.99609375,522.9375,8.896875000000023
2007-10-07 23:00:00+00:00,619.34375,82.671875,283.265625,65.27947998046875,2.37109375,702.015625,10.115625000000023
2007-10-08 00:00:00+00:00,719.56640625,106.77734375,284.453125,56.79534912109375,2.69921875,826.34375,11.303125000000023
2007-10-08 01:00:00+00:00,712.12890625,130.07421875,285.71875,46.61083984375,2.826171875,842.203125,12.568750000000023
2007-10-08 02:00:00+00:00,692.9296875,135.3203125,286.84375,39.3424072265625,2.53515625,828.25,13.693750000000023
2007-10-08 03:00:00+00:00,101.3359375,415.4609375,287.453125,43.06243896484375,2.837890625,516.796875,14.303125000000023
2007-10-08 04:00:00+00:00,288.26953125,282.07421875,288.171875,37.8017578125,3.015625,570.34375,15.021875000000023
2007-10-08 05:00:00+00:00,348.7109375,128.2890625,288.578125,36.0594482421875,3.14453125,477.0,15.428125000000023
2007-10-08 06:00:00+00:00,211.97265625,78.46484375,288.484375,37.49237060546875,3.478515625,290.4375,15.334375000000023
2007-10-08 07:00:00+00:00,63.51171875,38.25390625,287.84375,41.64239501953125,3.865234375,101.765625,14.693750000000023
2007-10-08 08:00:00+00:00,1.640625,2.921875,286.78125,48.276611328125,3.3828125,4.5625,13.631250000000023
2007-10-08 09:00:00+00:00,0.0,0.0,285.28125,65.6251220703125,3.224609375,0.0,12.131250000000023
2007-10-08 10:00:00+00:00,0.0,0.0,284.453125,72.880126953125,2.4375,0.0,11.303125000000023
2007-10-08 11:00:00+00:00,0.0,0.0,283.796875,77.6702880859375,1.818359375,0.0,10.646875000000023
2007-10-08 12:00:00+00:00,0.0,0.0,283.4375,80.81170654296875,1.146484375,0.0,10.287500000000023
2007-10-08 13:00:00+00:00,0.0,0.0,282.640625,84.5008544921875,0.556640625,0.0,9.490625000000023
2007-10-08 14:00:00+00:00,0.0,0.0,282.671875,85.15069580078125,1.140625,0.0,9.521875000000023
2007-10-08 15:00:00+00:00,0.0,0.0,282.1875,84.07952880859375,1.828125,0.0,9.037500000000023
2007-10-08 16:00:00+00:00,0.0,0.0,282.203125,82.797607421875,2.3125,0.0,9.053125000000023
2007-10-08 17:00:00+00:00,0.0,0.0,281.3125,87.57965087890625,2.421875,0.0,8.162500000000023
2007-10-08 18:00:00+00:00,0.0,0.0,280.65625,90.0908203125,2.078125,0.0,7.506250000000023
2007-10-08 19:00:00+00:00,0.0,1.265625,280.078125,92.43133544921875,1.73828125,1.265625,6.928125000000023
2007-10-08 20:00:00+00:00,57.0078125,45.9921875,279.6875,94.52239990234375,1.49609375,103.0,6.537500000000023
2007-10-08 21:00:00+00:00,236.97265625,75.44921875,281.046875,87.1011962890625,1.51171875,312.421875,7.896875000000023
2007-10-08 22:00:00+00:00,420.1640625,92.7109375,282.0,83.27276611328125,1.736328125,512.875,8.850000000000023
2007-10-08 23:00:00+00:00,575.6328125,109.6640625,282.953125,79.76239013671875,1.431640625,685.296875,9.803125000000023
2007-10-09 00:00:00+00:00,664.4453125,138.6796875,284.203125,75.36260986328125,1.4453125,803.125,11.053125000000023
2007-10-09 01:00:00+00:00,722.66796875,134.41015625,285.78125,61.86126708984375,1.283203125,857.078125,12.631250000000023
2007-10-09 02:00:00+00:00,746.390625,134.25,287.15625,51.40167236328125,1.591796875,880.640625,14.006250000000023
2007-10-09 03:00:00+00:00,463.47265625,244.90234375,288.375,47.41522216796875,2.478515625,708.375,15.225000000000023
2007-10-09 04:00:00+00:00,92.26953125,228.16796875,288.828125,46.38336181640625,2.658203125,320.4375,15.678125000000023
2007-10-09 05:00:00+00:00,27.75,222.609375,288.46875,49.1357421875,2.880859375,250.359375,15.318750000000023
2007-10-09 06:00:00+00:00,171.1796875,118.4453125,288.265625,53.0633544921875,3.158203125,289.625,15.115625000000023
2007-10-09 07:00:00+00:00,79.8671875,34.6171875,288.15625,55.98907470703125,3.19921875,114.484375,15.006250000000023
2007-10-09 08:00:00+00:00,3.3359375,3.8046875,287.59375,57.217529296875,3.6875,7.140625,14.443750000000023
2007-10-09 09:00:00+00:00,0.0,0.0,286.578125,60.46356201171875,3.669921875,0.0,13.428125000000023
2007-10-09 10:00:00+00:00,0.0,0.0,285.09375,68.57373046875,3.806640625,0.0,11.943750000000023
2007-10-09 11:00:00+00:00,0.0,0.0,284.09375,74.5457763671875,3.46875,0.0,10.943750000000023
2007-10-09 12:00:00+00:00,0.0,0.0,283.203125,76.30535888671875,3.412109375,0.0,10.053125000000023
2007-10-09 13:00:00+00:00,0.0,0.0,282.546875,78.76568603515625,2.978515625,0.0,9.396875000000023
2007-10-09 14:00:00+00:00,0.0,0.0,282.140625,82.7376708984375,2.65625,0.0,8.990625000000023
2007-10-09 15:00:00+00:00,0.0,0.0,281.0,87.396240234375,1.056640625,0.0,7.850000000000023
2007-10-09 16:00:00+00:00,0.0,0.0,280.46875,90.61773681640625,1.28125,0.0,7.318750000000023
2007-10-09 17:00:00+00:00,0.0,0.0,280.265625,90.9942626953125,1.640625,0.0,7.115625000000023
2007-10-09 18:00:00+00:00,0.0,0.0,280.28125,89.79486083984375,1.6640625,0.0,7.131250000000023
2007-10-09 19:00:00+00:00,0.0,1.78125,280.09375,90.2030029296875,1.6171875,1.78125,6.943750000000023
2007-10-09 20:00:00+00:00,36.55859375,59.26953125,279.953125,91.3404541015625,1.716796875,95.828125,6.803125000000023
2007-10-09 21:00:00+00:00,179.81640625,114.24609375,280.75,87.76019287109375,1.7265625,294.0625,7.600000000000023
2007-10-09 22:00:00+00:00,416.0859375,107.9140625,283.140625,78.598876953125,1.724609375,524.0,9.990625000000023
2007-10-09 23:00:00+00:00,613.2421875,94.6328125,286.3125,63.03472900390625,2.390625,707.875,13.162500000000023
2007-10-10 00:00:00+00:00,718.07421875,112.81640625,289.734375,43.2984619140625,3.9609375,830.890625,16.584375000000023
2007-10-10 01:00:00+00:00,561.5078125,263.2109375,292.3125,31.451171875,5.001953125,824.71875,19.162500000000023
2007-10-10 02:00:00+00:00,355.515625,374.3125,293.765625,29.45220947265625,4.974609375,729.828125,20.615625000000023
2007-10-10 03:00:00+00:00,314.30078125,349.80859375,295.15625,26.7918701171875,5.40625,664.109375,22.006250000000023
2007-10-10 04:00:00+00:00,353.95703125,258.54296875,295.5,24.73944091796875,5.8828125,612.5,22.350000000000023
2007-10-10 05:00:00+00:00,396.35546875,134.76953125,295.671875,25.392578125,5.541015625,531.125,22.521875000000023
2007-10-10 06:00:00+00:00,125.7578125,69.4453125,296.046875,24.69390869140625,5.240234375,195.203125,22.896875000000023
2007-10-10 07:00:00+00:00,74.45703125,62.63671875,295.21875,24.89752197265625,4.798828125,137.09375,22.068750000000023
2007-10-10 08:00:00+00:00,3.5234375,5.8984375,294.109375,26.55877685546875,4.123046875,9.421875,20.959375000000023
2007-10-10 09:00:00+00:00,0.0,0.0,292.1875,31.04217529296875,3.181640625,0.0,19.037500000000023
2007-10-10 10:00:00+00:00,0.0,0.0,291.984375,37.61627197265625,3.380859375,0.0,18.834375000000023
2007-10-10 11:00:00+00:00,0.0,0.0,291.453125,40.18145751953125,4.04296875,0.0,18.303125000000023
2007-10-10 12:00:00+00:00,0.0,0.0,291.640625,37.57696533203125,4.490234375,0.0,18.490625000000023
2007-10-10 13:00:00+00:00,0.0,0.0,290.859375,35.96038818359375,4.625,0.0,17.709375000000023
2007-10-10 14:00:00+00:00,0.0,0.0,290.515625,33.400146484375,4.703125,0.0,17.365625000000023
2007-10-10 15:00:00+00:00,0.0,0.0,289.546875,35.6834716796875,4.29296875,0.0,16.396875000000023
2007-10-10 16:00:00+00:00,0.0,0.0,289.921875,35.92529296875,4.369140625,0.0,16.771875000000023
2007-10-10 17:00:00+00:00,0.0,0.0,290.359375,34.0390625,4.97265625,0.0,17.209375000000023
2007-10-10 18:00:00+00:00,0.0,0.0,290.46875,29.8385009765625,5.494140625,0.0,17.318750000000023
2007-10-10 19:00:00+00:00,0.0,1.9375,288.96875,36.70135498046875,4.681640625,1.9375,15.818750000000023
2007-10-10 20:00:00+00:00,48.3125,53.171875,287.890625,45.15924072265625,3.697265625,101.484375,14.740625000000023
2007-10-10 21:00:00+00:00,217.265625,88.609375,288.796875,44.4700927734375,2.9375,305.875,15.646875000000023
2007-10-10 22:00:00+00:00,374.48046875,112.53515625,289.828125,45.9229736328125,2.865234375,487.015625,16.678125000000023
2007-10-10 23:00:00+00:00,558.4375,119.03125,289.796875,52.31439208984375,3.6875,677.46875,16.646875000000023
2007-10-11 00:00:00+00:00,685.5078125,119.5859375,290.484375,54.30865478515625,3.71484375,805.09375,17.334375000000023
2007-10-11 01:00:00+00:00,784.6640625,102.4453125,291.453125,52.99493408203125,3.62109375,887.109375,18.303125000000023
2007-10-11 02:00:00+00:00,726.9921875,111.0390625,292.421875,51.186767578125,3.96875,838.03125,19.271875000000023
2007-10-11 03:00:00+00:00,106.32421875,39.73828125,292.15625,56.33563232421875,5.53515625,146.0625,19.006250000000023
2007-10-11 04:00:00+00:00,279.703125,253.515625,290.5,61.8154296875,5.365234375,533.21875,17.350000000000023
2007-10-11 05:00:00+00:00,126.140625,260.109375,289.796875,68.18060302734375,5.6015625,386.25,16.646875000000023
2007-10-11 06:00:00+00:00,54.9140625,66.8984375,288.140625,74.327392578125,5.54296875,121.8125,14.990625000000023
2007-10-11 07:00:00+00:00,3.359375,51.640625,287.28125,71.30303955078125,5.060546875,55.0,14.131250000000023
2007-10-11 08:00:00+00:00,0.0,3.296875,286.9375,70.068115234375,4.279296875,3.296875,13.787500000000023
2007-10-11 09:00:00+00:00,0.0,0.0,285.734375,82.72314453125,3.29296875,0.0,12.584375000000023
2007-10-11 10:00:00+00:00,0.0,0.0,285.390625,85.78564453125,2.46875,0.0,12.240625000000023
2007-10-11 11:00:00+00:00,0.0,0.0,285.5,81.78009033203125,2.0,0.0,12.350000000000023
2007-10-11 12:00:00+00:00,0.0,0.0,285.265625,80.74267578125,1.638671875,0.0,12.115625000000023
2007-10-11 13:00:00+00:00,0.0,0.0,285.109375,80.6990966796875,1.740234375,0.0,11.959375000000023
2007-10-11 14:00:00+00:00,0.0,0.0,284.46875,82.2530517578125,1.677734375,0.0,11.318750000000023
2007-10-11 15:00:00+00:00,0.0,0.0,283.921875,85.57574462890625,2.26953125,0.0,10.771875000000023
2007-10-11 16:00:00+00:00,0.0,0.0,284.015625,84.89959716796875,2.3515625,0.0,10.865625000000023
2007-10-11 17:00:00+00:00,0.0,0.0,283.703125,86.9715576171875,2.8671875,0.0,10.553125000000023
2007-10-11 18:00:00+00:00,0.0,0.0,283.421875,88.301513671875,2.966796875,0.0,10.271875000000023
2007-10-11 19:00:00+00:00,0.0,2.03125,283.3125,87.6864013671875,2.478515625,2.03125,10.162500000000023
2007-10-11 20:00:00+00:00,19.38671875,47.05078125,283.09375,88.388916015625,2.578125,66.4375,9.943750000000023
2007-10-11 21:00:00+00:00,6.6875,48.375,283.078125,87.6192626953125,3.90625,55.0625,9.928125000000023
2007-10-11 22:00:00+00:00,25.859375,187.109375,282.859375,85.433349609375,5.41015625,212.96875,9.709375000000023
2007-10-11 23:00:00+00:00,9.15625,217.890625,282.984375,80.2283935546875,6.451171875,227.046875,9.834375000000023
2007-10-12 00:00:00+00:00,264.76953125,398.91796875,283.328125,67.70709228515625,5.998046875,663.6875,10.178125000000023
2007-10-12 01:00:00+00:00,59.41796875,213.62890625,284.9375,56.679931640625,5.8828125,273.046875,11.787500000000023
2007-10-12 02:00:00+00:00,108.55078125,350.55859375,284.5,57.88006591796875,5.40234375,459.109375,11.350000000000023
2007-10-12 03:00:00+00:00,26.171875,141.875,284.828125,55.72564697265625,6.4140625,168.046875,11.678125000000023
2007-10-12 04:00:00+00:00,299.375,336.984375,284.6875,48.9901123046875,6.470703125,636.359375,11.537500000000023
2007-10-12 05:00:00+00:00,194.24609375,243.09765625,285.78125,46.3740234375,7.12890625,437.34375,12.631250000000023
2007-10-12 06:00:00+00:00,48.42578125,108.93359375,285.25,50.06915283203125,7.42578125,157.359375,12.100000000000023
2007-10-12 07:00:00+00:00,16.48828125,74.38671875,284.546875,52.99462890625,7.341796875,90.875,11.396875000000023
2007-10-12 08:00:00+00:00,0.08203125,4.48046875,284.0625,55.46270751953125,7.080078125,4.5625,10.912500000000023
2007-10-12 09:00:00+00:00,0.0,0.0,283.09375,62.50653076171875,6.287109375,0.0,9.943750000000023
2007-10-12 10:00:00+00:00,0.0,0.0,283.09375,63.26531982421875,6.275390625,0.0,9.943750000000023
2007-10-12 11:00:00+00:00,0.0,0.0,282.75,64.3441162109375,5.955078125,0.0,9.600000000000023
2007-10-12 12:00:00+00:00,0.0,0.0,282.375,71.08673095703125,5.88671875,0.0,9.225000000000023
2007-10-12 13:00:00+00:00,0.0,0.0,281.9375,77.6251220703125,5.662109375,0.0,8.787500000000023
2007-10-12 14:00:00+00:00,0.0,0.0,282.078125,78.411376953125,5.236328125,0.0,8.928125000000023
2007-10-12 15:00:00+00:00,0.0,0.0,281.671875,86.07452392578125,4.619140625,0.0,8.521875000000023
2007-10-12 16:00:00+00:00,0.0,0.0,281.703125,82.962158203125,4.466796875,0.0,8.553125000000023
2007-10-12 17:00:00+00:00,0.0,0.0,282.0,77.210693359375,3.990234375,0.0,8.850000000000023
2007-10-12 18:00:00+00:00,0.0,0.0,281.890625,77.072509765625,3.92578125,0.0,8.740625000000023
2007-10-12 19:00:00+00:00,0.0,0.1875,281.921875,78.31201171875,3.6015625,0.1875,8.771875000000023
2007-10-12 20:00:00+00:00,0.0,27.734375,282.046875,77.46563720703125,3.66015625,27.734375,8.896875000000023
2007-10-12 21:00:00+00:00,18.14453125,165.41796875,281.765625,80.765625,4.07421875,183.5625,8.615625000000023
2007-10-12 22:00:00+00:00,38.5,147.25,282.5,77.338134765625,4.822265625,185.75,9.350000000000023
2007-10-12 23:00:00+00:00,228.78515625,285.49609375,283.0,75.61785888671875,5.162109375,514.28125,9.850000000000023
2007-10-13 00:00:00+00:00,475.4765625,212.1328125,284.53125,64.12786865234375,5.7421875,687.609375,11.381250000000023
2007-10-13 01:00:00+00:00,216.87890625,369.51171875,285.6875,54.130615234375,5.50390625,586.390625,12.537500000000023
2007-10-13 02:00:00+00:00,48.51171875,192.84765625,286.078125,53.48931884765625,5.439453125,241.359375,12.928125000000023
2007-10-13 03:00:00+00:00,7.1015625,131.1484375,286.390625,56.04248046875,5.40625,138.25,13.240625000000023
2007-10-13 04:00:00+00:00,60.5859375,404.5078125,286.203125,58.222412109375,5.138671875,465.09375,13.053125000000023
2007-10-13 05:00:00+00:00,69.23828125,272.66796875,287.171875,57.1790771484375,5.30078125,341.90625,14.021875000000023
2007-10-13 06:00:00+00:00,8.72265625,89.43359375,287.1875,58.40673828125,5.4453125,98.15625,14.037500000000023
2007-10-13 07:00:00+00:00,9.203125,57.6875,286.671875,61.7000732421875,4.880859375,66.890625,13.521875000000023
2007-10-13 08:00:00+00:00,0.08203125,5.16796875,286.625,61.36688232421875,4.078125,5.25,13.475000000000023
2007-10-13 09:00:00+00:00,0.0,0.0,286.625,62.30804443359375,4.6953125,0.0,13.475000000000023
2007-10-13 10:00:00+00:00,0.0,0.0,286.203125,64.9095458984375,4.994140625,0.0,13.053125000000023
2007-10-13 11:00:00+00:00,0.0,0.0,285.75,67.64971923828125,4.46875,0.0,12.600000000000023
2007-10-13 12:00:00+00:00,0.0,0.0,285.25,70.031494140625,4.09375,0.0,12.100000000000023
2007-10-13 13:00:00+00:00,0.0,0.0,284.890625,71.64410400390625,3.986328125,0.0,11.740625000000023
2007-10-13 14:00:00+00:00,0.0,0.0,284.625,71.56976318359375,4.091796875,0.0,11.475000000000023
2007-10-13 15:00:00+00:00,0.0,0.0,284.015625,72.758056640625,3.97265625,0.0,10.865625000000023
2007-10-13 16:00:00+00:00,0.0,0.0,283.578125,74.0821533203125,3.693359375,0.0,10.428125000000023
2007-10-13 17:00:00+00:00,0.0,0.0,283.28125,75.28076171875,3.58984375,0.0,10.131250000000023
2007-10-13 18:00:00+00:00,0.0,0.0,283.515625,74.31134033203125,3.6328125,0.0,10.365625000000023
2007-10-13 19:00:00+00:00,0.0,3.828125,283.40625,74.6336669921875,3.869140625,3.828125,10.256250000000023
2007-10-13 20:00:00+00:00,37.5546875,66.1015625,282.921875,76.538818359375,3.6953125,103.65625,9.771875000000023
2007-10-13 21:00:00+00:00,123.734375,146.46875,283.6875,72.57275390625,3.8125,270.203125,10.537500000000023
2007-10-13 22:00:00+00:00,418.109375,114.90625,284.5625,68.810791015625,4.533203125,533.015625,11.412500000000023
2007-10-13 23:00:00+00:00,397.41015625,206.57421875,286.15625,62.6715087890625,4.650390625,603.984375,13.006250000000023
2007-10-14 00:00:00+00:00,696.4609375,135.6484375,288.1875,53.212890625,4.517578125,832.109375,15.037500000000023
2007-10-14 01:00:00+00:00,768.44140625,115.23046875,290.234375,44.978515625,4.61328125,883.671875,17.084375000000023
2007-10-14 02:00:00+00:00,802.8828125,95.1796875,291.859375,40.593017578125,4.525390625,898.0625,18.709375000000023
2007-10-14 03:00:00+00:00,682.28125,131.921875,292.28125,42.759033203125,4.9140625,814.203125,19.131250000000023
2007-10-14 04:00:00+00:00,635.4375,81.0625,293.15625,41.40130615234375,5.142578125,716.5,20.006250000000023
2007-10-14 05:00:00+00:00,459.2578125,74.5234375,293.8125,40.33013916015625,5.357421875,533.78125,20.662500000000023
2007-10-14 06:00:00+00:00,308.98046875,48.87890625,294.015625,40.39044189453125,5.53515625,357.859375,20.865625000000023
2007-10-14 07:00:00+00:00,132.078125,23.703125,293.65625,42.16180419921875,5.21484375,155.78125,20.506250000000023
2007-10-14 08:00:00+00:00,9.8125,3.40625,292.84375,45.3299560546875,4.662109375,13.21875,19.693750000000023
2007-10-14 09:00:00+00:00,0.0,0.0,291.125,53.5550537109375,3.802734375,0.0,17.975000000000023
2007-10-14 10:00:00+00:00,0.0,0.0,289.65625,61.11175537109375,2.89453125,0.0,16.506250000000023
2007-10-14 11:00:00+00:00,0.0,0.0,288.90625,64.06683349609375,2.6484375,0.0,15.756250000000023
2007-10-14 12:00:00+00:00,0.0,0.0,288.5625,63.75848388671875,2.708984375,0.0,15.412500000000023
2007-10-14 13:00:00+00:00,0.0,0.0,288.265625,64.30242919921875,3.017578125,0.0,15.115625000000023
2007-10-14 14:00:00+00:00,0.0,0.0,287.375,68.413818359375,2.712890625,0.0,14.225000000000023
2007-10-14 15:00:00+00:00,0.0,0.0,286.015625,73.31976318359375,2.400390625,0.0,12.865625000000023
2007-10-14 16:00:00+00:00,0.0,0.0,285.75,73.833251953125,2.326171875,0.0,12.600000000000023
2007-10-14 17:00:00+00:00,0.0,0.0,286.296875,70.0172119140625,3.353515625,0.0,13.146875000000023
2007-10-14 18:00:00+00:00,0.0,0.0,286.671875,65.73291015625,4.6953125,0.0,13.521875000000023
2007-10-14 19:00:00+00:00,0.296875,4.578125,286.65625,64.14288330078125,5.00390625,4.875,13.506250000000023
2007-10-14 20:00:00+00:00,79.05078125,52.33984375,286.90625,61.380615234375,5.0078125,131.390625,13.756250000000023
2007-10-14 21:00:00+00:00,268.96484375,75.05078125,288.109375,55.63922119140625,5.806640625,344.015625,14.959375000000023
2007-10-14 22:00:00+00:00,467.1171875,83.1171875,289.4375,49.76763916015625,6.345703125,550.234375,16.287500000000023
2007-10-14 23:00:00+00:00,632.4921875,90.7109375,291.109375,43.961181640625,6.85546875,723.203125,17.959375000000023
2007-10-15 00:00:00+00:00,752.6015625,97.8515625,293.390625,37.58221435546875,6.8984375,850.453125,20.240625000000023
2007-10-15 01:00:00+00:00,817.1171875,97.9609375,296.1875,28.95941162109375,6.69921875,915.078125,23.037500000000023
2007-10-15 02:00:00+00:00,829.49609375,92.78515625,298.25,21.3162841796875,6.830078125,922.28125,25.100000000000023
2007-10-15 03:00:00+00:00,777.25390625,84.54296875,299.859375,19.3668212890625,6.49609375,861.796875,26.709375000000023
2007-10-15 04:00:00+00:00,663.375,78.65625,300.96875,16.5960693359375,6.59375,742.03125,27.818750000000023
2007-10-15 05:00:00+00:00,499.6171875,71.2734375,301.453125,15.4652099609375,7.00390625,570.890625,28.303125000000023
2007-10-15 06:00:00+00:00,295.640625,65.390625,301.359375,15.32049560546875,6.6796875,361.03125,28.209375000000023
2007-10-15 07:00:00+00:00,39.26953125,66.57421875,300.609375,15.92547607421875,6.3203125,105.84375,27.459375000000023
2007-10-15 08:00:00+00:00,2.2421875,10.3203125,299.5625,16.5980224609375,6.30859375,12.5625,26.412500000000023
2007-10-15 09:00:00+00:00,0.0,0.0,296.875,24.0362548828125,4.892578125,0.0,23.725000000000023
2007-10-15 10:00:00+00:00,0.0,0.0,296.296875,23.68951416015625,5.30078125,0.0,23.146875000000023
2007-10-15 11:00:00+00:00,0.0,0.0,296.09375,22.54217529296875,5.896484375,0.0,22.943750000000023
2007-10-15 12:00:00+00:00,0.0,0.0,294.3125,24.2567138671875,5.146484375,0.0,21.162500000000023
2007-10-15 13:00:00+00:00,0.0,0.0,292.6875,32.8646240234375,6.865234375,0.0,19.537500000000023
2007-10-15 14:00:00+00:00,0.0,0.0,289.1875,62.20855712890625,7.126953125,0.0,16.037500000000023
2007-10-15 15:00:00+00:00,0.0,0.0,287.171875,79.8065185546875,6.966796875,0.0,14.021875000000023
2007-10-15 16:00:00+00:00,0.0,0.0,286.703125,75.62591552734375,6.611328125,0.0,13.553125000000023
2007-10-15 17:00:00+00:00,0.0,0.0,285.5,68.4639892578125,6.30078125,0.0,12.350000000000023
2007-10-15 18:00:00+00:00,0.0,0.0,284.46875,67.66473388671875,5.833984375,0.0,11.318750000000023
2007-10-15 19:00:00+00:00,0.48046875,5.11328125,284.0625,66.44775390625,5.259765625,5.59375,10.912500000000023
2007-10-15 20:00:00+00:00,58.15625,62.265625,283.90625,67.20440673828125,4.9375,120.421875,10.756250000000023
2007-10-15 21:00:00+00:00,240.56640625,92.91796875,284.15625,68.301025390625,5.76953125,333.484375,11.006250000000023
2007-10-15 22:00:00+00:00,170.51171875,141.17578125,284.1875,70.857421875,7.7421875,311.6875,11.037500000000023
2007-10-15 23:00:00+00:00,311.6171875,217.7421875,284.453125,64.25177001953125,7.734375,529.359375,11.303125000000023
2007-10-16 00:00:00+00:00,308.640625,246.546875,285.96875,40.7481689453125,8.4296875,555.1875,12.818750000000023
2007-10-16 01:00:00+00:00,359.375,290.25,286.6875,36.16015625,9.04296875,649.625,13.537500000000023
2007-10-16 02:00:00+00:00,376.72265625,142.55859375,287.1875,36.121826171875,9.212890625,519.28125,14.037500000000023
2007-10-16 03:00:00+00:00,655.0703125,175.2578125,287.875,35.52728271484375,8.71875,830.328125,14.725000000000023
2007-10-16 04:00:00+00:00,660.3515625,85.6015625,288.234375,36.41644287109375,9.64453125,745.953125,15.084375000000023
2007-10-16 05:00:00+00:00,471.18359375,73.22265625,287.96875,38.8636474609375,9.86328125,544.40625,14.818750000000023
2007-10-16 06:00:00+00:00,294.0078125,58.3515625,287.296875,42.078125,9.900390625,352.359375,14.146875000000023
2007-10-16 07:00:00+00:00,151.4375,26.546875,286.34375,46.28070068359375,9.61328125,177.984375,13.193750000000023
2007-10-16 08:00:00+00:00,11.9375,0.9375,285.46875,51.63311767578125,8.62109375,12.875,12.318750000000023
2007-10-16 09:00:00+00:00,0.0,0.0,284.71875,57.9007568359375,7.755859375,0.0,11.568750000000023
2007-10-16 10:00:00+00:00,0.0,0.0,284.375,61.06524658203125,6.7890625,0.0,11.225000000000023
2007-10-16 11:00:00+00:00,0.0,0.0,284.234375,63.77032470703125,5.873046875,0.0,11.084375000000023
2007-10-16 12:00:00+00:00,0.0,0.0,283.921875,65.4371337890625,5.2421875,0.0,10.771875000000023
2007-10-16 13:00:00+00:00,0.0,0.0,283.859375,65.5020751953125,4.806640625,0.0,10.709375000000023
2007-10-16 14:00:00+00:00,0.0,0.0,283.640625,66.3167724609375,4.431640625,0.0,10.490625000000023
2007-10-16 15:00:00+00:00,0.0,0.0,282.96875,70.6060791015625,3.798828125,0.0,9.818750000000023
2007-10-16 16:00:00+00:00,0.0,0.0,282.109375,73.3489990234375,3.306640625,0.0,8.959375000000023
2007-10-16 17:00:00+00:00,0.0,0.0,281.609375,74.17822265625,3.064453125,0.0,8.459375000000023
2007-10-16 18:00:00+00:00,0.0,0.0,281.109375,75.32904052734375,2.80078125,0.0,7.959375000000023
2007-10-16 19:00:00+00:00,0.8203125,5.9296875,280.578125,75.97760009765625,2.4375,6.75,7.428125000000023
2007-10-16 20:00:00+00:00,13.125,65.546875,280.75,74.08319091796875,2.23046875,78.671875,7.600000000000023
2007-10-16 21:00:00+00:00,78.3515625,132.3046875,281.375,76.71331787109375,1.8515625,210.65625,8.225000000000023
2007-10-16 22:00:00+00:00,195.23828125,229.27734375,282.765625,69.82196044921875,2.146484375,424.515625,9.615625000000023
2007-10-16 23:00:00+00:00,119.59375,272.125,284.3125,56.39453125,2.8125,391.71875,11.162500000000023
2007-10-17 00:00:00+00:00,329.08984375,370.41015625,285.03125,50.75408935546875,3.099609375,699.5,11.881250000000023
2007-10-17 01:00:00+00:00,462.48046875,163.30078125,286.296875,45.222412109375,3.34375,625.78125,13.146875000000023
2007-10-17 02:00:00+00:00,462.19140625,263.18359375,286.984375,41.68731689453125,3.21875,725.375,13.834375000000023
2007-10-17 03:00:00+00:00,843.515625,58.46875,288.8125,38.328857421875,3.40625,901.984375,15.662500000000023
2007-10-17 04:00:00+00:00,733.9453125,48.8046875,289.28125,38.51409912109375,3.28125,782.75,16.131250000000023
2007-10-17 05:00:00+00:00,559.30078125,48.07421875,289.71875,38.50537109375,3.1640625,607.375,16.568750000000023
2007-10-17 06:00:00+00:00,356.6953125,39.5859375,289.953125,38.91436767578125,3.38671875,396.28125,16.803125000000023
2007-10-17 07:00:00+00:00,169.546875,18.125,289.703125,40.4630126953125,3.99609375,187.671875,16.553125000000023
2007-10-17 08:00:00+00:00,19.57421875,0.08203125,287.96875,46.773193359375,4.755859375,19.65625,14.818750000000023
2007-10-17 09:00:00+00:00,0.0,0.0,285.625,56.76947021484375,3.939453125,0.0,12.475000000000023
2007-10-17 10:00:00+00:00,0.0,0.0,284.65625,61.6356201171875,3.26953125,0.0,11.506250000000023
2007-10-17 11:00:00+00:00,0.0,0.0,283.765625,67.23529052734375,2.501953125,0.0,10.615625000000023
2007-10-17 12:00:00+00:00,0.0,0.0,283.03125,69.65478515625,2.083984375,0.0,9.881250000000023
2007-10-17 13:00:00+00:00,0.0,0.0,282.28125,69.579833984375,1.224609375,0.0,9.131250000000023
2007-10-17 14:00:00+00:00,0.0,0.0,281.890625,71.3177490234375,1.0,0.0,8.740625000000023
2007-10-17 15:00:00+00:00,0.0,0.0,281.578125,76.81890869140625,1.484375,0.0,8.428125000000023
2007-10-17 16:00:00+00:00,0.0,0.0,281.46875,78.90948486328125,1.6015625,0.0,8.318750000000023
2007-10-17 17:00:00+00:00,0.0,0.0,281.140625,81.29290771484375,1.634765625,0.0,7.990625000000023
2007-10-17 18:00:00+00:00,0.0,0.0,280.859375,82.577392578125,1.87890625,0.0,7.709375000000023
2007-10-17 19:00:00+00:00,1.34765625,7.08984375,282.484375,66.2559814453125,3.388671875,8.4375,9.334375000000023
2007-10-17 20:00:00+00:00,95.51953125,56.71484375,284.0,50.1981201171875,4.861328125,152.234375,10.850000000000023
2007-10-17 21:00:00+00:00,291.9140625,79.6015625,284.84375,51.5927734375,5.451171875,371.515625,11.693750000000023
2007-10-17 22:00:00+00:00,472.35546875,102.12890625,286.46875,46.75054931640625,6.435546875,574.484375,13.318750000000023
2007-10-17 23:00:00+00:00,608.07421875,133.44140625,288.5,40.29364013671875,8.083984375,741.515625,15.350000000000023
2007-10-18 00:00:00+00:00,756.1484375,126.0234375,290.796875,33.396240234375,8.767578125,882.171875,17.646875000000023
2007-10-18 01:00:00+00:00,816.8984375,128.4921875,292.703125,27.7506103515625,9.03515625,945.390625,19.553125000000023
2007-10-18 02:00:00+00:00,678.54296875,219.81640625,294.234375,23.9713134765625,9.125,898.359375,21.084375000000023
2007-10-18 03:00:00+00:00,710.6328125,165.8046875,295.75,21.0289306640625,9.21875,876.4375,22.600000000000023
2007-10-18 04:00:00+00:00,487.9375,213.046875,296.8125,18.86248779296875,9.16015625,700.984375,23.662500000000023
2007-10-18 05:00:00+00:00,420.54296875,154.67578125,297.21875,17.63507080078125,8.974609375,575.21875,24.068750000000023
2007-10-18 06:00:00+00:00,274.54296875,100.12890625,297.65625,16.36590576171875,8.6640625,374.671875,24.506250000000023
2007-10-18 07:00:00+00:00,94.75,61.9375,297.796875,15.221435546875,7.83203125,156.6875,24.646875000000023
2007-10-18 08:00:00+00:00,5.84765625,10.80859375,296.96875,16.29168701171875,6.19921875,16.65625,23.818750000000023
2007-10-18 09:00:00+00:00,0.0,0.0,295.59375,17.99822998046875,6.078125,0.0,22.443750000000023
2007-10-18 10:00:00+00:00,0.0,0.0,294.859375,18.56591796875,6.51953125,0.0,21.709375000000023
2007-10-18 11:00:00+00:00,0.0,0.0,294.328125,19.09027099609375,6.505859375,0.0,21.178125000000023
2007-10-18 12:00:00+00:00,0.0,0.0,294.140625,18.8863525390625,6.69140625,0.0,20.990625000000023
2007-10-18 13:00:00+00:00,0.0,0.0,294.1875,18.55950927734375,6.8203125,0.0,21.037500000000023
2007-10-18 14:00:00+00:00,0.0,0.0,293.125,23.775146484375,5.380859375,0.0,19.975000000000023
2007-10-18 15:00:00+00:00,0.0,0.0,289.34375,62.19647216796875,3.298828125,0.0,16.193750000000023
2007-10-18 16:00:00+00:00,0.0,0.0,288.515625,69.217041015625,3.265625,0.0,15.365625000000023
2007-10-18 17:00:00+00:00,0.0,0.0,287.703125,75.160888671875,2.99609375,0.0,14.553125000000023
2007-10-18 18:00:00+00:00,0.0,0.0,286.984375,80.6156005859375,3.90625,0.0,13.834375000000023
2007-10-18 19:00:00+00:00,0.09765625,5.16796875,286.734375,83.14996337890625,3.6328125,5.265625,13.584375000000023
2007-10-18 20:00:00+00:00,51.7578125,57.8359375,286.140625,82.04620361328125,3.9921875,109.59375,12.990625000000023
2007-10-18 21:00:00+00:00,171.40234375,110.06640625,285.90625,74.32452392578125,5.033203125,281.46875,12.756250000000023
2007-10-18 22:00:00+00:00,410.55078125,138.35546875,286.0625,66.25531005859375,4.8984375,548.90625,12.912500000000023
2007-10-18 23:00:00+00:00,626.60546875,118.55078125,287.046875,58.26104736328125,4.427734375,745.15625,13.896875000000023
2007-10-19 00:00:00+00:00,796.8984375,89.8203125,287.984375,53.68359375,4.546875,886.71875,14.834375000000023
2007-10-19 01:00:00+00:00,818.92578125,114.10546875,288.953125,52.1785888671875,4.58984375,933.03125,15.803125000000023
2007-10-19 02:00:00+00:00,878.64453125,81.58984375,289.78125,48.8609619140625,3.80078125,960.234375,16.631250000000023
2007-10-19 03:00:00+00:00,774.45703125,106.02734375,290.515625,47.0899658203125,3.193359375,880.484375,17.365625000000023
2007-10-19 04:00:00+00:00,690.58203125,75.37109375,291.265625,45.0911865234375,3.666015625,765.953125,18.115625000000023
2007-10-19 05:00:00+00:00,514.76171875,71.56640625,291.234375,45.44586181640625,4.892578125,586.328125,18.084375000000023
2007-10-19 06:00:00+00:00,346.984375,51.34375,290.484375,49.44049072265625,5.171875,398.328125,17.334375000000023
2007-10-19 07:00:00+00:00,157.6484375,26.1328125,289.5,53.08056640625,5.396484375,183.78125,16.350000000000023
2007-10-19 08:00:00+00:00,18.484375,2.25,288.375,55.0020751953125,4.923828125,20.734375,15.225000000000023
2007-10-19 09:00:00+00:00,0.0,0.0,287.5,53.4747314453125,3.88671875,0.0,14.350000000000023
2007-10-19 10:00:00+00:00,0.0,0.0,286.46875,61.55084228515625,3.09765625,0.0,13.318750000000023
2007-10-19 11:00:00+00:00,0.0,0.0,285.875,67.4039306640625,2.55859375,0.0,12.725000000000023
2007-10-19 12:00:00+00:00,0.0,0.0,284.9375,72.83660888671875,1.888671875,0.0,11.787500000000023
2007-10-19 13:00:00+00:00,0.0,0.0,284.296875,75.79083251953125,1.44921875,0.0,11.146875000000023
2007-10-19 14:00:00+00:00,0.0,0.0,283.71875,78.8857421875,1.30078125,0.0,10.568750000000023
2007-10-19 15:00:00+00:00,0.0,0.0,282.6875,88.18426513671875,1.173828125,0.0,9.537500000000023
2007-10-19 16:00:00+00:00,0.0,0.0,282.140625,89.74945068359375,1.12890625,0.0,8.990625000000023
2007-10-19 17:00:00+00:00,0.0,0.0,281.671875,90.650146484375,1.40625,0.0,8.521875000000023
2007-10-19 18:00:00+00:00,0.0,0.0,281.15625,91.56707763671875,1.419921875,0.0,8.006250000000023
2007-10-19 19:00:00+00:00,2.22265625,8.49609375,280.75,91.46673583984375,1.552734375,10.71875,7.600000000000023
2007-10-19 20:00:00+00:00,103.58203125,57.24609375,281.28125,86.77398681640625,1.529296875,160.828125,8.131250000000023
2007-10-19 21:00:00+00:00,304.46484375,77.23828125,282.625,80.92352294921875,1.4140625,381.703125,9.475000000000023
2007-10-19 22:00:00+00:00,508.21875,83.84375,284.703125,70.93402099609375,1.6640625,592.0625,11.553125000000023
2007-10-19 23:00:00+00:00,684.5625,84.125,286.21875,64.3072509765625,1.873046875,768.6875,13.068750000000023
2007-10-20 00:00:00+00:00,821.08984375,81.64453125,287.6875,60.01593017578125,1.326171875,902.734375,14.537500000000023
2007-10-20 01:00:00+00:00,897.6171875,74.6015625,289.046875,57.02239990234375,0.53515625,972.21875,15.896875000000023
2007-10-20 02:00:00+00:00,914.5390625,67.3671875,291.21875,48.5567626953125,0.875,981.90625,18.068750000000023
2007-10-20 03:00:00+00:00,857.91015625,56.32421875,293.734375,41.9989013671875,1.978515625,914.234375,20.584375000000023
2007-10-20 04:00:00+00:00,738.015625,46.8125,295.296875,39.49188232421875,1.62109375,784.828125,22.146875000000023
2007-10-20 05:00:00+00:00,575.546875,39.546875,296.890625,37.7373046875,2.146484375,615.09375,23.740625000000023
2007-10-20 06:00:00+00:00,381.81640625,29.83984375,297.453125,38.37518310546875,2.544921875,411.65625,24.303125000000023
2007-10-20 07:00:00+00:00,178.1484375,16.3515625,296.984375,42.39776611328125,3.271484375,194.5,23.834375000000023
2007-10-20 08:00:00+00:00,22.75,0.3125,295.265625,50.2205810546875,3.2421875,23.0625,22.115625000000023
2007-10-20 09:00:00+00:00,0.0,0.0,291.4375,55.14263916015625,3.23046875,0.0,18.287500000000023
2007-10-20 10:00:00+00:00,0.0,0.0,289.703125,61.950439453125,2.904296875,0.0,16.553125000000023
2007-10-20 11:00:00+00:00,0.0,0.0,288.359375,72.298095703125,2.095703125,0.0,15.209375000000023
2007-10-20 12:00:00+00:00,0.0,0.0,287.125,80.279296875,0.693359375,0.0,13.975000000000023
2007-10-20 13:00:00+00:00,0.0,0.0,286.796875,82.5738525390625,0.693359375,0.0,13.646875000000023
2007-10-20 14:00:00+00:00,0.0,0.0,286.21875,86.05126953125,0.615234375,0.0,13.068750000000023
2007-10-20 15:00:00+00:00,0.0,0.0,285.546875,85.5191650390625,1.26953125,0.0,12.396875000000023
2007-10-20 16:00:00+00:00,0.0,0.0,285.515625,85.5159912109375,1.63671875,0.0,12.365625000000023
2007-10-20 17:00:00+00:00,0.0,0.0,286.265625,83.682373046875,2.125,0.0,13.115625000000023
2007-10-20 18:00:00+00:00,0.0,0.0,287.671875,65.94805908203125,2.51171875,0.0,14.521875000000023
2007-10-20 19:00:00+00:00,0.07421875,9.05078125,288.765625,46.3421630859375,3.375,9.125,15.615625000000023
2007-10-20 20:00:00+00:00,33.22265625,86.15234375,288.671875,41.88311767578125,3.23046875,119.375,15.521875000000023
2007-10-20 21:00:00+00:00,174.92578125,148.71484375,289.265625,49.56536865234375,2.908203125,323.640625,16.115625000000023
2007-10-20 22:00:00+00:00,179.8671875,238.6640625,292.859375,37.71392822265625,3.541015625,418.53125,19.709375000000023
2007-10-20 23:00:00+00:00,415.23828125,253.43359375,295.84375,29.27276611328125,3.8125,668.671875,22.693750000000023
2007-10-21 00:00:00+00:00,588.1640625,226.4140625,298.71875,24.2015380859375,4.06640625,814.578125,25.568750000000023
2007-10-21 01:00:00+00:00,614.55078125,218.90234375,300.84375,19.77520751953125,4.783203125,833.453125,27.693750000000023
2007-10-21 02:00:00+00:00,346.0390625,387.3515625,302.09375,20.62115478515625,5.38671875,733.390625,28.943750000000023
2007-10-21 03:00:00+00:00,388.8515625,347.8046875,304.421875,17.49267578125,6.517578125,736.65625,31.271875000000023
2007-10-21 04:00:00+00:00,462.18359375,226.05078125,305.296875,16.2333984375,5.0703125,688.234375,32.14687500000002
2007-10-21 05:00:00+00:00,358.7578125,143.8515625,306.125,15.0694580078125,2.673828125,502.609375,32.97500000000002
2007-10-21 06:00:00+00:00,47.4765625,57.2734375,305.1875,17.601318359375,1.67578125,104.75,32.03750000000002
2007-10-21 07:00:00+00:00,9.40234375,100.14453125,302.875,19.60113525390625,1.041015625,109.546875,29.725000000000023
2007-10-21 08:00:00+00:00,0.0625,4.59375,303.21875,16.6282958984375,1.734375,4.65625,30.068750000000023
2007-10-21 09:00:00+00:00,0.0,0.0,301.5625,18.94866943359375,2.15234375,0.0,28.412500000000023
2007-10-21 10:00:00+00:00,0.0,0.0,301.5625,20.36822509765625,2.728515625,0.0,28.412500000000023
2007-10-21 11:00:00+00:00,0.0,0.0,301.25,22.1317138671875,3.431640625,0.0,28.100000000000023
2007-10-21 12:00:00+00:00,0.0,0.0,300.390625,23.6009521484375,3.33984375,0.0,27.240625000000023
2007-10-21 13:00:00+00:00,0.0,0.0,298.890625,25.11962890625,3.01953125,0.0,25.740625000000023
2007-10-21 14:00:00+00:00,0.0,0.0,298.1875,25.5372314453125,2.75,0.0,25.037500000000023
2007-10-21 15:00:00+00:00,0.0,0.0,297.609375,23.46026611328125,2.705078125,0.0,24.459375000000023
2007-10-21 16:00:00+00:00,0.0,0.0,296.234375,29.66424560546875,2.43359375,0.0,23.084375000000023
2007-10-21 17:00:00+00:00,0.0,0.0,295.046875,35.2894287109375,2.78125,0.0,21.896875000000023
2007-10-21 18:00:00+00:00,0.0,0.0,292.515625,41.613525390625,0.86328125,0.0,19.365625000000023
2007-10-21 19:00:00+00:00,0.0,3.640625,293.046875,41.49713134765625,1.908203125,3.640625,19.896875000000023
2007-10-21 20:00:00+00:00,0.83203125,35.10546875,293.265625,41.92376708984375,4.541015625,35.9375,20.115625000000023
2007-10-21 21:00:00+00:00,0.62109375,66.23828125,290.5,61.49957275390625,3.537109375,66.859375,17.350000000000023
2007-10-21 22:00:00+00:00,0.4921875,114.6953125,289.84375,67.11199951171875,2.201171875,115.1875,16.693750000000023
2007-10-21 23:00:00+00:00,24.58984375,345.97265625,289.796875,68.35955810546875,1.55078125,370.5625,16.646875000000023
2007-10-22 00:00:00+00:00,20.7890625,335.5859375,290.453125,65.88531494140625,1.908203125,356.375,17.303125000000023
2007-10-22 01:00:00+00:00,12.109375,304.90625,290.625,66.25592041015625,3.35546875,317.015625,17.475000000000023
2007-10-22 02:00:00+00:00,36.29296875,407.69140625,289.40625,75.09002685546875,3.59765625,443.984375,16.256250000000023
2007-10-22 03:00:00+00:00,64.65625,375.765625,290.6875,71.68853759765625,4.22265625,440.421875,17.537500000000023
2007-10-22 04:00:00+00:00,4.7109375,103.5390625,289.75,77.11083984375,5.259765625,108.25,16.600000000000023
2007-10-22 05:00:00+00:00,0.00390625,123.82421875,287.8125,84.290283203125,4.279296875,123.828125,14.662500000000023
2007-10-22 06:00:00+00:00,0.0078125,105.9296875,287.53125,84.50286865234375,2.845703125,105.9375,14.381250000000023
2007-10-22 07:00:00+00:00,0.0,27.09375,287.578125,83.3746337890625,2.224609375,27.09375,14.428125000000023
2007-10-22 08:00:00+00:00,0.0,9.15625,287.21875,85.6800537109375,2.34375,9.15625,14.068750000000023
2007-10-22 09:00:00+00:00,0.0,0.0,286.015625,92.63189697265625,2.806640625,0.0,12.865625000000023
2007-10-22 10:00:00+00:00,0.0,0.0,285.859375,92.8092041015625,2.71875,0.0,12.709375000000023
2007-10-22 11:00:00+00:00,0.0,0.0,285.640625,93.05010986328125,3.357421875,0.0,12.490625000000023
2007-10-22 12:00:00+00:00,0.0,0.0,285.328125,91.07269287109375,3.373046875,0.0,12.178125000000023
2007-10-22 13:00:00+00:00,0.0,0.0,284.96875,92.33935546875,3.69140625,0.0,11.818750000000023
2007-10-22 14:00:00+00:00,0.0,0.0,284.6875,90.921630859375,3.859375,0.0,11.537500000000023
2007-10-22 15:00:00+00:00,0.0,0.0,284.484375,86.7423095703125,3.119140625,0.0,11.334375000000023
2007-10-22 16:00:00+00:00,0.0,0.0,284.390625,82.8135986328125,3.244140625,0.0,11.240625000000023
2007-10-22 17:00:00+00:00,0.0,0.0,284.09375,80.6474609375,3.3359375,0.0,10.943750000000023
2007-10-22 18:00:00+00:00,0.0,0.0,283.75,80.9246826171875,3.267578125,0.0,10.600000000000023
2007-10-22 19:00:00+00:00,0.0,8.3125,283.234375,82.69873046875,3.0234375,8.3125,10.084375000000023
2007-10-22 20:00:00+00:00,18.80859375,99.48828125,283.0625,82.3792724609375,2.421875,118.296875,9.912500000000023
2007-10-22 21:00:00+00:00,52.6953125,185.8984375,283.875,77.3624267578125,2.390625,238.59375,10.725000000000023
2007-10-22 22:00:00+00:00,220.81640625,248.96484375,284.65625,69.2889404296875,3.486328125,469.78125,11.506250000000023
2007-10-22 23:00:00+00:00,125.921875,292.3125,285.71875,63.18524169921875,3.783203125,418.234375,12.568750000000023
2007-10-23 00:00:00+00:00,252.0625,393.75,286.34375,59.0716552734375,3.607421875,645.8125,13.193750000000023
2007-10-23 01:00:00+00:00,141.203125,411.0,287.140625,55.50604248046875,3.875,552.203125,13.990625000000023
2007-10-23 02:00:00+00:00,100.65625,441.203125,287.4375,53.38079833984375,4.376953125,541.859375,14.287500000000023
2007-10-23 03:00:00+00:00,215.0703125,404.0859375,288.421875,52.64013671875,4.50390625,619.15625,15.271875000000023
2007-10-23 04:00:00+00:00,185.21484375,385.42578125,288.234375,53.89080810546875,5.044921875,570.640625,15.084375000000023
2007-10-23 05:00:00+00:00,369.40234375,193.39453125,288.09375,53.36016845703125,4.921875,562.796875,14.943750000000023
2007-10-23 06:00:00+00:00,272.80078125,84.77734375,287.953125,52.59716796875,4.751953125,357.578125,14.803125000000023
2007-10-23 07:00:00+00:00,42.046875,44.96875,287.359375,53.96478271484375,4.640625,87.015625,14.209375000000023
2007-10-23 08:00:00+00:00,12.859375,12.40625,286.375,58.11614990234375,4.12109375,25.265625,13.225000000000023
2007-10-23 09:00:00+00:00,0.0,0.0,285.296875,62.57080078125,3.30859375,0.0,12.146875000000023
2007-10-23 10:00:00+00:00,0.0,0.0,284.765625,65.66021728515625,3.359375,0.0,11.615625000000023
2007-10-23 11:00:00+00:00,0.0,0.0,284.890625,66.34326171875,3.5390625,0.0,11.740625000000023
2007-10-23 12:00:00+00:00,0.0,0.0,284.5,68.26531982421875,3.396484375,0.0,11.350000000000023
2007-10-23 13:00:00+00:00,0.0,0.0,284.609375,67.324462890625,3.046875,0.0,11.459375000000023
2007-10-23 14:00:00+00:00,0.0,0.0,283.984375,69.80535888671875,2.59765625,0.0,10.834375000000023
2007-10-23 15:00:00+00:00,0.0,0.0,283.578125,71.1748046875,2.515625,0.0,10.428125000000023
2007-10-23 16:00:00+00:00,0.0,0.0,283.609375,71.8948974609375,2.330078125,0.0,10.459375000000023
2007-10-23 17:00:00+00:00,0.0,0.0,282.265625,80.91473388671875,2.40234375,0.0,9.115625000000023
2007-10-23 18:00:00+00:00,0.0,0.0,283.0,80.74468994140625,1.888671875,0.0,9.850000000000023
2007-10-23 19:00:00+00:00,0.20703125,9.23046875,282.90625,84.61053466796875,1.69140625,9.4375,9.756250000000023
2007-10-23 20:00:00+00:00,18.26953125,72.46484375,282.96875,86.54205322265625,1.751953125,90.734375,9.818750000000023
2007-10-23 21:00:00+00:00,67.5234375,149.4453125,283.84375,74.89959716796875,2.126953125,216.96875,10.693750000000023
2007-10-23 22:00:00+00:00,160.17578125,264.07421875,284.609375,70.63543701171875,2.52734375,424.25,11.459375000000023
2007-10-23 23:00:00+00:00,185.13671875,282.30078125,285.65625,67.28155517578125,2.599609375,467.4375,12.506250000000023
2007-10-24 00:00:00+00:00,246.30859375,272.31640625,286.484375,66.55670166015625,2.970703125,518.625,13.334375000000023
2007-10-24 01:00:00+00:00,429.28125,289.75,287.328125,64.950439453125,3.544921875,719.03125,14.178125000000023
2007-10-24 02:00:00+00:00,494.3984375,289.0234375,288.546875,60.243896484375,3.61328125,783.421875,15.396875000000023
2007-10-24 03:00:00+00:00,635.8203125,205.3046875,290.03125,52.67059326171875,3.75,841.125,16.881250000000023
2007-10-24 04:00:00+00:00,598.1171875,126.5859375,290.546875,50.2064208984375,4.072265625,724.703125,17.396875000000023
2007-10-24 05:00:00+00:00,536.359375,81.453125,290.8125,48.6212158203125,4.6796875,617.8125,17.662500000000023
2007-10-24 06:00:00+00:00,387.5234375,38.6171875,290.609375,48.7105712890625,5.1875,426.140625,17.459375000000023
2007-10-24 07:00:00+00:00,188.00390625,19.80859375,289.765625,51.43463134765625,4.958984375,207.8125,16.615625000000023
2007-10-24 08:00:00+00:00,27.80078125,1.07421875,288.25,57.8748779296875,4.927734375,28.875,15.100000000000023
2007-10-24 09:00:00+00:00,0.0,0.0,286.359375,69.2169189453125,4.70703125,0.0,13.209375000000023
2007-10-24 10:00:00+00:00,0.0,0.0,285.65625,72.77978515625,3.96484375,0.0,12.506250000000023
2007-10-24 11:00:00+00:00,0.0,0.0,285.1875,77.33319091796875,3.5625,0.0,12.037500000000023
2007-10-24 12:00:00+00:00,0.0,0.0,284.6875,82.34600830078125,2.76953125,0.0,11.537500000000023
2007-10-24 13:00:00+00:00,0.0,0.0,284.4375,84.31658935546875,2.251953125,0.0,11.287500000000023
2007-10-24 14:00:00+00:00,0.0,0.0,284.390625,85.21563720703125,2.490234375,0.0,11.240625000000023
2007-10-24 15:00:00+00:00,0.0,0.0,283.9375,86.8599853515625,2.0546875,0.0,10.787500000000023
2007-10-24 16:00:00+00:00,0.0,0.0,283.234375,91.184326171875,1.9453125,0.0,10.084375000000023
2007-10-24 17:00:00+00:00,0.0,0.0,283.46875,90.383056640625,1.861328125,0.0,10.318750000000023
2007-10-24 18:00:00+00:00,0.0,0.0,283.65625,90.69427490234375,1.9765625,0.0,10.506250000000023
2007-10-24 19:00:00+00:00,0.0,4.984375,283.734375,90.76495361328125,2.05078125,4.984375,10.584375000000023
2007-10-24 20:00:00+00:00,0.00390625,58.10546875,283.796875,91.47021484375,2.03125,58.109375,10.646875000000023
2007-10-24 21:00:00+00:00,21.921875,147.203125,284.265625,87.97802734375,1.6953125,169.125,11.115625000000023
2007-10-24 22:00:00+00:00,48.640625,303.8125,285.171875,83.52435302734375,2.283203125,352.453125,12.021875000000023
2007-10-24 23:00:00+00:00,63.19140625,318.66796875,286.375,76.54266357421875,2.326171875,381.859375,13.225000000000023
2007-10-25 00:00:00+00:00,46.5234375,333.7265625,287.328125,72.0994873046875,2.26171875,380.25,14.178125000000023
2007-10-25 01:00:00+00:00,220.3046875,472.2890625,288.0,69.61541748046875,2.501953125,692.59375,14.850000000000023
2007-10-25 02:00:00+00:00,44.63671875,192.33203125,289.21875,65.1727294921875,3.158203125,236.96875,16.068750000000023
2007-10-25 03:00:00+00:00,19.0234375,397.8203125,287.46875,72.23333740234375,2.7734375,416.84375,14.318750000000023
2007-10-25 04:00:00+00:00,8.0859375,207.9765625,288.484375,68.004638671875,2.880859375,216.0625,15.334375000000023
2007-10-25 05:00:00+00:00,10.1328125,160.6484375,288.5625,66.930908203125,3.603515625,170.78125,15.412500000000023
2007-10-25 06:00:00+00:00,0.9453125,74.2890625,288.4375,66.94873046875,4.15625,75.234375,15.287500000000023
2007-10-25 07:00:00+00:00,6.26953125,73.90234375,287.78125,69.8363037109375,4.533203125,80.171875,14.631250000000023
2007-10-25 08:00:00+00:00,0.0390625,7.7109375,286.921875,73.4957275390625,4.240234375,7.75,13.771875000000023
2007-10-25 09:00:00+00:00,0.0,0.0,285.390625,85.045654296875,3.421875,0.0,12.240625000000023
2007-10-25 10:00:00+00:00,0.0,0.0,285.046875,87.6904296875,3.125,0.0,11.896875000000023
2007-10-25 11:00:00+00:00,0.0,0.0,284.875,88.8138427734375,3.1171875,0.0,11.725000000000023
2007-10-25 12:00:00+00:00,0.0,0.0,284.703125,88.85345458984375,3.033203125,0.0,11.553125000000023
2007-10-25 13:00:00+00:00,0.0,0.0,284.5625,88.70556640625,2.59375,0.0,11.412500000000023
2007-10-25 14:00:00+00:00,0.0,0.0,284.484375,89.63934326171875,2.26953125,0.0,11.334375000000023
2007-10-25 15:00:00+00:00,0.0,0.0,284.234375,92.9521484375,2.16796875,0.0,11.084375000000023
2007-10-25 16:00:00+00:00,0.0,0.0,284.1875,93.71392822265625,2.056640625,0.0,11.037500000000023
2007-10-25 17:00:00+00:00,0.0,0.0,284.140625,94.210693359375,2.0859375,0.0,10.990625000000023
2007-10-25 18:00:00+00:00,0.0,0.0,284.078125,94.3602294921875,2.041015625,0.0,10.928125000000023
2007-10-25 19:00:00+00:00,0.0,7.625,284.15625,92.433349609375,1.990234375,7.625,11.006250000000023
2007-10-25 20:00:00+00:00,4.27734375,81.73828125,284.3125,91.38128662109375,1.888671875,86.015625,11.162500000000023
2007-10-25 21:00:00+00:00,5.0234375,77.1640625,285.0625,90.042236328125,2.62109375,82.1875,11.912500000000023
2007-10-25 22:00:00+00:00,12.94921875,256.11328125,285.40625,88.70281982421875,2.51171875,269.0625,12.256250000000023
2007-10-25 23:00:00+00:00,43.8515625,311.9453125,286.578125,83.6728515625,2.513671875,355.796875,13.428125000000023
2007-10-26 00:00:00+00:00,191.421875,408.328125,287.515625,80.755859375,1.59765625,599.75,14.365625000000023
2007-10-26 01:00:00+00:00,126.453125,336.0625,288.78125,77.06219482421875,1.693359375,462.515625,15.631250000000023
2007-10-26 02:00:00+00:00,173.94921875,348.50390625,289.75,74.8746337890625,1.43359375,522.453125,16.600000000000023
2007-10-26 03:00:00+00:00,260.08203125,337.08984375,290.578125,72.4576416015625,1.75,597.171875,17.428125000000023
2007-10-26 04:00:00+00:00,121.5078125,389.0234375,291.640625,69.39678955078125,2.025390625,510.53125,18.490625000000023
2007-10-26 05:00:00+00:00,14.4765625,206.4140625,291.984375,67.69976806640625,2.9609375,220.890625,18.834375000000023
2007-10-26 06:00:00+00:00,90.84765625,196.18359375,291.015625,70.50421142578125,3.75,287.03125,17.865625000000023
2007-10-26 07:00:00+00:00,137.03125,59.84375,291.21875,69.8553466796875,2.904296875,196.875,18.068750000000023
2007-10-26 08:00:00+00:00,19.4375,6.3125,290.921875,71.6385498046875,2.673828125,25.75,17.771875000000023
2007-10-26 09:00:00+00:00,0.0,0.0,288.90625,85.72894287109375,1.76171875,0.0,15.756250000000023
2007-10-26 10:00:00+00:00,0.0,0.0,288.3125,89.4478759765625,1.41796875,0.0,15.162500000000023
2007-10-26 11:00:00+00:00,0.0,0.0,288.671875,87.2083740234375,1.431640625,0.0,15.521875000000023
2007-10-26 12:00:00+00:00,0.0,0.0,288.0625,90.17730712890625,1.1484375,0.0,14.912500000000023
2007-10-26 13:00:00+00:00,0.0,0.0,288.28125,88.69049072265625,0.607421875,0.0,15.131250000000023
2007-10-26 14:00:00+00:00,0.0,0.0,288.109375,89.45623779296875,0.23828125,0.0,14.959375000000023
2007-10-26 15:00:00+00:00,0.0,0.0,286.125,95.5902099609375,0.380859375,0.0,12.975000000000023
2007-10-26 16:00:00+00:00,0.0,0.0,285.484375,96.629638671875,0.11328125,0.0,12.334375000000023
2007-10-26 17:00:00+00:00,0.0,0.0,285.109375,98.40570068359375,0.365234375,0.0,11.959375000000023
2007-10-26 18:00:00+00:00,0.0,0.0,284.765625,99.81671142578125,0.921875,0.0,11.615625000000023
2007-10-26 19:00:00+00:00,1.4609375,13.2265625,284.734375,99.381103515625,1.25,14.6875,11.584375000000023
2007-10-26 20:00:00+00:00,59.640625,86.75,285.96875,99.0640869140625,1.216796875,146.390625,12.818750000000023
2007-10-26 21:00:00+00:00,274.34765625,105.85546875,287.09375,93.779541015625,1.5078125,380.203125,13.943750000000023
2007-10-26 22:00:00+00:00,479.0625,103.046875,290.5625,76.70849609375,2.47265625,582.109375,17.412500000000023
2007-10-26 23:00:00+00:00,575.8515625,154.6171875,293.6875,60.3525390625,3.802734375,730.46875,20.537500000000023
2007-10-27 00:00:00+00:00,777.81640625,111.62109375,296.125,45.820068359375,4.8515625,889.4375,22.975000000000023
2007-10-27 01:00:00+00:00,867.11328125,93.55859375,298.015625,34.53271484375,5.271484375,960.671875,24.865625000000023
2007-10-27 02:00:00+00:00,605.765625,159.546875,299.3125,30.8505859375,5.44140625,765.3125,26.162500000000023
2007-10-27 03:00:00+00:00,785.8046875,96.9140625,300.765625,27.85736083984375,5.16015625,882.71875,27.615625000000023
2007-10-27 04:00:00+00:00,551.11328125,102.58984375,301.578125,25.73724365234375,5.17578125,653.703125,28.428125000000023
2007-10-27 05:00:00+00:00,454.5625,129.71875,301.734375,25.0389404296875,5.0625,584.28125,28.584375000000023
2007-10-27 06:00:00+00:00,357.375,60.703125,301.9375,23.7550048828125,5.287109375,418.078125,28.787500000000023
2007-10-27 07:00:00+00:00,68.6640625,73.8671875,301.46875,24.35601806640625,5.685546875,142.53125,28.318750000000023
2007-10-27 08:00:00+00:00,4.2109375,20.5390625,300.484375,25.65478515625,5.68359375,24.75,27.334375000000023
2007-10-27 09:00:00+00:00,0.0,0.0,298.96875,35.6199951171875,5.1796875,0.0,25.818750000000023
2007-10-27 10:00:00+00:00,0.0,0.0,297.859375,37.0859375,5.09375,0.0,24.709375000000023
2007-10-27 11:00:00+00:00,0.0,0.0,297.078125,38.9278564453125,5.2265625,0.0,23.928125000000023
2007-10-27 12:00:00+00:00,0.0,0.0,296.75,37.9732666015625,5.677734375,0.0,23.600000000000023
2007-10-27 13:00:00+00:00,0.0,0.0,296.34375,37.61407470703125,6.13671875,0.0,23.193750000000023
2007-10-27 14:00:00+00:00,0.0,0.0,296.28125,35.59967041015625,6.45703125,0.0,23.131250000000023
2007-10-27 15:00:00+00:00,0.0,0.0,295.59375,34.279052734375,5.939453125,0.0,22.443750000000023
2007-10-27 16:00:00+00:00,0.0,0.0,295.5625,34.12213134765625,6.345703125,0.0,22.412500000000023
2007-10-27 17:00:00+00:00,0.0,0.0,295.921875,32.45751953125,7.001953125,0.0,22.771875000000023
2007-10-27 18:00:00+00:00,0.0,0.0,296.15625,29.59613037109375,8.166015625,0.0,23.006250000000023
2007-10-27 19:00:00+00:00,0.0,10.171875,295.90625,29.9224853515625,7.76953125,10.171875,22.756250000000023
2007-10-27 20:00:00+00:00,0.7890625,65.9140625,295.625,31.10394287109375,6.9765625,66.703125,22.475000000000023
2007-10-27 21:00:00+00:00,2.7265625,147.4140625,296.0625,30.0185546875,7.171875,150.140625,22.912500000000023
2007-10-27 22:00:00+00:00,1.15625,7.75,295.75,32.648193359375,8.490234375,8.90625,22.600000000000023
2007-10-27 23:00:00+00:00,0.31640625,189.37109375,293.453125,51.2257080078125,7.740234375,189.6875,20.303125000000023
2007-10-28 00:00:00+00:00,529.06640625,299.48046875,293.25,55.6800537109375,7.318359375,828.546875,20.100000000000023
2007-10-28 01:00:00+00:00,756.3125,158.90625,296.234375,45.21466064453125,8.2578125,915.21875,23.084375000000023
2007-10-28 02:00:00+00:00,434.4140625,294.0546875,297.953125,39.583984375,9.07421875,728.46875,24.803125000000023
2007-10-28 03:00:00+00:00,404.9453125,221.9296875,298.546875,41.89532470703125,9.68359375,626.875,25.396875000000023
2007-10-28 04:00:00+00:00,484.5546875,128.3203125,298.125,45.5028076171875,9.3828125,612.875,24.975000000000023
2007-10-28 05:00:00+00:00,414.0625,130.40625,297.296875,51.52972412109375,8.9140625,544.46875,24.146875000000023
2007-10-28 06:00:00+00:00,260.546875,64.140625,297.96875,47.14971923828125,7.041015625,324.6875,24.818750000000023
2007-10-28 07:00:00+00:00,88.34375,56.078125,298.953125,36.49603271484375,5.146484375,144.421875,25.803125000000023
2007-10-28 08:00:00+00:00,9.73828125,16.90234375,299.3125,19.207275390625,7.126953125,26.640625,26.162500000000023
2007-10-28 09:00:00+00:00,0.0,0.0,296.296875,23.436279296875,4.919921875,0.0,23.146875000000023
2007-10-28 10:00:00+00:00,0.0,0.0,292.09375,53.07037353515625,4.568359375,0.0,18.943750000000023
2007-10-28 11:00:00+00:00,0.0,0.0,290.4375,61.4298095703125,2.373046875,0.0,17.287500000000023
2007-10-28 12:00:00+00:00,0.0,0.0,290.390625,49.1170654296875,2.494140625,0.0,17.240625000000023
2007-10-28 13:00:00+00:00,0.0,0.0,289.0625,49.3553466796875,5.72265625,0.0,15.912500000000023
2007-10-28 14:00:00+00:00,0.0,0.0,288.390625,48.88482666015625,2.857421875,0.0,15.240625000000023
2007-10-28 15:00:00+00:00,0.0,0.0,287.78125,49.039794921875,2.373046875,0.0,14.631250000000023
2007-10-28 16:00:00+00:00,0.0,0.0,287.84375,46.02105712890625,3.0546875,0.0,14.693750000000023
2007-10-28 17:00:00+00:00,0.0,0.0,288.171875,43.9544677734375,3.34375,0.0,15.021875000000023
2007-10-28 18:00:00+00:00,0.0,0.0,288.0,38.44256591796875,4.33203125,0.0,14.850000000000023
2007-10-28 19:00:00+00:00,3.453125,15.296875,286.546875,43.24609375,5.388671875,18.75,13.396875000000023
2007-10-28 20:00:00+00:00,124.16015625,69.55859375,285.734375,49.6298828125,5.236328125,193.71875,12.584375000000023
2007-10-28 21:00:00+00:00,283.9765625,92.6171875,285.4375,51.4814453125,5.857421875,376.59375,12.287500000000023
2007-10-28 22:00:00+00:00,499.0859375,112.8828125,286.109375,50.5904541015625,6.1796875,611.96875,12.959375000000023
2007-10-28 23:00:00+00:00,528.4921875,134.9453125,287.859375,40.34906005859375,6.0390625,663.4375,14.709375000000023
2007-10-29 00:00:00+00:00,527.5,237.25,289.3125,31.70208740234375,5.55859375,764.75,16.162500000000023
2007-10-29 01:00:00+00:00,421.69140625,331.99609375,291.0,26.83056640625,6.345703125,753.6875,17.850000000000023
2007-10-29 02:00:00+00:00,153.640625,431.84375,292.046875,26.15704345703125,6.95703125,585.484375,18.896875000000023
2007-10-29 03:00:00+00:00,63.11328125,388.79296875,292.65625,27.3721923828125,7.546875,451.90625,19.506250000000023
2007-10-29 04:00:00+00:00,67.359375,381.8125,292.921875,26.17694091796875,7.349609375,449.171875,19.771875000000023
2007-10-29 05:00:00+00:00,8.61328125,57.99609375,292.9375,28.1041259765625,8.01953125,66.609375,19.787500000000023
2007-10-29 06:00:00+00:00,3.45703125,103.87109375,291.4375,34.34332275390625,7.80078125,107.328125,18.287500000000023
2007-10-29 07:00:00+00:00,0.1484375,71.4453125,291.328125,36.11395263671875,7.099609375,71.59375,18.178125000000023
2007-10-29 08:00:00+00:00,4.77734375,7.66015625,291.328125,35.28271484375,6.30859375,12.4375,18.178125000000023
2007-10-29 09:00:00+00:00,0.0,0.0,292.328125,30.67156982421875,5.546875,0.0,19.178125000000023
2007-10-29 10:00:00+00:00,0.0,0.0,292.0,30.61962890625,5.4765625,0.0,18.850000000000023
2007-10-29 11:00:00+00:00,0.0,0.0,289.375,47.40826416015625,3.916015625,0.0,16.225000000000023
2007-10-29 12:00:00+00:00,0.0,0.0,287.890625,58.005859375,4.419921875,0.0,14.740625000000023
2007-10-29 13:00:00+00:00,0.0,0.0,287.8125,57.55364990234375,4.5078125,0.0,14.662500000000023
2007-10-29 14:00:00+00:00,0.0,0.0,287.328125,56.8223876953125,3.876953125,0.0,14.178125000000023
2007-10-29 15:00:00+00:00,0.0,0.0,286.953125,54.375,3.203125,0.0,13.803125000000023
2007-10-29 16:00:00+00:00,0.0,0.0,286.390625,54.66162109375,3.359375,0.0,13.240625000000023
2007-10-29 17:00:00+00:00,0.0,0.0,285.96875,56.86151123046875,3.380859375,0.0,12.818750000000023
2007-10-29 18:00:00+00:00,0.0,0.0,285.484375,59.5540771484375,3.2421875,0.0,12.334375000000023
2007-10-29 19:00:00+00:00,8.2890625,15.9765625,285.09375,60.99267578125,3.314453125,24.265625,11.943750000000023
2007-10-29 20:00:00+00:00,130.42578125,64.49609375,285.4375,60.89495849609375,3.28515625,194.921875,12.287500000000023
2007-10-29 21:00:00+00:00,330.578125,82.1875,285.75,55.9954833984375,4.14453125,412.765625,12.600000000000023
2007-10-29 22:00:00+00:00,529.21484375,88.81640625,286.96875,53.89373779296875,4.76953125,618.03125,13.818750000000023
2007-10-29 23:00:00+00:00,617.70703125,133.01171875,288.6875,49.52471923828125,4.626953125,750.71875,15.537500000000023
2007-10-30 00:00:00+00:00,540.40625,213.078125,290.53125,40.76092529296875,4.59375,753.484375,17.381250000000023
2007-10-30 01:00:00+00:00,406.984375,234.8125,291.828125,35.66204833984375,4.59765625,641.796875,18.678125000000023
2007-10-30 02:00:00+00:00,337.82421875,346.67578125,292.734375,34.1729736328125,5.169921875,684.5,19.584375000000023
2007-10-30 03:00:00+00:00,199.703125,373.390625,293.375,34.59246826171875,5.6953125,573.09375,20.225000000000023
2007-10-30 04:00:00+00:00,56.09375,298.484375,294.0,32.620849609375,5.884765625,354.578125,20.850000000000023
2007-10-30 05:00:00+00:00,27.78125,223.5,293.890625,33.00244140625,5.2578125,251.28125,20.740625000000023
2007-10-30 06:00:00+00:00,3.0703125,65.6640625,293.625,33.37933349609375,4.78515625,68.734375,20.475000000000023
2007-10-30 07:00:00+00:00,1.80078125,72.19921875,290.84375,50.781982421875,4.849609375,74.0,17.693750000000023
2007-10-30 08:00:00+00:00,8.0546875,16.6953125,289.46875,60.978271484375,4.0,24.75,16.318750000000023
2007-10-30 09:00:00+00:00,0.0,0.0,288.578125,63.48260498046875,3.4296875,0.0,15.428125000000023
2007-10-30 10:00:00+00:00,0.0,0.0,287.515625,68.226806640625,3.26171875,0.0,14.365625000000023
2007-10-30 11:00:00+00:00,0.0,0.0,286.390625,74.39056396484375,2.548828125,0.0,13.240625000000023
2007-10-30 12:00:00+00:00,0.0,0.0,285.859375,76.46728515625,2.19921875,0.0,12.709375000000023
2007-10-30 13:00:00+00:00,0.0,0.0,286.546875,71.0968017578125,1.771484375,0.0,13.396875000000023
2007-10-30 14:00:00+00:00,0.0,0.0,285.328125,74.421142578125,1.404296875,0.0,12.178125000000023
2007-10-30 15:00:00+00:00,0.0,0.0,286.296875,69.24139404296875,1.09375,0.0,13.146875000000023
2007-10-30 16:00:00+00:00,0.0,0.0,286.015625,70.140625,0.796875,0.0,12.865625000000023
2007-10-30 17:00:00+00:00,0.0,0.0,285.671875,71.48382568359375,0.962890625,0.0,12.521875000000023
2007-10-30 18:00:00+00:00,0.0,0.0,285.65625,70.7979736328125,0.99609375,0.0,12.506250000000023
2007-10-30 19:00:00+00:00,3.11328125,18.85546875,283.859375,77.759765625,0.818359375,21.96875,10.709375000000023
2007-10-30 20:00:00+00:00,8.5859375,100.6484375,285.296875,69.829345703125,0.7734375,109.234375,12.146875000000023
2007-10-30 21:00:00+00:00,70.97265625,209.69921875,286.140625,67.665771484375,1.068359375,280.671875,12.990625000000023
2007-10-30 22:00:00+00:00,139.3125,291.5625,287.328125,62.71435546875,0.884765625,430.875,14.178125000000023
2007-10-30 23:00:00+00:00,162.8125,337.515625,288.03125,61.7615966796875,0.849609375,500.328125,14.881250000000023
2007-10-31 00:00:00+00:00,369.8828125,384.0703125,288.765625,59.41998291015625,1.5703125,753.953125,15.615625000000023
2007-10-31 01:00:00+00:00,478.05859375,291.22265625,289.96875,55.0594482421875,1.802734375,769.28125,16.818750000000023
2007-10-31 02:00:00+00:00,451.1328125,369.5390625,291.015625,48.32708740234375,2.341796875,820.671875,17.865625000000023
2007-10-31 03:00:00+00:00,728.56640625,139.48046875,291.859375,46.59442138671875,2.83984375,868.046875,18.709375000000023
2007-10-31 04:00:00+00:00,521.828125,173.578125,292.890625,42.02880859375,3.04296875,695.40625,19.740625000000023
2007-10-31 05:00:00+00:00,134.78515625,161.93359375,293.25,40.9547119140625,3.611328125,296.71875,20.100000000000023
2007-10-31 06:00:00+00:00,61.6796875,108.7421875,292.5625,44.075439453125,3.921875,170.421875,19.412500000000023
2007-10-31 07:00:00+00:00,32.18359375,35.12890625,291.921875,48.419921875,3.623046875,67.3125,18.771875000000023
2007-10-31 08:00:00+00:00,4.78125,13.0625,291.0625,52.11224365234375,4.041015625,17.84375,17.912500000000023
2007-10-31 09:00:00+00:00,0.0,0.0,288.890625,57.04632568359375,4.505859375,0.0,15.740625000000023
2007-10-31 10:00:00+00:00,0.0,0.0,288.03125,60.732177734375,4.111328125,0.0,14.881250000000023
2007-10-31 11:00:00+00:00,0.0,0.0,287.0,67.59991455078125,3.806640625,0.0,13.850000000000023
2007-10-31 12:00:00+00:00,0.0,0.0,286.296875,71.5157470703125,3.54296875,0.0,13.146875000000023
2007-10-31 13:00:00+00:00,0.0,0.0,285.6875,79.42816162109375,3.12109375,0.0,12.537500000000023
2007-10-31 14:00:00+00:00,0.0,0.0,285.46875,86.24798583984375,2.708984375,0.0,12.318750000000023
2007-10-31 15:00:00+00:00,0.0,0.0,284.21875,92.3443603515625,2.041015625,0.0,11.068750000000023
2007-10-31 16:00:00+00:00,0.0,0.0,283.4375,95.10491943359375,1.240234375,0.0,10.287500000000023
2007-10-31 17:00:00+00:00,0.0,0.0,283.8125,93.91729736328125,1.294921875,0.0,10.662500000000023
2007-10-31 18:00:00+00:00,0.0,0.0,284.125,93.1783447265625,0.978515625,0.0,10.975000000000023
2007-10-31 19:00:00+00:00,2.46875,20.65625,283.03125,97.84039306640625,0.919921875,23.125,9.881250000000023
2007-10-31 20:00:00+00:00,76.08984375,95.76953125,284.484375,93.4840087890625,1.298828125,171.859375,11.334375000000023
2007-10-31 21:00:00+00:00,289.625,107.890625,286.578125,81.60589599609375,1.654296875,397.515625,13.428125000000023
2007-10-31 22:00:00+00:00,448.734375,135.46875,287.953125,73.52734375,1.21875,584.203125,14.803125000000023
2007-10-31 23:00:00+00:00,382.296875,271.90625,289.59375,66.6185302734375,1.373046875,654.203125,16.443750000000023
2007-11-01 00:00:00+00:00,386.265625,370.390625,291.703125,56.74249267578125,1.470703125,756.65625,18.553125000000023
2007-11-01 01:00:00+00:00,119.765625,271.921875,294.421875,45.17425537109375,1.46875,391.6875,21.271875000000023
2007-11-01 02:00:00+00:00,432.91796875,399.83203125,295.328125,39.640380859375,1.556640625,832.75,22.178125000000023
2007-11-01 03:00:00+00:00,164.00390625,471.32421875,297.15625,34.78253173828125,2.4140625,635.328125,24.006250000000023
2007-11-01 04:00:00+00:00,74.4921875,306.4140625,297.375,36.551025390625,2.08984375,380.90625,24.225000000000023
2007-11-01 05:00:00+00:00,119.69921875,298.09765625,296.9375,37.5977783203125,0.693359375,417.796875,23.787500000000023
2007-11-01 06:00:00+00:00,17.78125,168.390625,297.34375,36.30108642578125,1.474609375,186.171875,24.193750000000023
2007-11-01 07:00:00+00:00,0.10546875,40.22265625,296.859375,38.85882568359375,1.875,40.328125,23.709375000000023
2007-11-01 08:00:00+00:00,0.0,12.953125,295.15625,45.603271484375,2.22265625,12.953125,22.006250000000023
2007-11-01 09:00:00+00:00,0.0,0.0,292.109375,63.5079345703125,2.72265625,0.0,18.959375000000023
2007-11-01 10:00:00+00:00,0.0,0.0,291.234375,73.5634765625,2.50390625,0.0,18.084375000000023
2007-11-01 11:00:00+00:00,0.0,0.0,290.265625,80.6207275390625,2.87890625,0.0,17.115625000000023
2007-11-01 12:00:00+00:00,0.0,0.0,289.34375,85.13330078125,3.00390625,0.0,16.193750000000023
2007-11-01 13:00:00+00:00,0.0,0.0,288.453125,90.9853515625,3.001953125,0.0,15.303125000000023
2007-11-01 14:00:00+00:00,0.0,0.0,288.03125,94.7867431640625,2.279296875,0.0,14.881250000000023
2007-11-01 15:00:00+00:00,0.0,0.0,287.328125,95.1019287109375,2.720703125,0.0,14.178125000000023
2007-11-01 16:00:00+00:00,0.0,0.0,287.40625,94.4927978515625,1.978515625,0.0,14.256250000000023
2007-11-01 17:00:00+00:00,0.0,0.0,287.34375,94.91156005859375,1.166015625,0.0,14.193750000000023
2007-11-01 18:00:00+00:00,0.0,0.0,287.28125,95.71087646484375,1.703125,0.0,14.131250000000023
2007-11-01 19:00:00+00:00,0.0,2.984375,287.125,97.403076171875,1.3515625,2.984375,13.975000000000023
2007-11-01 20:00:00+00:00,0.12109375,66.98828125,287.15625,97.4197998046875,1.013671875,67.109375,14.006250000000023
2007-11-01 21:00:00+00:00,0.30859375,126.51953125,287.0625,96.12261962890625,1.880859375,126.828125,13.912500000000023
2007-11-01 22:00:00+00:00,0.0078125,32.6640625,287.34375,94.0638427734375,2.2578125,32.671875,14.193750000000023
2007-11-01 23:00:00+00:00,1.32421875,152.44140625,287.078125,95.04498291015625,2.548828125,153.765625,13.928125000000023
2007-11-02 00:00:00+00:00,190.27734375,472.23828125,287.34375,92.196044921875,2.818359375,662.515625,14.193750000000023
2007-11-02 01:00:00+00:00,548.484375,269.328125,289.0625,82.074462890625,2.689453125,817.8125,15.912500000000023
2007-11-02 02:00:00+00:00,185.91796875,329.33203125,290.5,72.26806640625,2.2890625,515.25,17.350000000000023
2007-11-02 03:00:00+00:00,366.30078125,335.94921875,291.28125,65.77423095703125,3.17578125,702.25,18.131250000000023
2007-11-02 04:00:00+00:00,162.4765625,199.8515625,292.109375,60.90289306640625,3.376953125,362.328125,18.959375000000023
2007-11-02 05:00:00+00:00,72.734375,304.78125,292.03125,59.8056640625,3.623046875,377.515625,18.881250000000023
2007-11-02 06:00:00+00:00,129.5859375,204.3046875,292.109375,60.0118408203125,4.384765625,333.890625,18.959375000000023
2007-11-02 07:00:00+00:00,61.49609375,106.92578125,291.5,62.37353515625,4.822265625,168.421875,18.350000000000023
2007-11-02 08:00:00+00:00,6.3359375,26.2265625,290.078125,66.2537841796875,4.8515625,32.5625,16.928125000000023
2007-11-02 09:00:00+00:00,0.0,0.0,288.34375,74.12371826171875,4.1953125,0.0,15.193750000000023
2007-11-02 10:00:00+00:00,0.0,0.0,287.328125,79.681884765625,4.01171875,0.0,14.178125000000023
2007-11-02 11:00:00+00:00,0.0,0.0,286.703125,83.05670166015625,3.70703125,0.0,13.553125000000023
2007-11-02 12:00:00+00:00,0.0,0.0,286.25,84.57427978515625,3.5625,0.0,13.100000000000023
2007-11-02 13:00:00+00:00,0.0,0.0,285.984375,84.95367431640625,3.55859375,0.0,12.834375000000023
2007-11-02 14:00:00+00:00,0.0,0.0,285.8125,84.9906005859375,3.72265625,0.0,12.662500000000023
2007-11-02 15:00:00+00:00,0.0,0.0,286.109375,88.0650634765625,3.0625,0.0,12.959375000000023
2007-11-02 16:00:00+00:00,0.0,0.0,285.90625,87.8897705078125,4.16796875,0.0,12.756250000000023
2007-11-02 17:00:00+00:00,0.0,0.0,285.8125,86.50384521484375,4.48828125,0.0,12.662500000000023
2007-11-02 18:00:00+00:00,0.0,0.0,285.671875,87.1170654296875,3.96484375,0.0,12.521875000000023
2007-11-02 19:00:00+00:00,0.0,10.578125,285.46875,89.2723388671875,3.5,10.578125,12.318750000000023
2007-11-02 20:00:00+00:00,0.0,47.34375,285.421875,92.820068359375,2.529296875,47.34375,12.271875000000023
2007-11-02 21:00:00+00:00,0.16796875,67.23828125,286.3125,89.077392578125,3.025390625,67.40625,13.162500000000023
2007-11-02 22:00:00+00:00,0.0,30.5,286.765625,87.35589599609375,2.51953125,30.5,13.615625000000023
2007-11-02 23:00:00+00:00,2.05859375,208.14453125,286.875,89.3294677734375,1.525390625,210.203125,13.725000000000023
2007-11-03 00:00:00+00:00,65.44140625,391.49609375,287.71875,85.9769287109375,1.25,456.9375,14.568750000000023
2007-11-03 01:00:00+00:00,206.16796875,267.41015625,288.875,80.77398681640625,1.41796875,473.578125,15.725000000000023
2007-11-03 02:00:00+00:00,443.71484375,267.62890625,289.8125,76.6263427734375,1.3046875,711.34375,16.662500000000023
2007-11-03 03:00:00+00:00,116.78125,187.171875,291.765625,65.31939697265625,1.3984375,303.953125,18.615625000000023
2007-11-03 04:00:00+00:00,532.125,211.25,291.96875,64.139404296875,1.083984375,743.375,18.818750000000023
2007-11-03 05:00:00+00:00,137.5390625,220.6171875,293.703125,58.792724609375,2.958984375,358.15625,20.553125000000023
2007-11-03 06:00:00+00:00,130.60546875,80.94140625,293.359375,61.94122314453125,5.23046875,211.546875,20.209375000000023
2007-11-03 07:00:00+00:00,38.5625,7.59375,292.421875,68.917236328125,4.203125,46.15625,19.271875000000023
2007-11-03 08:00:00+00:00,2.2421875,27.2890625,291.171875,76.4354248046875,5.42578125,29.53125,18.021875000000023
2007-11-03 09:00:00+00:00,0.0,0.0,289.984375,79.31561279296875,5.7109375,0.0,16.834375000000023
2007-11-03 10:00:00+00:00,0.0,0.0,288.9375,84.232421875,6.767578125,0.0,15.787500000000023
2007-11-03 11:00:00+00:00,0.0,0.0,288.171875,87.528076171875,5.59765625,0.0,15.021875000000023
2007-11-03 12:00:00+00:00,0.0,0.0,287.625,89.9669189453125,5.994140625,0.0,14.475000000000023
2007-11-03 13:00:00+00:00,0.0,0.0,287.40625,90.93426513671875,5.76171875,0.0,14.256250000000023
2007-11-03 14:00:00+00:00,0.0,0.0,287.359375,90.33221435546875,6.435546875,0.0,14.209375000000023
2007-11-03 15:00:00+00:00,0.0,0.0,287.34375,89.72259521484375,6.125,0.0,14.193750000000023
2007-11-03 16:00:00+00:00,0.0,0.0,287.28125,89.0167236328125,5.5625,0.0,14.131250000000023
2007-11-03 17:00:00+00:00,0.0,0.0,286.8125,91.06011962890625,4.931640625,0.0,13.662500000000023
2007-11-03 18:00:00+00:00,0.0,0.0,286.65625,91.794921875,4.447265625,0.0,13.506250000000023
2007-11-03 19:00:00+00:00,0.0,13.65625,286.421875,92.69403076171875,3.724609375,13.65625,13.271875000000023
2007-11-03 20:00:00+00:00,20.59375,107.234375,286.671875,92.606201171875,3.982421875,127.828125,13.521875000000023
2007-11-03 21:00:00+00:00,0.0,25.21875,285.59375,90.79779052734375,5.59375,25.21875,12.443750000000023
2007-11-03 22:00:00+00:00,0.0,24.0625,285.078125,89.4759521484375,6.013671875,24.0625,11.928125000000023
2007-11-03 23:00:00+00:00,0.0,41.609375,285.28125,91.004150390625,6.943359375,41.609375,12.131250000000023
2007-11-04 00:00:00+00:00,116.7421875,493.3046875,285.25,88.9912109375,8.220703125,610.046875,12.100000000000023
2007-11-04 01:00:00+00:00,56.48046875,398.03515625,286.375,80.4901123046875,9.181640625,454.515625,13.225000000000023
2007-11-04 02:00:00+00:00,6.3203125,54.9140625,285.765625,85.067626953125,8.365234375,61.234375,12.615625000000023
2007-11-04 03:00:00+00:00,0.0,40.15625,284.8125,87.8590087890625,8.138671875,40.15625,11.662500000000023
2007-11-04 04:00:00+00:00,0.0,116.890625,284.53125,88.4559326171875,7.1875,116.890625,11.381250000000023
2007-11-04 05:00:00+00:00,1.0859375,235.0703125,284.65625,90.32244873046875,6.38671875,236.15625,11.506250000000023
2007-11-04 06:00:00+00:00,119.7578125,227.5703125,285.078125,87.284423828125,7.240234375,347.328125,11.928125000000023
2007-11-04 07:00:00+00:00,39.96484375,112.97265625,285.28125,78.48760986328125,7.419921875,152.9375,12.131250000000023
2007-11-04 08:00:00+00:00,6.5625,28.796875,285.1875,71.8150634765625,6.22265625,35.359375,12.037500000000023
2007-11-04 09:00:00+00:00,0.0,0.0,284.65625,73.464599609375,5.27734375,0.0,11.506250000000023
2007-11-04 10:00:00+00:00,0.0,0.0,284.15625,73.43804931640625,4.66796875,0.0,11.006250000000023
2007-11-04 11:00:00+00:00,0.0,0.0,283.578125,75.1993408203125,4.22265625,0.0,10.428125000000023
2007-11-04 12:00:00+00:00,0.0,0.0,283.125,77.64569091796875,4.052734375,0.0,9.975000000000023
2007-11-04 13:00:00+00:00,0.0,0.0,282.828125,78.85223388671875,3.767578125,0.0,9.678125000000023
2007-11-04 14:00:00+00:00,0.0,0.0,282.578125,79.90032958984375,3.3671875,0.0,9.428125000000023
2007-11-04 15:00:00+00:00,0.0,0.0,282.890625,81.52392578125,3.51953125,0.0,9.740625000000023
2007-11-04 16:00:00+00:00,0.0,0.0,282.53125,83.79510498046875,3.712890625,0.0,9.381250000000023
2007-11-04 17:00:00+00:00,0.0,0.0,282.703125,82.5938720703125,3.845703125,0.0,9.553125000000023
2007-11-04 18:00:00+00:00,0.0,0.0,282.09375,81.67523193359375,3.740234375,0.0,8.943750000000023
2007-11-04 19:00:00+00:00,15.5546875,21.0546875,281.671875,79.601806640625,3.740234375,36.609375,8.521875000000023
2007-11-04 20:00:00+00:00,155.26953125,67.13671875,281.890625,76.729248046875,3.552734375,222.40625,8.740625000000023
2007-11-04 21:00:00+00:00,321.25,101.546875,283.0,73.0263671875,4.115234375,422.796875,9.850000000000023
2007-11-04 22:00:00+00:00,519.140625,99.859375,284.71875,63.24285888671875,5.44140625,619.0,11.568750000000023
2007-11-04 23:00:00+00:00,476.89453125,224.23046875,286.359375,53.1336669921875,5.890625,701.125,13.209375000000023
2007-11-05 00:00:00+00:00,209.64453125,422.16796875,287.5,47.4112548828125,5.951171875,631.8125,14.350000000000023
2007-11-05 01:00:00+00:00,124.37109375,331.51953125,288.0625,45.8515625,5.810546875,455.890625,14.912500000000023
2007-11-05 02:00:00+00:00,206.109375,395.328125,288.234375,45.156005859375,5.654296875,601.4375,15.084375000000023
2007-11-05 03:00:00+00:00,383.203125,279.046875,289.421875,45.02178955078125,6.109375,662.25,16.271875000000023
2007-11-05 04:00:00+00:00,154.859375,313.71875,289.890625,44.1959228515625,6.0078125,468.578125,16.740625000000023
2007-11-05 05:00:00+00:00,115.27734375,339.31640625,289.859375,43.896728515625,6.0,454.59375,16.709375000000023
2007-11-05 06:00:00+00:00,132.93359375,195.67578125,289.734375,44.97021484375,6.349609375,328.609375,16.584375000000023
2007-11-05 07:00:00+00:00,92.72265625,91.33984375,289.09375,47.95892333984375,6.31640625,184.0625,15.943750000000023
2007-11-05 08:00:00+00:00,7.0078125,16.3828125,288.171875,50.8592529296875,6.09375,23.390625,15.021875000000023
2007-11-05 09:00:00+00:00,0.0,0.0,287.140625,56.982666015625,6.0390625,0.0,13.990625000000023
2007-11-05 10:00:00+00:00,0.0,0.0,285.828125,62.0538330078125,6.10546875,0.0,12.678125000000023
2007-11-05 11:00:00+00:00,0.0,0.0,285.125,65.6767578125,5.775390625,0.0,11.975000000000023
2007-11-05 12:00:00+00:00,0.0,0.0,284.359375,69.5460205078125,5.41796875,0.0,11.209375000000023
2007-11-05 13:00:00+00:00,0.0,0.0,283.609375,73.68719482421875,5.08984375,0.0,10.459375000000023
2007-11-05 14:00:00+00:00,0.0,0.0,283.265625,77.2120361328125,5.01953125,0.0,10.115625000000023
2007-11-05 15:00:00+00:00,0.0,0.0,282.734375,86.2864990234375,4.837890625,0.0,9.584375000000023
2007-11-05 16:00:00+00:00,0.0,0.0,282.671875,88.59222412109375,4.638671875,0.0,9.521875000000023
2007-11-05 17:00:00+00:00,0.0,0.0,282.6875,88.5054931640625,4.5078125,0.0,9.537500000000023
2007-11-05 18:00:00+00:00,0.0,0.0,282.59375,89.2305908203125,4.412109375,0.0,9.443750000000023
2007-11-05 19:00:00+00:00,15.95703125,21.37109375,282.53125,90.1915283203125,4.345703125,37.328125,9.381250000000023
2007-11-05 20:00:00+00:00,157.671875,66.390625,283.0,87.86895751953125,4.380859375,224.0625,9.850000000000023
2007-11-05 21:00:00+00:00,356.94921875,83.37890625,284.15625,80.2919921875,4.15234375,440.328125,11.006250000000023
2007-11-05 22:00:00+00:00,537.69921875,99.87890625,286.421875,65.4749755859375,4.3828125,637.578125,13.271875000000023
2007-11-05 23:00:00+00:00,580.5703125,174.9609375,288.296875,52.95513916015625,4.111328125,755.53125,15.146875000000023
2007-11-06 00:00:00+00:00,695.7421875,187.7421875,289.609375,46.91424560546875,3.75,883.484375,16.459375000000023
2007-11-06 01:00:00+00:00,461.09375,275.484375,290.828125,42.717041015625,3.47265625,736.578125,17.678125000000023
2007-11-06 02:00:00+00:00,214.05859375,408.97265625,291.5625,40.13482666015625,3.623046875,623.03125,18.412500000000023
2007-11-06 03:00:00+00:00,532.8828125,237.3203125,293.015625,39.2318115234375,4.953125,770.203125,19.865625000000023
2007-11-06 04:00:00+00:00,626.83203125,156.18359375,293.171875,41.5628662109375,6.21875,783.015625,20.021875000000023
2007-11-06 05:00:00+00:00,603.76953125,63.33984375,293.046875,42.73272705078125,6.708984375,667.109375,19.896875000000023
2007-11-06 06:00:00+00:00,365.5703125,51.2265625,292.640625,43.35565185546875,6.974609375,416.796875,19.490625000000023
2007-11-06 07:00:00+00:00,146.53125,37.609375,291.734375,47.7054443359375,6.98828125,184.140625,18.584375000000023
2007-11-06 08:00:00+00:00,44.62890625,9.58984375,290.5,52.52459716796875,6.990234375,54.21875,17.350000000000023
2007-11-06 09:00:00+00:00,0.0,0.0,289.03125,61.40875244140625,7.17578125,0.0,15.881250000000023
2007-11-06 10:00:00+00:00,0.0,0.0,287.59375,67.857421875,7.197265625,0.0,14.443750000000023
2007-11-06 11:00:00+00:00,0.0,0.0,286.4375,74.25390625,7.1015625,0.0,13.287500000000023
2007-11-06 12:00:00+00:00,0.0,0.0,285.6875,78.34051513671875,6.65234375,0.0,12.537500000000023
2007-11-06 13:00:00+00:00,0.0,0.0,285.21875,81.60089111328125,6.419921875,0.0,12.068750000000023
2007-11-06 14:00:00+00:00,0.0,0.0,284.890625,83.7998046875,6.1015625,0.0,11.740625000000023
2007-11-06 15:00:00+00:00,0.0,0.0,284.609375,85.0955810546875,5.5703125,0.0,11.459375000000023
2007-11-06 16:00:00+00:00,0.0,0.0,284.296875,86.34368896484375,5.203125,0.0,11.146875000000023
2007-11-06 17:00:00+00:00,0.0,0.0,283.96875,87.7415771484375,4.978515625,0.0,10.818750000000023
2007-11-06 18:00:00+00:00,0.0,0.0,283.75,88.33563232421875,4.529296875,0.0,10.600000000000023
2007-11-06 19:00:00+00:00,16.375,21.71875,283.484375,90.05419921875,4.08203125,38.09375,10.334375000000023
2007-11-06 20:00:00+00:00,145.3359375,70.5390625,283.984375,86.62115478515625,3.841796875,215.875,10.834375000000023
2007-11-06 21:00:00+00:00,358.22265625,81.90234375,285.734375,75.8359375,4.29296875,440.125,12.584375000000023
2007-11-06 22:00:00+00:00,555.83984375,87.55078125,287.90625,60.36962890625,4.5703125,643.390625,14.756250000000023
2007-11-06 23:00:00+00:00,726.28515625,88.24609375,289.4375,52.20916748046875,4.001953125,814.53125,16.287500000000023
2007-11-07 00:00:00+00:00,817.9609375,111.4765625,290.796875,47.7342529296875,3.55859375,929.4375,17.646875000000023
2007-11-07 01:00:00+00:00,682.4921875,130.2734375,291.953125,45.2320556640625,3.18359375,812.765625,18.803125000000023
2007-11-07 02:00:00+00:00,848.703125,132.109375,292.46875,44.789794921875,3.244140625,980.8125,19.318750000000023
2007-11-07 03:00:00+00:00,565.97265625,162.27734375,293.8125,38.54974365234375,5.19140625,728.25,20.662500000000023
2007-11-07 04:00:00+00:00,723.6953125,114.7109375,293.875,38.28143310546875,6.11328125,838.40625,20.725000000000023
2007-11-07 05:00:00+00:00,432.8125,18.703125,293.859375,39.9970703125,6.68359375,451.515625,20.709375000000023
2007-11-07 06:00:00+00:00,355.72265625,78.27734375,292.96875,44.5321044921875,6.646484375,434.0,19.818750000000023
2007-11-07 07:00:00+00:00,179.671875,49.84375,292.515625,45.84820556640625,6.64453125,229.515625,19.365625000000023
2007-11-07 08:00:00+00:00,47.015625,7.125,291.421875,48.4013671875,6.390625,54.140625,18.271875000000023
2007-11-07 09:00:00+00:00,0.0,0.0,289.328125,58.7117919921875,6.271484375,0.0,16.178125000000023
2007-11-07 10:00:00+00:00,0.0,0.0,287.84375,64.67169189453125,6.36328125,0.0,14.693750000000023
2007-11-07 11:00:00+00:00,0.0,0.0,286.671875,69.88201904296875,6.439453125,0.0,13.521875000000023
2007-11-07 12:00:00+00:00,0.0,0.0,285.703125,74.531005859375,5.86328125,0.0,12.553125000000023
2007-11-07 13:00:00+00:00,0.0,0.0,285.15625,76.943115234375,5.4453125,0.0,12.006250000000023
2007-11-07 14:00:00+00:00,0.0,0.0,284.734375,79.0264892578125,5.177734375,0.0,11.584375000000023
2007-11-07 15:00:00+00:00,0.0,0.0,284.421875,81.097900390625,4.630859375,0.0,11.271875000000023
2007-11-07 16:00:00+00:00,0.0,0.0,284.109375,82.82769775390625,4.212890625,0.0,10.959375000000023
2007-11-07 17:00:00+00:00,0.0,0.0,283.859375,84.09002685546875,3.822265625,0.0,10.709375000000023
2007-11-07 18:00:00+00:00,0.0,0.0,283.65625,84.867919921875,3.31640625,0.0,10.506250000000023
2007-11-07 19:00:00+00:00,17.9453125,22.2890625,283.328125,86.37249755859375,2.5546875,40.234375,10.178125000000023
2007-11-07 20:00:00+00:00,154.03125,68.828125,283.9375,83.6253662109375,2.158203125,222.859375,10.787500000000023
2007-11-07 21:00:00+00:00,343.5859375,91.3515625,284.71875,81.9844970703125,2.146484375,434.9375,11.568750000000023
2007-11-07 22:00:00+00:00,501.8515625,123.5390625,285.734375,78.8935546875,1.640625,625.390625,12.584375000000023
2007-11-07 23:00:00+00:00,681.5078125,122.6171875,286.984375,75.4676513671875,1.421875,804.125,13.834375000000023
2007-11-08 00:00:00+00:00,821.390625,111.84375,288.65625,68.743408203125,1.0625,933.234375,15.506250000000023
2007-11-08 01:00:00+00:00,830.5859375,144.1171875,290.359375,58.52227783203125,0.625,974.703125,17.209375000000023
2007-11-08 02:00:00+00:00,835.46875,128.453125,291.640625,50.73541259765625,0.796875,963.921875,18.490625000000023
2007-11-08 03:00:00+00:00,672.69140625,166.51171875,293.09375,45.46490478515625,1.494140625,839.203125,19.943750000000023
2007-11-08 04:00:00+00:00,630.23828125,88.16796875,294.828125,38.16204833984375,2.794921875,718.40625,21.678125000000023
2007-11-08 05:00:00+00:00,489.9453125,116.8515625,295.5,35.34771728515625,4.267578125,606.796875,22.350000000000023
2007-11-08 06:00:00+00:00,350.9765625,79.1640625,295.3125,35.408447265625,4.927734375,430.140625,22.162500000000023
2007-11-08 07:00:00+00:00,151.734375,34.34375,294.75,37.46661376953125,5.216796875,186.078125,21.600000000000023
2007-11-08 08:00:00+00:00,46.82421875,10.92578125,293.453125,41.23419189453125,5.783203125,57.75,20.303125000000023
2007-11-08 09:00:00+00:00,0.0,0.0,291.375,48.523193359375,6.2109375,0.0,18.225000000000023
2007-11-08 10:00:00+00:00,0.0,0.0,289.40625,54.57965087890625,5.8671875,0.0,16.256250000000023
2007-11-08 11:00:00+00:00,0.0,0.0,288.15625,58.3248291015625,5.654296875,0.0,15.006250000000023
2007-11-08 12:00:00+00:00,0.0,0.0,287.125,63.18267822265625,5.130859375,0.0,13.975000000000023
2007-11-08 13:00:00+00:00,0.0,0.0,286.40625,67.93475341796875,4.515625,0.0,13.256250000000023
2007-11-08 14:00:00+00:00,0.0,0.0,285.828125,72.54376220703125,3.8984375,0.0,12.678125000000023
2007-11-08 15:00:00+00:00,0.0,0.0,284.546875,78.382568359375,2.322265625,0.0,11.396875000000023
2007-11-08 16:00:00+00:00,0.0,0.0,283.984375,81.6787109375,1.46875,0.0,10.834375000000023
2007-11-08 17:00:00+00:00,0.0,0.0,283.53125,84.1756591796875,1.162109375,0.0,10.381250000000023
2007-11-08 18:00:00+00:00,0.0,0.0,282.96875,87.052734375,0.90625,0.0,9.818750000000023
2007-11-08 19:00:00+00:00,18.88671875,23.03515625,282.875,86.68109130859375,1.0,41.921875,9.725000000000023
2007-11-08 20:00:00+00:00,159.640625,67.65625,284.96875,76.604736328125,1.34375,227.296875,11.818750000000023
2007-11-08 21:00:00+00:00,356.0625,85.453125,286.0,76.23883056640625,1.220703125,441.515625,12.850000000000023
2007-11-08 22:00:00+00:00,552.0390625,92.1640625,287.40625,72.5394287109375,1.162109375,644.203125,14.256250000000023
2007-11-08 23:00:00+00:00,699.34375,106.78125,289.546875,62.92059326171875,1.880859375,806.125,16.396875000000023
2007-11-09 00:00:00+00:00,843.5078125,96.3203125,292.09375,50.71600341796875,2.7578125,939.828125,18.943750000000023
2007-11-09 01:00:00+00:00,920.1328125,86.4140625,294.53125,41.784423828125,2.841796875,1006.546875,21.381250000000023
2007-11-09 02:00:00+00:00,779.34375,118.75,296.046875,33.464599609375,2.689453125,898.09375,22.896875000000023
2007-11-09 03:00:00+00:00,266.87890625,353.90234375,296.984375,29.001708984375,2.24609375,620.78125,23.834375000000023
2007-11-09 04:00:00+00:00,628.16796875,185.86328125,297.03125,31.15087890625,3.244140625,814.03125,23.881250000000023
2007-11-09 05:00:00+00:00,295.71875,102.90625,297.234375,32.42852783203125,3.720703125,398.625,24.084375000000023
2007-11-09 06:00:00+00:00,277.171875,127.953125,295.734375,38.37298583984375,3.21875,405.125,22.584375000000023
2007-11-09 07:00:00+00:00,204.10546875,47.03515625,295.703125,39.4505615234375,2.6875,251.140625,22.553125000000023
2007-11-09 08:00:00+00:00,50.3515625,5.9453125,295.015625,41.25640869140625,2.4609375,56.296875,21.865625000000023
2007-11-09 09:00:00+00:00,0.0,0.0,293.859375,45.8590087890625,2.5703125,0.0,20.709375000000023
2007-11-09 10:00:00+00:00,0.0,0.0,292.984375,50.44921875,2.251953125,0.0,19.834375000000023
2007-11-09 11:00:00+00:00,0.0,0.0,292.015625,55.5599365234375,2.16796875,0.0,18.865625000000023
2007-11-09 12:00:00+00:00,0.0,0.0,290.78125,63.5863037109375,1.462890625,0.0,17.631250000000023
2007-11-09 13:00:00+00:00,0.0,0.0,289.953125,66.474365234375,0.703125,0.0,16.803125000000023
2007-11-09 14:00:00+00:00,0.0,0.0,289.859375,65.81134033203125,0.7265625,0.0,16.709375000000023
2007-11-09 15:00:00+00:00,0.0,0.0,288.65625,68.98150634765625,0.603515625,0.0,15.506250000000023
2007-11-09 16:00:00+00:00,0.0,0.0,288.0,73.58782958984375,0.791015625,0.0,14.850000000000023
2007-11-09 17:00:00+00:00,0.0,0.0,287.234375,82.274169921875,0.62109375,0.0,14.084375000000023
2007-11-09 18:00:00+00:00,0.0,0.0,286.65625,89.07696533203125,0.65625,0.0,13.506250000000023
2007-11-09 19:00:00+00:00,18.7421875,24.0546875,285.96875,92.34014892578125,0.73046875,42.796875,12.818750000000023
2007-11-09 20:00:00+00:00,158.97265625,69.54296875,287.71875,78.910888671875,1.068359375,228.515625,14.568750000000023
2007-11-09 21:00:00+00:00,359.05859375,86.36328125,289.625,60.0379638671875,1.16015625,445.421875,16.475000000000023
2007-11-09 22:00:00+00:00,543.9453125,100.3671875,291.09375,52.80804443359375,1.927734375,644.3125,17.943750000000023
2007-11-09 23:00:00+00:00,671.12890625,131.55859375,292.4375,49.611328125,2.515625,802.6875,19.287500000000023
2007-11-10 00:00:00+00:00,816.234375,122.140625,294.09375,44.8199462890625,2.375,938.375,20.943750000000023
2007-11-10 01:00:00+00:00,900.203125,107.59375,295.5,39.4915771484375,1.845703125,1007.796875,22.350000000000023
2007-11-10 02:00:00+00:00,908.52734375,103.92578125,296.625,36.058349609375,1.927734375,1012.453125,23.475000000000023
2007-11-10 03:00:00+00:00,881.31640625,77.12109375,297.53125,36.12164306640625,3.54296875,958.4375,24.381250000000023
2007-11-10 04:00:00+00:00,775.921875,66.25,297.75,34.94775390625,3.98828125,842.171875,24.600000000000023
2007-11-10 05:00:00+00:00,568.171875,74.703125,297.71875,36.646240234375,3.91015625,642.875,24.568750000000023
2007-11-10 06:00:00+00:00,285.703125,83.40625,297.5625,37.6248779296875,3.927734375,369.109375,24.412500000000023
2007-11-10 07:00:00+00:00,202.0234375,52.8203125,297.09375,38.3197021484375,3.65234375,254.84375,23.943750000000023
2007-11-10 08:00:00+00:00,55.25,4.984375,295.96875,38.68310546875,3.97265625,60.234375,22.818750000000023
2007-11-10 09:00:00+00:00,0.0,0.0,292.828125,33.41455078125,2.9921875,0.0,19.678125000000023
2007-11-10 10:00:00+00:00,0.0,0.0,291.375,41.7430419921875,2.29296875,0.0,18.225000000000023
2007-11-10 11:00:00+00:00,0.0,0.0,290.15625,57.38299560546875,2.189453125,0.0,17.006250000000023
2007-11-10 12:00:00+00:00,0.0,0.0,288.890625,71.54705810546875,2.19921875,0.0,15.740625000000023
2007-11-10 13:00:00+00:00,0.0,0.0,287.65625,81.4364013671875,1.904296875,0.0,14.506250000000023
2007-11-10 14:00:00+00:00,0.0,0.0,286.5625,90.19305419921875,1.291015625,0.0,13.412500000000023
2007-11-10 15:00:00+00:00,0.0,0.0,286.296875,92.49847412109375,0.84375,0.0,13.146875000000023
2007-11-10 16:00:00+00:00,0.0,0.0,285.828125,94.6947021484375,0.42578125,0.0,12.678125000000023
2007-11-10 17:00:00+00:00,0.0,0.0,285.953125,94.64080810546875,0.66015625,0.0,12.803125000000023
2007-11-10 18:00:00+00:00,0.0,0.0,285.328125,96.244140625,0.408203125,0.0,12.178125000000023
2007-11-10 19:00:00+00:00,22.12890625,25.74609375,284.421875,98.138671875,0.197265625,47.875,11.271875000000023
2007-11-10 20:00:00+00:00,173.1015625,70.1015625,285.65625,96.15179443359375,0.443359375,243.203125,12.506250000000023
2007-11-10 21:00:00+00:00,340.828125,105.21875,286.9375,88.01885986328125,0.6171875,446.046875,13.787500000000023
2007-11-10 22:00:00+00:00,568.80078125,98.83984375,288.140625,81.29925537109375,1.77734375,667.640625,14.990625000000023
2007-11-10 23:00:00+00:00,708.55859375,120.36328125,289.40625,72.1337890625,0.8203125,828.921875,16.256250000000023
2007-11-11 00:00:00+00:00,779.6796875,160.5390625,290.890625,65.84930419921875,0.96875,940.21875,17.740625000000023
2007-11-11 01:00:00+00:00,710.3203125,252.9765625,292.796875,54.172119140625,1.43359375,963.296875,19.646875000000023
2007-11-11 02:00:00+00:00,843.7421875,175.3203125,294.59375,43.9444580078125,1.833984375,1019.0625,21.443750000000023
2007-11-11 03:00:00+00:00,848.08203125,110.55859375,296.6875,27.110595703125,3.328125,958.640625,23.537500000000023
2007-11-11 04:00:00+00:00,784.6640625,70.3984375,297.421875,21.50994873046875,3.521484375,855.0625,24.271875000000023
2007-11-11 05:00:00+00:00,629.859375,53.046875,297.671875,24.1923828125,3.771484375,682.90625,24.521875000000023
2007-11-11 06:00:00+00:00,434.3359375,44.0546875,297.296875,29.72821044921875,4.34375,478.390625,24.146875000000023
2007-11-11 07:00:00+00:00,231.08203125,31.55859375,296.21875,31.75006103515625,4.630859375,262.640625,23.068750000000023
2007-11-11 08:00:00+00:00,57.65625,6.125,294.640625,29.84136962890625,4.275390625,63.78125,21.490625000000023
2007-11-11 09:00:00+00:00,0.0,0.0,292.15625,28.71978759765625,3.23046875,0.0,19.006250000000023
2007-11-11 10:00:00+00:00,0.0,0.0,290.5625,38.36834716796875,2.384765625,0.0,17.412500000000023
2007-11-11 11:00:00+00:00,0.0,0.0,289.484375,54.139892578125,2.328125,0.0,16.334375000000023
2007-11-11 12:00:00+00:00,0.0,0.0,288.59375,73.7744140625,2.87890625,0.0,15.443750000000023
2007-11-11 13:00:00+00:00,0.0,0.0,287.5625,86.1749267578125,2.65234375,0.0,14.412500000000023
2007-11-11 14:00:00+00:00,0.0,0.0,287.21875,86.5758056640625,2.494140625,0.0,14.068750000000023
2007-11-11 15:00:00+00:00,0.0,0.0,286.765625,87.91259765625,1.673828125,0.0,13.615625000000023
2007-11-11 16:00:00+00:00,0.0,0.0,286.328125,89.09759521484375,1.736328125,0.0,13.178125000000023
2007-11-11 17:00:00+00:00,0.0,0.0,286.40625,87.60174560546875,1.859375,0.0,13.256250000000023
2007-11-11 18:00:00+00:00,0.0,0.0,286.6875,82.5345458984375,2.314453125,0.0,13.537500000000023
2007-11-11 19:00:00+00:00,6.6875,25.671875,286.484375,81.86083984375,2.01953125,32.359375,13.334375000000023
2007-11-11 20:00:00+00:00,15.0859375,87.1328125,286.359375,81.15252685546875,1.84375,102.21875,13.209375000000023
2007-11-11 21:00:00+00:00,289.68359375,139.20703125,286.171875,74.26220703125,1.9375,428.890625,13.021875000000023
2007-11-11 22:00:00+00:00,385.60546875,177.67578125,287.0,68.59454345703125,1.75390625,563.28125,13.850000000000023
2007-11-11 23:00:00+00:00,707.92578125,130.63671875,287.875,64.55645751953125,1.66015625,838.5625,14.725000000000023
2007-11-12 00:00:00+00:00,881.16796875,86.44140625,289.0625,61.12451171875,1.9765625,967.609375,15.912500000000023
2007-11-12 01:00:00+00:00,954.6796875,78.0859375,290.453125,56.24761962890625,2.607421875,1032.765625,17.303125000000023
2007-11-12 02:00:00+00:00,965.80859375,70.55078125,291.703125,51.30316162109375,3.373046875,1036.359375,18.553125000000023
2007-11-12 03:00:00+00:00,900.796875,73.390625,292.25,51.3726806640625,4.845703125,974.1875,19.100000000000023
2007-11-12 04:00:00+00:00,779.3671875,67.5234375,292.671875,50.12432861328125,5.103515625,846.890625,19.521875000000023
2007-11-12 05:00:00+00:00,643.15625,48.625,292.84375,49.1680908203125,4.765625,691.78125,19.693750000000023
2007-11-12 06:00:00+00:00,457.15234375,34.33203125,292.59375,50.63818359375,4.5625,491.484375,19.443750000000023
2007-11-12 07:00:00+00:00,240.71875,27.828125,291.78125,55.0576171875,4.322265625,268.546875,18.631250000000023
2007-11-12 08:00:00+00:00,68.16015625,2.85546875,290.578125,60.68853759765625,3.927734375,71.015625,17.428125000000023
2007-11-12 09:00:00+00:00,0.0,0.015625,289.28125,66.18524169921875,3.177734375,0.015625,16.131250000000023
2007-11-12 10:00:00+00:00,0.0,0.0,288.375,70.5911865234375,3.064453125,0.0,15.225000000000023
2007-11-12 11:00:00+00:00,0.0,0.0,287.40625,77.163330078125,3.267578125,0.0,14.256250000000023
2007-11-12 12:00:00+00:00,0.0,0.0,286.65625,82.673828125,2.8984375,0.0,13.506250000000023
2007-11-12 13:00:00+00:00,0.0,0.0,286.265625,84.98248291015625,2.431640625,0.0,13.115625000000023
2007-11-12 14:00:00+00:00,0.0,0.0,286.234375,85.83074951171875,2.02734375,0.0,13.084375000000023
2007-11-12 15:00:00+00:00,0.0,0.0,286.359375,86.01885986328125,1.9296875,0.0,13.209375000000023
2007-11-12 16:00:00+00:00,0.0,0.0,286.125,89.39697265625,1.73046875,0.0,12.975000000000023
2007-11-12 17:00:00+00:00,0.0,0.0,285.890625,92.0611572265625,1.7109375,0.0,12.740625000000023
2007-11-12 18:00:00+00:00,0.0,0.0,285.65625,93.544677734375,1.763671875,0.0,12.506250000000023
2007-11-12 19:00:00+00:00,4.2109375,22.0234375,285.78125,90.04498291015625,1.771484375,26.234375,12.631250000000023
2007-11-12 20:00:00+00:00,72.14453125,85.01171875,285.8125,89.59710693359375,1.609375,157.15625,12.662500000000023
2007-11-12 21:00:00+00:00,235.984375,142.5,286.515625,83.75115966796875,1.74609375,378.484375,13.365625000000023
2007-11-12 22:00:00+00:00,104.60546875,243.94140625,287.1875,81.0509033203125,1.712890625,348.546875,14.037500000000023
2007-11-12 23:00:00+00:00,302.9609375,333.2265625,287.84375,78.484130859375,1.357421875,636.1875,14.693750000000023
2007-11-13 00:00:00+00:00,304.5078125,291.9140625,288.59375,76.42822265625,0.751953125,596.421875,15.443750000000023
2007-11-13 01:00:00+00:00,306.40234375,392.62890625,289.6875,72.53436279296875,1.39453125,699.03125,16.537500000000023
2007-11-13 02:00:00+00:00,386.33984375,367.89453125,291.09375,67.07861328125,1.732421875,754.234375,17.943750000000023
2007-11-13 03:00:00+00:00,690.44140625,198.54296875,292.4375,65.2349853515625,2.44921875,888.984375,19.287500000000023
2007-11-13 04:00:00+00:00,751.07421875,94.42578125,293.6875,61.224853515625,2.8515625,845.5,20.537500000000023
2007-11-13 05:00:00+00:00,640.40625,48.359375,294.71875,57.38055419921875,3.005859375,688.765625,21.568750000000023
2007-11-13 06:00:00+00:00,451.26171875,34.64453125,295.171875,56.68035888671875,3.404296875,485.90625,22.021875000000023
2007-11-13 07:00:00+00:00,247.94140625,24.24609375,294.703125,58.5303955078125,3.751953125,272.1875,21.553125000000023
2007-11-13 08:00:00+00:00,69.09375,2.578125,293.484375,62.55975341796875,3.5859375,71.671875,20.334375000000023
2007-11-13 09:00:00+00:00,0.0,0.046875,291.234375,68.34161376953125,3.634765625,0.046875,18.084375000000023
2007-11-13 10:00:00+00:00,0.0,0.0,289.453125,75.16986083984375,2.9765625,0.0,16.303125000000023
2007-11-13 11:00:00+00:00,0.0,0.0,288.28125,81.33856201171875,2.08984375,0.0,15.131250000000023
2007-11-13 12:00:00+00:00,0.0,0.0,287.6875,85.3206787109375,1.326171875,0.0,14.537500000000023
2007-11-13 13:00:00+00:00,0.0,0.0,287.1875,88.4642333984375,1.169921875,0.0,14.037500000000023
2007-11-13 14:00:00+00:00,0.0,0.0,286.671875,91.75,1.23828125,0.0,13.521875000000023
2007-11-13 15:00:00+00:00,0.0,0.0,286.09375,94.87103271484375,1.056640625,0.0,12.943750000000023
2007-11-13 16:00:00+00:00,0.0,0.0,285.671875,96.87548828125,0.830078125,0.0,12.521875000000023
2007-11-13 17:00:00+00:00,0.0,0.0,285.296875,98.4241943359375,0.751953125,0.0,12.146875000000023
2007-11-13 18:00:00+00:00,0.0,0.0,284.84375,100.25164794921875,0.8125,0.0,11.693750000000023
2007-11-13 19:00:00+00:00,0.0,24.28125,285.09375,99.7264404296875,0.53125,24.28125,11.943750000000023
2007-11-13 20:00:00+00:00,0.22265625,91.54296875,285.109375,99.1859130859375,0.78125,91.765625,11.959375000000023
2007-11-13 21:00:00+00:00,17.6171875,176.8046875,286.234375,97.859619140625,1.984375,194.421875,13.084375000000023
2007-11-13 22:00:00+00:00,31.515625,316.65625,286.265625,97.2137451171875,1.228515625,348.171875,13.115625000000023
2007-11-13 23:00:00+00:00,17.01953125,298.26171875,287.125,92.68572998046875,1.630859375,315.28125,13.975000000000023
2007-11-14 00:00:00+00:00,52.09765625,477.49609375,287.5625,90.516845703125,2.880859375,529.59375,14.412500000000023
2007-11-14 01:00:00+00:00,78.0390625,449.5390625,288.609375,82.3797607421875,3.064453125,527.578125,15.459375000000023
2007-11-14 02:00:00+00:00,263.92578125,551.93359375,289.234375,79.36724853515625,2.765625,815.859375,16.084375000000023
2007-11-14 03:00:00+00:00,370.75,442.78125,290.203125,72.6436767578125,2.419921875,813.53125,17.053125000000023
2007-11-14 04:00:00+00:00,656.40625,177.96875,291.90625,62.196533203125,2.037109375,834.375,18.756250000000023
2007-11-14 05:00:00+00:00,586.48046875,86.50390625,293.328125,53.05706787109375,2.755859375,672.984375,20.178125000000023
2007-11-14 06:00:00+00:00,401.796875,70.109375,293.734375,50.33721923828125,3.158203125,471.90625,20.584375000000023
2007-11-14 07:00:00+00:00,229.4921875,39.4453125,293.296875,53.51263427734375,3.947265625,268.9375,20.146875000000023
2007-11-14 08:00:00+00:00,60.2890625,9.4453125,292.265625,59.56658935546875,4.0625,69.734375,19.115625000000023
2007-11-14 09:00:00+00:00,0.0,0.109375,289.4375,71.37298583984375,3.720703125,0.109375,16.287500000000023
2007-11-14 10:00:00+00:00,0.0,0.0,288.140625,74.94189453125,2.974609375,0.0,14.990625000000023
2007-11-14 11:00:00+00:00,0.0,0.0,287.53125,75.56170654296875,2.18359375,0.0,14.381250000000023
2007-11-14 12:00:00+00:00,0.0,0.0,286.9375,76.80438232421875,1.857421875,0.0,13.787500000000023
2007-11-14 13:00:00+00:00,0.0,0.0,286.484375,78.31683349609375,1.75,0.0,13.334375000000023
2007-11-14 14:00:00+00:00,0.0,0.0,285.953125,81.254638671875,1.31640625,0.0,12.803125000000023
2007-11-14 15:00:00+00:00,0.0,0.0,285.609375,81.99725341796875,0.994140625,0.0,12.459375000000023
2007-11-14 16:00:00+00:00,0.0,0.0,285.25,84.2510986328125,1.0078125,0.0,12.100000000000023
2007-11-14 17:00:00+00:00,0.0,0.0,284.8125,87.0499267578125,1.009765625,0.0,11.662500000000023
2007-11-14 18:00:00+00:00,0.0,0.0,284.484375,89.23004150390625,1.263671875,0.0,11.334375000000023
2007-11-14 19:00:00+00:00,0.29296875,28.91015625,284.28125,90.71533203125,1.15234375,29.203125,11.131250000000023
2007-11-14 20:00:00+00:00,33.8046875,125.5390625,285.078125,87.68402099609375,1.244140625,159.34375,11.928125000000023
2007-11-14 21:00:00+00:00,313.8515625,117.8203125,286.359375,82.95379638671875,1.69140625,431.671875,13.209375000000023
2007-11-14 22:00:00+00:00,373.06640625,156.19921875,287.234375,79.455078125,1.439453125,529.265625,14.084375000000023
2007-11-14 23:00:00+00:00,204.8359375,351.1171875,287.75,78.8087158203125,1.15234375,555.953125,14.600000000000023
2007-11-15 00:00:00+00:00,79.296875,364.3125,288.515625,76.88995361328125,0.875,443.609375,15.365625000000023
2007-11-15 01:00:00+00:00,169.75390625,477.19921875,289.4375,73.56927490234375,1.275390625,646.953125,16.287500000000023
2007-11-15 02:00:00+00:00,571.5078125,383.1796875,291.046875,69.13885498046875,2.833984375,954.6875,17.896875000000023
2007-11-15 03:00:00+00:00,906.17578125,87.16796875,294.328125,55.682861328125,2.298828125,993.34375,21.178125000000023
2007-11-15 04:00:00+00:00,823.109375,56.265625,295.65625,50.433349609375,3.01171875,879.375,22.506250000000023
2007-11-15 05:00:00+00:00,668.0703125,45.0078125,296.09375,45.513916015625,3.849609375,713.078125,22.943750000000023
2007-11-15 06:00:00+00:00,475.51953125,35.21484375,296.109375,43.38726806640625,3.767578125,510.734375,22.959375000000023
2007-11-15 07:00:00+00:00,262.4765625,25.1171875,295.78125,45.70245361328125,3.607421875,287.59375,22.631250000000023
2007-11-15 08:00:00+00:00,72.7265625,5.9453125,294.859375,48.37701416015625,3.55078125,78.671875,21.709375000000023
2007-11-15 09:00:00+00:00,0.01953125,0.16796875,291.765625,56.881591796875,3.67578125,0.1875,18.615625000000023
2007-11-15 10:00:00+00:00,0.0,0.0,290.125,62.05029296875,2.875,0.0,16.975000000000023
2007-11-15 11:00:00+00:00,0.0,0.0,289.234375,65.3895263671875,2.166015625,0.0,16.084375000000023
2007-11-15 12:00:00+00:00,0.0,0.0,288.578125,69.87689208984375,1.591796875,0.0,15.428125000000023
2007-11-15 13:00:00+00:00,0.0,0.0,288.015625,73.834228515625,1.326171875,0.0,14.865625000000023
2007-11-15 14:00:00+00:00,0.0,0.0,287.390625,78.08740234375,1.1328125,0.0,14.240625000000023
2007-11-15 15:00:00+00:00,0.0,0.0,286.53125,81.4627685546875,0.830078125,0.0,13.381250000000023
2007-11-15 16:00:00+00:00,0.0,0.0,286.21875,83.21331787109375,0.751953125,0.0,13.068750000000023
2007-11-15 17:00:00+00:00,0.0,0.0,285.734375,86.13458251953125,0.908203125,0.0,12.584375000000023
2007-11-15 18:00:00+00:00,0.0,0.0,285.15625,89.53302001953125,0.884765625,0.0,12.006250000000023
2007-11-15 19:00:00+00:00,21.12890625,29.55859375,284.75,91.58636474609375,1.03125,50.6875,11.600000000000023
2007-11-15 20:00:00+00:00,162.9609375,78.6796875,285.8125,86.73974609375,0.880859375,241.640625,12.662500000000023
2007-11-15 21:00:00+00:00,358.6953125,98.8046875,287.625,79.5888671875,0.970703125,457.5,14.475000000000023
2007-11-15 22:00:00+00:00,554.1953125,106.4921875,289.765625,71.92169189453125,0.908203125,660.6875,16.615625000000023
2007-11-15 23:00:00+00:00,720.46484375,109.03515625,291.5,67.5484619140625,0.470703125,829.5,18.350000000000023
2007-11-16 00:00:00+00:00,842.69921875,108.28515625,293.609375,62.453857421875,0.50390625,950.984375,20.459375000000023
2007-11-16 01:00:00+00:00,909.7890625,103.6171875,296.109375,55.96868896484375,0.978515625,1013.40625,22.959375000000023
2007-11-16 02:00:00+00:00,918.9609375,96.7578125,298.515625,49.38397216796875,1.31640625,1015.71875,25.365625000000023
2007-11-16 03:00:00+00:00,872.69140625,84.58984375,302.015625,38.38922119140625,2.576171875,957.28125,28.865625000000023
2007-11-16 04:00:00+00:00,767.49609375,75.00390625,303.703125,30.86175537109375,2.5625,842.5,30.553125000000023
2007-11-16 05:00:00+00:00,616.62109375,64.33203125,305.015625,25.3350830078125,2.599609375,680.953125,31.865625000000023
2007-11-16 06:00:00+00:00,337.640625,63.3125,305.5,23.390380859375,2.8984375,400.953125,32.35000000000002
2007-11-16 07:00:00+00:00,214.234375,55.015625,304.609375,25.28656005859375,3.4453125,269.25,31.459375000000023
2007-11-16 08:00:00+00:00,61.3359375,12.3984375,302.578125,34.428466796875,4.419921875,73.734375,29.428125000000023
2007-11-16 09:00:00+00:00,0.01171875,0.26953125,299.546875,45.7900390625,4.125,0.28125,26.396875000000023
2007-11-16 10:00:00+00:00,0.0,0.0,297.796875,53.826171875,3.626953125,0.0,24.646875000000023
2007-11-16 11:00:00+00:00,0.0,0.0,296.703125,55.44488525390625,3.412109375,0.0,23.553125000000023
2007-11-16 12:00:00+00:00,0.0,0.0,295.984375,54.89495849609375,2.66015625,0.0,22.834375000000023
2007-11-16 13:00:00+00:00,0.0,0.0,294.640625,58.010986328125,0.12890625,0.0,21.490625000000023
2007-11-16 14:00:00+00:00,0.0,0.0,295.0625,61.63232421875,2.109375,0.0,21.912500000000023
2007-11-16 15:00:00+00:00,0.0,0.0,292.703125,72.41705322265625,1.60546875,0.0,19.553125000000023
2007-11-16 16:00:00+00:00,0.0,0.0,291.875,71.50152587890625,1.67578125,0.0,18.725000000000023
2007-11-16 17:00:00+00:00,0.0,0.0,293.03125,63.82696533203125,3.259765625,0.0,19.881250000000023
2007-11-16 18:00:00+00:00,0.0,0.0,292.4375,63.25250244140625,2.5078125,0.0,19.287500000000023
2007-11-16 19:00:00+00:00,7.33203125,25.46484375,292.90625,60.76641845703125,2.49609375,32.796875,19.756250000000023
2007-11-16 20:00:00+00:00,56.1484375,71.4453125,294.6875,50.29571533203125,3.349609375,127.59375,21.537500000000023
2007-11-16 21:00:00+00:00,156.421875,204.21875,295.09375,38.65643310546875,2.7265625,360.640625,21.943750000000023
2007-11-16 22:00:00+00:00,498.58203125,156.54296875,297.34375,33.299072265625,2.806640625,655.125,24.193750000000023
2007-11-16 23:00:00+00:00,691.515625,125.8125,295.484375,49.115478515625,4.70703125,817.328125,22.334375000000023
2007-11-17 00:00:00+00:00,806.62890625,129.79296875,295.578125,53.0289306640625,3.689453125,936.421875,22.428125000000023
2007-11-17 01:00:00+00:00,822.6484375,163.1328125,296.59375,49.0345458984375,2.96484375,985.78125,23.443750000000023
2007-11-17 02:00:00+00:00,553.0546875,171.2890625,297.859375,43.243896484375,1.849609375,724.34375,24.709375000000023
2007-11-17 03:00:00+00:00,733.1328125,179.8203125,297.1875,47.7095947265625,0.42578125,912.953125,24.037500000000023
2007-11-17 04:00:00+00:00,591.921875,150.09375,299.84375,37.3551025390625,1.875,742.015625,26.693750000000023
2007-11-17 05:00:00+00:00,552.98046875,104.37890625,301.578125,32.81024169921875,1.5625,657.359375,28.428125000000023
2007-11-17 06:00:00+00:00,411.33984375,64.66015625,301.90625,35.32940673828125,3.6328125,476.0,28.756250000000023
2007-11-17 07:00:00+00:00,119.45703125,89.37109375,300.578125,41.232666015625,4.96484375,208.828125,27.428125000000023
2007-11-17 08:00:00+00:00,22.90234375,38.30078125,296.734375,53.06817626953125,5.646484375,61.203125,23.584375000000023
2007-11-17 09:00:00+00:00,0.00390625,0.38671875,293.1875,69.38543701171875,4.53125,0.390625,20.037500000000023
2007-11-17 10:00:00+00:00,0.0,0.0,291.640625,72.015380859375,3.5234375,0.0,18.490625000000023
2007-11-17 11:00:00+00:00,0.0,0.0,290.90625,71.561279296875,2.705078125,0.0,17.756250000000023
2007-11-17 12:00:00+00:00,0.0,0.0,290.21875,74.45703125,1.41015625,0.0,17.068750000000023
2007-11-17 13:00:00+00:00,0.0,0.0,290.109375,75.23052978515625,2.08203125,0.0,16.959375000000023
2007-11-17 14:00:00+00:00,0.0,0.0,289.46875,79.1934814453125,0.703125,0.0,16.318750000000023
2007-11-17 15:00:00+00:00,0.0,0.0,289.703125,82.26171875,2.806640625,0.0,16.553125000000023
2007-11-17 16:00:00+00:00,0.0,0.0,289.234375,85.368408203125,1.666015625,0.0,16.084375000000023
2007-11-17 17:00:00+00:00,0.0,0.0,288.765625,88.494384765625,1.720703125,0.0,15.615625000000023
2007-11-17 18:00:00+00:00,0.0,0.0,288.78125,88.84228515625,1.44921875,0.0,15.631250000000023
2007-11-17 19:00:00+00:00,0.390625,30.921875,288.828125,92.69134521484375,0.9453125,31.3125,15.678125000000023
2007-11-17 20:00:00+00:00,0.92578125,60.48046875,288.9375,92.1741943359375,2.685546875,61.40625,15.787500000000023
2007-11-17 21:00:00+00:00,233.515625,167.78125,293.625,67.435791015625,0.771484375,401.296875,20.475000000000023
2007-11-17 22:00:00+00:00,498.78125,138.984375,296.546875,54.327880859375,2.01953125,637.765625,23.396875000000023
2007-11-17 23:00:00+00:00,408.4296875,290.6171875,300.265625,37.89691162109375,5.1484375,699.046875,27.115625000000023
2007-11-18 00:00:00+00:00,567.921875,301.53125,302.328125,31.3807373046875,6.8828125,869.453125,29.178125000000023
2007-11-18 01:00:00+00:00,866.64453125,144.23046875,304.453125,25.3990478515625,7.318359375,1010.875,31.303125000000023
2007-11-18 02:00:00+00:00,367.99609375,315.28515625,305.03125,22.31182861328125,6.646484375,683.28125,31.881250000000023
2007-11-18 03:00:00+00:00,547.07421875,234.48828125,303.859375,29.56500244140625,5.529296875,781.5625,30.709375000000023
2007-11-18 04:00:00+00:00,288.0859375,42.0546875,303.875,29.134033203125,6.369140625,330.140625,30.725000000000023
2007-11-18 05:00:00+00:00,472.453125,177.484375,301.75,36.782470703125,5.662109375,649.9375,28.600000000000023
2007-11-18 06:00:00+00:00,225.484375,152.828125,302.171875,38.61029052734375,5.53515625,378.3125,29.021875000000023
2007-11-18 07:00:00+00:00,200.48828125,70.79296875,302.0625,38.88885498046875,5.734375,271.28125,28.912500000000023
2007-11-18 08:00:00+00:00,62.8828125,14.6640625,301.375,40.1304931640625,5.4609375,77.546875,28.225000000000023
2007-11-18 09:00:00+00:00,0.05078125,0.49609375,301.515625,27.36077880859375,4.236328125,0.546875,28.365625000000023
2007-11-18 10:00:00+00:00,0.0,0.0,300.203125,38.595703125,4.154296875,0.0,27.053125000000023
2007-11-18 11:00:00+00:00,0.0,0.0,299.640625,39.26373291015625,4.001953125,0.0,26.490625000000023
2007-11-18 12:00:00+00:00,0.0,0.0,299.390625,37.5013427734375,3.767578125,0.0,26.240625000000023
2007-11-18 13:00:00+00:00,0.0,0.0,298.859375,38.70501708984375,3.69140625,0.0,25.709375000000023
2007-11-18 14:00:00+00:00,0.0,0.0,297.015625,50.7796630859375,3.751953125,0.0,23.865625000000023
2007-11-18 15:00:00+00:00,0.0,0.0,294.546875,62.29150390625,2.8203125,0.0,21.396875000000023
2007-11-18 16:00:00+00:00,0.0,0.0,292.484375,74.9039306640625,2.064453125,0.0,19.334375000000023
2007-11-18 17:00:00+00:00,0.0,0.0,291.671875,79.16851806640625,1.232421875,0.0,18.521875000000023
2007-11-18 18:00:00+00:00,0.0,0.0,291.0,82.763671875,0.42578125,0.0,17.850000000000023
2007-11-18 19:00:00+00:00,23.9921875,30.5859375,291.0625,80.96917724609375,1.37890625,54.578125,17.912500000000023
2007-11-18 20:00:00+00:00,170.015625,77.828125,294.703125,57.47198486328125,2.98828125,247.84375,21.553125000000023
2007-11-18 21:00:00+00:00,369.1953125,96.0859375,296.53125,49.2991943359375,4.86328125,465.28125,23.381250000000023
2007-11-18 22:00:00+00:00,549.44921875,111.75390625,298.234375,45.600830078125,5.591796875,661.203125,25.084375000000023
2007-11-18 23:00:00+00:00,692.5078125,129.7734375,300.25,38.5845947265625,5.486328125,822.28125,27.100000000000023
2007-11-19 00:00:00+00:00,816.375,128.671875,302.046875,32.1121826171875,5.125,945.046875,28.896875000000023
2007-11-19 01:00:00+00:00,883.625,126.40625,303.890625,24.26751708984375,4.494140625,1010.03125,30.740625000000023
2007-11-19 02:00:00+00:00,879.171875,133.390625,305.78125,16.78155517578125,3.5703125,1012.5625,32.63125000000002
2007-11-19 03:00:00+00:00,777.82421875,152.64453125,306.1875,18.02838134765625,1.876953125,930.46875,33.03750000000002
2007-11-19 04:00:00+00:00,139.9765625,190.8203125,307.078125,16.88543701171875,1.7890625,330.796875,33.92812500000002
2007-11-19 05:00:00+00:00,426.88671875,224.89453125,306.59375,17.08697509765625,1.9375,651.78125,33.44375000000002
2007-11-19 06:00:00+00:00,260.5546875,124.0234375,307.921875,17.885009765625,2.873046875,384.578125,34.77187500000002
2007-11-19 07:00:00+00:00,154.875,89.921875,306.984375,21.33050537109375,4.861328125,244.796875,33.83437500000002
2007-11-19 08:00:00+00:00,43.796875,30.203125,305.78125,25.132568359375,4.1875,74.0,32.63125000000002
2007-11-19 09:00:00+00:00,0.0234375,0.7109375,303.65625,29.51544189453125,4.337890625,0.734375,30.506250000000023
2007-11-19 10:00:00+00:00,0.0,0.0,302.671875,32.1754150390625,4.2265625,0.0,29.521875000000023
2007-11-19 11:00:00+00:00,0.0,0.0,301.703125,32.5634765625,3.93359375,0.0,28.553125000000023
2007-11-19 12:00:00+00:00,0.0,0.0,301.171875,31.26068115234375,4.158203125,0.0,28.021875000000023
2007-11-19 13:00:00+00:00,0.0,0.0,300.578125,30.251220703125,4.25,0.0,27.428125000000023
2007-11-19 14:00:00+00:00,0.0,0.0,300.109375,32.0399169921875,4.517578125,0.0,26.959375000000023
2007-11-19 15:00:00+00:00,0.0,0.0,298.4375,37.38372802734375,3.7734375,0.0,25.287500000000023
2007-11-19 16:00:00+00:00,0.0,0.0,298.140625,37.7984619140625,4.078125,0.0,24.990625000000023
2007-11-19 17:00:00+00:00,0.0,0.0,298.84375,33.8604736328125,4.732421875,0.0,25.693750000000023
2007-11-19 18:00:00+00:00,0.0,0.0,299.203125,31.77862548828125,4.947265625,0.0,26.053125000000023
2007-11-19 19:00:00+00:00,5.5703125,28.3671875,299.296875,30.5667724609375,4.88671875,33.9375,26.146875000000023
2007-11-19 20:00:00+00:00,97.0703125,115.0234375,299.75,29.05377197265625,5.03515625,212.09375,26.600000000000023
2007-11-19 21:00:00+00:00,336.05078125,111.88671875,301.0,31.53814697265625,5.8359375,447.9375,27.850000000000023
2007-11-19 22:00:00+00:00,527.26171875,121.53515625,302.328125,31.2099609375,6.162109375,648.796875,29.178125000000023
2007-11-19 23:00:00+00:00,686.89453125,128.24609375,303.859375,28.74725341796875,7.408203125,815.140625,30.709375000000023
2007-11-20 00:00:00+00:00,796.39453125,138.98046875,305.390625,26.688720703125,7.892578125,935.375,32.24062500000002
2007-11-20 01:00:00+00:00,846.7265625,143.6640625,307.140625,22.60028076171875,6.994140625,990.390625,33.99062500000002
2007-11-20 02:00:00+00:00,606.3515625,285.5703125,306.78125,24.33050537109375,2.88671875,891.921875,33.63125000000002
2007-11-20 03:00:00+00:00,483.0,351.578125,301.578125,33.5816650390625,2.736328125,834.578125,28.428125000000023
2007-11-20 04:00:00+00:00,510.88671875,254.03515625,303.28125,32.58197021484375,2.6015625,764.921875,30.131250000000023
2007-11-20 05:00:00+00:00,149.5703125,269.5859375,304.0625,35.3377685546875,3.955078125,419.15625,30.912500000000023
2007-11-20 06:00:00+00:00,9.48828125,135.46484375,301.953125,40.3380126953125,6.373046875,144.953125,28.803125000000023
2007-11-20 07:00:00+00:00,0.328125,96.5625,299.921875,44.45892333984375,3.66796875,96.890625,26.771875000000023
2007-11-20 08:00:00+00:00,3.27734375,54.34765625,297.265625,52.62298583984375,4.65625,57.625,24.115625000000023
2007-11-20 09:00:00+00:00,0.0,0.84375,294.546875,56.70245361328125,3.2890625,0.84375,21.396875000000023
2007-11-20 10:00:00+00:00,0.0,0.0,293.046875,65.2786865234375,3.10546875,0.0,19.896875000000023
2007-11-20 11:00:00+00:00,0.0,0.0,292.640625,68.3939208984375,2.4453125,0.0,19.490625000000023
2007-11-20 12:00:00+00:00,0.0,0.0,292.09375,69.80938720703125,2.3046875,0.0,18.943750000000023
2007-11-20 13:00:00+00:00,0.0,0.0,291.609375,72.4283447265625,3.197265625,0.0,18.459375000000023
2007-11-20 14:00:00+00:00,0.0,0.0,290.484375,85.48284912109375,5.828125,0.0,17.334375000000023
2007-11-20 15:00:00+00:00,0.0,0.0,289.453125,90.96466064453125,5.6171875,0.0,16.303125000000023
2007-11-20 16:00:00+00:00,0.0,0.0,288.890625,90.294921875,5.375,0.0,15.740625000000023
2007-11-20 17:00:00+00:00,0.0,0.0,288.546875,88.4713134765625,5.154296875,0.0,15.396875000000023
2007-11-20 18:00:00+00:00,0.0,0.0,288.296875,84.1658935546875,4.0,0.0,15.146875000000023
2007-11-20 19:00:00+00:00,0.0,11.453125,288.0625,85.65386962890625,3.76953125,11.453125,14.912500000000023
2007-11-20 20:00:00+00:00,0.0,19.984375,287.78125,89.12725830078125,3.591796875,19.984375,14.631250000000023
2007-11-20 21:00:00+00:00,0.0,19.90625,287.8125,93.12127685546875,3.265625,19.90625,14.662500000000023
2007-11-20 22:00:00+00:00,0.0,25.5,287.78125,93.3631591796875,3.63671875,25.5,14.631250000000023
2007-11-20 23:00:00+00:00,0.00390625,169.73046875,287.6875,93.2249755859375,3.439453125,169.734375,14.537500000000023
2007-11-21 00:00:00+00:00,0.0,98.140625,288.015625,89.375732421875,4.33203125,98.140625,14.865625000000023
2007-11-21 01:00:00+00:00,8.01953125,259.52734375,287.625,89.78778076171875,5.099609375,267.546875,14.475000000000023
2007-11-21 02:00:00+00:00,1.71875,104.140625,287.953125,86.37469482421875,5.4453125,105.859375,14.803125000000023
2007-11-21 03:00:00+00:00,0.0,103.390625,287.578125,87.2982177734375,4.666015625,103.390625,14.428125000000023
2007-11-21 04:00:00+00:00,50.74609375,422.06640625,287.109375,89.41357421875,5.81640625,472.8125,13.959375000000023
2007-11-21 05:00:00+00:00,8.07421875,175.08203125,287.390625,84.78900146484375,6.09765625,183.15625,14.240625000000023
2007-11-21 06:00:00+00:00,0.359375,102.03125,286.578125,84.98175048828125,6.75,102.390625,13.428125000000023
2007-11-21 07:00:00+00:00,51.30078125,92.98046875,286.109375,81.97039794921875,6.330078125,144.28125,12.959375000000023
2007-11-21 08:00:00+00:00,18.484375,21.671875,286.21875,73.587158203125,5.8125,40.15625,13.068750000000023
2007-11-21 09:00:00+00:00,0.0,0.4375,284.859375,80.6697998046875,4.6875,0.4375,11.709375000000023
2007-11-21 10:00:00+00:00,0.0,0.0,284.875,83.765380859375,3.609375,0.0,11.725000000000023
2007-11-21 11:00:00+00:00,0.0,0.0,285.03125,82.2335205078125,2.49609375,0.0,11.881250000000023
2007-11-21 12:00:00+00:00,0.0,0.0,285.359375,80.156982421875,2.177734375,0.0,12.209375000000023
2007-11-21 13:00:00+00:00,0.0,0.0,285.65625,76.15673828125,2.75,0.0,12.506250000000023
2007-11-21 14:00:00+00:00,0.0,0.0,285.640625,74.20135498046875,3.287109375,0.0,12.490625000000023
2007-11-21 15:00:00+00:00,0.0,0.0,285.234375,80.1148681640625,2.56640625,0.0,12.084375000000023
2007-11-21 16:00:00+00:00,0.0,0.0,285.515625,77.35546875,2.7890625,0.0,12.365625000000023
2007-11-21 17:00:00+00:00,0.0,0.0,285.546875,77.64404296875,2.7890625,0.0,12.396875000000023
2007-11-21 18:00:00+00:00,0.0,0.0,285.390625,78.91754150390625,2.9453125,0.0,12.240625000000023
2007-11-21 19:00:00+00:00,9.71484375,31.59765625,285.359375,79.56689453125,2.8203125,41.3125,12.209375000000023
2007-11-21 20:00:00+00:00,91.99609375,121.48828125,285.609375,79.54669189453125,2.58203125,213.484375,12.459375000000023
2007-11-21 21:00:00+00:00,49.16796875,212.78515625,286.265625,78.9844970703125,2.763671875,261.953125,13.115625000000023
2007-11-21 22:00:00+00:00,133.265625,251.0,287.203125,69.58111572265625,3.861328125,384.265625,14.053125000000023
2007-11-21 23:00:00+00:00,374.41796875,350.66015625,288.015625,64.56787109375,4.162109375,725.078125,14.865625000000023
2007-11-22 00:00:00+00:00,466.578125,289.296875,289.328125,59.2109375,4.275390625,755.875,16.178125000000023
2007-11-22 01:00:00+00:00,623.9140625,301.9453125,290.03125,55.9073486328125,4.630859375,925.859375,16.881250000000023
2007-11-22 02:00:00+00:00,354.77734375,374.26953125,290.671875,53.3326416015625,4.927734375,729.046875,17.521875000000023
2007-11-22 03:00:00+00:00,243.2265625,380.3828125,290.3125,54.8074951171875,4.697265625,623.609375,17.162500000000023
2007-11-22 04:00:00+00:00,537.6171875,274.9921875,290.40625,57.05078125,4.9609375,812.609375,17.256250000000023
2007-11-22 05:00:00+00:00,104.53125,54.9375,290.8125,58.47540283203125,5.73046875,159.46875,17.662500000000023
2007-11-22 06:00:00+00:00,16.82421875,199.56640625,289.46875,63.732666015625,6.31640625,216.390625,16.318750000000023
2007-11-22 07:00:00+00:00,130.359375,119.484375,289.09375,62.787109375,5.810546875,249.84375,15.943750000000023
2007-11-22 08:00:00+00:00,32.390625,34.328125,288.828125,64.78924560546875,4.9921875,66.71875,15.678125000000023
2007-11-22 09:00:00+00:00,0.0,1.015625,287.921875,69.13031005859375,4.1796875,1.015625,14.771875000000023
2007-11-22 10:00:00+00:00,0.0,0.0,287.625,71.50311279296875,3.623046875,0.0,14.475000000000023
2007-11-22 11:00:00+00:00,0.0,0.0,287.40625,75.4686279296875,3.46484375,0.0,14.256250000000023
2007-11-22 12:00:00+00:00,0.0,0.0,287.375,77.136962890625,2.994140625,0.0,14.225000000000023
2007-11-22 13:00:00+00:00,0.0,0.0,286.859375,82.25,3.193359375,0.0,13.709375000000023
2007-11-22 14:00:00+00:00,0.0,0.0,287.046875,84.4921875,2.802734375,0.0,13.896875000000023
2007-11-22 15:00:00+00:00,0.0,0.0,286.8125,86.84991455078125,2.89453125,0.0,13.662500000000023
2007-11-22 16:00:00+00:00,0.0,0.0,286.828125,83.7098388671875,2.666015625,0.0,13.678125000000023
2007-11-22 17:00:00+00:00,0.0,0.0,286.671875,82.78363037109375,2.58203125,0.0,13.521875000000023
2007-11-22 18:00:00+00:00,0.0,0.0,286.46875,84.49566650390625,2.58984375,0.0,13.318750000000023
2007-11-22 19:00:00+00:00,9.47265625,27.51171875,286.03125,86.866943359375,2.5546875,36.984375,12.881250000000023
2007-11-22 20:00:00+00:00,118.96875,85.96875,286.375,83.98101806640625,2.15625,204.9375,13.225000000000023
2007-11-22 21:00:00+00:00,58.28515625,168.16796875,287.28125,76.51873779296875,2.072265625,226.453125,14.131250000000023
2007-11-22 22:00:00+00:00,431.75,208.390625,288.125,66.448486328125,3.025390625,640.140625,14.975000000000023
2007-11-22 23:00:00+00:00,384.859375,251.078125,289.25,60.78851318359375,3.73046875,635.9375,16.100000000000023
2007-11-23 00:00:00+00:00,466.359375,333.09375,289.765625,59.5562744140625,3.873046875,799.453125,16.615625000000023
2007-11-23 01:00:00+00:00,325.15625,430.390625,290.515625,59.37554931640625,4.376953125,755.546875,17.365625000000023
2007-11-23 02:00:00+00:00,304.37890625,459.26171875,290.828125,58.16552734375,4.845703125,763.640625,17.678125000000023
2007-11-23 03:00:00+00:00,110.4921875,384.5859375,290.8125,58.03729248046875,5.15625,495.078125,17.662500000000023
2007-11-23 04:00:00+00:00,678.52734375,197.97265625,290.75,56.46435546875,5.201171875,876.5,17.600000000000023
2007-11-23 05:00:00+00:00,665.74609375,55.56640625,291.296875,54.1849365234375,5.287109375,721.3125,18.146875000000023
2007-11-23 06:00:00+00:00,463.796875,48.515625,291.359375,52.431884765625,5.1875,512.3125,18.209375000000023
2007-11-23 07:00:00+00:00,263.82421875,39.86328125,291.234375,51.81280517578125,4.9453125,303.6875,18.084375000000023
2007-11-23 08:00:00+00:00,86.9453125,14.4453125,290.578125,55.33343505859375,4.400390625,101.390625,17.428125000000023
2007-11-23 09:00:00+00:00,0.5,1.28125,289.4375,62.2864990234375,3.611328125,1.78125,16.287500000000023
2007-11-23 10:00:00+00:00,0.0,0.0,288.546875,67.8551025390625,2.755859375,0.0,15.396875000000023
2007-11-23 11:00:00+00:00,0.0,0.0,287.765625,72.55126953125,2.302734375,0.0,14.615625000000023
2007-11-23 12:00:00+00:00,0.0,0.0,287.25,75.58380126953125,1.76171875,0.0,14.100000000000023
2007-11-23 13:00:00+00:00,0.0,0.0,287.171875,76.9532470703125,1.912109375,0.0,14.021875000000023
2007-11-23 14:00:00+00:00,0.0,0.0,286.703125,80.501708984375,2.3125,0.0,13.553125000000023
2007-11-23 15:00:00+00:00,0.0,0.0,286.5625,81.08380126953125,1.740234375,0.0,13.412500000000023
2007-11-23 16:00:00+00:00,0.0,0.0,286.234375,82.59381103515625,1.46875,0.0,13.084375000000023
2007-11-23 17:00:00+00:00,0.0,0.0,285.984375,84.3251953125,1.33203125,0.0,12.834375000000023
2007-11-23 18:00:00+00:00,0.0,0.0,285.625,86.12158203125,0.9296875,0.0,12.475000000000023
2007-11-23 19:00:00+00:00,8.70703125,19.48046875,285.796875,85.99407958984375,0.705078125,28.1875,12.646875000000023
2007-11-23 20:00:00+00:00,108.9296875,98.0703125,286.0,85.779296875,0.681640625,207.0,12.850000000000023
2007-11-23 21:00:00+00:00,373.0234375,94.6484375,287.046875,77.77734375,1.13671875,467.671875,13.896875000000023
2007-11-23 22:00:00+00:00,524.40234375,127.34765625,287.828125,73.4046630859375,0.978515625,651.75,14.678125000000023
2007-11-23 23:00:00+00:00,753.6875,103.546875,288.453125,72.263916015625,0.443359375,857.234375,15.303125000000023
2007-11-24 00:00:00+00:00,876.0390625,98.3828125,289.515625,70.0609130859375,0.875,974.421875,16.365625000000023
2007-11-24 01:00:00+00:00,962.95703125,83.35546875,291.3125,64.043701171875,2.01171875,1046.3125,18.162500000000023
2007-11-24 02:00:00+00:00,979.5625,72.328125,292.890625,57.237548828125,2.908203125,1051.890625,19.740625000000023
2007-11-24 03:00:00+00:00,926.55859375,70.75390625,294.375,52.41949462890625,3.421875,997.3125,21.225000000000023
2007-11-24 04:00:00+00:00,831.7734375,55.4296875,294.90625,51.29669189453125,4.08203125,887.203125,21.756250000000023
2007-11-24 05:00:00+00:00,680.91796875,45.89453125,295.046875,50.67926025390625,4.64453125,726.8125,21.896875000000023
2007-11-24 06:00:00+00:00,492.15625,36.46875,294.65625,51.435791015625,5.1015625,528.625,21.506250000000023
2007-11-24 07:00:00+00:00,287.8046875,26.3984375,293.828125,52.7159423828125,4.67578125,314.203125,20.678125000000023
2007-11-24 08:00:00+00:00,99.05078125,8.91796875,292.75,56.098388671875,4.248046875,107.96875,19.600000000000023
2007-11-24 09:00:00+00:00,1.21875,1.0,290.9375,64.38775634765625,3.7578125,2.21875,17.787500000000023
2007-11-24 10:00:00+00:00,0.0,0.0,289.75,69.56689453125,3.51171875,0.0,16.600000000000023
2007-11-24 11:00:00+00:00,0.0,0.0,288.796875,73.73345947265625,3.32421875,0.0,15.646875000000023
2007-11-24 12:00:00+00:00,0.0,0.0,288.015625,76.793701171875,2.798828125,0.0,14.865625000000023
2007-11-24 13:00:00+00:00,0.0,0.0,287.53125,78.03973388671875,2.169921875,0.0,14.381250000000023
2007-11-24 14:00:00+00:00,0.0,0.0,287.109375,80.3551025390625,1.841796875,0.0,13.959375000000023
2007-11-24 15:00:00+00:00,0.0,0.0,286.640625,81.7681884765625,1.6015625,0.0,13.490625000000023
2007-11-24 16:00:00+00:00,0.0,0.0,286.203125,83.75830078125,1.353515625,0.0,13.053125000000023
2007-11-24 17:00:00+00:00,0.0,0.0,286.078125,84.4324951171875,1.271484375,0.0,12.928125000000023
2007-11-24 18:00:00+00:00,0.0,0.015625,286.171875,84.08306884765625,1.609375,0.015625,13.021875000000023
2007-11-24 19:00:00+00:00,0.0,14.890625,285.953125,85.7137451171875,1.68359375,14.890625,12.803125000000023
2007-11-24 20:00:00+00:00,0.015625,88.21875,285.890625,87.370849609375,1.8203125,88.234375,12.740625000000023
2007-11-24 21:00:00+00:00,1.1953125,175.7265625,286.859375,80.22161865234375,1.84765625,176.921875,13.709375000000023
2007-11-24 22:00:00+00:00,135.75,307.125,287.671875,73.70294189453125,2.41015625,442.875,14.521875000000023
2007-11-24 23:00:00+00:00,54.41015625,286.16796875,288.453125,71.88873291015625,2.56640625,340.578125,15.303125000000023
2007-11-25 00:00:00+00:00,137.234375,515.6875,288.90625,71.7061767578125,2.904296875,652.921875,15.756250000000023
2007-11-25 01:00:00+00:00,416.35546875,460.64453125,289.921875,68.8380126953125,3.046875,877.0,16.771875000000023
2007-11-25 02:00:00+00:00,379.28515625,423.48046875,290.859375,66.56146240234375,3.458984375,802.765625,17.709375000000023
2007-11-25 03:00:00+00:00,356.7421875,426.7421875,291.75,63.4100341796875,3.67578125,783.484375,18.600000000000023
2007-11-25 04:00:00+00:00,264.41015625,404.15234375,291.890625,63.8681640625,4.140625,668.5625,18.740625000000023
2007-11-25 05:00:00+00:00,516.80078125,171.85546875,292.203125,60.69000244140625,4.2421875,688.65625,19.053125000000023
2007-11-25 06:00:00+00:00,454.97265625,68.69921875,292.34375,57.3092041015625,4.49609375,523.671875,19.193750000000023
2007-11-25 07:00:00+00:00,288.3046875,33.2578125,291.859375,55.7305908203125,4.59375,321.5625,18.709375000000023
2007-11-25 08:00:00+00:00,101.8046875,10.5078125,290.9375,57.5804443359375,4.62109375,112.3125,17.787500000000023
2007-11-25 09:00:00+00:00,0.91015625,1.44921875,289.09375,65.671630859375,4.73046875,2.359375,15.943750000000023
2007-11-25 10:00:00+00:00,0.0,0.0,288.0,69.9332275390625,4.19140625,0.0,14.850000000000023
2007-11-25 11:00:00+00:00,0.0,0.0,287.453125,73.64678955078125,3.607421875,0.0,14.303125000000023
2007-11-25 12:00:00+00:00,0.0,0.0,287.3125,78.128662109375,3.1640625,0.0,14.162500000000023
2007-11-25 13:00:00+00:00,0.0,0.0,286.953125,81.558349609375,2.986328125,0.0,13.803125000000023
2007-11-25 14:00:00+00:00,0.0,0.0,286.828125,81.7003173828125,3.03125,0.0,13.678125000000023
2007-11-25 15:00:00+00:00,0.0,0.0,286.78125,79.4840087890625,2.697265625,0.0,13.631250000000023
2007-11-25 16:00:00+00:00,0.0,0.0,286.359375,82.1878662109375,2.39453125,0.0,13.209375000000023
2007-11-25 17:00:00+00:00,0.0,0.0,285.765625,84.53131103515625,2.19921875,0.0,12.615625000000023
2007-11-25 18:00:00+00:00,0.0,0.03125,285.9375,84.24749755859375,2.306640625,0.03125,12.787500000000023
2007-11-25 19:00:00+00:00,0.015625,27.984375,286.28125,82.44976806640625,2.673828125,28.0,13.131250000000023
2007-11-25 20:00:00+00:00,9.75390625,91.91796875,286.515625,81.483154296875,2.75390625,101.671875,13.365625000000023
2007-11-25 21:00:00+00:00,100.19140625,178.99609375,286.96875,75.5477294921875,3.232421875,279.1875,13.818750000000023
2007-11-25 22:00:00+00:00,136.2734375,258.2890625,287.78125,71.83697509765625,3.525390625,394.5625,14.631250000000023
2007-11-25 23:00:00+00:00,495.6484375,243.5703125,288.625,67.5494384765625,3.859375,739.21875,15.475000000000023
2007-11-26 00:00:00+00:00,594.140625,255.046875,289.859375,61.77935791015625,4.1328125,849.1875,16.709375000000023
2007-11-26 01:00:00+00:00,716.58203125,229.76171875,290.796875,57.6075439453125,4.09765625,946.34375,17.646875000000023
2007-11-26 02:00:00+00:00,888.8671875,156.5703125,291.71875,53.5928955078125,4.220703125,1045.4375,18.568750000000023
2007-11-26 03:00:00+00:00,675.671875,257.875,291.65625,52.49871826171875,4.31640625,933.546875,18.506250000000023
2007-11-26 04:00:00+00:00,814.52734375,89.20703125,292.390625,49.5958251953125,4.5703125,903.734375,19.240625000000023
2007-11-26 05:00:00+00:00,695.734375,47.359375,292.703125,46.56927490234375,4.845703125,743.09375,19.553125000000023
2007-11-26 06:00:00+00:00,507.234375,37.609375,292.46875,46.3656005859375,5.046875,544.84375,19.318750000000023
2007-11-26 07:00:00+00:00,299.83984375,26.87890625,291.921875,48.4522705078125,4.73828125,326.71875,18.771875000000023
2007-11-26 08:00:00+00:00,105.609375,9.75,291.265625,53.2398681640625,4.13671875,115.359375,18.115625000000023
2007-11-26 09:00:00+00:00,1.96875,1.0625,290.140625,61.47369384765625,5.001953125,3.03125,16.990625000000023
2007-11-26 10:00:00+00:00,0.0,0.0,289.359375,69.82781982421875,4.4765625,0.0,16.209375000000023
2007-11-26 11:00:00+00:00,0.0,0.0,289.34375,73.85540771484375,4.185546875,0.0,16.193750000000023
2007-11-26 12:00:00+00:00,0.0,0.0,288.828125,73.2022705078125,4.880859375,0.0,15.678125000000023
2007-11-26 13:00:00+00:00,0.0,0.0,287.875,77.49969482421875,4.841796875,0.0,14.725000000000023
2007-11-26 14:00:00+00:00,0.0,0.0,287.046875,81.4503173828125,4.75390625,0.0,13.896875000000023
2007-11-26 15:00:00+00:00,0.0,0.0,286.328125,83.64947509765625,4.470703125,0.0,13.178125000000023
2007-11-26 16:00:00+00:00,0.0,0.0,286.078125,84.18231201171875,4.04296875,0.0,12.928125000000023
2007-11-26 17:00:00+00:00,0.0,0.0,286.03125,84.75555419921875,3.01953125,0.0,12.881250000000023
2007-11-26 18:00:00+00:00,0.0,0.046875,285.9375,85.385986328125,2.494140625,0.046875,12.787500000000023
2007-11-26 19:00:00+00:00,28.74609375,34.86328125,285.890625,85.340087890625,2.4765625,63.609375,12.740625000000023
2007-11-26 20:00:00+00:00,94.125,107.5,286.875,81.2371826171875,2.220703125,201.625,13.725000000000023
2007-11-26 21:00:00+00:00,377.16796875,94.45703125,287.71875,78.15350341796875,2.08203125,471.625,14.568750000000023
2007-11-26 22:00:00+00:00,574.8828125,98.2421875,288.90625,74.55133056640625,1.796875,673.125,15.756250000000023
2007-11-26 23:00:00+00:00,738.49609375,102.64453125,290.828125,69.09515380859375,1.4140625,841.140625,17.678125000000023
2007-11-27 00:00:00+00:00,864.07421875,101.36328125,293.40625,62.28668212890625,1.3046875,965.4375,20.256250000000023
2007-11-27 01:00:00+00:00,941.6640625,95.6796875,295.78125,56.4932861328125,1.15234375,1037.34375,22.631250000000023
2007-11-27 02:00:00+00:00,960.35546875,84.33203125,298.03125,52.63189697265625,1.796875,1044.6875,24.881250000000023
2007-11-27 03:00:00+00:00,712.71875,160.375,300.5625,42.97943115234375,1.787109375,873.09375,27.412500000000023
2007-11-27 04:00:00+00:00,542.23046875,156.31640625,301.359375,39.57568359375,1.61328125,698.546875,28.209375000000023
2007-11-27 05:00:00+00:00,486.6875,125.53125,301.9375,36.95281982421875,2.107421875,612.21875,28.787500000000023
2007-11-27 06:00:00+00:00,411.359375,75.5,302.390625,35.71441650390625,4.216796875,486.859375,29.240625000000023
2007-11-27 07:00:00+00:00,268.1015625,41.1484375,301.515625,41.6226806640625,5.826171875,309.25,28.365625000000023
2007-11-27 08:00:00+00:00,92.078125,15.25,299.40625,52.2802734375,6.47265625,107.328125,26.256250000000023
2007-11-27 09:00:00+00:00,1.54296875,1.61328125,297.453125,57.11181640625,5.791015625,3.15625,24.303125000000023
2007-11-27 10:00:00+00:00,0.0,0.0,295.78125,62.61602783203125,4.916015625,0.0,22.631250000000023
2007-11-27 11:00:00+00:00,0.0,0.0,294.890625,65.81805419921875,3.958984375,0.0,21.740625000000023
2007-11-27 12:00:00+00:00,0.0,0.0,294.671875,67.1519775390625,3.296875,0.0,21.521875000000023
2007-11-27 13:00:00+00:00,0.0,0.0,294.734375,67.245849609375,1.98828125,0.0,21.584375000000023
2007-11-27 14:00:00+00:00,0.0,0.0,294.8125,67.338134765625,1.4140625,0.0,21.662500000000023
2007-11-27 15:00:00+00:00,0.0,0.0,292.96875,73.00201416015625,1.41796875,0.0,19.818750000000023
2007-11-27 16:00:00+00:00,0.0,0.0,293.71875,71.34246826171875,1.84765625,0.0,20.568750000000023
2007-11-27 17:00:00+00:00,0.0,0.0,293.234375,72.268798828125,1.78125,0.0,20.084375000000023
2007-11-27 18:00:00+00:00,0.0,0.0625,294.046875,60.791015625,3.89453125,0.0625,20.896875000000023
2007-11-27 19:00:00+00:00,0.453125,40.953125,294.234375,58.4539794921875,5.30859375,41.40625,21.084375000000023
2007-11-27 20:00:00+00:00,58.19140625,126.37109375,294.421875,59.81683349609375,5.787109375,184.5625,21.271875000000023
2007-11-27 21:00:00+00:00,27.57421875,210.84765625,295.109375,60.63397216796875,5.701171875,238.421875,21.959375000000023
2007-11-27 22:00:00+00:00,13.2890625,305.6796875,295.578125,60.12200927734375,6.126953125,318.96875,22.428125000000023
2007-11-27 23:00:00+00:00,536.5078125,259.5390625,296.25,58.51287841796875,6.50390625,796.046875,23.100000000000023
2007-11-28 00:00:00+00:00,577.23046875,277.95703125,298.140625,52.90386962890625,6.775390625,855.1875,24.990625000000023
2007-11-28 01:00:00+00:00,487.5546875,379.0859375,299.40625,49.4368896484375,6.51171875,866.640625,26.256250000000023
2007-11-28 02:00:00+00:00,622.46875,259.640625,300.21875,46.32647705078125,6.087890625,882.109375,27.068750000000023
2007-11-28 03:00:00+00:00,463.56640625,368.65234375,301.09375,42.66571044921875,5.443359375,832.21875,27.943750000000023
2007-11-28 04:00:00+00:00,90.8984375,245.3828125,301.265625,40.586181640625,5.318359375,336.28125,28.115625000000023
2007-11-28 05:00:00+00:00,153.953125,323.40625,300.296875,44.12066650390625,4.083984375,477.359375,27.146875000000023
2007-11-28 06:00:00+00:00,100.8203125,219.3203125,299.84375,47.380615234375,3.10546875,320.140625,26.693750000000023
2007-11-28 07:00:00+00:00,46.4296875,114.3203125,297.390625,56.45343017578125,3.20703125,160.75,24.240625000000023
2007-11-28 08:00:00+00:00,50.4375,48.1875,296.34375,60.7239990234375,2.810546875,98.625,23.193750000000023
2007-11-28 09:00:00+00:00,0.0,2.703125,294.8125,71.4573974609375,2.361328125,2.703125,21.662500000000023
2007-11-28 10:00:00+00:00,0.0,0.0,294.265625,72.28570556640625,2.546875,0.0,21.115625000000023
2007-11-28 11:00:00+00:00,0.0,0.0,293.046875,74.07830810546875,2.69140625,0.0,19.896875000000023
2007-11-28 12:00:00+00:00,0.0,0.0,291.625,78.47442626953125,2.814453125,0.0,18.475000000000023
2007-11-28 13:00:00+00:00,0.0,0.0,290.46875,83.47698974609375,2.814453125,0.0,17.318750000000023
2007-11-28 14:00:00+00:00,0.0,0.0,289.75,86.13787841796875,2.5625,0.0,16.600000000000023
2007-11-28 15:00:00+00:00,0.0,0.0,289.28125,86.708251953125,1.52734375,0.0,16.131250000000023
2007-11-28 16:00:00+00:00,0.0,0.0,289.296875,85.56781005859375,1.5078125,0.0,16.146875000000023
2007-11-28 17:00:00+00:00,0.0,0.0,289.40625,84.32513427734375,1.330078125,0.0,16.256250000000023
2007-11-28 18:00:00+00:00,0.0,0.046875,289.484375,83.8089599609375,1.44140625,0.046875,16.334375000000023
2007-11-28 19:00:00+00:00,1.953125,32.109375,289.46875,85.13720703125,1.173828125,34.0625,16.318750000000023
2007-11-28 20:00:00+00:00,16.49609375,119.08203125,289.546875,85.75457763671875,0.875,135.578125,16.396875000000023
2007-11-28 21:00:00+00:00,12.359375,95.390625,289.46875,87.14739990234375,0.57421875,107.75,16.318750000000023
2007-11-28 22:00:00+00:00,11.97265625,163.73046875,289.546875,88.503173828125,0.40625,175.703125,16.396875000000023
2007-11-28 23:00:00+00:00,217.03125,280.953125,289.875,88.53564453125,0.73046875,497.984375,16.725000000000023
2007-11-29 00:00:00+00:00,233.5,436.625,291.328125,83.93292236328125,0.841796875,670.125,18.178125000000023
2007-11-29 01:00:00+00:00,622.57421875,320.50390625,293.015625,77.42266845703125,1.19140625,943.078125,19.865625000000023
2007-11-29 02:00:00+00:00,626.734375,291.796875,295.25,69.801025390625,1.5546875,918.53125,22.100000000000023
2007-11-29 03:00:00+00:00,496.2578125,316.9765625,295.046875,70.91668701171875,2.08984375,813.234375,21.896875000000023
2007-11-29 04:00:00+00:00,199.8359375,284.3515625,296.46875,66.63037109375,3.314453125,484.1875,23.318750000000023
2007-11-29 05:00:00+00:00,213.53515625,315.08984375,295.984375,68.244384765625,4.0078125,528.625,22.834375000000023
2007-11-29 06:00:00+00:00,73.2421875,239.2734375,295.984375,67.8726806640625,3.55078125,312.515625,22.834375000000023
2007-11-29 07:00:00+00:00,23.9296875,143.3359375,297.09375,61.5723876953125,3.0234375,167.265625,23.943750000000023
2007-11-29 08:00:00+00:00,0.98046875,40.47265625,297.53125,55.9583740234375,4.724609375,41.453125,24.381250000000023
2007-11-29 09:00:00+00:00,0.109375,3.453125,295.0,65.85589599609375,5.2890625,3.5625,21.850000000000023
2007-11-29 10:00:00+00:00,0.0,0.0,293.796875,70.15081787109375,4.853515625,0.0,20.646875000000023
2007-11-29 11:00:00+00:00,0.0,0.0,293.046875,72.56085205078125,4.23046875,0.0,19.896875000000023
2007-11-29 12:00:00+00:00,0.0,0.0,292.59375,73.84747314453125,3.498046875,0.0,19.443750000000023
2007-11-29 13:00:00+00:00,0.0,0.0,292.28125,74.82562255859375,2.85546875,0.0,19.131250000000023
2007-11-29 14:00:00+00:00,0.0,0.0,291.96875,76.11151123046875,2.24609375,0.0,18.818750000000023
2007-11-29 15:00:00+00:00,0.0,0.0,291.34375,77.44256591796875,1.49609375,0.0,18.193750000000023
2007-11-29 16:00:00+00:00,0.0,0.0,291.28125,78.1380615234375,0.7734375,0.0,18.131250000000023
2007-11-29 17:00:00+00:00,0.0,0.0,290.859375,80.3018798828125,0.41015625,0.0,17.709375000000023
2007-11-29 18:00:00+00:00,0.0,0.09375,290.625,81.93585205078125,0.46484375,0.09375,17.475000000000023
2007-11-29 19:00:00+00:00,9.53125,35.078125,290.21875,84.63330078125,0.16796875,44.609375,17.068750000000023
2007-11-29 20:00:00+00:00,67.5,132.78125,290.59375,84.1920166015625,0.220703125,200.28125,17.443750000000023
2007-11-29 21:00:00+00:00,207.33203125,194.55859375,291.171875,82.69873046875,1.068359375,401.890625,18.021875000000023
2007-11-29 22:00:00+00:00,365.0703125,229.9140625,292.3125,78.1285400390625,1.3046875,594.984375,19.162500000000023
2007-11-29 23:00:00+00:00,637.0546875,173.3515625,293.53125,73.60784912109375,1.2890625,810.40625,20.381250000000023
2007-11-30 00:00:00+00:00,833.6953125,117.8203125,295.1875,67.0328369140625,1.5390625,951.515625,22.037500000000023
2007-11-30 01:00:00+00:00,890.09375,126.671875,297.0,59.72479248046875,1.58203125,1016.765625,23.850000000000023
2007-11-30 02:00:00+00:00,811.67578125,159.10546875,298.65625,49.752685546875,2.935546875,970.78125,25.506250000000023
2007-11-30 03:00:00+00:00,923.6953125,78.7265625,297.96875,51.29791259765625,3.5859375,1002.421875,24.818750000000023
2007-11-30 04:00:00+00:00,825.21484375,67.44140625,298.71875,48.76513671875,4.05078125,892.65625,25.568750000000023
2007-11-30 05:00:00+00:00,677.59375,56.203125,299.015625,46.51861572265625,4.310546875,733.796875,25.865625000000023
2007-11-30 06:00:00+00:00,431.36328125,61.52734375,299.4375,39.92132568359375,4.337890625,492.890625,26.287500000000023
2007-11-30 07:00:00+00:00,249.85546875,56.89453125,298.921875,39.34295654296875,4.6875,306.75,25.771875000000023
2007-11-30 08:00:00+00:00,105.328125,19.75,297.40625,46.2645263671875,4.7265625,125.078125,24.256250000000023
2007-11-30 09:00:00+00:00,2.890625,1.234375,294.234375,71.1522216796875,4.486328125,4.125,21.084375000000023
2007-11-30 10:00:00+00:00,0.0,0.0,293.171875,73.71734619140625,3.94140625,0.0,20.021875000000023
2007-11-30 11:00:00+00:00,0.0,0.0,292.15625,77.234130859375,3.53125,0.0,19.006250000000023
2007-11-30 12:00:00+00:00,0.0,0.0,291.390625,80.05926513671875,3.65625,0.0,18.240625000000023
2007-11-30 13:00:00+00:00,0.0,0.0,290.59375,82.7069091796875,3.6953125,0.0,17.443750000000023
2007-11-30 14:00:00+00:00,0.0,0.0,289.6875,86.6011962890625,3.685546875,0.0,16.537500000000023
2007-11-30 15:00:00+00:00,0.0,0.0,289.1875,88.40582275390625,2.923828125,0.0,16.037500000000023
2007-11-30 16:00:00+00:00,0.0,0.0,288.859375,89.91400146484375,2.236328125,0.0,15.709375000000023
2007-11-30 17:00:00+00:00,0.0,0.0,288.4375,91.6986083984375,2.138671875,0.0,15.287500000000023
2007-11-30 18:00:00+00:00,0.0,0.0625,288.328125,91.417724609375,2.38671875,0.0625,15.178125000000023
2007-11-30 19:00:00+00:00,0.140625,32.78125,288.234375,92.2735595703125,2.1015625,32.921875,15.084375000000023
2007-11-30 20:00:00+00:00,2.15234375,112.25390625,288.359375,92.06365966796875,1.62109375,114.40625,15.209375000000023
2007-11-30 21:00:00+00:00,5.87890625,149.93359375,289.296875,86.8765869140625,2.1328125,155.8125,16.146875000000023
2007-11-30 22:00:00+00:00,191.78515625,241.54296875,289.953125,83.702392578125,1.98828125,433.328125,16.803125000000023
2007-11-30 23:00:00+00:00,393.8359375,280.8203125,291.15625,77.78985595703125,1.572265625,674.65625,18.006250000000023
2007-12-01 00:00:00+00:00,535.62109375,294.87890625,292.9375,70.28741455078125,1.701171875,830.5,19.787500000000023
2007-12-01 01:00:00+00:00,780.3203125,194.6328125,295.03125,60.1864013671875,1.8046875,974.953125,21.881250000000023
2007-12-01 02:00:00+00:00,914.96875,125.859375,297.109375,46.756103515625,1.609375,1040.828125,23.959375000000023
2007-12-01 03:00:00+00:00,911.12890625,91.65234375,299.671875,34.05224609375,2.943359375,1002.78125,26.521875000000023
2007-12-01 04:00:00+00:00,831.125,64.359375,300.6875,29.7353515625,3.40625,895.484375,27.537500000000023
2007-12-01 05:00:00+00:00,685.328125,52.9375,301.171875,28.72332763671875,3.912109375,738.265625,28.021875000000023
2007-12-01 06:00:00+00:00,502.53515625,41.91796875,301.125,29.8682861328125,4.529296875,544.453125,27.975000000000023
2007-12-01 07:00:00+00:00,302.25,30.5625,300.625,32.02911376953125,4.982421875,332.8125,27.475000000000023
2007-12-01 08:00:00+00:00,112.3828125,13.6328125,299.53125,37.6092529296875,5.337890625,126.015625,26.381250000000023
2007-12-01 09:00:00+00:00,3.98828125,1.46484375,297.59375,46.23577880859375,5.26953125,5.453125,24.443750000000023
2007-12-01 10:00:00+00:00,0.0,0.0,295.65625,52.75152587890625,4.234375,0.0,22.506250000000023
2007-12-01 11:00:00+00:00,0.0,0.0,294.21875,58.1947021484375,3.3828125,0.0,21.068750000000023
2007-12-01 12:00:00+00:00,0.0,0.0,293.078125,62.88275146484375,2.63671875,0.0,19.928125000000023
2007-12-01 13:00:00+00:00,0.0,0.0,292.1875,66.84466552734375,2.189453125,0.0,19.037500000000023
2007-12-01 14:00:00+00:00,0.0,0.0,291.609375,69.36767578125,1.5390625,0.0,18.459375000000023
2007-12-01 15:00:00+00:00,0.0,0.0,291.203125,71.2677001953125,0.865234375,0.0,18.053125000000023
2007-12-01 16:00:00+00:00,0.0,0.0,291.46875,70.79071044921875,1.318359375,0.0,18.318750000000023
2007-12-01 17:00:00+00:00,0.0,0.0,292.421875,69.94805908203125,2.623046875,0.0,19.271875000000023
2007-12-01 18:00:00+00:00,0.0,0.140625,292.9375,65.96044921875,3.94140625,0.140625,19.787500000000023
2007-12-01 19:00:00+00:00,32.1484375,36.4140625,292.59375,65.86279296875,4.326171875,68.5625,19.443750000000023
2007-12-01 20:00:00+00:00,182.16796875,77.76953125,293.296875,63.2559814453125,5.02734375,259.9375,20.146875000000023
2007-12-01 21:00:00+00:00,370.89453125,98.48046875,294.40625,58.20703125,5.9453125,469.375,21.256250000000023
2007-12-01 22:00:00+00:00,544.890625,118.5,295.859375,55.80340576171875,7.04296875,663.390625,22.709375000000023
2007-12-01 23:00:00+00:00,717.80859375,118.59765625,297.75,50.724365234375,7.5625,836.40625,24.600000000000023
2007-12-02 00:00:00+00:00,829.09765625,128.57421875,299.4375,45.66339111328125,7.625,957.671875,26.287500000000023
2007-12-02 01:00:00+00:00,915.93359375,114.09765625,301.125,40.40753173828125,7.365234375,1030.03125,27.975000000000023
2007-12-02 02:00:00+00:00,758.36328125,50.71484375,302.78125,34.46417236328125,6.916015625,809.078125,29.631250000000023
2007-12-02 03:00:00+00:00,237.68359375,205.53515625,303.0,31.30072021484375,6.029296875,443.21875,29.850000000000023
2007-12-02 04:00:00+00:00,419.34375,349.234375,303.3125,29.36151123046875,5.06640625,768.578125,30.162500000000023
2007-12-02 05:00:00+00:00,95.5703125,296.6796875,304.78125,25.70562744140625,4.880859375,392.25,31.631250000000023
2007-12-02 06:00:00+00:00,9.05078125,193.96484375,303.9375,27.186279296875,4.90234375,203.015625,30.787500000000023
2007-12-02 07:00:00+00:00,59.8359375,163.2109375,303.0,29.3695068359375,4.966796875,223.046875,29.850000000000023
2007-12-02 08:00:00+00:00,5.37109375,39.23828125,302.5625,31.388671875,5.669921875,44.609375,29.412500000000023
2007-12-02 09:00:00+00:00,0.0,4.59375,301.34375,36.174072265625,6.22265625,4.59375,28.193750000000023
2007-12-02 10:00:00+00:00,0.0,0.0,300.375,38.91009521484375,5.505859375,0.0,27.225000000000023
2007-12-02 11:00:00+00:00,0.0,0.0,299.390625,42.26763916015625,3.53125,0.0,26.240625000000023
2007-12-02 12:00:00+00:00,0.0,0.0,298.53125,44.86309814453125,2.49609375,0.0,25.381250000000023
2007-12-02 13:00:00+00:00,0.0,0.0,296.421875,53.838134765625,2.302734375,0.0,23.271875000000023
2007-12-02 14:00:00+00:00,0.0,0.0,293.90625,68.9337158203125,2.4609375,0.0,20.756250000000023
2007-12-02 15:00:00+00:00,0.0,0.0,294.203125,59.19488525390625,1.994140625,0.0,21.053125000000023
2007-12-02 16:00:00+00:00,0.0,0.0,293.921875,61.08624267578125,0.96875,0.0,20.771875000000023
2007-12-02 17:00:00+00:00,0.0,0.0,293.859375,61.54437255859375,1.419921875,0.0,20.709375000000023
2007-12-02 18:00:00+00:00,0.0,0.125,293.484375,66.53790283203125,2.88671875,0.125,20.334375000000023
2007-12-02 19:00:00+00:00,3.0390625,19.4765625,292.25,74.65277099609375,1.728515625,22.515625,19.100000000000023
2007-12-02 20:00:00+00:00,29.2109375,132.8203125,292.25,74.95458984375,0.322265625,162.03125,19.100000000000023
2007-12-02 21:00:00+00:00,92.53125,169.921875,294.9375,66.59588623046875,4.763671875,262.453125,21.787500000000023
2007-12-02 22:00:00+00:00,124.16796875,262.06640625,295.984375,61.82342529296875,5.17578125,386.234375,22.834375000000023
2007-12-02 23:00:00+00:00,606.32421875,206.44140625,297.359375,56.2772216796875,5.47265625,812.765625,24.209375000000023
2007-12-03 00:00:00+00:00,433.05078125,274.88671875,299.484375,48.94830322265625,5.47265625,707.9375,26.334375000000023
2007-12-03 01:00:00+00:00,794.9140625,202.1015625,299.359375,52.07159423828125,3.322265625,997.015625,26.209375000000023
2007-12-03 02:00:00+00:00,148.39453125,0.0,297.34375,63.89447021484375,5.541015625,70.34375,24.193750000000023
2007-12-03 03:00:00+00:00,60.3515625,0.0,295.234375,73.98321533203125,3.724609375,24.59375,22.084375000000023
2007-12-03 04:00:00+00:00,442.83203125,305.73046875,294.921875,76.01611328125,1.91796875,748.5625,21.771875000000023
2007-12-03 05:00:00+00:00,323.26171875,224.78515625,295.421875,72.907470703125,3.001953125,548.046875,22.271875000000023
2007-12-03 06:00:00+00:00,143.3515625,213.9453125,293.84375,74.36444091796875,5.568359375,357.296875,20.693750000000023
2007-12-03 07:00:00+00:00,42.4140625,47.5859375,293.03125,77.1807861328125,3.537109375,90.0,19.881250000000023
2007-12-03 08:00:00+00:00,46.84375,52.703125,292.65625,80.9815673828125,2.623046875,99.546875,19.506250000000023
2007-12-03 09:00:00+00:00,1.55859375,0.76953125,290.8125,88.1185302734375,3.626953125,2.328125,17.662500000000023
2007-12-03 10:00:00+00:00,0.0,0.0,290.078125,84.594970703125,3.103515625,0.0,16.928125000000023
2007-12-03 11:00:00+00:00,0.0,0.0,289.765625,80.9013671875,2.326171875,0.0,16.615625000000023
2007-12-03 12:00:00+00:00,0.0,0.0,289.21875,83.73388671875,1.412109375,0.0,16.068750000000023
2007-12-03 13:00:00+00:00,0.0,0.0,288.90625,84.40325927734375,1.16015625,0.0,15.756250000000023
2007-12-03 14:00:00+00:00,0.0,0.0,288.6875,84.0677490234375,1.427734375,0.0,15.537500000000023
2007-12-03 15:00:00+00:00,0.0,0.0,288.515625,84.6263427734375,1.412109375,0.0,15.365625000000023
2007-12-03 16:00:00+00:00,0.0,0.0,288.265625,85.332275390625,1.53125,0.0,15.115625000000023
2007-12-03 17:00:00+00:00,0.0,0.0,288.21875,86.33575439453125,1.982421875,0.0,15.068750000000023
2007-12-03 18:00:00+00:00,0.0,0.15625,288.109375,86.380859375,2.51953125,0.15625,14.959375000000023
2007-12-03 19:00:00+00:00,32.921875,36.546875,287.765625,77.171875,3.15625,69.46875,14.615625000000023
2007-12-03 20:00:00+00:00,182.078125,80.015625,287.78125,73.2960205078125,3.673828125,262.09375,14.631250000000023
2007-12-03 21:00:00+00:00,227.93359375,146.37890625,287.75,71.8231201171875,4.013671875,374.3125,14.600000000000023
2007-12-03 22:00:00+00:00,267.03515625,238.52734375,287.953125,72.2913818359375,4.169921875,505.5625,14.803125000000023
2007-12-03 23:00:00+00:00,415.47265625,244.68359375,288.984375,67.27685546875,3.89453125,660.15625,15.834375000000023
2007-12-04 00:00:00+00:00,568.94140625,265.30859375,290.53125,59.98980712890625,3.66796875,834.25,17.381250000000023
2007-12-04 01:00:00+00:00,670.71875,310.359375,292.1875,53.29779052734375,3.083984375,981.078125,19.037500000000023
2007-12-04 02:00:00+00:00,636.2890625,314.3359375,293.890625,47.191650390625,3.283203125,950.625,20.740625000000023
2007-12-04 03:00:00+00:00,557.72265625,276.37109375,295.28125,42.70703125,3.125,834.09375,22.131250000000023
2007-12-04 04:00:00+00:00,552.046875,249.328125,295.921875,41.31646728515625,3.7734375,801.375,22.771875000000023
2007-12-04 05:00:00+00:00,270.3125,178.078125,295.984375,42.27294921875,4.8125,448.390625,22.834375000000023
2007-12-04 06:00:00+00:00,376.1171875,136.1484375,294.6875,49.46551513671875,5.6171875,512.265625,21.537500000000023
2007-12-04 07:00:00+00:00,224.33984375,80.44140625,293.625,56.50732421875,5.744140625,304.78125,20.475000000000023
2007-12-04 08:00:00+00:00,47.99609375,41.51953125,292.203125,63.590576171875,5.67578125,89.515625,19.053125000000023
2007-12-04 09:00:00+00:00,0.0,1.953125,290.65625,67.07275390625,5.125,1.953125,17.506250000000023
2007-12-04 10:00:00+00:00,0.0,0.0,289.9375,68.01934814453125,4.255859375,0.0,16.787500000000023
2007-12-04 11:00:00+00:00,0.0,0.0,289.421875,69.0,3.5546875,0.0,16.271875000000023
2007-12-04 12:00:00+00:00,0.0,0.0,289.09375,69.56903076171875,3.20703125,0.0,15.943750000000023
2007-12-04 13:00:00+00:00,0.0,0.0,288.796875,70.4412841796875,2.7890625,0.0,15.646875000000023
2007-12-04 14:00:00+00:00,0.0,0.0,288.296875,73.4505615234375,2.46484375,0.0,15.146875000000023
2007-12-04 15:00:00+00:00,0.0,0.0,288.171875,72.07489013671875,2.6015625,0.0,15.021875000000023
2007-12-04 16:00:00+00:00,0.0,0.0,287.859375,74.31396484375,2.265625,0.0,14.709375000000023
2007-12-04 17:00:00+00:00,0.0,0.0,287.84375,75.04248046875,2.228515625,0.0,14.693750000000023
2007-12-04 18:00:00+00:00,0.0,0.171875,287.609375,78.31097412109375,1.953125,0.171875,14.459375000000023
2007-12-04 19:00:00+00:00,35.7421875,36.5390625,286.84375,82.65594482421875,1.87890625,72.28125,13.693750000000023
2007-12-04 20:00:00+00:00,194.640625,73.984375,287.25,79.976806640625,2.099609375,268.625,14.100000000000023
2007-12-04 21:00:00+00:00,394.7421875,89.1171875,288.359375,68.5272216796875,2.990234375,483.859375,15.209375000000023
2007-12-04 22:00:00+00:00,570.046875,105.078125,289.625,60.715087890625,3.337890625,675.125,16.475000000000023
2007-12-04 23:00:00+00:00,722.9140625,123.2890625,290.890625,56.545654296875,3.71875,846.203125,17.740625000000023
2007-12-05 00:00:00+00:00,706.75,146.28125,292.28125,53.6064453125,3.76953125,853.03125,19.131250000000023
2007-12-05 01:00:00+00:00,685.7734375,253.9453125,293.453125,51.2174072265625,3.8828125,939.71875,20.303125000000023
2007-12-05 02:00:00+00:00,405.1953125,172.1796875,294.703125,48.62530517578125,3.982421875,577.375,21.553125000000023
2007-12-05 03:00:00+00:00,638.890625,292.4375,296.109375,47.94903564453125,4.08984375,931.328125,22.959375000000023
2007-12-05 04:00:00+00:00,650.7265625,189.7890625,297.515625,43.45599365234375,3.513671875,840.515625,24.365625000000023
2007-12-05 05:00:00+00:00,441.015625,159.765625,298.546875,39.73748779296875,2.521484375,600.78125,25.396875000000023
2007-12-05 06:00:00+00:00,263.1796875,120.1640625,298.71875,39.2830810546875,1.63671875,383.34375,25.568750000000023
2007-12-05 07:00:00+00:00,267.109375,67.96875,297.984375,43.6243896484375,1.86328125,335.078125,24.834375000000023
2007-12-05 08:00:00+00:00,102.49609375,19.92578125,297.296875,49.00347900390625,2.609375,122.421875,24.146875000000023
2007-12-05 09:00:00+00:00,4.54296875,2.94140625,295.40625,57.0947265625,5.7578125,7.484375,22.256250000000023
2007-12-05 10:00:00+00:00,0.0,0.0,293.484375,63.2022705078125,5.5078125,0.0,20.334375000000023
2007-12-05 11:00:00+00:00,0.0,0.0,292.21875,67.41015625,5.0703125,0.0,19.068750000000023
2007-12-05 12:00:00+00:00,0.0,0.0,291.53125,70.6331787109375,3.875,0.0,18.381250000000023
2007-12-05 13:00:00+00:00,0.0,0.0,291.15625,73.0078125,2.4921875,0.0,18.006250000000023
2007-12-05 14:00:00+00:00,0.0,0.0,290.8125,74.72589111328125,1.423828125,0.0,17.662500000000023
2007-12-05 15:00:00+00:00,0.0,0.0,289.984375,76.343994140625,0.798828125,0.0,16.834375000000023
2007-12-05 16:00:00+00:00,0.0,0.0,289.515625,78.6376953125,0.603515625,0.0,16.365625000000023
2007-12-05 17:00:00+00:00,0.0,0.0,289.578125,79.0330810546875,1.427734375,0.0,16.428125000000023
2007-12-05 18:00:00+00:00,0.0,0.15625,289.25,82.8997802734375,0.953125,0.15625,16.100000000000023
2007-12-05 19:00:00+00:00,29.78515625,37.27734375,289.609375,82.556640625,1.3671875,67.0625,16.459375000000023
2007-12-05 20:00:00+00:00,176.2265625,80.1796875,290.921875,78.2613525390625,2.013671875,256.40625,17.771875000000023
2007-12-05 21:00:00+00:00,369.8046875,97.9921875,293.140625,69.970703125,3.30078125,467.796875,19.990625000000023
2007-12-05 22:00:00+00:00,563.6796875,105.2421875,295.265625,62.78656005859375,4.251953125,668.921875,22.115625000000023
2007-12-05 23:00:00+00:00,733.859375,106.171875,297.4375,55.8193359375,5.095703125,840.03125,24.287500000000023
2007-12-06 00:00:00+00:00,860.82421875,103.30078125,299.515625,49.26422119140625,5.359375,964.125,26.365625000000023
2007-12-06 01:00:00+00:00,932.421875,99.21875,301.203125,43.322509765625,5.712890625,1031.640625,28.053125000000023
2007-12-06 02:00:00+00:00,896.7890625,105.6328125,302.859375,34.7041015625,5.755859375,1002.421875,29.709375000000023
2007-12-06 03:00:00+00:00,639.58203125,59.91796875,304.3125,26.1417236328125,4.615234375,699.5,31.162500000000023
2007-12-06 04:00:00+00:00,375.7109375,225.1171875,304.1875,27.5147705078125,5.041015625,600.828125,31.037500000000023
2007-12-06 05:00:00+00:00,458.515625,145.15625,304.171875,28.37469482421875,4.802734375,603.671875,31.021875000000023
2007-12-06 06:00:00+00:00,382.50390625,113.27734375,304.53125,28.71160888671875,4.93359375,495.78125,31.381250000000023
2007-12-06 07:00:00+00:00,144.484375,86.34375,304.5,29.610595703125,5.474609375,230.828125,31.350000000000023
2007-12-06 08:00:00+00:00,32.5,67.296875,303.546875,32.0797119140625,5.755859375,99.796875,30.396875000000023
2007-12-06 09:00:00+00:00,0.3203125,6.4609375,303.0625,33.47772216796875,5.109375,6.78125,29.912500000000023
2007-12-06 10:00:00+00:00,0.0,0.0,301.75,38.40325927734375,5.189453125,0.0,28.600000000000023
2007-12-06 11:00:00+00:00,0.0,0.0,300.671875,39.89862060546875,4.677734375,0.0,27.521875000000023
2007-12-06 12:00:00+00:00,0.0,0.0,300.125,40.8907470703125,4.73046875,0.0,26.975000000000023
2007-12-06 13:00:00+00:00,0.0,0.0,299.9375,41.44622802734375,5.2578125,0.0,26.787500000000023
2007-12-06 14:00:00+00:00,0.0,0.0,299.828125,42.1099853515625,5.92578125,0.0,26.678125000000023
2007-12-06 15:00:00+00:00,0.0,0.0,300.09375,42.92303466796875,5.76953125,0.0,26.943750000000023
2007-12-06 16:00:00+00:00,0.0,0.0,300.109375,43.6343994140625,6.4140625,0.0,26.959375000000023
2007-12-06 17:00:00+00:00,0.0,0.0,299.40625,46.8814697265625,6.873046875,0.0,26.256250000000023
2007-12-06 18:00:00+00:00,0.0,0.109375,298.71875,50.86187744140625,6.1171875,0.109375,25.568750000000023
2007-12-06 19:00:00+00:00,0.0,19.984375,298.734375,50.5067138671875,6.5,19.984375,25.584375000000023
2007-12-06 20:00:00+00:00,0.0,15.609375,298.703125,51.563232421875,6.33984375,15.609375,25.553125000000023
2007-12-06 21:00:00+00:00,0.0,103.40625,292.546875,57.5294189453125,6.525390625,103.40625,19.396875000000023
2007-12-06 22:00:00+00:00,3.77734375,262.84765625,292.421875,63.9483642578125,5.375,266.625,19.271875000000023
2007-12-06 23:00:00+00:00,1.4140625,14.3203125,293.296875,56.5894775390625,5.873046875,15.734375,20.146875000000023
2007-12-07 00:00:00+00:00,0.94140625,25.58984375,291.484375,66.60760498046875,3.35546875,26.53125,18.334375000000023
2007-12-07 01:00:00+00:00,395.5859375,439.3046875,290.65625,73.8782958984375,3.578125,834.890625,17.506250000000023
2007-12-07 02:00:00+00:00,753.1640625,237.1796875,292.9375,63.36767578125,2.62109375,990.34375,19.787500000000023
2007-12-07 03:00:00+00:00,888.5390625,117.1328125,295.984375,41.857666015625,3.775390625,1005.671875,22.834375000000023
2007-12-07 04:00:00+00:00,689.55078125,91.94921875,297.0625,36.810302734375,4.4453125,781.5,23.912500000000023
2007-12-07 05:00:00+00:00,548.375,106.40625,296.46875,39.375,5.564453125,654.78125,23.318750000000023
2007-12-07 06:00:00+00:00,490.89453125,69.74609375,295.78125,41.14471435546875,5.8515625,560.640625,22.631250000000023
2007-12-07 07:00:00+00:00,311.484375,35.6875,294.96875,42.27423095703125,5.9453125,347.171875,21.818750000000023
2007-12-07 08:00:00+00:00,108.30859375,21.59765625,293.484375,47.88031005859375,5.802734375,129.90625,20.334375000000023
2007-12-07 09:00:00+00:00,3.01953125,4.48046875,291.453125,54.89794921875,4.666015625,7.5,18.303125000000023
2007-12-07 10:00:00+00:00,0.0,0.0,290.546875,57.91156005859375,4.041015625,0.0,17.396875000000023
2007-12-07 11:00:00+00:00,0.0,0.0,289.53125,62.8148193359375,3.572265625,0.0,16.381250000000023
2007-12-07 12:00:00+00:00,0.0,0.0,288.875,64.915771484375,3.048828125,0.0,15.725000000000023
2007-12-07 13:00:00+00:00,0.0,0.0,288.40625,66.980712890625,2.630859375,0.0,15.256250000000023
2007-12-07 14:00:00+00:00,0.0,0.0,287.921875,70.330322265625,2.275390625,0.0,14.771875000000023
2007-12-07 15:00:00+00:00,0.0,0.0,287.25,73.63287353515625,1.951171875,0.0,14.100000000000023
2007-12-07 16:00:00+00:00,0.0,0.0,286.71875,75.8572998046875,1.59375,0.0,13.568750000000023
2007-12-07 17:00:00+00:00,0.0,0.0,286.28125,77.348388671875,1.45703125,0.0,13.131250000000023
2007-12-07 18:00:00+00:00,0.0,0.1875,285.90625,79.097900390625,1.39453125,0.1875,12.756250000000023
2007-12-07 19:00:00+00:00,36.2421875,36.8203125,285.5625,81.0220947265625,1.1328125,73.0625,12.412500000000023
2007-12-07 20:00:00+00:00,195.375,74.125,286.484375,78.01116943359375,1.357421875,269.5,13.334375000000023
2007-12-07 21:00:00+00:00,394.40234375,89.70703125,287.46875,73.85345458984375,1.39453125,484.109375,14.318750000000023
2007-12-07 22:00:00+00:00,592.375,95.59375,288.765625,66.64544677734375,1.7265625,687.96875,15.615625000000023
2007-12-07 23:00:00+00:00,765.79296875,95.48828125,290.15625,61.277099609375,1.384765625,861.28125,17.006250000000023
2007-12-08 00:00:00+00:00,897.9453125,91.9921875,291.59375,57.11962890625,0.89453125,989.9375,18.443750000000023
2007-12-08 01:00:00+00:00,979.1796875,86.1171875,292.84375,53.75177001953125,0.623046875,1065.296875,19.693750000000023
2007-12-08 02:00:00+00:00,1000.26171875,78.45703125,294.984375,41.83514404296875,1.486328125,1078.71875,21.834375000000023
2007-12-08 03:00:00+00:00,956.98046875,69.45703125,296.28125,40.258544921875,2.748046875,1026.4375,23.131250000000023
2007-12-08 04:00:00+00:00,854.0625,61.84375,297.1875,38.31707763671875,2.63671875,915.90625,24.037500000000023
2007-12-08 05:00:00+00:00,698.91015625,55.52734375,297.9375,37.768310546875,2.826171875,754.4375,24.787500000000023
2007-12-08 06:00:00+00:00,507.72265625,49.68359375,298.5,37.5194091796875,3.625,557.40625,25.350000000000023
2007-12-08 07:00:00+00:00,288.5390625,48.8359375,298.25,40.31280517578125,4.2890625,337.375,25.100000000000023
2007-12-08 08:00:00+00:00,43.55078125,57.10546875,296.75,45.39202880859375,4.724609375,100.65625,23.600000000000023
2007-12-08 09:00:00+00:00,2.36328125,6.74609375,293.578125,59.2373046875,4.2734375,9.109375,20.428125000000023
2007-12-08 10:00:00+00:00,0.0,0.0,292.15625,65.87274169921875,3.845703125,0.0,19.006250000000023
2007-12-08 11:00:00+00:00,0.0,0.0,291.296875,71.55169677734375,2.923828125,0.0,18.146875000000023
2007-12-08 12:00:00+00:00,0.0,0.0,290.734375,75.57861328125,2.13671875,0.0,17.584375000000023
2007-12-08 13:00:00+00:00,0.0,0.0,290.34375,78.39031982421875,2.408203125,0.0,17.193750000000023
2007-12-08 14:00:00+00:00,0.0,0.0,289.875,82.215087890625,1.7734375,0.0,16.725000000000023
2007-12-08 15:00:00+00:00,0.0,0.0,289.4375,86.948974609375,1.9296875,0.0,16.287500000000023
2007-12-08 16:00:00+00:00,0.0,0.0,289.15625,89.6494140625,1.62109375,0.0,16.006250000000023
2007-12-08 17:00:00+00:00,0.0,0.0,288.890625,91.0914306640625,1.533203125,0.0,15.740625000000023
2007-12-08 18:00:00+00:00,0.0,0.109375,289.15625,87.999755859375,2.65625,0.109375,16.006250000000023
2007-12-08 19:00:00+00:00,0.51953125,19.12109375,288.53125,87.5777587890625,3.078125,19.640625,15.381250000000023
2007-12-08 20:00:00+00:00,23.42578125,116.65234375,288.359375,85.736328125,2.40234375,140.078125,15.209375000000023
2007-12-08 21:00:00+00:00,205.9765625,194.3828125,288.625,78.368896484375,3.2578125,400.359375,15.475000000000023
2007-12-08 22:00:00+00:00,321.12890625,257.90234375,289.71875,69.759033203125,1.962890625,579.03125,16.568750000000023
2007-12-08 23:00:00+00:00,655.421875,180.078125,290.71875,65.41522216796875,1.568359375,835.5,17.568750000000023
2007-12-09 00:00:00+00:00,852.77734375,123.25390625,292.25,59.09942626953125,2.00390625,976.03125,19.100000000000023
2007-12-09 01:00:00+00:00,944.8671875,107.4765625,293.984375,51.7967529296875,1.943359375,1052.34375,20.834375000000023
2007-12-09 02:00:00+00:00,980.1015625,86.5078125,295.09375,46.12677001953125,0.927734375,1066.609375,21.943750000000023
2007-12-09 03:00:00+00:00,930.4921875,78.0078125,297.125,41.2860107421875,2.8515625,1008.5,23.975000000000023
2007-12-09 04:00:00+00:00,157.60546875,0.0,298.828125,32.837890625,5.3046875,79.40625,25.678125000000023
2007-12-09 05:00:00+00:00,387.8828125,253.6953125,293.03125,60.51165771484375,9.650390625,641.578125,19.881250000000023
2007-12-09 06:00:00+00:00,332.6328125,128.5078125,292.6875,64.27008056640625,6.515625,461.140625,19.537500000000023
2007-12-09 07:00:00+00:00,202.43359375,71.20703125,292.5625,57.54974365234375,6.75390625,273.640625,19.412500000000023
2007-12-09 08:00:00+00:00,26.015625,42.34375,291.515625,55.3665771484375,6.89453125,68.359375,18.365625000000023
2007-12-09 09:00:00+00:00,0.23828125,7.27734375,290.5625,49.75286865234375,5.669921875,7.515625,17.412500000000023
2007-12-09 10:00:00+00:00,0.0,0.0,289.65625,50.1280517578125,6.09375,0.0,16.506250000000023
2007-12-09 11:00:00+00:00,0.0,0.0,288.828125,49.82177734375,5.6484375,0.0,15.678125000000023
2007-12-09 12:00:00+00:00,0.0,0.0,287.96875,47.35595703125,4.6171875,0.0,14.818750000000023
2007-12-09 13:00:00+00:00,0.0,0.0,287.21875,49.94720458984375,4.498046875,0.0,14.068750000000023
2007-12-09 14:00:00+00:00,0.0,0.0,286.78125,51.4049072265625,3.8828125,0.0,13.631250000000023
2007-12-09 15:00:00+00:00,0.0,0.0,286.515625,57.4385986328125,3.970703125,0.0,13.365625000000023
2007-12-09 16:00:00+00:00,0.0,0.0,286.125,58.1663818359375,3.697265625,0.0,12.975000000000023
2007-12-09 17:00:00+00:00,0.0,0.0,285.625,58.631591796875,3.490234375,0.0,12.475000000000023
2007-12-09 18:00:00+00:00,0.0,0.1875,285.3125,60.78021240234375,3.46875,0.1875,12.162500000000023
2007-12-09 19:00:00+00:00,23.51953125,41.94921875,284.90625,64.713623046875,3.193359375,65.46875,11.756250000000023
2007-12-09 20:00:00+00:00,128.8125,109.109375,285.40625,66.16534423828125,3.001953125,237.921875,12.256250000000023
2007-12-09 21:00:00+00:00,320.52734375,113.25390625,285.71875,63.525634765625,3.880859375,433.78125,12.568750000000023
2007-12-09 22:00:00+00:00,461.8203125,135.4921875,286.5,58.49005126953125,3.828125,597.3125,13.350000000000023
2007-12-09 23:00:00+00:00,563.4375,204.21875,287.6875,51.67205810546875,4.125,767.65625,14.537500000000023
2007-12-10 00:00:00+00:00,375.578125,329.75,288.765625,46.277587890625,4.021484375,705.328125,15.615625000000023
2007-12-10 01:00:00+00:00,142.59375,483.578125,289.53125,42.622802734375,4.3359375,626.171875,16.381250000000023
2007-12-10 02:00:00+00:00,129.13671875,487.66015625,290.09375,40.7454833984375,4.74609375,616.796875,16.943750000000023
2007-12-10 03:00:00+00:00,91.71484375,447.25390625,290.671875,39.6259765625,4.943359375,538.96875,17.521875000000023
2007-12-10 04:00:00+00:00,111.6328125,319.1953125,290.5,41.7186279296875,5.009765625,430.828125,17.350000000000023
2007-12-10 05:00:00+00:00,15.92578125,154.38671875,290.4375,42.90997314453125,4.67578125,170.3125,17.287500000000023
2007-12-10 06:00:00+00:00,31.1171875,183.5078125,289.921875,44.68194580078125,4.3203125,214.625,16.771875000000023
2007-12-10 07:00:00+00:00,36.80859375,77.89453125,289.609375,47.83636474609375,4.646484375,114.703125,16.459375000000023
2007-12-10 08:00:00+00:00,15.765625,58.078125,289.140625,50.36053466796875,3.9765625,73.84375,15.990625000000023
2007-12-10 09:00:00+00:00,0.46875,1.9375,288.65625,51.23345947265625,3.73046875,2.40625,15.506250000000023
2007-12-10 10:00:00+00:00,0.0,0.0,288.296875,53.79156494140625,3.041015625,0.0,15.146875000000023
2007-12-10 11:00:00+00:00,0.0,0.0,287.84375,57.05047607421875,2.50390625,0.0,14.693750000000023
2007-12-10 12:00:00+00:00,0.0,0.0,287.203125,60.4952392578125,1.876953125,0.0,14.053125000000023
2007-12-10 13:00:00+00:00,0.0,0.0,286.96875,61.47869873046875,1.244140625,0.0,13.818750000000023
2007-12-10 14:00:00+00:00,0.0,0.0,286.53125,63.0972900390625,0.919921875,0.0,13.381250000000023
2007-12-10 15:00:00+00:00,0.0,0.0,287.078125,62.43804931640625,0.34375,0.0,13.928125000000023
2007-12-10 16:00:00+00:00,0.0,0.0,286.421875,66.54071044921875,0.484375,0.0,13.271875000000023
2007-12-10 17:00:00+00:00,0.0,0.0,285.75,69.92095947265625,0.53515625,0.0,12.600000000000023
2007-12-10 18:00:00+00:00,0.0,0.15625,285.296875,72.5340576171875,1.109375,0.15625,12.146875000000023
2007-12-10 19:00:00+00:00,24.37109375,38.87890625,285.359375,72.2713623046875,1.474609375,63.25,12.209375000000023
2007-12-10 20:00:00+00:00,187.42578125,78.40234375,286.53125,68.740966796875,1.42578125,265.828125,13.381250000000023
2007-12-10 21:00:00+00:00,316.578125,100.234375,286.78125,69.8060302734375,2.599609375,416.8125,13.631250000000023
2007-12-10 22:00:00+00:00,481.8046875,144.3671875,287.59375,65.56585693359375,2.576171875,626.171875,14.443750000000023
2007-12-10 23:00:00+00:00,638.6953125,154.5546875,288.625,60.9608154296875,2.548828125,793.25,15.475000000000023
2007-12-11 00:00:00+00:00,788.40234375,151.36328125,289.734375,57.56243896484375,2.908203125,939.765625,16.584375000000023
2007-12-11 01:00:00+00:00,681.10546875,193.06640625,290.9375,53.217041015625,3.044921875,874.171875,17.787500000000023
2007-12-11 02:00:00+00:00,736.72265625,200.10546875,291.703125,50.77099609375,3.373046875,936.828125,18.553125000000023
2007-12-11 03:00:00+00:00,676.4609375,164.4921875,292.53125,47.13201904296875,4.091796875,840.953125,19.381250000000023
2007-12-11 04:00:00+00:00,529.18359375,196.98828125,293.640625,41.801025390625,4.193359375,726.171875,20.490625000000023
2007-12-11 05:00:00+00:00,483.1953125,117.4765625,293.390625,44.735107421875,4.5234375,600.671875,20.240625000000023
2007-12-11 06:00:00+00:00,489.38671875,78.30078125,293.53125,44.68646240234375,4.984375,567.6875,20.381250000000023
2007-12-11 07:00:00+00:00,201.8046875,10.3203125,293.125,49.33795166015625,4.837890625,212.125,19.975000000000023
2007-12-11 08:00:00+00:00,65.8046875,39.8828125,291.78125,58.34490966796875,4.70703125,105.6875,18.631250000000023
2007-12-11 09:00:00+00:00,6.62890625,4.23046875,291.25,58.46795654296875,4.564453125,10.859375,18.100000000000023
2007-12-11 10:00:00+00:00,0.0,0.0,289.90625,65.152099609375,4.04296875,0.0,16.756250000000023
2007-12-11 11:00:00+00:00,0.0,0.0,289.0,71.8482666015625,3.41796875,0.0,15.850000000000023
2007-12-11 12:00:00+00:00,0.0,0.0,288.4375,76.035888671875,3.22265625,0.0,15.287500000000023
2007-12-11 13:00:00+00:00,0.0,0.0,287.796875,79.9356689453125,2.7109375,0.0,14.646875000000023
2007-12-11 14:00:00+00:00,0.0,0.0,287.09375,84.48712158203125,2.068359375,0.0,13.943750000000023
2007-12-11 15:00:00+00:00,0.0,0.0,286.5,88.7203369140625,1.759765625,0.0,13.350000000000023
2007-12-11 16:00:00+00:00,0.0,0.0,286.0,91.45166015625,1.802734375,0.0,12.850000000000023
2007-12-11 17:00:00+00:00,0.0,0.0,285.5625,93.400390625,1.857421875,0.0,12.412500000000023
2007-12-11 18:00:00+00:00,0.0,0.15625,285.28125,93.7257080078125,2.12890625,0.15625,12.131250000000023
2007-12-11 19:00:00+00:00,36.1796875,35.9140625,285.03125,93.74078369140625,2.4765625,72.09375,11.881250000000023
2007-12-11 20:00:00+00:00,191.36328125,74.48046875,285.8125,89.1092529296875,2.673828125,265.84375,12.662500000000023
2007-12-11 21:00:00+00:00,375.921875,97.34375,287.46875,79.5999755859375,2.857421875,473.265625,14.318750000000023
2007-12-11 22:00:00+00:00,590.0,96.8125,289.625,61.27093505859375,3.623046875,686.8125,16.475000000000023
2007-12-11 23:00:00+00:00,769.1484375,92.9765625,291.59375,47.61474609375,3.779296875,862.125,18.443750000000023
2007-12-12 00:00:00+00:00,902.15625,89.828125,293.3125,41.446044921875,3.654296875,991.984375,20.162500000000023
2007-12-12 01:00:00+00:00,983.40234375,84.39453125,294.875,36.022216796875,3.796875,1067.796875,21.725000000000023
2007-12-12 02:00:00+00:00,921.2421875,125.8515625,296.3125,32.4190673828125,4.138671875,1047.09375,23.162500000000023
2007-12-12 03:00:00+00:00,712.19140625,212.80859375,297.796875,29.93914794921875,3.81640625,925.0,24.646875000000023
2007-12-12 04:00:00+00:00,359.234375,260.765625,298.4375,29.472900390625,4.0625,620.0,25.287500000000023
2007-12-12 05:00:00+00:00,442.17578125,224.16796875,298.46875,30.296875,4.322265625,666.34375,25.318750000000023
2007-12-12 06:00:00+00:00,299.58984375,175.66015625,298.5625,31.47406005859375,4.734375,475.25,25.412500000000023
2007-12-12 07:00:00+00:00,243.69140625,89.19921875,298.390625,32.97430419921875,4.59375,332.890625,25.240625000000023
2007-12-12 08:00:00+00:00,127.65234375,26.36328125,297.515625,35.957763671875,6.376953125,154.015625,24.365625000000023
2007-12-12 09:00:00+00:00,9.7578125,2.8671875,295.25,43.6512451171875,7.748046875,12.625,22.100000000000023
2007-12-12 10:00:00+00:00,0.0,0.0,293.234375,47.9271240234375,6.91015625,0.0,20.084375000000023
2007-12-12 11:00:00+00:00,0.0,0.0,292.015625,50.65985107421875,5.998046875,0.0,18.865625000000023
2007-12-12 12:00:00+00:00,0.0,0.0,291.109375,54.86590576171875,5.240234375,0.0,17.959375000000023
2007-12-12 13:00:00+00:00,0.0,0.0,290.34375,60.09674072265625,4.529296875,0.0,17.193750000000023
2007-12-12 14:00:00+00:00,0.0,0.0,289.96875,62.8353271484375,3.7421875,0.0,16.818750000000023
2007-12-12 15:00:00+00:00,0.0,0.0,289.359375,67.5028076171875,2.85546875,0.0,16.209375000000023
2007-12-12 16:00:00+00:00,0.0,0.0,288.75,70.98779296875,2.22265625,0.0,15.600000000000023
2007-12-12 17:00:00+00:00,0.0,0.0,288.1875,74.2901611328125,1.857421875,0.0,15.037500000000023
2007-12-12 18:00:00+00:00,0.0,0.15625,287.859375,74.9281005859375,1.314453125,0.15625,14.709375000000023
2007-12-12 19:00:00+00:00,28.53125,37.78125,287.578125,75.21466064453125,1.1171875,66.3125,14.428125000000023
2007-12-12 20:00:00+00:00,170.421875,72.15625,289.65625,66.94635009765625,1.107421875,242.578125,16.506250000000023
2007-12-12 21:00:00+00:00,326.265625,141.890625,290.234375,70.3287353515625,1.580078125,468.15625,17.084375000000023
2007-12-12 22:00:00+00:00,238.0078125,222.5703125,292.453125,63.78375244140625,1.802734375,460.578125,19.303125000000023
2007-12-12 23:00:00+00:00,237.6640625,327.9140625,294.109375,54.1910400390625,2.669921875,565.578125,20.959375000000023
2007-12-13 00:00:00+00:00,759.109375,207.515625,296.046875,45.93572998046875,2.90234375,966.625,22.896875000000023
2007-12-13 01:00:00+00:00,904.9765625,128.5078125,298.109375,38.7109375,2.837890625,1033.484375,24.959375000000023
2007-12-13 02:00:00+00:00,823.0625,193.609375,299.6875,33.63897705078125,2.484375,1016.671875,26.537500000000023
2007-12-13 03:00:00+00:00,454.08203125,253.41796875,301.53125,26.46893310546875,1.9453125,707.5,28.381250000000023
2007-12-13 04:00:00+00:00,185.6640625,368.6796875,301.921875,25.33697509765625,2.095703125,554.34375,28.771875000000023
2007-12-13 05:00:00+00:00,250.72265625,261.71484375,302.125,24.25164794921875,2.91015625,512.4375,28.975000000000023
2007-12-13 06:00:00+00:00,37.55859375,77.53515625,302.140625,25.5281982421875,4.52734375,115.09375,28.990625000000023
2007-12-13 07:00:00+00:00,17.8828125,99.3046875,300.484375,31.36431884765625,5.31640625,117.1875,27.334375000000023
2007-12-13 08:00:00+00:00,21.65625,61.453125,299.6875,35.70672607421875,6.322265625,83.109375,26.537500000000023
2007-12-13 09:00:00+00:00,4.484375,7.234375,298.28125,41.77191162109375,6.58203125,11.71875,25.131250000000023
2007-12-13 10:00:00+00:00,0.0,0.0,296.5,47.9521484375,6.1015625,0.0,23.350000000000023
2007-12-13 11:00:00+00:00,0.0,0.0,295.3125,51.085693359375,5.701171875,0.0,22.162500000000023
2007-12-13 12:00:00+00:00,0.0,0.0,294.71875,53.048828125,4.759765625,0.0,21.568750000000023
2007-12-13 13:00:00+00:00,0.0,0.0,294.109375,55.44195556640625,3.619140625,0.0,20.959375000000023
2007-12-13 14:00:00+00:00,0.0,0.0,293.171875,58.90423583984375,2.93359375,0.0,20.021875000000023
2007-12-13 15:00:00+00:00,0.0,0.0,291.71875,63.88427734375,2.935546875,0.0,18.568750000000023
2007-12-13 16:00:00+00:00,0.0,0.0,291.1875,66.0712890625,2.701171875,0.0,18.037500000000023
2007-12-13 17:00:00+00:00,0.0,0.0,290.609375,68.65460205078125,2.283203125,0.0,17.459375000000023
2007-12-13 18:00:00+00:00,0.0,0.140625,290.375,69.4351806640625,2.0546875,0.140625,17.225000000000023
2007-12-13 19:00:00+00:00,29.703125,36.65625,291.828125,60.30792236328125,3.17578125,66.359375,18.678125000000023
2007-12-13 20:00:00+00:00,174.53125,79.953125,293.15625,52.6279296875,3.95703125,254.484375,20.006250000000023
2007-12-13 21:00:00+00:00,364.14453125,99.58984375,294.203125,47.15093994140625,3.828125,463.734375,21.053125000000023
2007-12-13 22:00:00+00:00,557.77734375,108.19140625,295.625,41.02655029296875,5.1875,665.96875,22.475000000000023
2007-12-13 23:00:00+00:00,728.87109375,110.25390625,297.53125,36.04132080078125,5.44140625,839.125,24.381250000000023
2007-12-14 00:00:00+00:00,857.67578125,109.05859375,299.171875,33.218017578125,5.41015625,966.734375,26.021875000000023
2007-12-14 01:00:00+00:00,933.89453125,106.30859375,301.0,29.15032958984375,5.26171875,1040.203125,27.850000000000023
2007-12-14 02:00:00+00:00,950.1328125,102.4453125,302.890625,23.86236572265625,4.76953125,1052.578125,29.740625000000023
2007-12-14 03:00:00+00:00,910.67578125,94.43359375,304.15625,21.148681640625,4.03515625,1005.109375,31.006250000000023
2007-12-14 04:00:00+00:00,796.59765625,99.82421875,305.03125,19.48486328125,3.615234375,896.421875,31.881250000000023
2007-12-14 05:00:00+00:00,559.94921875,131.16015625,305.609375,18.41156005859375,3.423828125,691.109375,32.45937500000002
2007-12-14 06:00:00+00:00,467.1171875,88.6796875,305.75,18.21478271484375,3.60546875,555.796875,32.60000000000002
2007-12-14 07:00:00+00:00,294.9453125,53.2421875,305.625,18.85906982421875,4.119140625,348.1875,32.47500000000002
2007-12-14 08:00:00+00:00,109.40234375,32.30078125,304.75,20.79534912109375,4.92578125,141.703125,31.600000000000023
2007-12-14 09:00:00+00:00,7.1015625,5.1796875,303.140625,24.3912353515625,5.060546875,12.28125,29.990625000000023
2007-12-14 10:00:00+00:00,0.0,0.0,302.203125,26.2530517578125,4.916015625,0.0,29.053125000000023
2007-12-14 11:00:00+00:00,0.0,0.0,301.171875,27.9598388671875,4.357421875,0.0,28.021875000000023
2007-12-14 12:00:00+00:00,0.0,0.0,300.3125,28.8035888671875,4.298828125,0.0,27.162500000000023
2007-12-14 13:00:00+00:00,0.0,0.0,300.09375,28.13336181640625,4.94140625,0.0,26.943750000000023
2007-12-14 14:00:00+00:00,0.0,0.0,299.59375,28.41656494140625,5.228515625,0.0,26.443750000000023
2007-12-14 15:00:00+00:00,0.0,0.0,298.09375,32.1243896484375,3.568359375,0.0,24.943750000000023
2007-12-14 16:00:00+00:00,0.0,0.0,295.203125,44.3416748046875,6.64453125,0.0,22.053125000000023
2007-12-14 17:00:00+00:00,0.0,0.0,293.109375,59.14642333984375,4.5859375,0.0,19.959375000000023
2007-12-14 18:00:00+00:00,0.0,0.0625,292.234375,65.87603759765625,2.99609375,0.0625,19.084375000000023
2007-12-14 19:00:00+00:00,1.1015625,32.5703125,291.71875,70.91094970703125,3.5390625,33.671875,18.568750000000023
2007-12-14 20:00:00+00:00,17.921875,126.9375,291.3125,75.83758544921875,3.744140625,144.859375,18.162500000000023
2007-12-14 21:00:00+00:00,10.671875,103.140625,291.0,78.81585693359375,2.970703125,113.8125,17.850000000000023
2007-12-14 22:00:00+00:00,0.15234375,99.31640625,290.5,81.584228515625,2.404296875,99.46875,17.350000000000023
2007-12-14 23:00:00+00:00,0.09375,196.25,289.890625,87.126708984375,2.427734375,196.34375,16.740625000000023
2007-12-15 00:00:00+00:00,0.15625,178.5625,289.890625,87.95947265625,2.91796875,178.71875,16.740625000000023
2007-12-15 01:00:00+00:00,3.078125,230.921875,289.5,87.0093994140625,4.248046875,234.0,16.350000000000023
2007-12-15 02:00:00+00:00,3.6640625,311.2578125,289.46875,83.44140625,4.091796875,314.921875,16.318750000000023
2007-12-15 03:00:00+00:00,44.234375,459.265625,291.046875,71.688720703125,3.158203125,503.5,17.896875000000023
2007-12-15 04:00:00+00:00,391.42578125,319.10546875,291.703125,67.212158203125,3.490234375,710.53125,18.553125000000023
2007-12-15 05:00:00+00:00,130.6875,320.515625,291.90625,63.5665283203125,4.185546875,451.203125,18.756250000000023
2007-12-15 06:00:00+00:00,162.1015625,210.3828125,291.5625,60.10498046875,3.9765625,372.484375,18.412500000000023
2007-12-15 07:00:00+00:00,32.15625,162.296875,291.484375,57.3853759765625,3.87890625,194.453125,18.334375000000023
2007-12-15 08:00:00+00:00,13.9609375,65.1640625,290.984375,57.659423828125,3.751953125,79.125,17.834375000000023
2007-12-15 09:00:00+00:00,0.015625,7.015625,289.71875,60.612548828125,3.69921875,7.03125,16.568750000000023
2007-12-15 10:00:00+00:00,0.0,0.0,289.15625,60.76544189453125,3.51953125,0.0,16.006250000000023
2007-12-15 11:00:00+00:00,0.0,0.0,288.5625,62.48333740234375,3.201171875,0.0,15.412500000000023
2007-12-15 12:00:00+00:00,0.0,0.0,288.203125,64.01507568359375,2.88671875,0.0,15.053125000000023
2007-12-15 13:00:00+00:00,0.0,0.0,287.765625,65.596923828125,2.791015625,0.0,14.615625000000023
2007-12-15 14:00:00+00:00,0.0,0.0,287.296875,67.97235107421875,2.46484375,0.0,14.146875000000023
2007-12-15 15:00:00+00:00,0.0,0.0,286.578125,74.1632080078125,2.263671875,0.0,13.428125000000023
2007-12-15 16:00:00+00:00,0.0,0.0,286.34375,74.997314453125,2.208984375,0.0,13.193750000000023
2007-12-15 17:00:00+00:00,0.0,0.0,286.15625,75.4422607421875,2.064453125,0.0,13.006250000000023
2007-12-15 18:00:00+00:00,0.0,0.09375,285.9375,76.0384521484375,1.95703125,0.09375,12.787500000000023
2007-12-15 19:00:00+00:00,0.11328125,38.65234375,285.71875,77.16802978515625,1.857421875,38.765625,12.568750000000023
2007-12-15 20:00:00+00:00,0.328125,67.296875,286.09375,76.0743408203125,1.9765625,67.625,12.943750000000023
2007-12-15 21:00:00+00:00,2.671875,175.4375,287.0,70.69189453125,2.765625,178.109375,13.850000000000023
2007-12-15 22:00:00+00:00,174.3828125,280.4296875,287.75,62.32843017578125,3.482421875,454.8125,14.600000000000023
2007-12-15 23:00:00+00:00,304.57421875,316.56640625,288.921875,56.016845703125,3.5,621.140625,15.771875000000023
2007-12-16 00:00:00+00:00,371.109375,336.53125,290.015625,51.00115966796875,3.787109375,707.640625,16.865625000000023
2007-12-16 01:00:00+00:00,721.0625,277.09375,290.828125,48.13812255859375,4.333984375,998.15625,17.678125000000023
2007-12-16 02:00:00+00:00,713.1953125,229.1953125,291.765625,45.57476806640625,4.783203125,942.390625,18.615625000000023
2007-12-16 03:00:00+00:00,725.359375,236.15625,292.171875,44.75311279296875,5.5234375,961.515625,19.021875000000023
2007-12-16 04:00:00+00:00,447.98828125,201.16796875,292.25,45.6451416015625,6.060546875,649.15625,19.100000000000023
2007-12-16 05:00:00+00:00,306.6953125,252.1015625,291.828125,46.83642578125,6.171875,558.796875,18.678125000000023
2007-12-16 06:00:00+00:00,230.296875,154.828125,291.59375,47.12261962890625,5.958984375,385.125,18.443750000000023
2007-12-16 07:00:00+00:00,218.1796875,108.1796875,291.28125,44.79608154296875,5.62890625,326.359375,18.131250000000023
2007-12-16 08:00:00+00:00,32.65234375,60.12890625,290.828125,46.58355712890625,5.287109375,92.78125,17.678125000000023
2007-12-16 09:00:00+00:00,4.546875,2.25,289.953125,54.0865478515625,4.96875,6.796875,16.803125000000023
2007-12-16 10:00:00+00:00,0.0,0.0,289.1875,60.54193115234375,4.60546875,0.0,16.037500000000023
2007-12-16 11:00:00+00:00,0.0,0.0,288.859375,64.06658935546875,4.044921875,0.0,15.709375000000023
2007-12-16 12:00:00+00:00,0.0,0.0,288.265625,70.56451416015625,3.822265625,0.0,15.115625000000023
2007-12-16 13:00:00+00:00,0.0,0.0,287.515625,74.1824951171875,3.3203125,0.0,14.365625000000023
2007-12-16 14:00:00+00:00,0.0,0.0,286.9375,74.58502197265625,3.017578125,0.0,13.787500000000023
2007-12-16 15:00:00+00:00,0.0,0.0,286.296875,74.26837158203125,2.955078125,0.0,13.146875000000023
2007-12-16 16:00:00+00:00,0.0,0.0,285.96875,74.38427734375,2.849609375,0.0,12.818750000000023
2007-12-16 17:00:00+00:00,0.0,0.0,285.6875,76.56280517578125,2.970703125,0.0,12.537500000000023
2007-12-16 18:00:00+00:00,0.0,0.09375,285.40625,78.59991455078125,3.076171875,0.09375,12.256250000000023
2007-12-16 19:00:00+00:00,23.046875,34.53125,285.203125,79.24664306640625,2.970703125,57.578125,12.053125000000023
2007-12-16 20:00:00+00:00,129.9296875,86.5078125,286.09375,75.38861083984375,2.6171875,216.4375,12.943750000000023
2007-12-16 21:00:00+00:00,396.7578125,88.9453125,287.140625,71.3619384765625,2.1875,485.703125,13.990625000000023
2007-12-16 22:00:00+00:00,459.125,121.359375,288.828125,64.3790283203125,2.6640625,580.484375,15.678125000000023
2007-12-16 23:00:00+00:00,695.5703125,142.2734375,290.34375,56.03643798828125,2.671875,837.84375,17.193750000000023
2007-12-17 00:00:00+00:00,710.7890625,189.5234375,292.15625,50.326171875,3.185546875,900.3125,19.006250000000023
2007-12-17 01:00:00+00:00,757.4140625,213.5703125,293.9375,46.59014892578125,4.0390625,970.984375,20.787500000000023
2007-12-17 02:00:00+00:00,776.65234375,227.45703125,295.65625,41.6885986328125,4.08984375,1004.109375,22.506250000000023
2007-12-17 03:00:00+00:00,629.86328125,256.48046875,296.203125,40.58251953125,3.275390625,886.34375,23.053125000000023
2007-12-17 04:00:00+00:00,696.8515625,177.5234375,297.234375,36.4749755859375,2.88671875,874.375,24.084375000000023
2007-12-17 05:00:00+00:00,618.94140625,124.62109375,298.0,34.06243896484375,2.40234375,743.5625,24.850000000000023
2007-12-17 06:00:00+00:00,314.41015625,115.48046875,298.046875,34.82781982421875,1.94140625,429.890625,24.896875000000023
2007-12-17 07:00:00+00:00,302.46484375,72.97265625,297.234375,39.67059326171875,1.888671875,375.4375,24.084375000000023
2007-12-17 08:00:00+00:00,115.46484375,11.31640625,297.390625,38.663818359375,3.115234375,126.78125,24.240625000000023
2007-12-17 09:00:00+00:00,10.87890625,5.02734375,295.640625,45.18963623046875,6.98828125,15.90625,22.490625000000023
2007-12-17 10:00:00+00:00,0.0,0.0,293.078125,55.16064453125,7.498046875,0.0,19.928125000000023
2007-12-17 11:00:00+00:00,0.0,0.0,291.671875,58.95318603515625,7.12109375,0.0,18.521875000000023
2007-12-17 12:00:00+00:00,0.0,0.0,290.9375,61.1444091796875,6.5546875,0.0,17.787500000000023
2007-12-17 13:00:00+00:00,0.0,0.0,290.34375,63.34991455078125,5.794921875,0.0,17.193750000000023
2007-12-17 14:00:00+00:00,0.0,0.0,290.078125,63.87957763671875,5.23828125,0.0,16.928125000000023
2007-12-17 15:00:00+00:00,0.0,0.0,289.3125,67.41217041015625,4.4375,0.0,16.162500000000023
2007-12-17 16:00:00+00:00,0.0,0.0,288.984375,68.75262451171875,3.8046875,0.0,15.834375000000023
2007-12-17 17:00:00+00:00,0.0,0.0,288.609375,70.18841552734375,3.51171875,0.0,15.459375000000023
2007-12-17 18:00:00+00:00,0.0,0.078125,288.6875,70.21142578125,2.689453125,0.078125,15.537500000000023
2007-12-17 19:00:00+00:00,1.85546875,42.72265625,288.21875,72.691162109375,2.099609375,44.578125,15.068750000000023
2007-12-17 20:00:00+00:00,31.87890625,82.52734375,289.171875,70.73822021484375,1.9375,114.40625,16.021875000000023
2007-12-17 21:00:00+00:00,189.0078125,207.4453125,289.6875,69.07476806640625,1.966796875,396.453125,16.537500000000023
2007-12-17 22:00:00+00:00,198.7890625,310.1953125,291.875,61.611572265625,2.09375,508.984375,18.725000000000023
2007-12-17 23:00:00+00:00,536.6484375,244.5703125,293.5625,55.32061767578125,1.58203125,781.21875,20.412500000000023
2007-12-18 00:00:00+00:00,678.0078125,228.9609375,295.15625,50.2066650390625,1.552734375,906.96875,22.006250000000023
2007-12-18 01:00:00+00:00,546.25,341.703125,296.828125,45.51019287109375,2.025390625,887.953125,23.678125000000023
2007-12-18 02:00:00+00:00,417.51953125,437.38671875,298.609375,39.66217041015625,2.375,854.90625,25.459375000000023
2007-12-18 03:00:00+00:00,120.9140625,390.3203125,299.21875,38.8350830078125,2.64453125,511.234375,26.068750000000023
2007-12-18 04:00:00+00:00,194.7265625,335.5390625,299.875,33.486572265625,2.9609375,530.265625,26.725000000000023
2007-12-18 05:00:00+00:00,313.21875,304.4375,300.40625,31.22479248046875,3.078125,617.65625,27.256250000000023
2007-12-18 06:00:00+00:00,338.1484375,177.1171875,301.0,28.808349609375,3.232421875,515.265625,27.850000000000023
2007-12-18 07:00:00+00:00,61.26171875,131.23828125,301.078125,28.9288330078125,3.787109375,192.5,27.928125000000023
2007-12-18 08:00:00+00:00,42.4453125,77.0390625,299.65625,37.87432861328125,4.720703125,119.484375,26.506250000000023
2007-12-18 09:00:00+00:00,3.26953125,3.96484375,297.78125,47.117919921875,5.130859375,7.234375,24.631250000000023
2007-12-18 10:00:00+00:00,0.0,0.0,296.34375,49.289306640625,5.07421875,0.0,23.193750000000023
2007-12-18 11:00:00+00:00,0.0,0.0,295.34375,51.18359375,4.609375,0.0,22.193750000000023
2007-12-18 12:00:00+00:00,0.0,0.0,294.546875,53.6334228515625,3.9453125,0.0,21.396875000000023
2007-12-18 13:00:00+00:00,0.0,0.0,294.265625,55.4239501953125,3.259765625,0.0,21.115625000000023
2007-12-18 14:00:00+00:00,0.0,0.0,294.0,56.87652587890625,2.57421875,0.0,20.850000000000023
2007-12-18 15:00:00+00:00,0.0,0.0,292.9375,59.584228515625,2.53515625,0.0,19.787500000000023
2007-12-18 16:00:00+00:00,0.0,0.0,293.015625,59.77032470703125,1.8125,0.0,19.865625000000023
2007-12-18 17:00:00+00:00,0.0,0.0,292.78125,60.7384033203125,0.46484375,0.0,19.631250000000023
2007-12-18 18:00:00+00:00,0.0,0.046875,293.03125,59.4068603515625,0.970703125,0.046875,19.881250000000023
2007-12-18 19:00:00+00:00,0.0,14.421875,292.96875,57.614990234375,1.283203125,14.421875,19.818750000000023
2007-12-18 20:00:00+00:00,2.17578125,75.54296875,294.21875,47.711181640625,3.427734375,77.71875,21.068750000000023
2007-12-18 21:00:00+00:00,4.4296875,116.4140625,293.703125,61.48809814453125,1.76171875,120.84375,20.553125000000023
2007-12-18 22:00:00+00:00,8.0234375,207.6015625,295.015625,48.14306640625,4.12890625,215.625,21.865625000000023
2007-12-18 23:00:00+00:00,512.265625,265.9375,295.484375,48.12969970703125,3.91796875,778.203125,22.334375000000023
2007-12-19 00:00:00+00:00,756.33203125,168.63671875,298.71875,40.1981201171875,4.126953125,924.96875,25.568750000000023
2007-12-19 01:00:00+00:00,810.921875,186.65625,300.421875,34.8424072265625,4.341796875,997.578125,27.271875000000023
2007-12-19 02:00:00+00:00,586.453125,307.109375,301.828125,31.02325439453125,4.947265625,893.5625,28.678125000000023
2007-12-19 03:00:00+00:00,119.421875,21.40625,301.125,36.9366455078125,5.119140625,140.828125,27.975000000000023
2007-12-19 04:00:00+00:00,527.59765625,302.44921875,300.0625,39.15106201171875,4.669921875,830.046875,26.912500000000023
2007-12-19 05:00:00+00:00,541.79296875,156.89453125,301.890625,34.80621337890625,4.3515625,698.6875,28.740625000000023
2007-12-19 06:00:00+00:00,136.0234375,115.0703125,302.28125,33.82879638671875,4.220703125,251.09375,29.131250000000023
2007-12-19 07:00:00+00:00,130.92578125,143.73046875,301.5625,35.8515625,4.48828125,274.65625,28.412500000000023
2007-12-19 08:00:00+00:00,12.90234375,31.05078125,301.671875,36.2796630859375,5.02734375,43.953125,28.521875000000023
2007-12-19 09:00:00+00:00,2.9140625,9.7734375,301.1875,39.02459716796875,5.453125,12.6875,28.037500000000023
2007-12-19 10:00:00+00:00,0.0,0.0,300.265625,43.02337646484375,5.59375,0.0,27.115625000000023
2007-12-19 11:00:00+00:00,0.0,0.0,299.375,45.55767822265625,5.46875,0.0,26.225000000000023
2007-12-19 12:00:00+00:00,0.0,0.0,298.640625,47.35870361328125,5.3828125,0.0,25.490625000000023
2007-12-19 13:00:00+00:00,0.0,0.0,297.984375,50.47125244140625,5.6640625,0.0,24.834375000000023
2007-12-19 14:00:00+00:00,0.0,0.0,297.421875,53.56634521484375,5.603515625,0.0,24.271875000000023
2007-12-19 15:00:00+00:00,0.0,0.0,295.59375,65.7825927734375,4.875,0.0,22.443750000000023
2007-12-19 16:00:00+00:00,0.0,0.0,294.765625,71.9404296875,4.56640625,0.0,21.615625000000023
2007-12-19 17:00:00+00:00,0.0,0.0,294.28125,74.569091796875,4.509765625,0.0,21.131250000000023
2007-12-19 18:00:00+00:00,0.0,0.046875,294.140625,73.744140625,5.20703125,0.046875,20.990625000000023
2007-12-19 19:00:00+00:00,23.578125,33.734375,294.015625,73.6776123046875,5.78515625,57.3125,20.865625000000023
2007-12-19 20:00:00+00:00,137.16796875,90.58203125,294.296875,74.933349609375,5.923828125,227.75,21.146875000000023
2007-12-19 21:00:00+00:00,324.88671875,113.03515625,295.5,69.35906982421875,4.818359375,437.921875,22.350000000000023
2007-12-19 22:00:00+00:00,390.8984375,179.9921875,296.890625,67.28955078125,5.0,570.890625,23.740625000000023
2007-12-19 23:00:00+00:00,330.625,223.03125,298.421875,62.588623046875,6.171875,553.65625,25.271875000000023
2007-12-20 00:00:00+00:00,355.12890625,206.07421875,299.171875,60.55963134765625,7.16796875,561.203125,26.021875000000023
2007-12-20 01:00:00+00:00,147.609375,6.765625,299.4375,59.9488525390625,6.8046875,154.375,26.287500000000023
2007-12-20 02:00:00+00:00,450.6796875,409.8046875,299.015625,61.73040771484375,5.125,860.484375,25.865625000000023
2007-12-20 03:00:00+00:00,621.92578125,175.26171875,299.875,58.08843994140625,5.1484375,797.1875,26.725000000000023
2007-12-20 04:00:00+00:00,282.06640625,271.99609375,299.734375,59.38983154296875,4.791015625,554.0625,26.584375000000023
2007-12-20 05:00:00+00:00,298.12109375,310.87890625,299.296875,62.56781005859375,4.51171875,609.0,26.146875000000023
2007-12-20 06:00:00+00:00,49.1484375,0.0,298.484375,68.14447021484375,4.63671875,27.421875,25.334375000000023
2007-12-20 07:00:00+00:00,175.9140625,133.2578125,297.1875,75.80511474609375,3.529296875,309.171875,24.037500000000023
2007-12-20 08:00:00+00:00,107.92578125,40.40234375,297.171875,73.97747802734375,3.232421875,148.328125,24.021875000000023
2007-12-20 09:00:00+00:00,7.796875,6.234375,294.21875,80.09161376953125,2.494140625,14.03125,21.068750000000023
2007-12-20 10:00:00+00:00,0.0,0.0,293.359375,81.74859619140625,2.619140625,0.0,20.209375000000023
2007-12-20 11:00:00+00:00,0.0,0.0,292.984375,83.56207275390625,1.900390625,0.0,19.834375000000023
2007-12-20 12:00:00+00:00,0.0,0.0,292.078125,86.245849609375,2.470703125,0.0,18.928125000000023
2007-12-20 13:00:00+00:00,0.0,0.0,291.6875,88.6416015625,2.078125,0.0,18.537500000000023
2007-12-20 14:00:00+00:00,0.0,0.0,291.265625,91.08868408203125,1.375,0.0,18.115625000000023
2007-12-20 15:00:00+00:00,0.0,0.0,290.65625,90.10260009765625,1.412109375,0.0,17.506250000000023
2007-12-20 16:00:00+00:00,0.0,0.0,290.6875,90.96630859375,0.615234375,0.0,17.537500000000023
2007-12-20 17:00:00+00:00,0.0,0.0,290.828125,91.20001220703125,0.95703125,0.0,17.678125000000023
2007-12-20 18:00:00+00:00,0.0,0.015625,290.84375,92.62506103515625,1.42578125,0.015625,17.693750000000023
2007-12-20 19:00:00+00:00,0.90234375,37.08203125,290.84375,94.236083984375,1.388671875,37.984375,17.693750000000023
2007-12-20 20:00:00+00:00,1.796875,70.265625,291.15625,94.93035888671875,1.404296875,72.0625,18.006250000000023
2007-12-20 21:00:00+00:00,284.45703125,154.48046875,293.625,85.5216064453125,1.66015625,438.9375,20.475000000000023
2007-12-20 22:00:00+00:00,522.40234375,117.55078125,295.828125,79.51513671875,2.435546875,639.953125,22.678125000000023
2007-12-20 23:00:00+00:00,426.640625,264.359375,297.40625,74.26873779296875,3.66015625,691.0,24.256250000000023
2007-12-21 00:00:00+00:00,269.35546875,401.31640625,299.15625,67.43341064453125,4.54296875,670.671875,26.006250000000023
2007-12-21 01:00:00+00:00,174.78125,420.171875,300.53125,60.44342041015625,4.9140625,594.953125,27.381250000000023
2007-12-21 02:00:00+00:00,28.65234375,226.87890625,301.671875,54.70074462890625,5.31640625,255.53125,28.521875000000023
2007-12-21 03:00:00+00:00,0.44140625,121.88671875,301.96875,46.52655029296875,4.97265625,122.328125,28.818750000000023
2007-12-21 04:00:00+00:00,0.1953125,128.1953125,300.328125,61.69281005859375,4.658203125,128.390625,27.178125000000023
2007-12-21 05:00:00+00:00,0.01171875,22.31640625,298.890625,74.16864013671875,3.126953125,22.328125,25.740625000000023
2007-12-21 06:00:00+00:00,0.0,50.3125,297.8125,82.079345703125,5.19921875,50.3125,24.662500000000023
2007-12-21 07:00:00+00:00,0.0,12.953125,297.609375,81.728515625,6.697265625,12.953125,24.459375000000023
2007-12-21 08:00:00+00:00,0.0,13.5,297.34375,79.280517578125,9.396484375,13.5,24.193750000000023
2007-12-21 09:00:00+00:00,0.0,2.6875,296.5625,85.746337890625,7.015625,2.6875,23.412500000000023
2007-12-21 10:00:00+00:00,0.0,0.0,295.765625,80.94378662109375,5.0625,0.0,22.615625000000023
2007-12-21 11:00:00+00:00,0.0,0.0,295.265625,81.7135009765625,3.658203125,0.0,22.115625000000023
2007-12-21 12:00:00+00:00,0.0,0.0,294.65625,91.00360107421875,2.978515625,0.0,21.506250000000023
2007-12-21 13:00:00+00:00,0.0,0.0,292.140625,92.1158447265625,5.373046875,0.0,18.990625000000023
2007-12-21 14:00:00+00:00,0.0,0.0,291.453125,91.18310546875,4.146484375,0.0,18.303125000000023
2007-12-21 15:00:00+00:00,0.0,0.0,291.03125,85.49786376953125,4.388671875,0.0,17.881250000000023
2007-12-21 16:00:00+00:00,0.0,0.0,290.40625,90.1480712890625,4.0234375,0.0,17.256250000000023
2007-12-21 17:00:00+00:00,0.0,0.0,290.09375,90.7760009765625,3.91015625,0.0,16.943750000000023
2007-12-21 18:00:00+00:00,0.0,0.015625,289.796875,90.2633056640625,4.283203125,0.015625,16.646875000000023
2007-12-21 19:00:00+00:00,2.734375,30.234375,289.359375,88.1954345703125,4.7578125,32.96875,16.209375000000023
2007-12-21 20:00:00+00:00,54.38671875,120.59765625,289.359375,83.822509765625,4.58984375,174.984375,16.209375000000023
2007-12-21 21:00:00+00:00,33.97265625,66.10546875,289.6875,85.25634765625,4.70703125,100.078125,16.537500000000023
2007-12-21 22:00:00+00:00,379.06640625,221.93359375,289.59375,82.13067626953125,5.296875,601.0,16.443750000000023
2007-12-21 23:00:00+00:00,157.8515625,286.4609375,289.53125,75.17291259765625,7.474609375,444.3125,16.381250000000023
2007-12-22 00:00:00+00:00,36.25390625,238.05859375,288.390625,76.2347412109375,9.03125,274.3125,15.240625000000023
2007-12-22 01:00:00+00:00,382.84765625,435.57421875,288.4375,72.80133056640625,7.0390625,818.421875,15.287500000000023
2007-12-22 02:00:00+00:00,272.0703125,346.4921875,290.359375,60.38812255859375,8.40234375,618.5625,17.209375000000023
2007-12-22 03:00:00+00:00,30.7890625,182.1484375,289.171875,69.82220458984375,9.287109375,212.9375,16.021875000000023
2007-12-22 04:00:00+00:00,3.5,146.15625,288.65625,72.76031494140625,9.224609375,149.65625,15.506250000000023
2007-12-22 05:00:00+00:00,0.45703125,80.60546875,287.578125,80.26983642578125,9.525390625,81.0625,14.428125000000023
2007-12-22 06:00:00+00:00,45.6015625,219.3203125,287.828125,77.68798828125,8.5,264.921875,14.678125000000023
2007-12-22 07:00:00+00:00,4.76171875,86.36328125,287.65625,79.1156005859375,9.0390625,91.125,14.506250000000023
2007-12-22 08:00:00+00:00,4.8828125,51.5078125,287.078125,83.55517578125,8.82421875,56.390625,13.928125000000023
2007-12-22 09:00:00+00:00,0.0,4.796875,286.40625,80.9656982421875,8.7109375,4.796875,13.256250000000023
2007-12-22 10:00:00+00:00,0.0,0.0,286.65625,70.4747314453125,7.697265625,0.0,13.506250000000023
2007-12-22 11:00:00+00:00,0.0,0.0,286.5625,66.964111328125,7.29296875,0.0,13.412500000000023
2007-12-22 12:00:00+00:00,0.0,0.0,286.5,58.748291015625,6.466796875,0.0,13.350000000000023
2007-12-22 13:00:00+00:00,0.0,0.0,286.484375,55.6849365234375,6.025390625,0.0,13.334375000000023
2007-12-22 14:00:00+00:00,0.0,0.0,286.3125,56.72125244140625,5.380859375,0.0,13.162500000000023
2007-12-22 15:00:00+00:00,0.0,0.0,285.296875,65.35284423828125,5.248046875,0.0,12.146875000000023
2007-12-22 16:00:00+00:00,0.0,0.0,285.359375,64.41607666015625,4.4609375,0.0,12.209375000000023
2007-12-22 17:00:00+00:00,0.0,0.0,285.34375,65.25152587890625,4.41796875,0.0,12.193750000000023
2007-12-22 18:00:00+00:00,0.0,0.0,285.296875,64.8724365234375,4.07421875,0.0,12.146875000000023
2007-12-22 19:00:00+00:00,1.42578125,13.16796875,285.375,64.03570556640625,4.01171875,14.59375,12.225000000000023
2007-12-22 20:00:00+00:00,58.9375,80.84375,285.46875,64.30859375,3.53125,139.78125,12.318750000000023
2007-12-22 21:00:00+00:00,19.16015625,79.96484375,285.359375,68.83831787109375,4.0703125,99.125,12.209375000000023
2007-12-22 22:00:00+00:00,30.0546875,184.8671875,285.5625,69.40460205078125,4.8046875,214.921875,12.412500000000023
2007-12-22 23:00:00+00:00,105.328125,200.890625,286.234375,68.14215087890625,4.853515625,306.21875,13.084375000000023
2007-12-23 00:00:00+00:00,64.19921875,379.58203125,287.125,63.67608642578125,4.70703125,443.78125,13.975000000000023
2007-12-23 01:00:00+00:00,103.6796875,304.8671875,288.203125,58.41131591796875,4.78125,408.546875,15.053125000000023
2007-12-23 02:00:00+00:00,67.75390625,372.23046875,288.640625,56.30413818359375,4.73828125,439.984375,15.490625000000023
2007-12-23 03:00:00+00:00,157.81640625,500.10546875,289.625,54.61529541015625,4.62109375,657.921875,16.475000000000023
2007-12-23 04:00:00+00:00,79.54296875,292.89453125,290.4375,53.6875,4.740234375,372.4375,17.287500000000023
2007-12-23 05:00:00+00:00,149.28515625,344.52734375,290.25,55.9835205078125,4.708984375,493.8125,17.100000000000023
2007-12-23 06:00:00+00:00,67.921875,256.0,290.5,57.40509033203125,4.357421875,323.921875,17.350000000000023
2007-12-23 07:00:00+00:00,64.61328125,93.01171875,290.390625,58.5137939453125,4.2421875,157.625,17.240625000000023
2007-12-23 08:00:00+00:00,36.88671875,68.39453125,290.09375,59.077392578125,3.60546875,105.28125,16.943750000000023
2007-12-23 09:00:00+00:00,2.3125,7.328125,289.765625,61.1728515625,3.58203125,9.640625,16.615625000000023
2007-12-23 10:00:00+00:00,0.0,0.0,289.4375,63.65716552734375,2.5703125,0.0,16.287500000000023
2007-12-23 11:00:00+00:00,0.0,0.0,288.9375,66.2459716796875,1.76953125,0.0,15.787500000000023
2007-12-23 12:00:00+00:00,0.0,0.0,289.09375,67.27850341796875,2.51171875,0.0,15.943750000000023
2007-12-23 13:00:00+00:00,0.0,0.0,288.84375,69.7928466796875,3.818359375,0.0,15.693750000000023
2007-12-23 14:00:00+00:00,0.0,0.0,288.34375,73.9603271484375,4.140625,0.0,15.193750000000023
2007-12-23 15:00:00+00:00,0.0,0.0,287.59375,78.99981689453125,4.369140625,0.0,14.443750000000023
2007-12-23 16:00:00+00:00,0.0,0.0,287.234375,81.4503173828125,4.474609375,0.0,14.084375000000023
2007-12-23 17:00:00+00:00,0.0,0.0,286.890625,83.21295166015625,4.265625,0.0,13.740625000000023
2007-12-23 18:00:00+00:00,0.0,0.0,286.765625,84.2574462890625,4.23828125,0.0,13.615625000000023
2007-12-23 19:00:00+00:00,3.30859375,19.22265625,286.625,85.0728759765625,4.146484375,22.53125,13.475000000000023
2007-12-23 20:00:00+00:00,27.4453125,79.7265625,286.796875,84.44049072265625,3.943359375,107.171875,13.646875000000023
2007-12-23 21:00:00+00:00,78.484375,193.015625,287.515625,79.434814453125,4.896484375,271.5,14.365625000000023
2007-12-23 22:00:00+00:00,49.0703125,282.6953125,288.390625,75.49102783203125,5.564453125,331.765625,15.240625000000023
2007-12-23 23:00:00+00:00,10.28125,53.515625,287.71875,81.994873046875,6.833984375,63.796875,14.568750000000023
2007-12-24 00:00:00+00:00,607.8515625,281.6015625,287.796875,66.52545166015625,6.34375,889.453125,14.646875000000023
2007-12-24 01:00:00+00:00,909.4140625,131.8515625,289.625,52.84979248046875,7.341796875,1041.265625,16.475000000000023
2007-12-24 02:00:00+00:00,613.265625,199.765625,290.1875,46.69775390625,7.22265625,813.03125,17.037500000000023
2007-12-24 03:00:00+00:00,929.3046875,107.9453125,290.078125,45.1119384765625,7.53125,1037.25,16.928125000000023
2007-12-24 04:00:00+00:00,861.71875,82.328125,290.109375,43.4068603515625,7.53515625,944.046875,16.959375000000023
2007-12-24 05:00:00+00:00,685.08984375,77.47265625,290.046875,42.829345703125,7.5625,762.5625,16.896875000000023
2007-12-24 06:00:00+00:00,378.88671875,138.22265625,289.609375,44.3848876953125,7.548828125,517.109375,16.459375000000023
2007-12-24 07:00:00+00:00,173.28515625,97.46484375,288.96875,45.974609375,7.169921875,270.75,15.818750000000023
2007-12-24 08:00:00+00:00,81.203125,53.34375,288.390625,46.2015380859375,6.572265625,134.546875,15.240625000000023
2007-12-24 09:00:00+00:00,3.44921875,7.86328125,287.6875,48.89306640625,6.15625,11.3125,14.537500000000023
2007-12-24 10:00:00+00:00,0.0,0.0,287.140625,48.37506103515625,5.373046875,0.0,13.990625000000023
2007-12-24 11:00:00+00:00,0.0,0.0,286.9375,47.22509765625,4.486328125,0.0,13.787500000000023
2007-12-24 12:00:00+00:00,0.0,0.0,286.859375,49.5150146484375,3.845703125,0.0,13.709375000000023
2007-12-24 13:00:00+00:00,0.0,0.0,286.671875,52.7001953125,3.505859375,0.0,13.521875000000023
2007-12-24 14:00:00+00:00,0.0,0.0,286.421875,56.5601806640625,3.1953125,0.0,13.271875000000023
2007-12-24 15:00:00+00:00,0.0,0.0,285.3125,61.2960205078125,2.875,0.0,12.162500000000023
2007-12-24 16:00:00+00:00,0.0,0.0,285.71875,60.50537109375,2.939453125,0.0,12.568750000000023
2007-12-24 17:00:00+00:00,0.0,0.0,285.3125,62.82025146484375,2.90625,0.0,12.162500000000023
2007-12-24 18:00:00+00:00,0.0,0.0,285.15625,60.58355712890625,2.94140625,0.0,12.006250000000023
2007-12-24 19:00:00+00:00,5.84375,17.78125,285.5,58.14239501953125,2.732421875,23.625,12.350000000000023
2007-12-24 20:00:00+00:00,27.20703125,96.62109375,285.734375,58.0,3.033203125,123.828125,12.584375000000023
2007-12-24 21:00:00+00:00,44.60546875,140.30078125,285.96875,58.63812255859375,3.34765625,184.90625,12.818750000000023
2007-12-24 22:00:00+00:00,56.96484375,189.67578125,286.5625,55.48248291015625,3.9140625,246.640625,13.412500000000023
2007-12-24 23:00:00+00:00,100.6875,372.484375,287.171875,51.84930419921875,4.064453125,473.171875,14.021875000000023
2007-12-25 00:00:00+00:00,132.55078125,472.35546875,288.21875,48.95440673828125,3.658203125,604.90625,15.068750000000023
2007-12-25 01:00:00+00:00,48.24609375,346.66015625,289.015625,48.0545654296875,3.97265625,394.90625,15.865625000000023
2007-12-25 02:00:00+00:00,74.5703125,456.2890625,289.03125,48.94512939453125,4.21875,530.859375,15.881250000000023
2007-12-25 03:00:00+00:00,332.546875,359.609375,290.453125,47.2579345703125,4.384765625,692.15625,17.303125000000023
2007-12-25 04:00:00+00:00,119.7265625,323.4296875,290.765625,46.27520751953125,4.21875,443.15625,17.615625000000023
2007-12-25 05:00:00+00:00,312.57421875,323.30078125,290.515625,47.425537109375,4.251953125,635.875,17.365625000000023
2007-12-25 06:00:00+00:00,101.2109375,143.4296875,290.640625,49.0029296875,4.3125,244.640625,17.490625000000023
2007-12-25 07:00:00+00:00,47.58203125,142.30859375,289.9375,51.91607666015625,4.291015625,189.890625,16.787500000000023
2007-12-25 08:00:00+00:00,26.96875,59.78125,289.484375,53.70013427734375,4.296875,86.75,16.334375000000023
2007-12-25 09:00:00+00:00,2.11328125,10.76171875,289.421875,53.205078125,4.0546875,12.875,16.271875000000023
2007-12-25 10:00:00+00:00,0.0,0.0,288.625,56.6043701171875,3.65625,0.0,15.475000000000023
2007-12-25 11:00:00+00:00,0.0,0.0,287.9375,59.5416259765625,2.94140625,0.0,14.787500000000023
2007-12-25 12:00:00+00:00,0.0,0.0,287.4375,61.92205810546875,2.59375,0.0,14.287500000000023
2007-12-25 13:00:00+00:00,0.0,0.0,287.046875,64.74285888671875,2.4375,0.0,13.896875000000023
2007-12-25 14:00:00+00:00,0.0,0.0,286.59375,69.25848388671875,2.12109375,0.0,13.443750000000023
2007-12-25 15:00:00+00:00,0.0,0.0,285.140625,79.52056884765625,1.732421875,0.0,11.990625000000023
2007-12-25 16:00:00+00:00,0.0,0.0,284.640625,79.6015625,1.712890625,0.0,11.490625000000023
2007-12-25 17:00:00+00:00,0.0,0.0,284.1875,79.18365478515625,1.4140625,0.0,11.037500000000023
2007-12-25 18:00:00+00:00,0.0,0.0,283.84375,79.2232666015625,1.349609375,0.0,10.693750000000023
2007-12-25 19:00:00+00:00,29.50390625,29.52734375,283.34375,80.90374755859375,0.888671875,59.03125,10.193750000000023
2007-12-25 20:00:00+00:00,180.62109375,70.95703125,283.890625,80.19354248046875,0.712890625,251.578125,10.740625000000023
2007-12-25 21:00:00+00:00,380.78515625,87.82421875,285.328125,76.6103515625,0.685546875,468.609375,12.178125000000023
2007-12-25 22:00:00+00:00,581.6015625,93.9296875,286.953125,68.48876953125,1.001953125,675.53125,13.803125000000023
2007-12-25 23:00:00+00:00,758.59375,95.3125,287.96875,65.8927001953125,0.998046875,853.90625,14.818750000000023
2007-12-26 00:00:00+00:00,851.9453125,119.4140625,289.21875,62.794677734375,1.482421875,971.359375,16.068750000000023
2007-12-26 01:00:00+00:00,973.484375,97.078125,290.484375,58.6749267578125,1.3671875,1070.5625,17.334375000000023
2007-12-26 02:00:00+00:00,1013.796875,80.5625,292.0625,53.17010498046875,1.78125,1094.359375,18.912500000000023
2007-12-26 03:00:00+00:00,980.390625,71.421875,294.859375,44.8482666015625,2.875,1051.8125,21.709375000000023
2007-12-26 04:00:00+00:00,896.27734375,61.58203125,295.984375,38.65606689453125,3.80078125,957.859375,22.834375000000023
2007-12-26 05:00:00+00:00,752.00390625,51.90234375,296.25,31.696044921875,4.568359375,803.90625,23.100000000000023
2007-12-26 06:00:00+00:00,544.67578125,57.40234375,296.15625,29.8399658203125,4.794921875,602.078125,23.006250000000023
2007-12-26 07:00:00+00:00,262.30078125,88.49609375,296.171875,26.4681396484375,4.443359375,350.796875,23.021875000000023
2007-12-26 08:00:00+00:00,133.4453125,45.0234375,295.203125,31.4783935546875,4.095703125,178.46875,22.053125000000023
2007-12-26 09:00:00+00:00,10.92578125,8.83984375,293.59375,45.31793212890625,4.04296875,19.765625,20.443750000000023
2007-12-26 10:00:00+00:00,0.0,0.0,291.46875,57.23052978515625,3.427734375,0.0,18.318750000000023
2007-12-26 11:00:00+00:00,0.0,0.0,289.953125,65.68310546875,2.845703125,0.0,16.803125000000023
2007-12-26 12:00:00+00:00,0.0,0.0,289.015625,71.2236328125,2.431640625,0.0,15.865625000000023
2007-12-26 13:00:00+00:00,0.0,0.0,288.328125,76.15045166015625,2.470703125,0.0,15.178125000000023
2007-12-26 14:00:00+00:00,0.0,0.0,288.1875,77.92681884765625,2.42578125,0.0,15.037500000000023
2007-12-26 15:00:00+00:00,0.0,0.0,287.5,79.484619140625,0.841796875,0.0,14.350000000000023
2007-12-26 16:00:00+00:00,0.0,0.0,287.109375,82.031005859375,0.931640625,0.0,13.959375000000023
2007-12-26 17:00:00+00:00,0.0,0.0,287.234375,81.64849853515625,0.740234375,0.0,14.084375000000023
2007-12-26 18:00:00+00:00,0.0,0.0,286.890625,84.00146484375,0.87109375,0.0,13.740625000000023
2007-12-26 19:00:00+00:00,4.0546875,29.5234375,286.75,85.5516357421875,0.89453125,33.578125,13.600000000000023
2007-12-26 20:00:00+00:00,112.19140625,108.93359375,287.234375,82.1318359375,1.068359375,221.125,14.084375000000023
2007-12-26 21:00:00+00:00,92.1640625,205.0859375,287.765625,78.95263671875,1.275390625,297.25,14.615625000000023
2007-12-26 22:00:00+00:00,294.15625,246.96875,288.5625,72.82220458984375,1.51953125,541.125,15.412500000000023
2007-12-26 23:00:00+00:00,374.40234375,287.12890625,289.546875,66.2137451171875,1.572265625,661.53125,16.396875000000023
2007-12-27 00:00:00+00:00,252.8203125,290.7265625,290.53125,63.3348388671875,1.541015625,543.546875,17.381250000000023
2007-12-27 01:00:00+00:00,802.875,241.796875,291.328125,62.20648193359375,1.619140625,1044.671875,18.178125000000023
2007-12-27 02:00:00+00:00,933.1953125,125.9453125,292.890625,56.3896484375,1.984375,1059.140625,19.740625000000023
2007-12-27 03:00:00+00:00,940.8046875,99.7109375,294.6875,49.6759033203125,2.798828125,1040.515625,21.537500000000023
2007-12-27 04:00:00+00:00,879.79296875,64.67578125,295.671875,45.64093017578125,3.146484375,944.46875,22.521875000000023
2007-12-27 05:00:00+00:00,740.703125,54.5625,296.28125,43.06292724609375,3.333984375,795.265625,23.131250000000023
2007-12-27 06:00:00+00:00,562.375,45.09375,296.515625,42.69482421875,3.35546875,607.46875,23.365625000000023
2007-12-27 07:00:00+00:00,361.4453125,34.4140625,296.578125,44.07879638671875,3.283203125,395.859375,23.428125000000023
2007-12-27 08:00:00+00:00,162.62109375,20.58203125,296.28125,47.38641357421875,3.705078125,183.203125,23.131250000000023
2007-12-27 09:00:00+00:00,20.46875,2.140625,293.484375,59.20782470703125,4.787109375,22.609375,20.334375000000023
2007-12-27 10:00:00+00:00,0.0,0.0,291.546875,65.9560546875,4.087890625,0.0,18.396875000000023
2007-12-27 11:00:00+00:00,0.0,0.0,290.484375,70.74530029296875,3.36328125,0.0,17.334375000000023
2007-12-27 12:00:00+00:00,0.0,0.0,289.78125,76.43341064453125,2.5078125,0.0,16.631250000000023
2007-12-27 13:00:00+00:00,0.0,0.0,289.265625,79.68927001953125,1.69921875,0.0,16.115625000000023
2007-12-27 14:00:00+00:00,0.0,0.0,289.1875,80.60321044921875,0.76953125,0.0,16.037500000000023
2007-12-27 15:00:00+00:00,0.0,0.0,288.59375,81.6341552734375,0.837890625,0.0,15.443750000000023
2007-12-27 16:00:00+00:00,0.0,0.0,288.296875,83.6085205078125,0.953125,0.0,15.146875000000023
2007-12-27 17:00:00+00:00,0.0,0.0,288.109375,84.7557373046875,0.775390625,0.0,14.959375000000023
2007-12-27 18:00:00+00:00,0.0,0.0,287.84375,85.95477294921875,1.318359375,0.0,14.693750000000023
2007-12-27 19:00:00+00:00,21.703125,30.46875,287.734375,86.30316162109375,1.416015625,52.171875,14.584375000000023
2007-12-27 20:00:00+00:00,166.21875,74.40625,288.8125,81.852783203125,1.7890625,240.625,15.662500000000023
2007-12-27 21:00:00+00:00,355.46484375,96.16015625,290.0,78.37445068359375,1.8984375,451.625,16.850000000000023
2007-12-27 22:00:00+00:00,442.85546875,169.66015625,292.046875,69.72509765625,2.125,612.515625,18.896875000000023
2007-12-27 23:00:00+00:00,555.21875,216.171875,295.046875,53.34686279296875,2.861328125,771.390625,21.896875000000023
2007-12-28 00:00:00+00:00,844.6953125,136.9296875,298.578125,36.48187255859375,2.80859375,981.625,25.428125000000023
2007-12-28 01:00:00+00:00,974.94921875,91.51953125,301.5625,20.96710205078125,2.724609375,1066.46875,28.412500000000023
2007-12-28 02:00:00+00:00,996.203125,86.125,303.375,16.716796875,2.51953125,1082.328125,30.225000000000023
2007-12-28 03:00:00+00:00,934.4375,95.0,305.15625,15.28460693359375,2.125,1029.4375,32.00625000000002
2007-12-28 04:00:00+00:00,782.875,126.921875,306.015625,14.4398193359375,2.349609375,909.796875,32.86562500000002
2007-12-28 05:00:00+00:00,710.609375,84.0,306.640625,12.4583740234375,2.54296875,794.609375,33.49062500000002
2007-12-28 06:00:00+00:00,550.86328125,57.02734375,306.953125,10.57427978515625,2.43359375,607.890625,33.80312500000002
2007-12-28 07:00:00+00:00,341.6640625,47.8203125,306.75,11.10028076171875,2.18359375,389.484375,33.60000000000002
2007-12-28 08:00:00+00:00,135.3984375,36.1015625,305.90625,12.3341064453125,1.970703125,171.5,32.75625000000002
2007-12-28 09:00:00+00:00,13.734375,6.765625,302.953125,20.07940673828125,4.099609375,20.5,29.803125000000023
2007-12-28 10:00:00+00:00,0.0,0.0,300.0,30.26495361328125,3.734375,0.0,26.850000000000023
2007-12-28 11:00:00+00:00,0.0,0.0,299.390625,35.623046875,3.046875,0.0,26.240625000000023
2007-12-28 12:00:00+00:00,0.0,0.0,299.609375,34.21875,2.828125,0.0,26.459375000000023
2007-12-28 13:00:00+00:00,0.0,0.0,300.0,30.1524658203125,3.48828125,0.0,26.850000000000023
2007-12-28 14:00:00+00:00,0.0,0.0,299.859375,21.98895263671875,3.287109375,0.0,26.709375000000023
2007-12-28 15:00:00+00:00,0.0,0.0,297.890625,23.48455810546875,2.576171875,0.0,24.740625000000023
2007-12-28 16:00:00+00:00,0.0,0.0,296.265625,29.993896484375,2.65234375,0.0,23.115625000000023
2007-12-28 17:00:00+00:00,0.0,0.0,295.65625,30.4595947265625,2.732421875,0.0,22.506250000000023
2007-12-28 18:00:00+00:00,0.0,0.0,295.703125,22.6903076171875,3.439453125,0.0,22.553125000000023
2007-12-28 19:00:00+00:00,18.4765625,31.1640625,295.953125,21.43634033203125,4.322265625,49.640625,22.803125000000023
2007-12-28 20:00:00+00:00,141.046875,88.3125,296.828125,20.62158203125,4.90625,229.359375,23.678125000000023
2007-12-28 21:00:00+00:00,347.578125,102.515625,298.203125,23.2977294921875,5.064453125,450.09375,25.053125000000023
2007-12-28 22:00:00+00:00,546.39453125,111.85546875,300.046875,22.8341064453125,5.345703125,658.25,26.896875000000023
2007-12-28 23:00:00+00:00,720.3359375,115.6171875,302.140625,20.685302734375,6.1171875,835.953125,28.990625000000023
2007-12-29 00:00:00+00:00,854.953125,115.0625,304.265625,19.0196533203125,6.87890625,970.015625,31.115625000000023
2007-12-29 01:00:00+00:00,939.109375,111.75,306.59375,16.69927978515625,6.822265625,1050.859375,33.44375000000002
2007-12-29 02:00:00+00:00,968.609375,105.828125,309.203125,11.6185302734375,6.541015625,1074.4375,36.05312500000002
2007-12-29 03:00:00+00:00,936.55078125,99.98046875,311.21875,8.6041259765625,5.994140625,1036.53125,38.06875000000002
2007-12-29 04:00:00+00:00,842.23046875,91.91015625,312.109375,8.3604736328125,5.580078125,934.140625,38.95937500000002
2007-12-29 05:00:00+00:00,614.06640625,128.68359375,313.078125,7.1932373046875,5.037109375,742.75,39.92812500000002
2007-12-29 06:00:00+00:00,398.97265625,122.12109375,308.640625,14.61993408203125,4.916015625,521.09375,35.49062500000002
2007-12-29 07:00:00+00:00,210.41796875,122.58203125,304.34375,25.33746337890625,5.912109375,333.0,31.193750000000023
2007-12-29 08:00:00+00:00,89.5859375,65.2421875,301.546875,27.033935546875,5.314453125,154.828125,28.396875000000023
2007-12-29 09:00:00+00:00,5.1640625,14.0859375,297.875,32.97857666015625,4.44921875,19.25,24.725000000000023
2007-12-29 10:00:00+00:00,0.0,0.0,295.578125,41.93670654296875,2.73046875,0.0,22.428125000000023
2007-12-29 11:00:00+00:00,0.0,0.0,293.96875,54.25531005859375,2.5625,0.0,20.818750000000023
2007-12-29 12:00:00+00:00,0.0,0.0,292.71875,65.13916015625,2.5859375,0.0,19.568750000000023
2007-12-29 13:00:00+00:00,0.0,0.0,291.5625,74.76666259765625,2.26953125,0.0,18.412500000000023
2007-12-29 14:00:00+00:00,0.0,0.0,290.609375,82.35693359375,2.125,0.0,17.459375000000023
2007-12-29 15:00:00+00:00,0.0,0.0,289.71875,89.02130126953125,2.275390625,0.0,16.568750000000023
2007-12-29 16:00:00+00:00,0.0,0.0,289.265625,89.29736328125,2.560546875,0.0,16.115625000000023
2007-12-29 17:00:00+00:00,0.0,0.0,289.140625,87.08953857421875,2.50390625,0.0,15.990625000000023
2007-12-29 18:00:00+00:00,0.0,0.0,289.078125,86.25311279296875,2.5546875,0.0,15.928125000000023
2007-12-29 19:00:00+00:00,5.58984375,24.91015625,288.65625,87.4111328125,2.5546875,30.5,15.506250000000023
2007-12-29 20:00:00+00:00,9.10546875,70.76953125,288.640625,86.23541259765625,2.529296875,79.875,15.490625000000023
2007-12-29 21:00:00+00:00,40.265625,167.8125,288.78125,84.60260009765625,2.763671875,208.078125,15.631250000000023
2007-12-29 22:00:00+00:00,35.578125,311.46875,289.625,80.08489990234375,2.376953125,347.046875,16.475000000000023
2007-12-29 23:00:00+00:00,393.6484375,299.4453125,290.578125,74.1766357421875,2.384765625,693.09375,17.428125000000023
2007-12-30 00:00:00+00:00,739.30859375,192.73828125,292.1875,66.7900390625,2.04296875,932.046875,19.037500000000023
2007-12-30 01:00:00+00:00,875.75390625,143.35546875,293.921875,61.0557861328125,2.095703125,1019.109375,20.771875000000023
2007-12-30 02:00:00+00:00,919.828125,126.828125,295.640625,56.373779296875,1.689453125,1046.65625,22.490625000000023
2007-12-30 03:00:00+00:00,850.21875,135.265625,298.375,51.32366943359375,2.857421875,985.484375,25.225000000000023
2007-12-30 04:00:00+00:00,619.81640625,162.23046875,299.734375,47.76849365234375,3.1875,782.046875,26.584375000000023
2007-12-30 05:00:00+00:00,503.03125,195.59375,300.53125,46.7950439453125,2.95703125,698.625,27.381250000000023
2007-12-30 06:00:00+00:00,478.1171875,100.9765625,301.1875,45.46185302734375,3.412109375,579.09375,28.037500000000023
2007-12-30 07:00:00+00:00,312.546875,59.640625,301.265625,46.462890625,3.6328125,372.1875,28.115625000000023
2007-12-30 08:00:00+00:00,128.5,38.890625,300.21875,50.08648681640625,3.42578125,167.390625,27.068750000000023
2007-12-30 09:00:00+00:00,11.77734375,8.30078125,297.75,59.1871337890625,2.89453125,20.078125,24.600000000000023
2007-12-30 10:00:00+00:00,0.0,0.0,296.75,64.17657470703125,2.3203125,0.0,23.600000000000023
2007-12-30 11:00:00+00:00,0.0,0.0,295.96875,67.82843017578125,1.861328125,0.0,22.818750000000023
2007-12-30 12:00:00+00:00,0.0,0.0,295.15625,69.72003173828125,1.2578125,0.0,22.006250000000023
2007-12-30 13:00:00+00:00,0.0,0.0,294.34375,72.58416748046875,1.181640625,0.0,21.193750000000023
2007-12-30 14:00:00+00:00,0.0,0.0,293.421875,76.6724853515625,1.150390625,0.0,20.271875000000023
2007-12-30 15:00:00+00:00,0.0,0.0,292.5,82.83551025390625,0.53125,0.0,19.350000000000023
2007-12-30 16:00:00+00:00,0.0,0.0,292.109375,84.99298095703125,0.865234375,0.0,18.959375000000023
2007-12-30 17:00:00+00:00,0.0,0.0,291.515625,88.3896484375,0.720703125,0.0,18.365625000000023
2007-12-30 18:00:00+00:00,0.0,0.0,291.0,91.0968017578125,0.9453125,0.0,17.850000000000023
2007-12-30 19:00:00+00:00,13.1796875,29.8984375,290.5625,92.89892578125,0.89453125,43.078125,17.412500000000023
2007-12-30 20:00:00+00:00,132.0703125,87.0234375,291.65625,87.0684814453125,1.3359375,219.09375,18.506250000000023
2007-12-30 21:00:00+00:00,318.2109375,109.7109375,294.9375,76.70343017578125,1.984375,427.921875,21.787500000000023
2007-12-30 22:00:00+00:00,511.65625,120.453125,299.546875,53.21429443359375,3.47265625,632.109375,26.396875000000023
2007-12-30 23:00:00+00:00,685.5546875,125.1328125,302.671875,35.0068359375,5.27734375,810.6875,29.521875000000023
2007-12-31 00:00:00+00:00,818.10546875,125.19140625,304.75,27.96533203125,6.90625,943.296875,31.600000000000023
2007-12-31 01:00:00+00:00,903.359375,122.3125,306.984375,23.259521484375,7.287109375,1025.671875,33.83437500000002
2007-12-31 02:00:00+00:00,930.65625,117.921875,309.21875,19.2630615234375,7.376953125,1048.578125,36.06875000000002
2007-12-31 03:00:00+00:00,895.4609375,111.8828125,311.34375,16.78704833984375,6.484375,1007.34375,38.19375000000002
2007-12-31 04:00:00+00:00,810.90234375,101.14453125,312.75,14.3182373046875,5.787109375,912.046875,39.60000000000002
2007-12-31 05:00:00+00:00,632.8203125,106.3046875,313.375,12.84423828125,5.001953125,739.125,40.22500000000002
2007-12-31 06:00:00+00:00,401.5078125,125.6015625,313.46875,12.40545654296875,4.376953125,527.109375,40.31875000000002
2007-12-31 07:00:00+00:00,158.3203125,106.9453125,312.984375,12.724609375,4.984375,265.265625,39.83437500000002
2007-12-31 08:00:00+00:00,21.5234375,49.1796875,311.8125,13.6876220703125,5.31640625,70.703125,38.66250000000002
2007-12-31 09:00:00+00:00,7.56640625,11.57421875,309.515625,16.66571044921875,5.046875,19.140625,36.36562500000002
2007-12-31 10:00:00+00:00,0.0,0.0,308.421875,18.99090576171875,5.484375,0.0,35.27187500000002
2007-12-31 11:00:00+00:00,0.0,0.0,306.90625,20.583740234375,5.396484375,0.0,33.75625000000002
2007-12-31 12:00:00+00:00,0.0,0.0,306.0,20.255859375,5.482421875,0.0,32.85000000000002
2007-12-31 13:00:00+00:00,0.0,0.0,305.453125,20.14141845703125,5.349609375,0.0,32.30312500000002
2007-12-31 14:00:00+00:00,0.0,0.0,303.40625,22.30133056640625,2.140625,0.0,30.256250000000023
2007-12-31 15:00:00+00:00,0.0,0.0,302.328125,22.90130615234375,2.408203125,0.0,29.178125000000023
2007-12-31 16:00:00+00:00,0.0,0.0,301.859375,23.2935791015625,2.40234375,0.0,28.709375000000023
2007-12-31 17:00:00+00:00,0.0,0.0,301.734375,23.724853515625,3.646484375,0.0,28.584375000000023
2007-12-31 18:00:00+00:00,0.0,0.0,300.703125,25.3726806640625,3.689453125,0.0,27.553125000000023
2007-12-31 19:00:00+00:00,2.59765625,18.38671875,300.78125,25.0189208984375,4.375,20.984375,27.631250000000023
2007-12-31 20:00:00+00:00,54.41796875,85.01953125,300.4375,25.3690185546875,4.005859375,139.4375,27.287500000000023
2007-12-31 21:00:00+00:00,222.8828125,153.9765625,301.734375,24.58917236328125,3.63671875,376.859375,28.584375000000023
2007-12-31 22:00:00+00:00,300.6796875,212.0546875,303.40625,23.05328369140625,4.94921875,512.734375,30.256250000000023
2007-12-31 23:00:00+00:00,345.03515625,311.68359375,305.390625,20.5802001953125,5.60546875,656.71875,32.24062500000002
